{"type":"Topology","objects":{"default":{"type":"GeometryCollection","geometries":[{"type":"Polygon","arcs":[[0]],"id":"ID.3700","properties":{"hc-group":"admin1","hc-middle-x":0.51,"hc-middle-y":0.46,"hc-key":"id-3700","hc-a2":"NU","labelrank":"20","hasc":"-99","alt-name":null,"woe-id":"-99","subregion":null,"fips":null,"postal-code":null,"name":null,"country":"Indonesia","type-en":null,"region":null,"longitude":"104.223","woe-name":null,"latitude":"-1.04563","woe-label":null,"type":null}},{"type":"MultiPolygon","arcs":[[[1]],[[2]],[[3]],[[4,5]]],"id":"ID.AC","properties":{"hc-group":"admin1","hc-middle-x":0.6,"hc-middle-y":0.36,"hc-key":"id-ac","hc-a2":"AC","labelrank":"6","hasc":"ID.AC","alt-name":"Achin|Atjeh|Nanggroe Aceh Darussalam","woe-id":"2345710","subregion":null,"fips":"ID01","postal-code":"AC","name":"Aceh","country":"Indonesia","type-en":"Autonomous Province","region":null,"longitude":"96.9956","woe-name":"Aceh","latitude":"4.41533","woe-label":"Aceh, ID, Indonesia","type":"Propinsi"}},{"type":"MultiPolygon","arcs":[[[6]],[[7]],[[8]],[[9]],[[10]],[[11,12,13,14]]],"id":"ID.KI","properties":{"hc-group":"admin1","hc-middle-x":0.51,"hc-middle-y":0.47,"hc-key":"id-ki","hc-a2":"KI","labelrank":"2","hasc":"ID.KI","alt-name":"Kaltim","woe-id":"2345723","subregion":null,"fips":"ID14","postal-code":"KI","name":"Kalimantan Timur","country":"Indonesia","type-en":"Province","region":null,"longitude":"116.354","woe-name":"Kalimantan Timur","latitude":"1.28915","woe-label":"East Kalimantan, ID, Indonesia","type":"Propinsi"}},{"type":"MultiPolygon","arcs":[[[15]],[[16,17,18,19,20,21]]],"id":"ID.JT","properties":{"hc-group":"admin1","hc-middle-x":0.36,"hc-middle-y":0.56,"hc-key":"id-jt","hc-a2":"JT","labelrank":"2","hasc":"ID.JT","alt-name":"Jateng","woe-id":"2345716","subregion":null,"fips":"ID07","postal-code":"JT","name":"Jawa Tengah","country":"Indonesia","type-en":"Province","region":null,"longitude":"109.896","woe-name":"Jawa Tengah","latitude":"-7.2901","woe-label":"Central Java, ID, Indonesia","type":"Propinsi"}},{"type":"MultiPolygon","arcs":[[[22]],[[23,24,25,26,27]]],"id":"ID.BE","properties":{"hc-group":"admin1","hc-middle-x":0.34,"hc-middle-y":0.27,"hc-key":"id-be","hc-a2":"BE","labelrank":"7","hasc":"ID.BE","alt-name":"Bencoolen|Benkoelen|Benkulen","woe-id":"2345712","subregion":null,"fips":"ID03","postal-code":"BE","name":"Bengkulu","country":"Indonesia","type-en":"Province","region":null,"longitude":"102.368","woe-name":"Bengkulu","latitude":"-3.48606","woe-label":"Bengkulu, ID, Indonesia","type":"Propinsi"}},{"type":"MultiPolygon","arcs":[[[28]],[[29,30,31]]],"id":"ID.BT","properties":{"hc-group":"admin1","hc-middle-x":0.59,"hc-middle-y":0.46,"hc-key":"id-bt","hc-a2":"BT","labelrank":"2","hasc":"ID.BT","alt-name":null,"woe-id":"28350158","subregion":null,"fips":"ID33","postal-code":"BT","name":"Banten","country":"Indonesia","type-en":"Province","region":null,"longitude":"106.167","woe-name":"Banten","latitude":"-6.25794","woe-label":"Banten, ID, Indonesia","type":"Propinsi"}},{"type":"MultiPolygon","arcs":[[[32]],[[33]],[[34,-15,35]]],"id":"ID.KB","properties":{"hc-group":"admin1","hc-middle-x":0.44,"hc-middle-y":0.37,"hc-key":"id-kb","hc-a2":"KB","labelrank":"2","hasc":"ID.KB","alt-name":"Kalbar","woe-id":"2345720","subregion":null,"fips":"ID11","postal-code":"KB","name":"Kalimantan Barat","country":"Indonesia","type-en":"Province","region":null,"longitude":"111.304","woe-name":"Kalimantan Barat","latitude":"-0.063647","woe-label":"West Kalimantan, ID, Indonesia","type":"Propinsi"}},{"type":"MultiPolygon","arcs":[[[36]],[[37]],[[38]],[[39]]],"id":"ID.BB","properties":{"hc-group":"admin1","hc-middle-x":0.28,"hc-middle-y":0.45,"hc-key":"id-bb","hc-a2":"BB","labelrank":"2","hasc":"ID.BB","alt-name":"Babel|Kepulauan Bangka Belitung","woe-id":"28350154","subregion":null,"fips":"ID35","postal-code":"BB","name":"Bangka-Belitung","country":"Indonesia","type-en":"Province","region":null,"longitude":"106.819","woe-name":"Bangka-Belitung","latitude":"-2.95817","woe-label":"Bangka-Belitung, ID, Indonesia","type":"Propinsi"}},{"type":"MultiPolygon","arcs":[[[40]],[[41]]],"id":"ID.BA","properties":{"hc-group":"admin1","hc-middle-x":0.57,"hc-middle-y":0.4,"hc-key":"id-ba","hc-a2":"BA","labelrank":"2","hasc":"ID.BA","alt-name":"Penida|Lembongan|Ceningan|Menjangan","woe-id":"2345711","subregion":null,"fips":"ID02","postal-code":"BA","name":"Bali","country":"Indonesia","type-en":"Province","region":null,"longitude":"115.179","woe-name":"Bali","latitude":"-8.341200000000001","woe-label":"Bali, ID, Indonesia","type":"Propinsi"}},{"type":"MultiPolygon","arcs":[[[42]],[[43]],[[44]],[[45]],[[46,-22]]],"id":"ID.JI","properties":{"hc-group":"admin1","hc-middle-x":0.24,"hc-middle-y":0.65,"hc-key":"id-ji","hc-a2":"JI","labelrank":"2","hasc":"ID.JI","alt-name":"Jatim","woe-id":"2345717","subregion":null,"fips":"ID08","postal-code":"JI","name":"Jawa Timur","country":"Indonesia","type-en":"Province","region":null,"longitude":"112.616","woe-name":"Jawa Timur","latitude":"-7.88129","woe-label":"East Java, ID, Indonesia","type":"Propinsi"}},{"type":"MultiPolygon","arcs":[[[47]],[[48]],[[49,50,-13]]],"id":"ID.KS","properties":{"hc-group":"admin1","hc-middle-x":0.45,"hc-middle-y":0.57,"hc-key":"id-ks","hc-a2":"KS","labelrank":"2","hasc":"ID.KS","alt-name":"Kalsel","woe-id":"2345721","subregion":null,"fips":"ID12","postal-code":"KS","name":"Kalimantan Selatan","country":"Indonesia","type-en":"Province","region":null,"longitude":"115.451","woe-name":"Kalimantan Selatan","latitude":"-3.00713","woe-label":"South Kalimantan, ID, Indonesia","type":"Propinsi"}},{"type":"MultiPolygon","arcs":[[[51]],[[52]],[[53]],[[54]],[[55]],[[56]],[[57]],[[58]],[[59]],[[60]],[[61]],[[62]],[[63]]],"id":"ID.NT","properties":{"hc-group":"admin1","hc-middle-x":0.32,"hc-middle-y":0.2,"hc-key":"id-nt","hc-a2":"NT","labelrank":"2","hasc":"ID.NT","alt-name":"NTT","woe-id":"2345727","subregion":null,"fips":"ID18","postal-code":"NT","name":"Nusa Tenggara Timur","country":"Indonesia","type-en":"Province","region":null,"longitude":"120.689","woe-name":"Nusa Tenggara Timur","latitude":"-8.584429999999999","woe-label":"East Nusa Tenggara, ID, Indonesia","type":"Propinsi"}},{"type":"MultiPolygon","arcs":[[[64]],[[65]],[[66,67,68,69]],[[70]]],"id":"ID.SE","properties":{"hc-group":"admin1","hc-middle-x":0.23,"hc-middle-y":0.33,"hc-key":"id-se","hc-a2":"SE","labelrank":"2","hasc":"ID.SE","alt-name":"Sulsel","woe-id":"2345729","subregion":null,"fips":"ID38","postal-code":"SE","name":"Sulawesi Selatan","country":"Indonesia","type-en":"Province","region":null,"longitude":"119.99","woe-name":"Sulawesi Selatan","latitude":"-3.7444","woe-label":"South Sulawesi, ID, Indonesia","type":"Propinsi"}},{"type":"MultiPolygon","arcs":[[[71]],[[72]],[[73]],[[74]],[[75]],[[76]],[[77]],[[78]],[[79]],[[80]],[[81]],[[82]],[[83]],[[84]],[[85]]],"id":"ID.KR","properties":{"hc-group":"admin1","hc-middle-x":0.87,"hc-middle-y":0.06,"hc-key":"id-kr","hc-a2":"KR","labelrank":"2","hasc":"ID.KR","alt-name":"Rhio|Riou|Riouw","woe-id":"55949082","subregion":null,"fips":"ID40","postal-code":"KR","name":"Kepulauan Riau","country":"Indonesia","type-en":"Province","region":null,"longitude":"104.601","woe-name":"Kepulauan Riau","latitude":"-0.142639","woe-label":"Kepulauan Riau, ID, Indonesia","type":"Propinsi"}},{"type":"MultiPolygon","arcs":[[[86]],[[87]],[[88]],[[89]],[[90]],[[91]],[[92]],[[93]],[[94,95]]],"id":"ID.IB","properties":{"hc-group":"admin1","hc-middle-x":0.53,"hc-middle-y":0.29,"hc-key":"id-ib","hc-a2":"IB","labelrank":"2","hasc":"ID.IB","alt-name":"New Guinea|Yos Sudarso or Frederick Hendrik|Waigeo|Supiori Biak|Yapen|Misool|Salawati|Batanta","woe-id":"28350157","subregion":null,"fips":"ID39","postal-code":"IB","name":"Irian Jaya Barat","country":"Indonesia","type-en":"Province","region":null,"longitude":"132.825","woe-name":"Irian Jaya Barat","latitude":"-1.32525","woe-label":"West Papua, ID, Indonesia","type":"Propinsi"}},{"type":"MultiPolygon","arcs":[[[96]],[[97]],[[98]],[[99]],[[100,100,100]],[[100,100,100]],[[101,-6,102,103,104]],[[105]]],"id":"ID.SU","properties":{"hc-group":"admin1","hc-middle-x":0.61,"hc-middle-y":0.4,"hc-key":"id-su","hc-a2":"SU","labelrank":"2","hasc":"ID.SU","alt-name":"Sumut","woe-id":"2345735","subregion":null,"fips":"ID26","postal-code":"SU","name":"Sumatera Utara","country":"Indonesia","type-en":"Province","region":null,"longitude":"99.2161","woe-name":"Sumatera Utara","latitude":"2.36304","woe-label":"North Sumatra, ID, Indonesia","type":"Propinsi"}},{"type":"MultiPolygon","arcs":[[[106]],[[107]],[[108]],[[109]],[[110,111,112,-104]],[[113]],[[114]]],"id":"ID.RI","properties":{"hc-group":"admin1","hc-middle-x":0.41,"hc-middle-y":0.55,"hc-key":"id-ri","hc-a2":"RI","labelrank":"2","hasc":"ID.RI","alt-name":"Rhio|Riou|Riouw","woe-id":"2345728","subregion":null,"fips":"ID37","postal-code":"RI","name":"Riau","country":"Indonesia","type-en":"Province","region":null,"longitude":"101.745","woe-name":"Riau","latitude":"0.396892","woe-label":"Riau, ID, Indonesia","type":"Propinsi"}},{"type":"MultiPolygon","arcs":[[[115]],[[116]],[[117]],[[118]],[[119]],[[120,121]]],"id":"ID.SW","properties":{"hc-group":"admin1","hc-middle-x":0.24,"hc-middle-y":0.91,"hc-key":"id-sw","hc-a2":"SW","labelrank":"2","hasc":"ID.SW","alt-name":"Sulut","woe-id":"28350156","subregion":null,"fips":"ID31","postal-code":"SW","name":"Sulawesi Utara","country":"Indonesia","type-en":"Province","region":null,"longitude":"124.446","woe-name":"Sulawesi Utara","latitude":"0.853039","woe-label":"North Sulawesi, ID, Indonesia","type":"Propinsi"}},{"type":"MultiPolygon","arcs":[[[122]],[[123]],[[124]],[[125]],[[126]],[[127]],[[128]],[[129]],[[130]],[[131]],[[132]],[[133]],[[134]],[[135]]],"id":"ID.LA","properties":{"hc-group":"admin1","hc-middle-x":0.63,"hc-middle-y":0.22,"hc-key":"id-la","hc-a2":"LA","labelrank":"2","hasc":"ID.LA","alt-name":"Malut","woe-id":"20069998","subregion":null,"fips":"ID29","postal-code":"LA","name":"Maluku Utara","country":"Indonesia","type-en":"Province","region":null,"longitude":"125.976","woe-name":"Maluku Utara","latitude":"-2.28945","woe-label":"North Maluku, ID, Indonesia","type":"Propinsi"}},{"type":"MultiPolygon","arcs":[[[136]],[[137]],[[-24,138,-105,-113,139]],[[140]],[[141]]],"id":"ID.SB","properties":{"hc-group":"admin1","hc-middle-x":0.59,"hc-middle-y":0.32,"hc-key":"id-sb","hc-a2":"SB","labelrank":"2","hasc":"ID.SB","alt-name":"Sumbar","woe-id":"2345733","subregion":null,"fips":"ID24","postal-code":"SB","name":"Sumatera Barat","country":"Indonesia","type-en":"Province","region":null,"longitude":"100.611","woe-name":"Sumatera Barat","latitude":"-0.642611","woe-label":"West Sumatra, ID, Indonesia","type":"Propinsi"}},{"type":"MultiPolygon","arcs":[[[142]],[[143]],[[144]],[[145]],[[146]],[[147]],[[148]],[[149]],[[150]],[[151]],[[152]],[[153]],[[154]],[[155]],[[156]],[[157]],[[158]],[[159]],[[160]],[[161]],[[162]],[[163]],[[164]],[[165]],[[166]],[[167]],[[168]],[[169]],[[170]],[[171]],[[172]],[[173]]],"id":"ID.MA","properties":{"hc-group":"admin1","hc-middle-x":0.38,"hc-middle-y":0.06,"hc-key":"id-ma","hc-a2":"MA","labelrank":"2","hasc":"ID.MA","alt-name":"Molucas||Moluccas|Molucche|Moluckerna|Moluqu","woe-id":"20069997","subregion":null,"fips":"ID28","postal-code":"MA","name":"Maluku","country":"Indonesia","type-en":"Province","region":null,"longitude":"128.161","woe-name":"Maluku","latitude":"-8.248139999999999","woe-label":"Maluku, ID, Indonesia","type":"Propinsi"}},{"type":"MultiPolygon","arcs":[[[174]],[[175]],[[176]],[[177]]],"id":"ID.NB","properties":{"hc-group":"admin1","hc-middle-x":0.41,"hc-middle-y":0.62,"hc-key":"id-nb","hc-a2":"NB","labelrank":"2","hasc":"ID.NB","alt-name":"NTB","woe-id":"2345726","subregion":null,"fips":"ID17","postal-code":"NB","name":"Nusa Tenggara Barat","country":"Indonesia","type-en":"Province","region":null,"longitude":"116.294","woe-name":"Nusa Tenggara Barat","latitude":"-8.571059999999999","woe-label":"West Nusa Tenggara, ID, Indonesia","type":"Propinsi"}},{"type":"MultiPolygon","arcs":[[[178]],[[179]],[[180]],[[181]],[[-67,182,183]],[[184]],[[185]]],"id":"ID.SG","properties":{"hc-group":"admin1","hc-middle-x":0.28,"hc-middle-y":0.27,"hc-key":"id-sg","hc-a2":"SG","labelrank":"2","hasc":"ID.SG","alt-name":"Sultra","woe-id":"2345731","subregion":null,"fips":"ID22","postal-code":"SG","name":"Sulawesi Tenggara","country":"Indonesia","type-en":"Province","region":null,"longitude":"122.119","woe-name":"Sulawesi Tenggara","latitude":"-4.0746","woe-label":"South East Sulawesi, ID, Indonesia","type":"Propinsi"}},{"type":"MultiPolygon","arcs":[[[186]],[[187]],[[188]],[[189]],[[190]],[[191,192,193,-183,-70,194]],[[195]]],"id":"ID.ST","properties":{"hc-group":"admin1","hc-middle-x":0.3,"hc-middle-y":0.68,"hc-key":"id-st","hc-a2":"ST","labelrank":"2","hasc":"ID.ST","alt-name":"Sulteng","woe-id":"2345730","subregion":null,"fips":"ID21","postal-code":"ST","name":"Sulawesi Tengah","country":"Indonesia","type-en":"Province","region":null,"longitude":"120.153","woe-name":"Sulawesi Tengah","latitude":"-1.30097","woe-label":"Central Sulawesi, ID, Indonesia","type":"Propinsi"}},{"type":"MultiPolygon","arcs":[[[196]],[[197]],[[198]],[[199]],[[200]],[[201]],[[202]],[[203,-96]]],"id":"ID.PA","properties":{"hc-group":"admin1","hc-middle-x":0.64,"hc-middle-y":0.4,"hc-key":"id-pa","hc-a2":"PA","labelrank":"2","hasc":"ID.PA","alt-name":"New Guinea|Yos Sudarso or Frederick Hendrik|Waigeo|Supiori Biak|Yapen|Misool|Salawati|Batanta","woe-id":"2345718","subregion":null,"fips":"ID36","postal-code":"PA","name":"Papua","country":"Indonesia","type-en":"Province","region":null,"longitude":"138.689","woe-name":"Papua","latitude":"-4.10825","woe-label":"Papua, ID, Indonesia","type":"Propinsi"}},{"type":"Polygon","arcs":[[-30,204,205,-20,206]],"id":"ID.JR","properties":{"hc-group":"admin1","hc-key":"id-jr","hc-a2":"JR","labelrank":"2","hasc":"ID.JR","alt-name":"Jabar","woe-id":"2345715","subregion":null,"fips":"ID30","postal-code":"JR","name":"Jawa Barat","country":"Indonesia","type-en":"Province","region":null,"longitude":"107.638","woe-name":"Jawa Barat","latitude":"-6.90763","woe-label":"West Java, ID, Indonesia","type":"Propinsi"}},{"type":"Polygon","arcs":[[-27,207,208]],"id":"ID.1024","properties":{"hc-group":"admin1","hc-middle-x":0.63,"hc-middle-y":0.55,"hc-key":"id-1024","hc-a2":"LA","labelrank":"2","hasc":"ID.LA","alt-name":null,"woe-id":"2345724","subregion":null,"fips":"ID15","postal-code":null,"name":"Lampung","country":"Indonesia","type-en":"Province","region":null,"longitude":"105.059","woe-name":"Lampung","latitude":"-4.919","woe-label":"Lampung, ID, Indonesia","type":"Propinsi"}},{"type":"Polygon","arcs":[[209,-205,-32]],"id":"ID.JK","properties":{"hc-group":"admin1","hc-middle-x":0.98,"hc-middle-y":0.51,"hc-key":"id-jk","hc-a2":"JK","labelrank":"9","hasc":"ID.JK","alt-name":"Jawa|Djakarta","woe-id":"2345713","subregion":null,"fips":"ID04","postal-code":"JK","name":"Jakarta Raya","country":"Indonesia","type-en":"Special district","region":null,"longitude":"106.837","woe-name":"Jakarta Raya","latitude":"-6.22462","woe-label":"DKI Jakarta, ID, Indonesia","type":"Daerah Khusus Ibukota"}},{"type":"Polygon","arcs":[[210,-122,211,-193]],"id":"ID.GO","properties":{"hc-group":"admin1","hc-middle-y":0.43,"hc-key":"id-go","hc-a2":"GO","labelrank":"7","hasc":"ID.GO","alt-name":null,"woe-id":"2345732","subregion":null,"fips":"ID34","postal-code":"GO","name":"Gorontalo","country":"Indonesia","type-en":"Province","region":null,"longitude":"122.331","woe-name":"Gorontalo","latitude":"0.760501","woe-label":"Gorontalo, ID, Indonesia","type":"Propinsi"}},{"type":"Polygon","arcs":[[212,-18]],"id":"ID.YO","properties":{"hc-group":"admin1","hc-middle-x":0.35,"hc-middle-y":0.62,"hc-key":"id-yo","hc-a2":"YO","labelrank":"7","hasc":"ID.YO","alt-name":"Jawa|Daerah Istimewa Yogyakarta","woe-id":"2345719","subregion":null,"fips":"ID10","postal-code":"YO","name":"Yogyakarta","country":"Indonesia","type-en":"Special region","region":null,"longitude":"110.443","woe-name":"Yogyakarta","latitude":"-7.83533","woe-label":"Special Region of Yogyakarta, ID, Indonesia","type":"Daerah Istimewa"}},{"type":"Polygon","arcs":[[213,-36,-14,-51]],"id":"ID.KT","properties":{"hc-group":"admin1","hc-middle-x":0.59,"hc-middle-y":0.51,"hc-key":"id-kt","hc-a2":"KT","labelrank":"2","hasc":"ID.KT","alt-name":"Kalteng","woe-id":"2345722","subregion":null,"fips":"ID13","postal-code":"KT","name":"Kalimantan Tengah","country":"Indonesia","type-en":"Province","region":null,"longitude":"113.286","woe-name":"Kalimantan Tengah","latitude":"-1.84217","woe-label":"Central Kalimantan, ID, Indonesia","type":"Propinsi"}},{"type":"Polygon","arcs":[[214,-208,-26,215]],"id":"ID.SL","properties":{"hc-group":"admin1","hc-middle-x":0.54,"hc-middle-y":0.48,"hc-key":"id-sl","hc-a2":"SL","labelrank":"2","hasc":"ID.SL","alt-name":"Sumsel","woe-id":"2345734","subregion":null,"fips":"ID32","postal-code":"SL","name":"Sumatera Selatan","country":"Indonesia","type-en":"Province","region":null,"longitude":"104.073","woe-name":"Sumatera Selatan","latitude":"-3.3824","woe-label":"South Sumatra, ID, Indonesia","type":"Propinsi"}},{"type":"Polygon","arcs":[[216,-195,-69]],"id":"ID.SR","properties":{"hc-group":"admin1","hc-middle-y":0.67,"hc-key":"id-sr","hc-a2":"SR","labelrank":"2","hasc":"ID.SR","alt-name":"Sulsel","woe-id":"28350155","subregion":null,"fips":"ID41","postal-code":"SR","name":"Sulawesi Barat","country":"Indonesia","type-en":"Province","region":null,"longitude":"119.316","woe-name":"Sulawesi Barat","latitude":"-2.69615","woe-label":"West Sulawesi, ID, Indonesia","type":"Propinsi"}},{"type":"Polygon","arcs":[[217,-216,-25,-140,-112]],"id":"ID.JA","properties":{"hc-group":"admin1","hc-middle-x":0.51,"hc-middle-y":0.48,"hc-key":"id-ja","hc-a2":"JA","labelrank":"6","hasc":"ID.JA","alt-name":"Djambi","woe-id":"2345714","subregion":null,"fips":"ID05","postal-code":"JA","name":"Jambi","country":"Indonesia","type-en":"Province","region":null,"longitude":"102.823","woe-name":"Jambi","latitude":"-1.65497","woe-label":"Jambi, ID, Indonesia","type":"Propinsi"}}],"hc-recommended-transform":{"default":{"rotation":-0.0523598775598,"crs":"+proj=tmerc +lat_0=0 +lon_0=112.5 +k=0.9999 +x_0=200000 +y_0=1500000 +ellps=WGS84 +towgs84=0,0,0,0,0,0,0 +units=m +no_defs","scale":0.000132056229838,"jsonres":15.5,"jsonmarginX":-999,"jsonmarginY":9851,"xoffset":-1856151.37844,"yoffset":2110546.03205}}}},"arcs":[[[8503,4157],[18,-55],[-25,26],[-7,38],[14,-9]],[[436,7807],[11,11],[17,-30],[0,-89],[-28,108]],[[16,9982],[16,17],[9,-33],[-10,-37],[-15,53]],[[171,8152],[24,-21],[34,-94],[16,-19],[12,-55],[15,9],[8,-74],[-31,-4],[-2,22],[-57,110],[-29,8],[-51,111],[15,37],[4,60],[27,-21],[15,-69]],[[634,7794],[-31,49],[-16,-13],[-31,19],[-18,78],[-3,153],[-10,115],[-39,37],[-20,63],[-13,108],[-19,20],[-36,163],[-29,97],[-28,38],[-43,-1],[-29,48],[-52,178],[-14,7],[-25,52],[-86,239],[-11,6],[-31,112],[-30,216],[-19,61],[11,62],[-12,89],[47,62],[21,-28],[23,13],[60,-66],[9,-59],[43,-79],[52,-33],[63,-7],[38,40],[32,-5],[65,-71],[50,57],[36,-104],[53,-111],[22,-152],[-2,-51],[14,4],[31,-33],[15,-42],[-2,-84]],[[670,9041],[-16,4],[-28,-31],[-14,-156],[-47,-138],[27,-186],[18,-63],[-28,-43],[16,-68],[-9,-34],[6,-105],[29,-57],[4,-79],[-11,-60],[23,-150],[-6,-81]],[[4906,8429],[-19,34],[-7,67],[31,-8],[-5,-93]],[[4957,8554],[-24,43],[1,24],[13,-2],[10,-65]],[[4872,8575],[-1,-28],[-53,32],[3,49],[27,-15],[24,-38]],[[4916,8862],[-24,46],[14,52],[20,-42],[-10,-56]],[[4960,8965],[6,-59],[-21,-12],[-30,73],[45,-2]],[[4152,7347],[41,39],[23,-40],[37,152],[1,76],[34,50],[3,71],[-14,7],[-6,70],[6,57],[30,29],[46,109],[17,19],[-9,46],[-23,11],[1,131],[39,126],[15,-31],[33,26],[12,74],[-8,31],[8,88],[18,50],[-11,99],[9,148],[-12,25],[19,84],[5,78],[38,65],[5,65],[39,-72],[23,65],[41,4],[17,-52],[22,17],[9,41],[10,-36],[29,19],[20,-21],[79,3],[11,11],[48,-100],[29,-15],[-13,-21],[-30,26],[5,-41],[27,-30],[37,-77],[-13,-11],[44,-36],[-21,-54],[20,-27],[-16,-42],[-45,18],[-16,76],[12,-99],[-95,12],[27,-25],[3,-58],[21,-43],[26,1],[-16,-78],[-4,-73],[23,-6],[5,-43],[30,-7],[-12,-61],[28,-7],[-32,-27],[41,-17],[-22,-51],[33,-32],[10,-90],[32,-84],[26,-122],[-33,-57],[-9,-70],[-36,-2],[29,-33],[-2,-60],[14,-42],[26,-19],[18,-79],[65,-99],[-6,-20],[48,-59],[24,-59],[29,-117],[32,-12],[0,-45],[-45,-93],[-25,25],[-26,-25],[-30,20],[-10,-19],[-14,31],[-29,9],[-26,33],[-17,89],[-19,0],[28,-130],[-8,-43],[-17,31],[-23,-18],[-18,-57],[-1,-37],[-23,-88],[-33,-234],[14,-85],[-10,-36],[-11,-100],[12,-76],[-11,-82],[34,61],[1,-58],[-13,-103],[16,-55],[-51,-32],[-9,-35],[-13,54],[-7,-59],[-18,-42],[-31,-132],[-44,-36],[-8,61],[-15,21],[16,-71],[-6,-72],[-33,-32],[-16,-37],[4,-75],[-51,-58],[-22,-50],[34,14],[20,-84],[-2,-68],[-38,-89],[19,18],[8,-38],[26,20],[17,-15],[-7,-99]],[[4669,5088],[-40,29],[-76,16],[-11,9],[-26,-46],[-13,99],[3,81],[-18,26],[-1,129],[-24,156],[-13,4],[23,55]],[[4473,5646],[9,-2],[18,79],[1,123],[-14,-11],[-25,75],[-36,55],[-10,67],[-8,114],[-10,43],[-13,118],[1,55],[15,132],[-35,2],[-40,-110],[-8,49],[11,93],[-14,133],[3,47],[23,102],[-3,61],[-18,58],[-53,-37],[-16,-30],[-62,-20],[-42,38],[-33,-3],[-14,-24],[-42,-29]],[[4058,6824],[30,107],[8,75],[-19,23],[0,45],[72,140],[3,133]],[[3006,1901],[9,-30],[-45,31],[6,25],[30,-26]],[[3440,1601],[-4,3],[-18,13]],[[3418,1617],[-11,47],[-3,147],[-20,33],[-40,21],[-15,132],[-40,-91],[-26,22],[-21,-126]],[[3242,1802],[-84,64],[-51,5],[-11,36],[-60,15],[-18,-28],[-27,33],[-4,40],[-16,-31]],[[2971,1936],[-14,36],[2,39],[-17,116],[-25,20],[5,86],[26,14],[21,46],[2,76],[20,73]],[[2991,2442],[20,-16],[4,30],[31,-39],[45,-12],[40,22],[42,-14],[37,-35],[66,19],[35,-51],[26,18],[21,65],[16,87],[6,112],[13,27],[42,30],[27,-30],[15,-116],[9,-25],[59,-6],[14,45],[25,-24],[14,-39]],[[3598,2490],[-9,-41],[-7,-96],[2,-114],[-35,-94],[-50,36],[-4,-34],[-3,-131],[7,-51],[-6,-54],[26,-46],[-6,-94],[-40,-41],[-29,-64],[-4,-65]],[[1570,3243],[-20,-4],[-43,80],[16,34],[49,-56],[-2,-54]],[[1273,5018],[32,67],[36,41]],[[1341,5126],[21,37],[18,-41],[11,-87],[37,-110],[36,-63],[37,-24]],[[1501,4838],[33,-102],[5,-63],[41,-17],[12,-38],[-6,-59],[37,-71],[30,55],[22,-59],[24,-12],[9,-53],[-5,-56],[-25,4],[3,-34],[-42,-94],[-16,-13],[30,-88],[47,-45],[36,-6],[9,-116],[94,-105],[1,-52],[31,-177]],[[1871,3637],[-7,-23],[-27,-44]],[[1837,3570],[-22,27],[-21,1],[-4,32],[-48,116],[-56,74],[-9,44],[-38,89],[-85,166],[-2,88],[-18,120],[-34,55],[-94,177],[-47,194],[-20,110],[-49,90],[-17,65]],[[2198,2610],[-1,-59],[-16,-26],[1,75],[16,10]],[[2526,2746],[1,-42],[-30,-8],[-37,27],[-9,-19],[-3,-91],[4,-103],[18,-50],[-12,-32],[-10,-93]],[[2448,2335],[-27,5],[-50,88],[-20,11],[-41,-19],[-15,8],[-48,-20],[-38,36],[-11,25],[22,62],[20,-88],[38,116],[-2,50],[13,35],[7,-36],[16,13],[9,46],[2,122],[12,95],[36,111],[15,-63],[12,-15],[18,42],[51,-54],[37,15],[15,-29]],[[2519,2891],[-10,-27],[4,-64],[13,-54]],[[3006,5557],[-6,-41],[-22,-13],[-5,59],[20,18],[13,-23]],[[3147,5912],[34,-34],[4,-59],[-66,-98],[-13,26],[8,149],[33,16]],[[3442,4777],[-35,-34],[-30,-82],[-9,101],[-24,22],[-53,-76],[-13,62],[9,65],[-7,80],[-12,20],[13,50],[-13,60],[-4,85],[-10,56],[8,76],[-12,88],[-38,56],[29,108],[7,125],[-8,88],[-22,38],[-2,71],[-19,11],[-22,79],[-12,-19],[-42,79],[-18,-36],[-29,35],[-2,111],[45,-41],[-27,91],[-18,-5],[-30,54],[-5,82],[-12,70],[16,24],[23,-19],[-8,35],[-6,125],[30,-13],[-29,60],[-14,78],[-39,58],[5,62],[-8,51],[3,65],[-15,113],[19,31],[8,67],[-10,110],[11,22],[17,100],[7,104],[35,63],[21,86],[-2,74],[48,33],[15,24],[-22,-83],[4,-46],[21,-21],[0,-84],[8,-38],[36,-102],[19,-13],[10,-54],[26,-59],[16,-10],[21,-106],[19,-5],[15,-47],[30,-33],[49,32],[15,53],[75,48],[34,-37],[41,-8],[26,17],[36,-13],[19,63],[42,26],[18,126],[-1,47],[63,70],[66,-6],[18,15],[37,-26],[-14,-72],[28,9],[52,-47],[16,-33],[23,12],[32,-49],[35,63],[22,60],[32,14],[33,-16]],[[4058,6824],[-29,-87],[-5,-60],[-20,-29],[-24,9],[-21,-18],[29,-107],[5,-69],[-11,-83],[-23,-38],[-16,-64],[11,-36],[-10,-77],[-21,48],[-34,-30],[-92,-110],[-44,-28],[-58,11],[-102,-167],[-15,-103],[-36,-47],[-19,-63],[-42,-94],[-27,4],[-20,-53],[21,-29],[4,-48],[-8,-143],[3,-85],[27,-164],[0,-198],[-14,-19],[-25,-70]],[[2548,4693],[-31,36],[20,44],[21,-21],[-10,-59]],[[2686,4782],[-19,-42],[-15,36],[26,38],[8,-32]],[[2724,4970],[39,7],[31,-16],[9,-40],[8,30],[29,-52],[14,-46],[6,-64],[-19,-84],[1,-76],[-26,-17],[-4,-39],[-17,-8],[-6,54],[-21,58],[-7,-54],[-45,-58],[-8,22],[10,51],[-13,65],[6,54],[-4,79],[11,22],[6,112]],[[2514,4654],[-41,-1],[-16,68],[-77,82],[-23,12],[-19,115],[9,77],[-25,62],[-7,132],[-41,35],[-9,27],[-25,-32],[-32,-9],[-16,40],[-19,-5],[2,85],[48,66],[4,52],[-9,53],[24,49],[29,24],[7,-53],[17,-24],[-11,-32],[13,-39],[22,-11],[-14,52],[-7,108],[25,2],[18,15],[28,-59],[-2,-49],[30,-120],[-2,-78],[22,-205],[20,-66],[105,-61],[-21,-28],[-15,-50],[-13,-102],[0,-42],[28,-39],[-7,-51]],[[4450,1337],[11,-57],[-7,-25],[-26,45],[22,37]],[[4258,1655],[36,-34],[36,11],[25,60],[17,9],[63,-68],[46,-119],[-24,-76],[-61,-74],[-25,-60],[5,-56],[-21,-18],[-10,20],[21,58],[-7,34],[-50,117],[-28,35],[-34,4],[-20,40],[-18,68],[-4,74],[19,-21],[34,-4]],[[4193,2252],[0,-27],[-22,22],[7,54],[15,-49]],[[4408,2429],[41,-42],[-2,-21],[-38,18],[-19,-58],[-17,60],[13,43],[22,0]],[[3826,3083],[4,-56],[-28,-12],[-5,33],[14,37],[15,-2]],[[3986,2400],[17,-7],[102,10],[29,-62],[-47,-38],[-17,-51],[-36,13],[-18,-26],[-8,-47],[-84,7],[-8,-5],[-67,41],[-21,1],[-5,74],[20,29],[11,46],[49,16],[17,-7],[66,6]],[[3598,2490],[10,-23],[37,-23],[19,15],[20,-66],[28,-7],[37,21],[30,-22],[23,2],[-5,-50],[18,-39],[-12,-14],[16,-58],[-17,-10],[21,-38],[18,30],[8,-33],[-2,-87],[-10,-74],[17,-37],[42,-35],[22,-45],[23,-6],[13,-31],[50,54],[60,-13],[30,27],[17,35],[27,-48],[25,-1],[27,-33],[19,-44],[-5,-110],[-18,-234],[3,-66],[10,33],[9,-91],[27,-27],[2,-68],[-50,22],[4,44],[-18,31],[-23,-18],[-36,23],[-11,-9],[-37,68],[-20,-10],[-18,39],[-50,41],[-14,38],[-32,29],[-46,-28],[-19,-48],[-15,16],[-36,-43],[-49,34],[-23,34],[-90,19],[-29,28],[-27,-67],[-9,27],[-40,6],[-1,21],[-39,17],[-20,-21],[-17,45],[-7,-28],[-25,17]],[[4629,4333],[-14,59],[17,95],[6,-22],[-9,-132]],[[4555,4424],[16,95],[31,59],[-1,-110],[12,-55],[-9,-9],[6,-121],[0,-113],[-40,-74],[-16,5],[9,57],[-3,74],[-14,91],[9,101]],[[4669,5088],[-8,-91],[-50,-1],[19,-34],[-7,-46],[1,-102],[-7,-60],[-21,-50],[-20,113],[-8,-111],[11,1],[23,-79],[-23,-21],[-33,-166],[-10,-93],[-28,-15],[-17,-40],[-38,-47],[-115,-124],[-40,-50],[-36,-58],[-19,0],[2,92],[-6,95],[2,102],[-17,71],[3,128],[-11,-22],[-3,-62],[-39,34]],[[4174,4452],[36,255],[7,73],[27,35],[34,80],[9,75],[18,84],[-1,92],[50,33],[43,101],[6,81],[-4,82],[19,197],[55,42],[0,-36]],[[5841,290],[12,-6],[-1,-46],[-29,-50],[-37,23],[55,79]],[[6173,420],[-14,-7],[4,-63],[-17,-4],[-3,42],[17,66],[22,-9],[-9,-25]],[[5346,1344],[25,11],[-17,-32],[-3,-62],[-20,17],[15,66]],[[5301,1450],[23,-15],[-1,-49],[-14,14],[-14,-67],[6,-37],[-20,10],[0,89],[8,77],[12,-22]],[[6109,1479],[-1,-26],[-34,-18],[-11,-48],[-16,3],[25,79],[37,10]],[[6135,1588],[10,-3],[-2,-77],[-62,-17],[-1,47],[33,60],[22,-10]],[[6342,1508],[-15,-86],[-25,-7],[-7,65],[-25,-14],[18,69],[15,19],[12,-47],[32,122],[11,-24],[-2,-59],[-14,-38]],[[6038,0],[-7,83],[52,41],[25,46],[14,53],[34,66],[-2,-83],[8,-62],[-13,3],[-23,-37],[-8,-47],[-49,-31],[-3,-23],[-28,-9]],[[5412,552],[-61,83],[-5,31],[-43,30],[-16,-25],[-26,29],[-24,2],[-30,37],[-21,64],[19,79],[31,31],[101,25],[41,-21],[27,52],[14,-40],[13,-51],[38,-39],[6,-79],[46,-1],[22,-54],[19,-90],[27,-46],[8,-76],[-26,-68],[-31,-14],[-25,-50],[-14,30],[-51,25],[-26,64],[-13,72]],[[6220,1474],[-4,21],[-24,-99],[-11,29],[-21,-37],[-17,29],[-21,7],[28,68],[25,27],[1,25],[-23,4],[10,28],[33,13],[-11,-53],[11,-24],[16,92],[15,-14],[20,40],[31,-38],[-37,-39],[-21,-79]],[[6529,1641],[10,-44],[-3,-72],[-78,-31],[-25,1],[-51,-36],[-19,32],[17,64],[-2,49],[11,43],[26,11],[7,-44],[14,22],[93,5]],[[6235,517],[-37,23],[16,74],[0,67],[9,97],[38,73],[28,83],[28,-47],[16,32],[14,-75],[12,7],[8,67],[17,45],[5,72],[25,4],[28,63],[50,61],[6,-69],[30,55],[17,-45],[-5,-74],[-37,-3],[-4,-28],[14,-60],[9,-88],[-12,-27],[-7,-77],[-27,-50],[-25,-92],[-42,-80],[-27,-76],[-65,-5],[-18,-61],[-22,-12],[-25,-40],[-23,-4],[-31,19],[-23,-12],[5,67],[12,36],[44,52],[-1,28]],[[6068,1650],[9,-112],[-25,-19],[-2,-57],[-21,15],[10,-68],[-9,-36],[-53,-35],[-33,-44],[-65,7],[-24,-42],[-46,-49],[-23,20],[-9,-33],[-5,42],[-50,24],[-12,-74],[-38,16],[-22,-29],[-31,10],[-20,64],[-15,-28],[-26,13],[-11,27],[-47,1],[-30,-15],[-24,30],[-34,-25],[-12,-36],[-25,78],[0,86],[14,61],[33,65],[19,-4],[22,60],[37,10],[47,-4],[-1,29],[34,-58],[50,-4],[12,-32],[57,-52],[20,-56],[20,1],[8,-19],[22,35],[0,39],[15,-19],[34,20],[12,-11],[26,40],[7,-53],[21,-14],[33,-57],[47,35],[-2,60],[23,48],[34,20],[27,45],[16,48],[-17,12],[-29,-27],[11,72],[16,25],[25,-46]],[[5607,2167],[39,-6],[2,-21],[-53,10],[12,17]],[[5580,2287],[6,-35],[-22,-11],[-13,48],[2,42],[27,-44]],[[5766,4725],[-27,-28],[-43,84],[-25,3],[-16,-22]],[[5655,4762],[-13,56],[11,33],[-16,59],[-51,27],[-41,-39],[-9,-38],[-75,-126],[18,-122],[22,-31],[9,-270],[5,-37],[-20,-120],[-1,-99],[6,-39],[-4,-133],[9,-110],[9,-32],[-12,-119],[-17,-27],[-1,-70],[-9,-95],[25,-110],[17,-173],[-29,70],[-49,-52],[-40,18],[-24,-76],[-34,9],[-4,37],[-13,-22],[-12,56],[-19,-16],[1,39],[-19,98],[13,143],[11,24],[14,114],[-7,76],[22,115],[8,148],[-5,123],[9,77],[-11,-30],[-31,187],[12,97],[-4,37]],[[5306,4419],[-15,175],[48,43],[-21,128],[-6,87],[31,1],[27,36],[-10,79],[-7,124],[-19,36],[6,70],[39,78],[10,54]],[[5389,5330],[39,55],[23,2],[30,-25],[25,39],[9,-17],[38,-143],[40,-81],[119,-64],[22,-24],[74,-167],[-3,-78],[-39,-102]],[[5539,2939],[-8,-213],[-7,-80],[-9,196],[0,177],[9,43],[15,-123]],[[2042,6257],[10,-51],[-18,-78],[-20,24],[-14,-53],[-4,71],[-17,39],[14,65],[13,-20],[19,42],[17,-39]],[[2034,6631],[9,-4],[30,-93],[-1,-21],[-33,80],[-5,38]],[[1976,6907],[-11,28],[18,26],[4,-48],[-11,-6]],[[1796,7012],[20,-78],[-3,-69],[-18,18],[-15,64],[2,65],[14,0]],[[1887,6950],[-24,45],[4,28],[15,-30],[5,-43]],[[1961,7018],[20,-18],[-17,-31],[-21,47],[4,43],[14,-41]],[[1903,7091],[13,-35],[-13,-6],[-14,43],[14,-2]],[[1801,7095],[-18,-5],[-10,35],[17,39],[11,-69]],[[1956,7170],[-5,-54],[-18,-39],[-21,18],[-11,46],[31,53],[24,-24]],[[2981,8188],[-16,21],[18,68],[9,-11],[-11,-78]],[[2311,8263],[8,-43],[-26,-12],[6,54],[-7,50],[19,-49]],[[2412,8410],[10,-28],[0,-55],[-17,26],[7,57]],[[2083,6366],[-42,-36],[-21,32],[17,125],[14,11],[32,-80],[7,-38],[18,29],[18,-57],[17,-26],[-34,-14],[-26,54]],[[1973,7142],[37,65],[42,-3],[14,-59],[-1,-107],[-12,-48],[-25,14],[-13,56],[6,62],[-30,-32],[-15,7],[-3,45]],[[2817,8690],[32,69],[-39,27],[-17,91],[52,140],[18,-94],[19,-55],[3,-71],[-20,-116],[-31,-17],[-17,26]],[[8378,3977],[-20,-8],[-29,46],[0,34],[30,-56],[19,-16]],[[8557,5214],[-9,40],[11,48],[9,-18],[-11,-70]],[[8516,5350],[-4,55],[12,49],[4,-29],[-12,-75]],[[7592,5792],[-21,-32],[-25,18],[25,35],[21,-21]],[[7785,6035],[18,-7],[-23,-52],[-44,-24],[-38,10],[1,45],[62,-6],[24,34]],[[7723,6449],[58,41],[72,-47],[32,-45],[9,-71],[-22,-66],[-31,39],[-16,-25],[-16,12],[-16,54],[-18,10],[-22,93],[-14,-35],[40,-106],[16,13],[13,-42],[-18,-37],[-28,-6],[-10,89],[-25,-27],[-3,-54],[14,10],[14,-32],[-10,-38],[-40,0],[10,51],[12,9],[-12,104],[-13,-19],[-47,42],[37,0],[2,42],[-24,-19],[-5,41],[23,19],[9,-19],[18,35],[11,-16]],[[7675,5334],[-18,-58],[-72,26],[-46,73],[64,78],[46,7],[30,24],[-1,-28],[19,-64],[-20,-45],[20,-23],[-15,-28],[-7,38]],[[7769,5750],[-26,154],[7,19],[46,41],[10,-21],[21,5],[9,-34],[-9,-151],[-11,-73],[-29,11],[-18,49]],[[8666,3962],[-29,31],[-19,42],[10,114],[50,-20],[-4,31],[-52,9],[-19,-60],[-14,-11],[-20,72],[-22,23],[-3,-90],[-27,44],[-11,42],[11,23],[-14,53],[-8,-46],[-29,-8],[-25,117],[-4,-49],[-26,66],[-14,89],[12,21],[-3,116],[39,89],[-1,94],[-13,-56],[-28,-61],[-2,-144],[-23,-43],[7,-78],[-39,-93],[10,-75],[-41,-122],[-12,-14],[-29,10],[-25,-31],[-37,102],[7,2],[-21,151],[6,35],[27,-10],[11,53],[-22,54],[-4,106],[-27,-32],[-20,63],[6,19],[-16,56],[-50,94],[-30,17],[-24,-22],[-22,24],[15,66],[-17,6],[51,69],[25,1],[59,-23],[33,-55],[22,42],[43,153],[30,34],[30,-13],[22,-73],[6,39],[18,-53],[19,34],[13,-18],[4,-91],[7,122],[22,-81],[0,101],[-16,23],[53,20],[-20,26],[12,40],[-24,-2],[-10,23],[34,53],[-2,37],[-50,-39],[-14,-38],[-44,0],[-33,20],[-77,-48],[-28,25],[-25,-37],[-31,72],[-46,-52],[-29,62],[-31,36],[-22,84],[-9,95],[19,73],[-22,-15],[-5,62],[15,38],[-35,-40],[2,51],[-19,-29],[-4,35],[-29,18],[-32,-11],[-12,61],[-22,3],[12,-46],[-26,-32],[-18,42],[-36,4],[15,100],[33,36],[16,80],[-3,155],[67,51],[-6,-29],[80,62],[47,125],[37,51],[37,23],[59,-9],[43,-55],[15,6],[18,-40],[21,-12],[52,-115],[77,-15],[51,15],[43,-84],[-22,-19],[-8,-35],[20,-115],[16,-37],[18,-82],[-12,-53],[-5,-80],[-26,-65],[15,-212],[-1,-80],[9,-123],[30,-84],[16,-133],[13,-69],[15,15],[-12,121],[2,56],[15,28],[-7,51],[12,58],[1,-78],[16,-72],[4,-164]],[[8622,4806],[-50,-112],[2,-32],[-27,-66],[-17,-70],[1,-56],[221,-213],[-86,-295]],[[718,6189],[-13,-46],[-24,32],[11,110],[18,54],[13,-63],[-5,-87]],[[734,6327],[-4,-60],[-53,222],[24,-1],[20,-115],[13,-46]],[[749,6596],[46,-19],[1,-34],[-34,-8],[-32,10],[-3,34],[22,17]],[[722,7483],[21,-21],[-35,12],[6,35],[8,-26]],[[1117,8011],[0,0]],[[863,6644],[-12,219],[-10,-1],[-2,92],[-12,32],[-14,171],[-29,175],[-7,72],[14,88],[-20,66],[-15,-16],[-27,101],[-20,33],[-38,27],[-37,91]],[[670,9041],[1,-44],[-18,-26],[-2,-35],[19,41],[9,-59],[37,-19],[44,-78],[7,-67],[19,-46],[35,-34],[49,-74],[67,-125],[22,-64],[35,-26],[23,-80],[28,-59],[3,-91],[-9,-55],[22,13],[16,-117],[1,92],[15,16],[24,-93]],[[1117,8011],[-7,-120],[7,-103],[-2,-177],[16,-41],[14,-128],[-19,-43],[-54,-66],[-8,-32],[18,-82],[15,-30],[-2,-182],[-8,-63]],[[1087,6944],[-76,64],[-26,11],[19,-62],[27,-126],[-2,-39],[-21,-22],[-28,19],[-22,39],[-53,-54],[-42,-130]],[[407,7334],[38,0],[31,62],[24,-26],[45,-173],[22,-23],[31,-96],[-8,-47],[-4,-158],[-12,-46],[-26,6],[-20,150],[-50,75],[0,41],[-29,143],[-42,92]],[[1744,6799],[-9,14],[4,75],[11,24],[18,-49],[-3,-51],[-21,-13]],[[1712,7115],[30,-98],[-19,-26],[-64,115],[-32,-16],[15,89],[19,5],[51,-69]],[[1587,7064],[-14,-21],[-14,22],[-22,81],[2,72],[-10,45],[4,67],[16,-2],[40,-98],[-5,-83],[3,-83]],[[1425,7716],[12,-66],[-13,-101],[-30,-40],[-26,34],[-14,97],[10,79],[19,-5],[26,43],[16,-41]],[[1117,8011],[15,-120],[40,-118],[23,-13],[41,-79],[8,-68],[12,-2],[-13,92],[-19,74],[2,54],[21,28],[31,-3],[4,-45],[51,-101],[17,-162],[11,-40],[35,-31],[42,-8],[52,-123],[21,-28],[6,-84],[13,-38],[-2,-69],[10,-51],[49,-123],[20,-21],[24,7],[46,-14],[39,-101],[5,-69],[-79,-110],[-15,-9],[-15,-49],[26,43],[45,22],[38,67],[19,16],[13,47],[30,30],[40,-60],[14,-75],[9,19],[24,-60],[7,-152],[-43,1],[-2,-49],[-20,-13],[-17,-60],[16,3],[-11,-74],[6,-11],[12,66],[24,7],[28,-41],[-1,-26],[-31,-26],[-25,11],[20,-31],[-3,-31],[-34,-26],[-2,-52],[-14,-52],[20,-32]],[[1800,6048],[-73,-15],[-41,6],[-24,-17],[-27,-68],[-31,-107],[-40,45],[-21,78],[-16,13],[-38,-15],[-29,-71],[-24,-22]],[[1436,5875],[-22,42],[-31,20],[-64,137],[-43,138],[-9,42],[-31,46],[-14,69],[-9,86],[21,20],[0,129],[-74,152],[-31,-19],[-22,24],[-22,116],[2,67]],[[1671,6967],[-36,3],[-27,-15],[-33,56],[21,60],[-3,96],[14,-4],[19,-78],[27,9],[56,-98],[7,-40],[-11,-51],[-34,62]],[[1487,7453],[15,6],[36,-34],[24,-8],[31,-40],[4,-125],[-17,12],[-22,68],[-43,27],[-16,33],[-12,61]],[[6601,8060],[-13,51],[6,47],[13,-15],[-10,-34],[4,-49]],[[6646,8585],[8,-48],[-9,-24],[-26,49],[4,58],[-17,36],[0,57],[16,-16],[24,-112]],[[6910,8717],[-15,19],[-5,46],[15,-15],[5,-50]],[[6880,8759],[-7,70],[-11,69],[21,-73],[-3,-66]],[[6883,9026],[-1,98],[6,65],[18,6],[13,-30],[-4,-76],[14,-51],[-25,-75],[0,-71],[-10,-26],[-21,24],[30,112],[-20,24]],[[6094,7044],[59,-1],[43,-35],[10,11],[48,-33],[25,4],[13,37],[33,28],[35,54],[16,88],[45,6],[4,38],[-14,10],[0,51],[15,34],[16,-11],[35,54],[-3,57],[43,86],[2,-31],[30,-8],[-3,-48],[18,-60],[9,40],[-5,-81],[-27,4],[-25,-148],[-29,-118],[-17,-21],[-34,-79],[-6,-48],[-29,-114],[2,-19],[-42,-61],[-56,-27],[-70,-26],[-25,-27],[-38,28]],[[6172,6678],[9,69],[-13,108],[-42,73],[-9,61],[-23,55]],[[6744,5028],[-24,36],[-4,77],[-10,24],[-9,86],[16,75],[11,-20],[-1,-109],[19,-110],[2,-59]],[[7098,5759],[-7,-22],[-45,21],[20,38],[32,-37]],[[7016,6029],[-36,5],[13,92],[16,-48],[7,-49]],[[6993,6342],[17,-15],[-8,-37],[3,-69],[-34,-41],[-1,140],[23,22]],[[7503,6364],[-20,61],[-19,20],[-13,75],[56,-131],[-4,-25]],[[7035,6580],[8,-16],[3,-94],[-14,55],[3,55]],[[7041,6938],[2,-49],[-14,-25],[2,78],[10,-4]],[[7022,6943],[-14,33],[9,29],[11,-32],[-6,-30]],[[6663,5411],[64,20],[76,-19],[-16,-29],[-63,-20],[-79,-9],[-42,-20],[2,33],[-20,48],[16,11],[13,9],[49,-24]],[[6429,5522],[85,-54],[16,-18],[6,41],[14,-12],[1,-46],[20,30],[9,-80],[-59,-13],[-9,-33],[-35,28],[-67,-67],[-30,2],[-17,107],[12,94],[32,19],[22,2]],[[7176,5473],[-26,19],[-51,-4],[-36,-24],[-34,58],[12,130],[10,-21],[32,72],[31,-24],[14,-38],[15,4],[32,-73],[19,-15],[4,-59],[-22,-25]],[[7089,6073],[30,8],[23,-46],[-17,-56],[-16,-13],[-20,36],[-6,43],[-37,-38],[-4,59],[7,45],[-16,12],[-21,67],[3,101],[10,9],[22,-49],[12,62],[14,-15],[11,-52],[11,-27],[-16,-102],[10,-44]],[[7271,7715],[-43,-11],[-10,40],[-3,84],[-7,12],[26,114],[33,80],[28,10],[21,-102],[-11,-104],[-16,-91],[-18,-32]],[[7175,6069],[-43,206],[-31,47],[-8,34],[6,164],[-4,70],[7,67],[-31,86],[-10,83],[6,105],[16,57],[-26,31],[-8,106],[-15,-13],[1,112],[30,145],[-5,34],[13,130],[23,105],[50,146],[28,18],[1,-33],[-23,-100],[-17,-30],[-3,-60],[19,-16],[17,-49],[-4,-55],[8,-52],[-13,-142],[-18,-86],[-13,-6],[-43,-87],[4,-64],[31,-56],[28,44],[2,81],[27,67],[22,7],[8,39],[-22,36],[20,71],[40,74],[20,27],[57,13],[-8,-74],[12,-22],[-9,-201],[-57,-82],[-27,-18],[-5,-50],[-17,-26],[22,-64],[81,-73],[1,-116],[29,-22],[9,-39],[-71,48],[-13,38],[-47,2],[-25,36],[-20,6],[-21,10],[-11,-26],[-7,-80],[10,-93],[-7,-98],[27,-173],[6,-62],[40,-175],[45,-120],[-32,20],[-18,63],[-34,35]],[[1094,4850],[-15,-36],[-27,-5],[-6,39],[2,74],[-8,53],[6,40],[47,-116],[1,-49]],[[985,5228],[33,-136],[-55,53],[-17,67],[14,82],[22,-32],[3,-34]],[[1273,5018],[-22,86],[-20,114],[12,63],[-7,86],[-16,47],[-30,131],[-3,51],[-13,39],[-1,67],[-35,39],[4,43],[-12,17],[9,73],[-7,6],[-17,127],[-31,89],[-35,126],[-40,96],[-13,74],[-2,82],[-30,76],[-45,40],[-19,46],[-16,-16],[-21,24]],[[1436,5875],[3,-55],[12,-22],[-10,-43],[-25,-29],[-1,-124],[-50,-129],[-48,-8],[-25,14],[7,-127],[25,-97],[17,-129]],[[1090,4727],[-2,86],[10,31],[53,-145],[0,-31],[0,-39],[-19,-12],[22,-96],[-22,27],[-8,86],[-34,93]],[[813,5932],[-3,-30],[36,-154],[13,-117],[31,-92],[-3,-100],[-34,-17],[-47,72],[-16,89],[-48,197],[10,62],[4,79],[49,28],[8,-17]],[[7213,1611],[-3,-43],[-23,6],[0,35],[26,2]],[[7391,1605],[-26,-22],[-19,34],[34,9],[11,-21]],[[7096,1594],[-18,19],[18,30],[18,-34],[-18,-15]],[[7128,1677],[62,-48],[-16,-45],[-53,48],[-6,43],[13,2]],[[7836,1652],[19,-6],[-37,-49],[-21,-10],[-4,-35],[-25,-24],[20,64],[40,95],[8,-35]],[[7550,1847],[17,-13],[3,-57],[-17,-73],[-19,8],[-21,69],[8,77],[29,-11]],[[7849,1960],[-6,-34],[-30,-12],[7,24],[29,22]],[[7031,1945],[-3,84],[24,-14],[1,-28],[-22,-42]],[[7859,2082],[-20,-47],[-18,6],[5,44],[33,-3]],[[8020,2270],[13,-43],[-2,-47],[-19,53],[-24,0],[-3,32],[35,5]],[[7312,2223],[-8,-24],[-23,41],[19,52],[17,-26],[-5,-43]],[[8623,2475],[-13,5],[15,92],[10,-7],[-12,-90]],[[8634,2601],[-15,-9],[-8,44],[21,0],[2,-35]],[[8607,2675],[-20,-56],[-11,54],[-22,27],[19,54],[34,-79]],[[8658,2652],[-10,34],[10,68],[10,-29],[-10,-73]],[[8509,2921],[15,-12],[2,-62],[22,-61],[19,-27],[-19,-32],[-42,104],[3,90]],[[8192,3154],[22,-147],[-14,-53],[-15,30],[0,113],[-12,65],[19,-8]],[[8210,3190],[5,-69],[-11,-5],[-2,62],[8,12]],[[6999,4168],[-15,-1],[-8,39],[22,15],[1,-53]],[[7259,4336],[-5,51],[26,5],[7,-36],[-28,-20]],[[7235,4369],[2,-34],[-17,7],[5,-33],[-26,-41],[10,60],[-48,-79],[-16,42],[27,68],[27,3],[28,48],[8,-41]],[[7309,4392],[10,19],[4,-68],[-12,29],[-10,-30],[-12,52],[20,-2]],[[7062,4558],[11,-9],[10,-54],[-32,39],[11,24]],[[7116,4562],[-29,14],[13,39],[12,4],[4,-57]],[[7161,4740],[-8,-42],[-24,-10],[3,28],[29,24]],[[6865,1999],[21,-65],[17,2],[8,-44],[-28,-6],[-34,-42],[-20,-88],[-9,21],[-51,5],[-25,24],[-32,-19],[-25,-55],[-9,9],[8,76],[13,30],[17,81],[56,-21],[27,11],[38,62],[28,19]],[[7935,2229],[24,37],[3,-35],[11,22],[9,-40],[-22,-34],[12,-94],[-12,-109],[-19,-65],[-36,-84],[-16,-101],[-7,47],[-12,-40],[-25,3],[-6,75],[16,37],[-5,75],[14,-15],[-2,67],[13,74],[22,22],[9,55],[29,103]],[[8543,2415],[-28,-36],[-28,86],[11,178],[18,-8],[-14,40],[-5,117],[8,27],[34,-72],[-1,-24],[33,-62],[18,-86],[-46,-160]],[[8551,3096],[23,106],[11,-8],[-3,59],[19,14],[26,-64],[-12,-27],[25,-57],[-12,-97],[14,-32],[-30,-25],[32,-94],[-16,-138],[-21,-26],[-59,86],[-9,39],[-1,137],[16,46],[0,41],[-34,31],[11,29],[20,-20]],[[8257,3134],[24,200],[16,2],[-16,-171],[-14,-32],[-16,-46],[-6,-88],[-23,-66],[19,172],[16,29]],[[6725,4562],[22,80],[21,-41],[25,46],[26,20],[66,6],[34,-29],[47,-53],[4,-44],[-15,-1],[5,-36],[21,-2],[24,-28],[-6,-132],[-8,-32],[-18,4],[-39,-67],[-45,-54],[-33,23],[-91,129],[-5,44],[-21,48],[-14,119]],[[7516,4825],[47,-68],[48,-45],[65,9],[32,-66],[19,-19],[10,-53],[10,-113],[21,-2],[24,-100],[-9,-71],[2,-103],[-52,52],[-41,83],[-63,64],[-31,43],[-5,45],[-16,29],[-75,22],[-10,-21],[14,-65],[-17,-13],[-28,33],[-26,5],[-28,30],[-33,-4],[5,62],[-23,30],[-40,-87],[-3,-50],[-43,-19],[-18,33],[-26,111],[-22,17],[4,48],[-14,21],[-15,-71],[-2,-61],[-15,-47],[-14,-105],[-6,19],[8,80],[-4,49],[-16,80],[36,57],[21,5],[4,73],[12,52],[45,-2],[29,15],[19,-12],[57,-4],[41,34],[3,-53],[12,-37],[52,60],[19,41],[36,-11]],[[4883,1510],[-15,23],[2,99],[37,17],[-24,-139]],[[5220,1586],[-16,12],[4,49],[20,-10],[-8,-51]],[[4625,1615],[57,-43],[24,-68],[-13,-98],[-40,-148],[14,-54],[-29,-10],[9,44],[-16,-12],[1,-57],[-15,30],[-28,-10],[-13,25],[-32,-12],[-38,62],[51,47],[3,81],[-11,80],[16,22],[38,95],[22,26]],[[4942,1525],[-26,74],[5,43],[37,41],[48,-15],[28,-126],[13,-25],[30,65],[45,-18],[11,-48],[-9,-93],[15,45],[1,60],[17,33],[39,-9],[14,-96],[-2,-94],[36,10],[-15,-79],[-32,-5],[-20,38],[-30,-13],[-4,-38],[39,-12],[5,-26],[-25,-6],[-16,28],[-64,-38],[-17,43],[10,51],[-8,19],[-52,-115],[-17,15],[-42,-56],[-33,17],[-39,-54],[-49,-34],[-35,14],[-10,-33],[-26,-10],[-54,53],[-6,84],[19,54],[-16,72],[20,92],[32,7],[46,84],[52,-74],[2,42],[24,3],[8,-64],[8,33],[5,-55],[18,-10],[16,-91],[17,12],[18,-28],[22,55],[47,8],[-33,92],[-28,9],[-39,69]],[[6306,2919],[-6,-7],[-17,63],[16,1],[7,-57]],[[6211,3301],[-16,9],[-4,65],[18,-15],[2,-59]],[[5836,3464],[11,15],[21,-73],[-3,-144],[-18,-19],[-19,46],[-17,77],[11,92],[14,6]],[[6090,4113],[27,5],[11,-58],[-19,-78],[-18,-8],[-24,64],[-6,47],[17,45],[12,-17]],[[5766,4725],[40,-7],[60,-64],[33,-12],[30,-73]],[[5929,4569],[-11,-46],[18,-36],[-27,-2],[9,-45],[-20,-62],[11,-58],[23,-44],[19,-3],[18,-79],[31,-32],[-25,-34],[22,-18],[4,-70],[37,-1],[-14,45],[15,-4],[14,-82],[-2,-116],[-13,-30],[-38,74],[22,-95],[-37,48],[-23,-24],[-14,12],[-71,-62],[-14,-110],[20,-57],[-31,-33],[-37,25],[-26,-13],[-32,55],[-16,51],[12,254],[10,-4],[10,90],[-17,38],[-43,33],[-20,78],[-22,23],[-58,153],[-6,55],[24,106],[19,45],[-3,76],[8,92]],[[6015,3731],[9,-182],[-30,-75],[-10,-90],[13,-55],[-11,-56],[-14,-9],[-6,86],[-9,-66],[-14,27],[-28,-10],[13,154],[14,27],[-16,136],[17,58],[20,6],[35,61],[17,-12]],[[6029,3383],[-10,39],[11,72],[11,133],[-2,101],[13,105],[24,49],[38,-105],[5,-65],[1,-82],[-21,61],[-15,-16],[-8,-113],[-11,-38],[4,-57],[-8,-49],[16,17],[37,-63],[5,-32],[-14,-50],[-19,-19],[-18,15],[-23,-39],[9,-40],[-19,-89],[-20,28],[-22,-21],[-15,94],[36,150],[15,14]],[[6262,5299],[-17,9],[0,70],[12,-32],[5,-47]],[[6094,5366],[-7,1],[8,87],[11,-45],[-12,-43]],[[6197,5542],[10,-15],[-9,-58],[-19,13],[-3,80],[10,48],[11,-68]],[[5822,6255],[14,-41],[-8,-25],[-44,24],[38,42]],[[5867,6298],[4,35],[10,-74],[-42,-14],[-12,12],[11,50],[29,-9]],[[5322,5996],[26,57],[-6,19],[17,45],[25,-145],[2,94],[-14,65],[-8,81],[7,216],[-13,-9],[-20,42],[8,49],[33,-70],[13,95],[-21,99],[17,29],[-3,32],[13,79],[26,25],[-2,91],[9,43],[38,55],[9,95],[14,-5],[1,-76],[49,-44],[26,127],[9,-9],[15,52],[4,143],[20,25],[54,-29],[23,-43],[41,41],[-5,-41],[11,-64],[34,-36],[64,21],[9,-40],[26,19],[24,-22]],[[5897,7102],[-44,-52],[-34,20],[-73,-75],[-28,10],[-16,-21],[-15,-60],[-16,-24],[20,-60],[17,-5],[1,-68]],[[5709,6767],[-37,-2],[-10,-27],[-29,20],[-21,-13],[-47,64],[-38,-2],[-28,-30],[-22,-59],[-32,-118],[-9,-103],[-14,-48],[-6,-82],[21,-266],[33,-135],[18,-32],[19,21],[19,-41],[18,-78],[-3,-65],[24,-107],[33,31],[13,-32],[22,7],[19,-23],[20,59],[7,72],[15,32],[51,172],[35,27],[12,-72],[46,-11],[39,15],[11,76],[11,19],[89,9],[23,-24],[43,18],[9,19],[-39,26],[-10,22],[20,23],[44,7],[11,25],[36,-8],[35,-44],[11,-68],[-15,-145],[-16,-29],[-35,69],[-12,61],[-8,-27],[-54,-27],[-20,-111],[-16,-29],[-37,-132],[-24,-67],[-40,-72],[-36,-1],[-48,-61],[-23,-111],[-33,-12],[-22,68],[-28,17],[7,-43],[-1,-80],[14,48],[28,-90],[9,-61],[28,-11],[26,-63],[13,-74],[30,-121],[-1,-46],[36,-67],[3,-36],[26,-35],[-7,-69],[41,-80],[-8,-40],[-19,5]],[[5389,5330],[-10,48],[5,49],[-27,105],[-7,93],[-11,38],[-32,38],[-2,26],[25,80],[-6,59],[-2,130]],[[6037,5736],[13,52],[16,-4],[50,21],[10,-40],[-10,-19],[7,-84],[38,106],[30,-32],[-3,-95],[-15,-37],[-22,-10],[-7,53],[-15,-27],[-1,-93],[-17,0],[-14,40],[16,42],[-5,104],[-15,-21],[-22,-98],[-26,-43],[-14,82],[6,103]],[[9546,1528],[-2,-33],[-73,24],[0,35],[28,75],[31,-3],[2,-54],[14,-44]],[[9512,2413],[-14,9],[-12,75],[26,-28],[0,-56]],[[8721,5615],[45,-5],[-12,-23],[-38,2],[5,26]],[[8678,5855],[15,33],[-9,-67],[-23,12],[-11,48],[17,54],[17,-37],[-6,-43]],[[9355,1967],[47,91],[33,32],[49,25],[40,-6],[30,-100],[30,-20],[-20,-98],[0,-54],[-23,-60],[2,-66],[-31,-65],[-19,-10],[-13,-50],[-35,-75],[-33,-23],[-25,20],[-71,4],[-46,-29],[-1,22],[27,186],[9,20],[21,134],[29,122]],[[8971,5358],[-121,122],[-51,17],[-14,38],[13,13],[91,-37],[64,-2],[44,-43],[69,-2],[31,-21],[6,-31],[-32,-7],[-19,-29],[-41,-10],[-25,20],[-15,-28]],[[8780,6063],[6,41],[39,-25],[16,5],[22,-36],[16,32],[47,-105],[28,-117],[22,7],[18,-24],[-18,-53],[-33,-22],[-33,32],[-18,-12],[-18,48],[-10,139],[-8,32],[-19,-41],[-38,78],[-19,21]],[[8622,4806],[6,-73],[16,-11],[17,47],[-8,-141],[14,-64],[19,4],[4,-54],[73,-35],[33,15],[37,108],[28,41],[-5,20],[36,55],[12,124],[24,61],[42,68],[30,202],[77,-17],[58,78],[44,24],[-4,75],[-22,38],[8,59],[45,45],[41,67],[57,68],[28,-1],[33,-75],[62,-58],[67,-47],[30,-79],[66,-53],[39,-67],[127,-147],[66,27],[10,-45],[26,-32],[12,33],[48,-24],[30,-35],[-10,-64],[60,4],[0,-387],[1,-1039],[0,-795],[-6,-86],[-20,-77],[-2,-55],[15,-95],[13,-20],[0,-1314],[-26,34],[-52,142],[-25,101],[-55,138],[-48,95],[-14,62],[15,59],[-24,-39],[-65,-10],[-26,-32],[-34,-11],[-16,15],[-13,58],[-30,-34],[-38,-94],[-16,91],[18,34],[-3,94],[18,34],[3,66],[19,116],[-30,32],[-15,87],[-44,100],[48,-6],[22,-23],[33,-1],[-41,46],[-45,29],[-41,103],[1,31],[35,-4],[42,31],[42,-74],[-27,70],[-39,27],[-33,66],[9,40],[-53,134],[-17,99],[-6,85],[-21,124],[24,16],[-37,19],[-11,31],[44,56],[-27,-4],[-36,-26],[1,185],[-20,-30],[-15,48],[2,35],[-22,-21],[-25,84],[-28,24],[-25,51],[-13,1],[-27,93],[-14,-44],[-58,54],[-1,27],[-28,-31],[-102,148],[-19,1],[-51,56],[-14,39],[-53,15],[-65,37],[-44,-17],[-59,83],[-18,38]],[[2526,2746],[36,-48],[12,87],[1,94]],[[2575,2879],[12,97],[24,-35],[44,-2],[25,-99],[33,-27],[13,-31],[29,30],[62,-81],[23,30],[0,29],[34,-11],[3,-56],[19,-61],[18,-26],[14,-163],[32,-31],[31,0]],[[2971,1936],[-19,-2],[-9,-33],[-29,18],[-19,-76],[-27,2],[-82,46],[-20,-5],[-12,37],[-26,15],[-21,53],[-39,44],[-44,7],[-22,17],[-128,28],[-28,18],[-3,79],[34,115],[0,42],[-19,16],[-10,-22]],[[1871,3637],[20,-30],[7,-48],[42,-7],[28,31],[19,2],[9,45],[-16,63],[10,48],[0,112],[47,72],[33,13],[36,46],[30,18],[29,76],[4,62],[30,42],[10,77],[44,-68],[16,-52],[3,-53],[24,-61],[26,-4]],[[2322,4021],[-3,-86],[20,-100],[-8,-226],[8,-57],[-8,-56],[-1,-128],[-7,-77],[-1,-162],[-10,-103],[-12,-39],[-3,37],[-24,14],[-13,92],[-14,-3],[-37,116],[-14,2],[-2,-64],[-13,-6],[8,-106],[-21,-14],[-71,101],[-18,50],[-20,22],[-19,-41],[34,-147],[6,-69],[-34,-4],[-4,53],[-34,87],[-20,30],[-8,61],[-32,55],[-26,81],[2,30],[-22,25],[3,47],[-27,64],[-30,32],[-10,38]],[[2519,2891],[4,-22],[52,10]],[[5897,7102],[9,-9],[47,6],[37,-31],[49,-88],[15,24],[12,60],[28,-20]],[[6172,6678],[-48,7],[-35,114],[-21,-20],[-71,0],[-72,8],[-34,-15],[-29,6],[-11,-19],[-40,-12],[-25,56],[-35,10],[-4,-31],[-38,-15]],[[3418,1617],[-34,13],[-47,39],[-95,133]],[[4174,4452],[-10,20],[22,112],[-25,-88],[-27,-7],[-1,92],[-18,-84],[-33,-45],[-38,-24],[-17,10],[2,95],[-5,66],[-34,-1],[-25,-51],[-24,56],[-13,59],[-18,21],[-14,71],[-4,-68],[-14,-51],[15,-23],[-88,-156],[-20,-7],[-30,57],[-19,16],[-41,-39],[-46,-115],[-18,16],[5,110],[-6,101],[3,78],[-21,148],[-13,-51],[6,-27],[-26,-38],[-30,46],[-33,-6],[-51,-74],[-34,-13],[-33,36],[11,38],[33,45]],[[2039,5460],[-11,-87],[12,17],[22,-40],[12,-75],[17,28],[22,-47],[1,-50],[-29,-105],[-7,-140],[13,87],[25,85],[10,-52],[16,24],[25,-27],[18,18],[92,-31],[-3,-91],[14,-65],[23,-16],[3,-103],[19,-52],[30,-10],[8,-46],[4,-126],[-31,-66],[-11,-50],[-13,-131],[29,-97],[-18,-101],[-9,-90]],[[1501,4838],[36,58],[5,28],[42,-53],[32,10],[43,83],[15,65],[0,63],[57,-25],[18,20],[-8,46],[10,60],[19,-60],[34,-68],[0,96],[21,26],[-8,45],[4,90],[77,103],[52,-21],[43,16],[23,64],[23,-24]],[[5306,4419],[-42,34],[-20,-36],[-39,-11],[-23,-34],[-18,130],[3,31],[-20,120],[19,24],[6,114],[-23,1],[-4,50],[15,92],[20,-16],[22,42],[28,80],[-2,141],[18,116],[26,25],[6,83],[-12,79],[6,73],[-8,111],[7,14],[0,89],[27,70],[16,141],[8,14]],[[1800,6048],[1,-39],[14,6],[31,-83],[41,-53],[26,33],[56,-58],[36,25],[4,-94],[11,-69],[2,-133],[17,-123]]],"bbox":[95.19729029283187,-10.919932395964278,140.97806281908063,5.898048443434678],"transform":{"scale":[0.00457853510613549,0.0016819662805679526],"translate":[95.19729029283187,-10.919932395964278]},"title":"Indonesia (2011)","version":"2.0.1","copyright":"Copyright (c) 2022 Highsoft AS, Based on data from Natural Earth","copyrightShort":"Natural Earth","copyrightUrl":"http://www.naturalearthdata.com"}