{"type":"Topology","objects":{"default":{"type":"GeometryCollection","geometries":[{"type":"Polygon","arcs":[[0,1,2]],"id":"AF.KT","properties":{"hc-group":"admin1","hc-middle-x":0.53,"hc-key":"af-kt","hc-a2":"KT","labelrank":"5","hasc":"AF.KT","alt-name":null,"woe-id":"24550741","subregion":null,"fips":"AF37","postal-code":"KT","name":"Khost","country":"Afghanistan","type-en":"Province","region":null,"longitude":"69.8211","woe-name":"Khost","latitude":"33.363","woe-label":"Khowst, AF, Afghanistan","type":"Velayat"}},{"type":"Polygon","arcs":[[-2,3,4,5,6]],"id":"AF.PK","properties":{"hc-group":"admin1","hc-middle-x":0.56,"hc-middle-y":0.58,"hc-key":"af-pk","hc-a2":"PK","labelrank":"5","hasc":"AF.PK","alt-name":"Paktiya|Paktya|Southern Province","woe-id":"2344574","subregion":null,"fips":"AF29","postal-code":"PK","name":"Paktika","country":"Afghanistan","type-en":"Province","region":null,"longitude":"68.651","woe-name":"Paktika","latitude":"32.5106","woe-label":"Paktika, AF, Afghanistan","type":"Velayat"}},{"type":"Polygon","arcs":[[-6,7,8,9,10,11,12,13]],"id":"AF.GZ","properties":{"hc-group":"admin1","hc-middle-x":0.49,"hc-middle-y":0.4,"hc-key":"af-gz","hc-a2":"GZ","labelrank":"7","hasc":"AF.GZ","alt-name":"Gazni","woe-id":"2344555","subregion":null,"fips":"AF08","postal-code":"GZ","name":"Ghazni","country":"Afghanistan","type-en":"Province","region":null,"longitude":"67.8006","woe-name":"Ghazni","latitude":"33.4079","woe-label":"Ghazni, AF, Afghanistan","type":"Velayat"}},{"type":"Polygon","arcs":[[14,15,16,17]],"id":"AF.BD","properties":{"hc-group":"admin1","hc-middle-x":0.17,"hc-middle-y":0.51,"hc-key":"af-bd","hc-a2":"BD","labelrank":"5","hasc":"AF.BD","alt-name":"Badah?an","woe-id":"2344549","subregion":null,"fips":"AF01","postal-code":"BD","name":"Badakhshan","country":"Afghanistan","type-en":"Province","region":null,"longitude":"70.8036","woe-name":"Badakhshan","latitude":"36.781","woe-label":"Badakhshan, AF, Afghanistan","type":"Velayat"}},{"type":"Polygon","arcs":[[-16,18,19,20,21]],"id":"AF.NR","properties":{"hc-group":"admin1","hc-middle-x":0.58,"hc-middle-y":0.62,"hc-key":"af-nr","hc-a2":"NR","labelrank":"5","hasc":"AF.NR","alt-name":"Nooristan|Nuristão","woe-id":"24549937","subregion":null,"fips":"AF38","postal-code":"NR","name":"Nuristan","country":"Afghanistan","type-en":"Province","region":null,"longitude":"70.7567","woe-name":"Nuristan","latitude":"35.2898","woe-label":"Nurestan, AF, Afghanistan","type":"Velayat"}},{"type":"Polygon","arcs":[[-20,22,23,24]],"id":"AF.KR","properties":{"hc-group":"admin1","hc-middle-x":0.49,"hc-middle-y":0.55,"hc-key":"af-kr","hc-a2":"KR","labelrank":"5","hasc":"AF.KR","alt-name":"Konarha|Kunarha","woe-id":"2344561","subregion":null,"fips":"AF34","postal-code":"KR","name":"Kunar","country":"Afghanistan","type-en":"Province","region":null,"longitude":"71.1061","woe-name":"Kunar","latitude":"34.9013","woe-label":"Konar, AF, Afghanistan","type":"Velayat"}},{"type":"Polygon","arcs":[[25,26,27,28,29]],"id":"AF.KZ","properties":{"hc-group":"admin1","hc-middle-x":0.63,"hc-middle-y":0.44,"hc-key":"af-kz","hc-a2":"KZ","labelrank":"5","hasc":"AF.KZ","alt-name":"Kondoz|Qonduz|Qunduz","woe-id":"2344570","subregion":null,"fips":"AF24","postal-code":"KZ","name":"Kunduz","country":"Afghanistan","type-en":"Province","region":null,"longitude":"68.682","woe-name":"Kunduz","latitude":"36.9043","woe-label":"Konduz, AF, Afghanistan","type":"Velayat"}},{"type":"Polygon","arcs":[[-24,30,31,32,33,34]],"id":"AF.NG","properties":{"hc-group":"admin1","hc-middle-x":0.62,"hc-middle-y":0.62,"hc-key":"af-ng","hc-a2":"NG","labelrank":"5","hasc":"AF.NG","alt-name":"Ningrahar|Eastern Province","woe-id":"2344564","subregion":null,"fips":"AF18","postal-code":"NG","name":"Nangarhar","country":"Afghanistan","type-en":"Province","region":null,"longitude":"70.3027","woe-name":"Nangarhar","latitude":"34.2153","woe-label":"Nangarhar, AF, Afghanistan","type":"Velayat"}},{"type":"Polygon","arcs":[[-27,35,-18,36,37]],"id":"AF.TK","properties":{"hc-group":"admin1","hc-middle-x":0.36,"hc-middle-y":0.48,"hc-key":"af-tk","hc-a2":"TK","labelrank":"5","hasc":"AF.TK","alt-name":"Takar","woe-id":"2344571","subregion":null,"fips":"AF26","postal-code":"TK","name":"Takhar","country":"Afghanistan","type-en":"Province","region":null,"longitude":"69.8124","woe-name":"Takhar","latitude":"36.8335","woe-label":"Takhar, AF, Afghanistan","type":"Velayat"}},{"type":"Polygon","arcs":[[-38,38,39,40,41,-28]],"id":"AF.BL","properties":{"hc-group":"admin1","hc-middle-x":0.51,"hc-middle-y":0.49,"hc-key":"af-bl","hc-a2":"BL","labelrank":"7","hasc":"AF.BL","alt-name":"Baglan|Bughlan","woe-id":"2344551","subregion":null,"fips":"AF03","postal-code":"BL","name":"Baghlan","country":"Afghanistan","type-en":"Province","region":null,"longitude":"68.98309999999999","woe-name":"Baghlan","latitude":"35.8588","woe-label":"Baghlan, AF, Afghanistan","type":"Velayat"}},{"type":"Polygon","arcs":[[-34,42,43,44,45,46]],"id":"AF.KB","properties":{"hc-group":"admin1","hc-middle-x":0.33,"hc-middle-y":0.45,"hc-key":"af-kb","hc-a2":"KB","labelrank":"7","hasc":"AF.KB","alt-name":"Cabul|Kabol|Kaboul","woe-id":"2344559","subregion":null,"fips":"AF13","postal-code":"KB","name":"Kabul","country":"Afghanistan","type-en":"Province","region":null,"longitude":"69.38460000000001","woe-name":"Kabul","latitude":"34.4949","woe-label":"Kabul, AF, Afghanistan","type":"Velayat"}},{"type":"Polygon","arcs":[[-46,47,48,49]],"id":"AF.KP","properties":{"hc-group":"admin1","hc-middle-x":0.43,"hc-middle-y":0.26,"hc-key":"af-kp","hc-a2":"KP","labelrank":"5","hasc":"AF.KP","alt-name":"Kapesa","woe-id":"2344560","subregion":null,"fips":"AF14","postal-code":"KP","name":"Kapisa","country":"Afghanistan","type-en":"Province","region":null,"longitude":"69.6626","woe-name":"Kapisa","latitude":"34.9748","woe-label":"Kapisa, AF, Afghanistan","type":"Velayat"}},{"type":"Polygon","arcs":[[-22,50,-49,51,-39,-37,-17]],"id":"AF.2030","properties":{"hc-group":"admin1","hc-middle-x":0.72,"hc-middle-y":0.37,"hc-key":"af-2030","hc-a2":"PA","labelrank":"5","hasc":"AF.PV","alt-name":"Charikar","woe-id":"2344568","subregion":null,"fips":"AF42","postal-code":null,"name":"Parwan","country":"Afghanistan","type-en":"Province","region":null,"longitude":"69.75870000000001","woe-name":"Parwan","latitude":"35.3368","woe-label":"Parvan, AF, Afghanistan","type":"Velayat"}},{"type":"Polygon","arcs":[[-25,-35,-47,-50,-51,-21]],"id":"AF.LA","properties":{"hc-group":"admin1","hc-middle-y":0.66,"hc-key":"af-la","hc-a2":"LA","labelrank":"5","hasc":"AF.LA","alt-name":"Lagman","woe-id":"2344562","subregion":null,"fips":"AF35","postal-code":"LA","name":"Laghman","country":"Afghanistan","type-en":"Province","region":null,"longitude":"70.2085","woe-name":"Laghman","latitude":"34.7273","woe-label":"Laghman, AF, Afghanistan","type":"Velayat"}},{"type":"Polygon","arcs":[[-33,52,-13,53,-43]],"id":"AF.LW","properties":{"hc-group":"admin1","hc-middle-x":0.32,"hc-middle-y":0.41,"hc-key":"af-lw","hc-a2":"LW","labelrank":"5","hasc":"AF.LW","alt-name":"Lawghar|Loghar","woe-id":"2344563","subregion":null,"fips":"AF17","postal-code":"LW","name":"Logar","country":"Afghanistan","type-en":"Province","region":null,"longitude":"69.3047","woe-name":"Logar","latitude":"34.0857","woe-label":"Lowgar, AF, Afghanistan","type":"Velayat"}},{"type":"Polygon","arcs":[[-52,-48,-45,54,55,-40]],"id":"AF.PV","properties":{"hc-group":"admin1","hc-middle-x":0.44,"hc-middle-y":0.48,"hc-key":"af-pv","hc-a2":"PV","labelrank":"5","hasc":"AF.PV","alt-name":"Charikar","woe-id":"56000467","subregion":null,"fips":"AF40","postal-code":"PV","name":"Parwan","country":"Afghanistan","type-en":"Province","region":null,"longitude":"68.8995","woe-name":"Parwan","latitude":"34.9984","woe-label":"Panjshir, AF, Afghanistan","type":"Velayat"}},{"type":"Polygon","arcs":[[-29,-42,56,57,58]],"id":"AF.SM","properties":{"hc-group":"admin1","hc-middle-x":0.56,"hc-middle-y":0.45,"hc-key":"af-sm","hc-a2":"SM","labelrank":"5","hasc":"AF.SM","alt-name":null,"woe-id":"2344577","subregion":null,"fips":"AF32","postal-code":"SM","name":"Samangan","country":"Afghanistan","type-en":"Province","region":null,"longitude":"67.68300000000001","woe-name":"Samangan","latitude":"36.0506","woe-label":"Samangan, AF, Afghanistan","type":"Velayat"}},{"type":"Polygon","arcs":[[-44,-54,-12,59,-55]],"id":"AF.VR","properties":{"hc-group":"admin1","hc-middle-x":0.52,"hc-middle-y":0.4,"hc-key":"af-vr","hc-a2":"VR","labelrank":"5","hasc":"AF.VR","alt-name":"Verdak|Wardag|Maiden","woe-id":"2344572","subregion":null,"fips":"AF27","postal-code":"VR","name":"Wardak","country":"Afghanistan","type-en":"Province","region":null,"longitude":"68.1087","woe-name":"Wardak","latitude":"34.4269","woe-label":"Vardak, AF, Afghanistan","type":"Velayat"}},{"type":"Polygon","arcs":[[-32,60,-3,-7,-14,-53]],"id":"AF.PT","properties":{"hc-group":"admin1","hc-middle-x":0.54,"hc-key":"af-pt","hc-a2":"PT","labelrank":"5","hasc":"AF.PT","alt-name":"Paktiya|Southern Province","woe-id":"2344567","subregion":null,"fips":"AF18","postal-code":"PT","name":"Paktya","country":"Afghanistan","type-en":"Province","region":null,"longitude":"69.3826","woe-name":"Paktya","latitude":"33.575","woe-label":"Paktia, AF, Afghanistan","type":"Velayat"}},{"type":"Polygon","arcs":[[61,62,63,64]],"id":"AF.BG","properties":{"hc-group":"admin1","hc-middle-x":0.46,"hc-middle-y":0.6,"hc-key":"af-bg","hc-a2":"BG","labelrank":"5","hasc":"AF.BG","alt-name":"Badghes|Badghisat|Badgis","woe-id":"2344550","subregion":null,"fips":"AF02","postal-code":"BG","name":"Badghis","country":"Afghanistan","type-en":"Province","region":null,"longitude":"63.8495","woe-name":"Badghis","latitude":"35.2699","woe-label":"Badghis, AF, Afghanistan","type":"Velayat"}},{"type":"Polygon","arcs":[[65,-65,66,67]],"id":"AF.HR","properties":{"hc-group":"admin1","hc-middle-x":0.39,"hc-middle-y":0.52,"hc-key":"af-hr","hc-a2":"HR","labelrank":"7","hasc":"AF.HR","alt-name":null,"woe-id":"2344558","subregion":null,"fips":"AF11","postal-code":"HR","name":"Hirat","country":"Afghanistan","type-en":"Province","region":null,"longitude":"62.4845","woe-name":"Hirat","latitude":"34.1551","woe-label":"Herat, AF, Afghanistan","type":"Velayat"}},{"type":"Polygon","arcs":[[68,-30,-59,69,70]],"id":"AF.BK","properties":{"hc-group":"admin1","hc-middle-x":0.4,"hc-middle-y":0.39,"hc-key":"af-bk","hc-a2":"BK","labelrank":"5","hasc":"AF.BK","alt-name":"Balh|Mazar-i-Sharif|Mazar","woe-id":"2344575","subregion":null,"fips":"AF30","postal-code":"BK","name":"Balkh","country":"Afghanistan","type-en":"Province","region":null,"longitude":"67.21850000000001","woe-name":"Balkh","latitude":"36.6851","woe-label":"Balkh, AF, Afghanistan","type":"Velayat"}},{"type":"Polygon","arcs":[[71,-71,72,73]],"id":"AF.JW","properties":{"hc-group":"admin1","hc-middle-x":0.59,"hc-middle-y":0.41,"hc-key":"af-jw","hc-a2":"JW","labelrank":"5","hasc":"AF.JW","alt-name":"Jaozjan|Jozjan|Juzjan|Jouzjan|Shibarghan","woe-id":"2344576","subregion":null,"fips":"AF31","postal-code":"JW","name":"Jawzjan","country":"Afghanistan","type-en":"Province","region":null,"longitude":"65.96169999999999","woe-name":"Jawzjan","latitude":"36.8971","woe-label":"Jowzjan, AF, Afghanistan","type":"Velayat"}},{"type":"Polygon","arcs":[[-57,-41,-56,-60,-11,74,75,76]],"id":"AF.BM","properties":{"hc-group":"admin1","hc-middle-x":0.45,"hc-middle-y":0.33,"hc-key":"af-bm","hc-a2":"BM","labelrank":"9","hasc":"AF.BM","alt-name":null,"woe-id":"2344552","subregion":null,"fips":"AF05","postal-code":"BM","name":"Bamyan","country":"Afghanistan","type-en":"Province","region":null,"longitude":"67.23650000000001","woe-name":"Bamyan","latitude":"34.9693","woe-label":"Bamian, AF, Afghanistan","type":"Velayat"}},{"type":"Polygon","arcs":[[-76,77,78,79,-67,-64,80,81]],"id":"AF.GR","properties":{"hc-group":"admin1","hc-middle-x":0.56,"hc-middle-y":0.43,"hc-key":"af-gr","hc-a2":"GR","labelrank":"5","hasc":"AF.GR","alt-name":"Gawr|Ghore|Ghour|Ghur","woe-id":"2344556","subregion":null,"fips":"AF09","postal-code":"GR","name":"Ghor","country":"Afghanistan","type-en":"Province","region":null,"longitude":"64.9224","woe-name":"Ghor","latitude":"34.002","woe-label":"Ghowr, AF, Afghanistan","type":"Velayat"}},{"type":"Polygon","arcs":[[-81,-63,82,-74,83]],"id":"AF.FB","properties":{"hc-group":"admin1","hc-middle-x":0.45,"hc-middle-y":0.67,"hc-key":"af-fb","hc-a2":"FB","labelrank":"5","hasc":"AF.FB","alt-name":"Fariab|Maimana|Meymaneh","woe-id":"2344554","subregion":null,"fips":"AF07","postal-code":"FB","name":"Faryab","country":"Afghanistan","type-en":"Province","region":null,"longitude":"64.76779999999999","woe-name":"Faryab","latitude":"35.8043","woe-label":"Faryab, AF, Afghanistan","type":"Velayat"}},{"type":"Polygon","arcs":[[-77,-82,-84,-73,-70,-58]],"id":"AF.SP","properties":{"hc-group":"admin1","hc-middle-x":0.45,"hc-middle-y":0.45,"hc-key":"af-sp","hc-a2":"SP","labelrank":"5","hasc":"AF.SP","alt-name":"Sar-e Pul|Saripol","woe-id":"2344578","subregion":null,"fips":"AF33","postal-code":"SP","name":"Sari Pul","country":"Afghanistan","type-en":"Province","region":null,"longitude":"66.2158","woe-name":"Sari Pul","latitude":"35.7062","woe-label":"Sare Pol, AF, Afghanistan","type":"Velayat"}},{"type":"Polygon","arcs":[[-80,84,85,86,-68]],"id":"AF.FH","properties":{"hc-group":"admin1","hc-middle-x":0.41,"hc-middle-y":0.53,"hc-key":"af-fh","hc-a2":"FH","labelrank":"7","hasc":"AF.FH","alt-name":null,"woe-id":"2344553","subregion":null,"fips":"AF06","postal-code":"FH","name":"Farah","country":"Afghanistan","type-en":"Province","region":null,"longitude":"62.6498","woe-name":"Farah","latitude":"32.5314","woe-label":"Farah, AF, Afghanistan","type":"Velayat"}},{"type":"Polygon","arcs":[[-85,-79,87,88,89,90,91]],"id":"AF.HM","properties":{"hc-group":"admin1","hc-middle-x":0.52,"hc-middle-y":0.53,"hc-key":"af-hm","hc-a2":"HM","labelrank":"5","hasc":"AF.HM","alt-name":"Girishk|Hilmend","woe-id":"2344557","subregion":null,"fips":"AF10","postal-code":"HM","name":"Hilmand","country":"Afghanistan","type-en":"Province","region":null,"longitude":"63.9824","woe-name":"Hilmand","latitude":"30.9278","woe-label":"Helmand, AF, Afghanistan","type":"Velayat"}},{"type":"Polygon","arcs":[[-92,92,-86]],"id":"AF.NM","properties":{"hc-group":"admin1","hc-middle-x":0.56,"hc-middle-y":0.51,"hc-key":"af-nm","hc-a2":"NM","labelrank":"5","hasc":"AF.NM","alt-name":"Neemroze|Nimrod|Nimrooz|Nimroze|Chakhansur","woe-id":"2344565","subregion":null,"fips":"AF19","postal-code":"NM","name":"Nimroz","country":"Afghanistan","type-en":"Province","region":null,"longitude":"62.2069","woe-name":"Nimroz","latitude":"30.7528","woe-label":"Nimruz, AF, Afghanistan","type":"Velayat"}},{"type":"Polygon","arcs":[[-89,93,-9,94,95]],"id":"AF.2014","properties":{"hc-group":"admin1","hc-middle-x":0.51,"hc-middle-y":0.48,"hc-key":"af-2014","hc-a2":"UR","labelrank":"5","hasc":"AF.OZ","alt-name":"Urozgan","woe-id":"2344566","subregion":null,"fips":"AF39","postal-code":null,"name":"Uruzgan","country":"Afghanistan","type-en":"Province","region":null,"longitude":"66.0947","woe-name":"Uruzgan","latitude":"32.807","woe-label":"Oruzgan, AF, Afghanistan","type":"Velayat"}},{"type":"Polygon","arcs":[[-75,-10,-94,-88,-78]],"id":"AF.OZ","properties":{"hc-group":"admin1","hc-middle-x":0.39,"hc-middle-y":0.48,"hc-key":"af-oz","hc-a2":"OZ","labelrank":"5","hasc":"AF.OZ","alt-name":"Urozgan","woe-id":"56000466","subregion":null,"fips":"AF41","postal-code":"OZ","name":"Uruzgan","country":"Afghanistan","type-en":"Province","region":null,"longitude":"66.30110000000001","woe-name":"Daykundi","latitude":"33.8446","woe-label":null,"type":"Velayat"}},{"type":"Polygon","arcs":[[-96,96,97,-90]],"id":"AF.KD","properties":{"hc-group":"admin1","hc-middle-x":0.32,"hc-middle-y":0.56,"hc-key":"af-kd","hc-a2":"KD","labelrank":"6","hasc":"AF.KD","alt-name":"Qandahar","woe-id":"2344569","subregion":null,"fips":"AF23","postal-code":"KD","name":"Kandahar","country":"Afghanistan","type-en":"Province","region":null,"longitude":"65.7163","woe-name":"Kandahar","latitude":"31.135","woe-label":"Kandahar, AF, Afghanistan","type":"Velayat"}},{"type":"Polygon","arcs":[[-95,-8,-5,98,-97]],"id":"AF.ZB","properties":{"hc-group":"admin1","hc-middle-x":0.43,"hc-middle-y":0.54,"hc-key":"af-zb","hc-a2":"ZB","labelrank":"5","hasc":"AF.ZB","alt-name":"Zubul|Zaboul","woe-id":"2344573","subregion":null,"fips":"AF28","postal-code":"ZB","name":"Zabul","country":"Afghanistan","type-en":"Province","region":null,"longitude":"67.1401","woe-name":"Zabul","latitude":"32.4033","woe-label":"Zabol, AF, Afghanistan","type":"Velayat"}}],"hc-recommended-transform":{"default":{"crs":"+proj=utm +zone=42 +datum=WGS84 +units=m +no_defs","scale":0.000533183964757,"jsonres":15.5,"jsonmarginX":-999,"jsonmarginY":9851,"xoffset":-289936.166056,"yoffset":4260218.22761}}}},"arcs":[[[6601,4792],[78,-15],[16,-74],[26,-24],[-10,-145],[91,-137],[6,-70],[-118,-131],[-53,-7],[-24,-58],[-92,-57],[-76,28],[-60,-37],[-95,-7],[-49,-69]],[[6241,3989],[-92,35],[38,97],[1,124]],[[6188,4245],[35,95],[65,78],[26,168],[43,40],[91,23],[147,111],[6,32]],[[6241,3989],[-1,-171],[-69,-93],[36,-116],[-47,-107],[-55,-40],[-38,-122],[28,-132],[-12,-189],[34,-211],[-53,-63],[-75,-158],[-77,-95],[-111,-49],[-46,13],[-55,108],[-15,63],[-104,54],[-75,-44],[91,-33],[-36,-30],[-99,40],[-70,4],[-66,67],[-42,-74]],[[5284,2611],[-48,47],[-11,100],[43,122],[-17,104]],[[5251,2984],[22,107],[-4,173],[9,52],[-23,113],[-77,83],[-12,38],[-64,65],[-13,38],[63,121],[87,-102],[82,7],[56,46],[28,70],[105,154],[45,155],[65,64],[56,98],[15,69],[58,74]],[[5749,4409],[69,29],[59,-24],[19,-40],[12,-222],[13,-6],[101,80],[43,49],[31,-33],[92,3]],[[5251,2984],[-32,-28],[-58,4],[-53,54],[-91,46],[-16,96],[-33,-7],[-3,58],[72,32],[26,54],[-64,43],[-21,62],[-45,43],[48,70],[-32,26],[-105,142],[-41,76],[24,58],[-44,52],[42,59],[-27,56],[-29,-53],[-43,-9],[-31,45],[-32,-3],[-27,75],[-64,1],[16,-60],[-30,-73],[-29,-7]],[[4529,3896],[-62,39],[-11,76],[11,119],[55,69],[-9,48],[-100,3],[-10,35]],[[4403,4285],[20,190],[-21,80],[11,59],[80,54],[59,11],[96,49],[30,60],[109,147],[-38,88],[28,67],[-15,27]],[[4762,5117],[21,69],[37,43]],[[4820,5229],[67,4],[37,59],[64,14],[103,-68],[52,0],[95,61],[46,-39],[16,-70],[16,-161],[59,-33],[116,-149],[41,-6],[-3,-96],[46,-25],[84,51],[50,75]],[[5709,4846],[28,-25],[14,-171]],[[5751,4650],[3,-112],[16,-61],[-21,-68]],[[6606,8984],[87,-21],[61,93],[16,0],[30,97],[-30,135],[-52,69],[4,61],[62,-7],[-5,37],[51,43],[108,138],[45,138],[25,13],[9,69],[61,54],[0,31],[53,32],[77,11],[45,-23],[26,45],[53,-71],[74,-36],[42,-56],[82,-49],[20,-81],[-20,-105],[-44,-125],[-9,-79],[58,-37],[111,58],[66,-53],[-5,-89],[-37,-41],[2,-77],[-30,-157],[10,-89],[-17,-84],[1,-157],[-26,-56],[-13,-164],[22,-131],[45,-101],[17,-96],[41,-71],[95,-28],[61,23],[202,191],[92,104],[101,43],[175,25],[72,173],[48,58],[50,15],[64,62],[51,7],[71,101],[28,1],[45,56],[72,-7],[73,31],[132,-55],[55,-3],[-6,-84],[-38,-51],[-42,-11],[-9,-69],[44,11],[27,-29],[55,13],[176,92],[77,20],[42,80],[212,-30],[91,20],[89,-69],[72,-110],[-75,-12],[-43,86],[-68,-74],[-24,13],[-71,-19],[-21,-53],[-61,-12],[9,-44],[66,-48],[50,-82],[-20,-56],[-31,46],[-56,-6],[-128,-109],[-66,-7],[-15,-63],[-41,-18],[-61,17],[-57,46],[-64,22],[-92,5],[-91,-20],[-221,-1],[-170,-28],[-54,-24],[-120,7],[-90,-18],[-77,-68],[-167,-35],[-42,-27],[12,-53],[-83,-39],[-123,-132],[-70,-21],[15,-80],[-41,-13],[-74,71],[-19,-11],[-41,-103],[11,-32],[-55,-29],[-67,-90],[-45,-21],[-17,-46],[-48,-36],[-38,-104]],[[7415,7311],[-62,-110],[-13,-84],[-58,-81],[-3,-53],[28,-29],[-37,-70],[-49,-12],[-17,-34],[12,-93],[-13,-36],[-93,16],[-30,42],[-32,-71],[-67,-29],[8,134],[-48,104],[-80,38],[-54,-39],[-43,10]],[[6764,6914],[16,148],[13,51]],[[6793,7113],[132,140],[-24,65],[33,155],[-3,116],[-183,60],[-48,74],[-67,57],[-27,173],[2,339],[81,132],[-62,103],[-21,155],[10,91],[-10,211]],[[7415,7311],[61,-65],[59,-27],[20,-68],[32,-29],[71,-193],[-25,-63],[76,-85],[0,-94]],[[7709,6687],[-86,-83],[-12,-43],[-68,3],[-83,-40],[-36,-55],[-4,-56],[-45,-122],[-13,23],[-40,-54],[-37,13],[-89,-20],[-71,24],[-69,44],[-54,-151]],[[7002,6170],[-46,-59],[-81,-39],[-91,41],[-76,164],[-79,11],[-45,148]],[[6584,6436],[2,59],[-38,59],[14,35],[63,45],[32,67],[40,1],[30,52],[-4,40],[30,42],[11,78]],[[7709,6687],[12,-75],[-55,-75],[-1,-29],[72,-107],[-20,-72],[-66,-73],[1,-70],[-35,-72],[-118,-75],[-61,-139],[-84,-83],[-11,-126],[-57,-4]],[[7286,5687],[-111,-3],[-57,-23],[7,67],[-47,5],[-25,75],[13,93],[-35,56]],[[7031,5957],[3,78],[-32,135]],[[5233,8296],[111,102],[64,-9],[2,84],[19,30],[72,-1],[-5,42],[88,19],[67,41],[29,80],[62,-4],[43,-26],[-5,79],[75,-38],[-26,51],[56,-7],[110,-175],[85,-72],[44,14]],[[6124,8506],[19,-31],[-18,-64],[-4,-199],[-21,-44],[-40,-18],[-6,-85],[32,-115],[-20,-68],[-54,-65],[37,-111],[13,-102]],[[6062,7604],[-30,40],[-66,25],[-57,67],[-59,18],[-37,-23],[-44,38],[-52,96],[-69,-13],[-59,21],[-150,7],[-58,26]],[[5381,7906],[-22,8],[-12,16]],[[5347,7930],[-49,88],[-57,158],[-8,120]],[[7286,5687],[-18,-25],[9,-70],[56,-86],[49,-37],[-17,-104],[3,-122],[-27,-51],[0,-56],[-75,-55],[-49,4],[-15,-48],[-143,-10],[-93,-18],[-134,20],[-77,27],[-150,69],[-67,-9]],[[6538,5116],[-6,10]],[[6532,5126],[-72,180],[-40,46],[-174,-101]],[[6246,5251],[3,56],[46,42],[76,118],[-2,42],[104,20]],[[6473,5529],[21,-9],[114,20],[40,-11],[53,28],[113,32],[63,52],[18,49],[-10,107],[62,44],[39,90],[45,26]],[[6124,8506],[68,67],[27,65],[-19,34],[-29,124],[1,63],[104,163],[95,-11],[62,23],[33,-17],[64,40],[76,-73]],[[6793,7113],[-67,45],[-44,-80],[-88,-30],[-18,20]],[[6576,7068],[-3,85],[-49,130],[-67,103],[-8,126],[-51,48],[-23,105],[-103,-62],[-55,-54],[-99,-21],[-56,76]],[[6576,7068],[-68,-110],[-31,-5],[-24,-58],[-24,-123],[-35,-13],[-99,-80],[-82,-6],[-24,-39],[-97,-26]],[[6092,6608],[-54,31],[-87,-76],[-18,-42],[-96,-73],[-29,26],[-44,-29],[-35,-68],[-99,-76],[-15,-55],[-139,-9],[-61,20],[-72,-69]],[[5343,6188],[-78,24],[-40,36],[-1,119],[34,40],[28,116],[-9,161]],[[5277,6684],[37,51],[36,117],[-29,32],[8,52],[99,172],[26,164],[86,86],[44,88],[-11,27],[-100,94],[-114,221],[-24,62],[46,56]],[[6246,5251],[-15,-17],[-49,116],[-78,127],[-69,-60],[-45,-2],[-102,46]],[[5888,5461],[-17,69],[-53,36],[-19,52],[15,143]],[[5814,5761],[6,90],[49,153],[28,57],[51,-17],[119,-7],[50,-45],[40,-99],[26,-17],[37,-149],[42,8],[28,57],[39,-1]],[[6329,5791],[79,1],[42,140],[82,84]],[[6532,6016],[21,-110],[-52,-80],[-21,-106],[12,-61],[-19,-130]],[[6329,5791],[7,50],[-35,88],[1,149],[-95,28],[-33,51],[-58,35],[-14,38],[4,125]],[[6106,6355],[17,22],[85,-31],[93,-2],[48,18],[52,-10],[62,-86]],[[6463,6266],[34,-68],[48,-157],[-13,-25]],[[6584,6436],[-37,-75],[-71,-54],[-13,-41]],[[6106,6355],[-26,-5],[12,258]],[[6532,5126],[-62,32],[-64,-70],[-56,46],[-64,-2],[-36,-70],[-133,-174],[-70,-43],[-85,-88],[-32,-92],[-32,-24],[-147,9]],[[5709,4846],[36,96],[7,76],[80,50],[-57,107],[24,119],[36,48],[53,119]],[[5814,5761],[-121,33],[-92,43],[-109,-73],[-22,14],[-11,68],[-36,47],[-12,64]],[[5411,5957],[-25,27],[-7,153],[-36,51]],[[5277,6684],[-158,-28],[-25,24],[-66,-14],[-91,27],[-61,-12],[-74,-38],[-68,14],[-201,-93],[-70,1],[-56,25]],[[4407,6590],[65,56],[44,75],[14,109],[-19,27],[28,32],[-18,39],[-66,39]],[[4455,6967],[27,83],[41,31],[78,114],[7,61],[-40,92],[79,81],[59,17],[47,63],[27,86],[6,90],[26,111],[-29,105],[58,36],[27,44],[79,-9],[51,18],[101,-64],[172,-31],[76,35]],[[4820,5229],[-1,74],[56,28],[27,51],[-115,77],[27,18],[-9,49],[-92,8],[-9,77],[55,34],[-2,47],[-34,67],[19,23],[131,43],[40,-26],[114,-13],[170,-54],[45,99],[32,0],[58,72],[79,54]],[[6538,5116],[-23,-21],[-22,-83],[25,-43],[56,-164],[27,-13]],[[1622,6537],[66,67],[112,53],[15,97],[-17,111],[72,45],[23,36],[-70,78],[-20,62],[28,38],[152,-6],[117,51],[63,67],[113,16],[98,60]],[[2374,7312],[28,-49],[-2,-91],[-38,-211],[40,-23],[37,-91],[1,-118],[18,-16],[152,-21],[3,-54],[38,-24],[77,22],[-1,-199],[138,-41],[81,16]],[[2946,6412],[53,-77],[35,-5],[89,-110],[42,-110],[-11,-126],[-45,-65],[-124,-45],[-46,-30],[-133,15],[-37,-44]],[[2769,5815],[-76,-7],[-108,17],[-138,-129],[-143,-57],[-108,50],[-70,-1],[-131,86],[-81,12],[-49,-38],[-99,43],[-22,81],[-46,3],[-78,54],[-43,50],[-60,23],[-14,59],[14,161],[19,77],[59,128],[27,110]],[[300,4540],[-27,40],[-156,12],[-56,30],[-43,57],[-18,80],[29,143],[-29,278],[24,101],[86,132],[171,14],[-86,161],[-47,57],[28,34],[68,25],[49,71],[27,3],[9,94],[73,101],[35,270],[21,46],[-34,101],[8,93],[60,44],[-4,56],[70,197],[-14,77],[51,13],[34,-84],[24,-12],[77,-100],[47,-24],[134,-14],[84,37],[79,-29],[72,-92],[57,-38],[22,-114],[35,-61],[67,119],[42,29],[45,-55],[67,-10],[61,36],[80,79]],[[2769,5815],[-11,-123],[7,-80],[-46,37],[-71,-48],[-75,-13],[5,-213],[-57,-50],[-76,21],[-22,-30],[-88,3],[-76,52],[-172,0],[-11,-63],[-62,-151],[40,-108],[55,-84],[37,-115],[-49,-25],[5,-81],[-45,-50],[-145,-38],[-116,-94],[39,-151],[7,-84]],[[1842,4327],[-33,-27],[-36,-130],[-79,-55],[-4,26],[-125,-32],[-39,-60],[-63,-22],[-41,18],[-96,-71],[-30,-168],[-120,-15],[-74,-54],[-29,4],[-22,118],[-25,-1],[-82,-82],[-47,70],[-73,21],[10,133],[108,160],[-61,125],[47,68],[17,147],[-222,39],[-53,-57],[-53,11],[-147,-10],[-170,57]],[[4001,8774],[30,-32],[66,17],[50,-25],[54,49],[107,-28],[29,22],[188,23],[63,-48],[18,-64],[60,-43],[19,-56],[32,-4],[76,34],[62,64],[45,-51],[61,25],[90,-36],[15,-137],[65,-36],[102,-152]],[[4455,6967],[-73,-48],[-76,-8],[-19,27],[-98,-24],[2,63],[44,59],[28,90],[-24,338],[-39,8],[-52,52],[47,99],[29,103],[63,111],[12,41],[-31,27],[-75,19]],[[4193,7924],[-33,39],[-30,153],[89,23],[-15,107],[-53,101],[25,155],[-49,83],[-16,67],[-111,66],[1,56]],[[3472,8644],[34,17],[60,96],[-2,93],[33,100],[58,20],[7,44],[30,-15],[34,-62],[156,-74],[58,-71],[61,-18]],[[4193,7924],[-27,-18],[-176,-40],[-130,-6],[-56,-60],[-63,-17],[-130,-119],[-112,-14],[-26,-266],[26,-37],[4,-98],[106,28]],[[3609,7277],[-15,-39],[-61,-41],[-29,36],[-29,-42],[-87,-8],[-71,36],[-83,-11],[-29,57],[55,70],[-9,53],[31,50],[-3,108],[22,104],[25,24],[126,6],[17,22],[-36,134],[11,68],[-39,55],[37,142],[-37,116],[-36,58],[0,98],[19,82],[84,189]],[[4762,5117],[-23,-29],[-80,-20],[-110,-59],[-56,38],[-123,34],[-80,-36],[-55,32],[-50,67],[22,125],[-9,106],[26,52],[-61,22],[2,55]],[[4165,5504],[42,40],[73,10],[58,59],[-19,50],[38,74],[1,50],[-44,41],[-46,12],[-41,109],[-97,112],[-50,22]],[[4080,6083],[-24,47],[17,135],[-11,67],[37,49],[114,-13],[88,46],[45,107],[61,69]],[[4165,5504],[-120,-11],[-77,28],[-33,-50],[-101,0],[-36,-39],[-231,32],[-72,-8],[-25,-145],[-13,-152],[32,-44],[5,-67],[-35,-75],[-43,-24],[3,-58],[56,-75],[11,-94],[45,-85],[-41,-35],[-104,-123],[4,-35],[-105,-68]],[[3285,4376],[-42,-1],[-142,-125],[-45,6],[-45,-55],[-29,46],[-40,-20]],[[2942,4227],[-30,52],[-47,7],[-44,46],[-52,-105],[-68,-47],[17,-47],[-52,-21],[-68,39],[-55,115],[-27,13],[-8,81],[-61,152],[-37,32],[-49,-21],[-67,-86],[-76,-16],[-63,-52],[-64,-24],[-141,-7],[-52,-22],[-56,11]],[[2946,6412],[86,28],[45,-28],[66,7],[87,38],[44,-34],[28,16],[10,-50],[51,-5],[83,73]],[[3446,6457],[55,-20],[78,36],[30,-72],[49,-19],[33,-90],[72,-32],[89,-14],[11,-103],[38,-154],[-6,-43],[97,102],[9,40],[79,-5]],[[2374,7312],[96,-36],[-6,85],[60,77],[51,21],[49,-15],[49,81],[74,28],[37,45],[55,108],[21,79],[-10,176],[20,79],[100,232],[9,38],[-12,169],[32,48],[127,86],[51,21],[295,10]],[[3609,7277],[37,21],[0,-63],[36,-71],[2,-114],[-79,-7],[0,-44],[-40,-79],[-70,2],[-36,-73],[11,-55],[-52,-124],[-1,-139],[29,-74]],[[2942,4227],[-6,-105],[-102,-123],[-19,-84],[17,-44],[-126,-70],[-91,-162],[28,-70],[-81,-63],[-126,-20],[18,-115],[-52,-57],[-21,7],[-72,-91],[-67,-7],[-38,-54],[-91,-72]],[[2113,3097],[-147,41],[-125,6],[-34,-85],[-16,-132],[-59,-63],[-83,-14],[-83,-51],[-99,137],[-65,18],[-78,-30],[-288,-25],[5,-73],[-57,-60],[-8,-105],[-62,-97],[-55,-122],[-41,-9],[2,-90],[-21,-18],[-22,-122]],[[777,2203],[-521,103],[-23,13],[-20,182],[8,81],[-11,156],[6,69],[-16,99],[24,49],[15,195],[-55,270],[-121,550],[-7,172],[132,237],[43,43],[9,87],[60,31]],[[3285,4376],[51,-34],[48,-124],[-10,-141]],[[3374,4077],[-43,-38],[-70,-172],[16,-31],[0,-111],[-21,-95],[64,-42],[15,-106],[-39,-249]],[[3296,3233],[-12,-67],[-36,-37],[-35,-176],[-73,4],[-45,-32],[-24,-121],[-65,-92],[-17,-106],[20,-43],[-59,-320],[-44,-756],[-9,-355],[-20,-211],[-91,-719]],[[2786,202],[-203,-77],[-25,-17],[-60,-108],[-79,47],[-280,75],[-670,-87]],[[1469,35],[82,538],[-3,99],[29,84],[4,133],[59,51],[49,75],[64,162],[56,69],[-21,80],[16,53],[-20,46],[68,94],[-8,186],[57,55],[42,107],[40,46],[5,125],[-23,86],[25,64],[0,116],[38,358],[15,61],[47,63],[48,168],[-25,143]],[[1469,35],[-87,-12],[-71,19],[-1040,463],[-23,14],[94,150],[560,921],[15,55],[-5,88],[18,81],[-33,161],[-25,64],[5,69],[-30,64],[-70,31]],[[3374,4077],[52,-27],[49,14],[-15,71],[64,3],[61,-44],[78,4],[29,35],[50,-58],[109,-33],[21,27],[12,104],[64,47],[84,83],[52,-2],[72,26],[38,-83],[19,-7],[94,49],[29,38],[16,-42],[51,3]],[[4529,3896],[-17,-107],[-126,-20],[-58,-51],[-35,-81],[-44,-30],[8,108],[-41,-4],[-32,-65],[-67,-29],[-63,-105],[-1,-95]],[[4053,3417],[-27,-24],[-78,-15],[-7,-35],[-89,4],[-26,41],[-138,25],[-60,-53],[3,137],[-77,11],[-44,-52],[-26,-84],[-30,-21],[1,-74],[-34,-100],[-125,56]],[[4053,3417],[47,-5],[30,72],[28,2],[44,-58],[-29,-143],[-47,-41],[-75,-156],[13,-110],[-21,-63],[23,-81],[-38,-80],[-75,-60],[12,-55],[84,-100],[67,71],[92,18],[102,111],[51,-64],[116,-88],[67,-23],[107,48],[28,-75],[46,-56],[29,16],[43,-28],[9,-90],[92,1],[60,23],[82,-28]],[[5040,2375],[-57,-30],[-67,13],[19,-115],[38,-33],[83,-1],[-15,-72],[-39,-4],[-63,-59],[-178,-69],[-80,3],[-52,27],[-92,4],[-4,77],[-51,6],[-73,-42],[-55,-68],[-43,-21],[-24,-124],[-78,-117],[-110,-35],[-18,-25],[-68,-353],[-2,-48],[40,-133],[-16,-232],[-44,-126],[-8,-74],[80,-97],[-45,-79],[-55,-54],[-805,-325],[-150,30],[-222,3]],[[5284,2611],[-36,-78],[-64,-61],[-78,-11],[-66,-86]]],"bbox":[60.48634609004851,29.386515798771196,74.89229545474545,38.473684044026186],"transform":{"scale":[0.0014407390103707315,0.0009088077052960287],"translate":[60.48634609004851,29.386515798771196]},"title":"Afghanistan","version":"2.0.1","copyright":"Copyright (c) 2022 Highsoft AS, Based on data from Natural Earth","copyrightShort":"Natural Earth","copyrightUrl":"http://www.naturalearthdata.com"}