{"title":"Antigua and Barbuda","version":"2.0.1","type":"FeatureCollection","copyright":"Copyright (c) 2022 Highsoft AS, Based on data from Natural Earth","copyrightShort":"Natural Earth","copyrightUrl":"http://www.naturalearthdata.com","crs":{"type":"name","properties":{"name":"urn:ogc:def:crs:EPSG:32620"}},"hc-transform":{"default":{"crs":"+proj=utm +zone=20 +datum=WGS84 +units=m +no_defs","scale":0.00792802059186,"jsonres":15.5,"jsonmarginX":-999,"jsonmarginY":9851.0,"xoffset":569398.89201,"yoffset":1960439.00035}},
"features":[{"type":"Feature","id":"AG.6313","properties":{"hc-group":"admin1","hc-middle-x":0.63,"hc-middle-y":0.51,"hc-key":"ag-6313","hc-a2":"BA","labelrank":"20","hasc":"AG.BB","alt-name":null,"woe-id":"2344541","subregion":null,"fips":"AC01","postal-code":null,"name":"Barbuda","country":"Antigua and Barbuda","type-en":"Dependency","region":null,"longitude":"-61.792","woe-name":"Barbuda","latitude":"17.6155","woe-label":"Barbuda, AG, Antigua and Barbuda","type":"Dependency"},"geometry":{"type":"Polygon","coordinates":[[[5701,9425],[5874,9365],[6146,9461],[6316,9429],[6527,9271],[6710,9057],[6854,8821],[6952,8598],[7048,8191],[7062,7967],[7039,7754],[6953,7498],[6864,7451],[6729,7462],[6507,7380],[6423,7622],[6190,7794],[5612,8024],[5445,7931],[5372,8127],[5342,8681],[5281,8930],[5204,9139],[5149,9351],[5158,9616],[5206,9572],[5226,9528],[5248,9423],[5329,9258],[5537,9011],[5607,8868],[5604,8678],[5554,8517],[5555,8389],[5708,8303],[5771,8557],[5788,8904],[5706,9210],[5470,9339],[5375,9488],[5436,9749],[5616,9851],[5878,9520],[5790,9467],[5701,9425]]]}},{"type":"Feature","id":"AG.6598","properties":{"hc-group":"admin1","hc-middle-x":0.59,"hc-middle-y":0.50,"hc-key":"ag-6598","hc-a2":"RE","labelrank":"20","hasc":"AG.RD","alt-name":null,"woe-id":"-99","subregion":null,"fips":"AC09","postal-code":null,"name":"Redonda","country":"Antigua and Barbuda","type-en":"Dependency","region":null,"longitude":"-62.3467","woe-name":null,"latitude":"16.9335","woe-label":null,"type":"Dependency"},"geometry":{"type":"Polygon","coordinates":[[[-949,-991],[-983,-999],[-999,-976],[-986,-925],[-964,-901],[-951,-884],[-931,-877],[-929,-912],[-931,-957],[-949,-991]]]}},{"type":"Feature","id":"AG.6599","properties":{"hc-group":"admin1","hc-middle-x":0.57,"hc-middle-y":0.65,"hc-key":"ag-6599","hc-a2":"SG","labelrank":"20","hasc":"AG.GE","alt-name":null,"woe-id":"2344542","subregion":null,"fips":"AC03","postal-code":null,"name":"Saint George","country":"Antigua and Barbuda","type-en":"Parish","region":null,"longitude":"-61.7804","woe-name":"Saint George","latitude":"17.1084","woe-label":"Saint George, AG, Antigua and Barbuda","type":"Parish"},"geometry":{"type":"Polygon","coordinates":[[[6243,2203],[6411,1962],[6512,1682],[6730,1515],[6658,1433],[6726,1323],[6740,1184],[6594,1128],[6501,933],[6408,974],[6220,1098],[6246,1251],[6204,1542],[6097,1638],[6082,1915],[6268,1931],[6243,2203]]]}},{"type":"Feature","id":"AG.6600","properties":{"hc-group":"admin1","hc-middle-x":0.46,"hc-middle-y":0.67,"hc-key":"ag-6600","hc-a2":"SP","labelrank":"20","hasc":"AG.PE","alt-name":null,"woe-id":"2344546","subregion":null,"fips":"AC07","postal-code":null,"name":"Saint Peter","country":"Antigua and Barbuda","type-en":"Parish","region":null,"longitude":"-61.7404","woe-name":"Saint Peter","latitude":"17.0935","woe-label":"Saint Peter, AG, Antigua and Barbuda","type":"Parish"},"geometry":{"type":"Polygon","coordinates":[[[6501,933],[6594,1128],[6740,1184],[6726,1323],[6658,1433],[6730,1515],[6742,1636],[6777,1716],[6899,1888],[6975,1773],[7077,1706],[7204,1685],[7354,1705],[7291,1633],[7255,1582],[7200,1545],[7081,1518],[7141,1323],[7276,1232],[7101,1103],[7036,839],[6836,782],[6502,780],[6501,933]]]}},{"type":"Feature","id":"AG.6601","properties":{"hc-group":"admin1","hc-middle-x":0.41,"hc-middle-y":0.60,"hc-key":"ag-6601","hc-a2":"SP","labelrank":"20","hasc":"AG.PH","alt-name":null,"woe-id":"2344547","subregion":null,"fips":"AC08","postal-code":null,"name":"Saint Philip","country":"Antigua and Barbuda","type-en":"Parish","region":null,"longitude":"-61.7021","woe-name":"Saint Philip","latitude":"17.0601","woe-label":"Saint Philip, AG, Antigua and Barbuda","type":"Parish"},"geometry":{"type":"Polygon","coordinates":[[[7036,839],[7101,1103],[7276,1232],[7448,1239],[7625,1336],[7722,1337],[7790,1270],[7835,1203],[7895,1051],[7806,1057],[7626,1042],[7537,1048],[7660,897],[7773,826],[7837,753],[7809,594],[7663,357],[7515,347],[7345,432],[7132,489],[7036,839]]]}},{"type":"Feature","id":"AG.6602","properties":{"hc-group":"admin1","hc-middle-x":0.51,"hc-middle-y":0.42,"hc-key":"ag-6602","hc-a2":"SP","labelrank":"20","hasc":"AG.PA","alt-name":null,"woe-id":"2344545","subregion":null,"fips":"AC06","postal-code":null,"name":"Saint Paul","country":"Antigua and Barbuda","type-en":"Parish","region":null,"longitude":"-61.7671","woe-name":"Saint Paul","latitude":"17.0352","woe-label":"Saint Paul, AG, Antigua and Barbuda","type":"Parish"},"geometry":{"type":"Polygon","coordinates":[[[7132,489],[7031,439],[7027,316],[7091,-19],[6994,-181],[6778,-80],[6565,111],[6472,214],[6383,191],[6116,59],[6025,278],[6064,431],[5970,611],[6076,722],[6369,807],[6502,780],[6836,782],[7036,839],[7132,489]]]}},{"type":"Feature","id":"AG.6603","properties":{"hc-group":"admin1","hc-middle-x":0.50,"hc-middle-y":0.58,"hc-key":"ag-6603","hc-a2":"SM","labelrank":"20","hasc":"AG.MA","alt-name":null,"woe-id":"2344544","subregion":null,"fips":"AC05","postal-code":null,"name":"Saint Mary","country":"Antigua and Barbuda","type-en":"Parish","region":null,"longitude":"-61.857","woe-name":"Saint Mary","latitude":"17.0368","woe-label":"Saint Mary, AG, Antigua and Barbuda","type":"Parish"},"geometry":{"type":"Polygon","coordinates":[[[5970,611],[6064,431],[6025,278],[6116,59],[5936,26],[5664,22],[5493,59],[5074,310],[4985,434],[5072,620],[5129,775],[5081,908],[5086,1025],[5297,1136],[5459,1246],[5579,1135],[5807,1081],[5820,1040],[5754,887],[5703,540],[5902,763],[5970,611]]]}},{"type":"Feature","id":"AG.6604","properties":{"hc-group":"admin1","hc-middle-x":0.60,"hc-middle-y":0.46,"hc-key":"ag-6604","hc-a2":"SJ","labelrank":"20","hasc":"AG.JO","alt-name":null,"woe-id":"2344543","subregion":null,"fips":"AC04","postal-code":null,"name":"Saint John","country":"Antigua and Barbuda","type-en":"Parish","region":null,"longitude":"-61.8237","woe-name":"Saint John","latitude":"17.1101","woe-label":"Saint John, AG, Antigua and Barbuda","type":"Parish"},"geometry":{"type":"Polygon","coordinates":[[[6501,933],[6502,780],[6369,807],[6076,722],[5970,611],[5902,763],[5703,540],[5754,887],[5820,1040],[5807,1081],[5579,1135],[5459,1246],[5297,1136],[5203,1171],[4931,1319],[5074,1456],[5305,1557],[5606,1648],[5499,1827],[5520,1988],[5638,2130],[5826,2252],[6243,2203],[6268,1931],[6082,1915],[6097,1638],[6204,1542],[6246,1251],[6220,1098],[6408,974],[6501,933]]]}}]}