{"type":"Topology","objects":{"default":{"type":"GeometryCollection","geometries":[{"type":"Polygon","arcs":[[0,1,2,3]],"id":"BJ.DO","properties":{"hc-group":"admin1","hc-middle-x":0.44,"hc-middle-y":0.41,"hc-key":"bj-do","hc-a2":"DO","labelrank":"7","hasc":"BJ.DO","alt-name":null,"woe-id":"55967671","subregion":null,"fips":"BN13","postal-code":"DO","name":"Donga","country":"Benin","type-en":"Department","region":null,"longitude":"1.77142","woe-name":"Donga","latitude":"9.315060000000001","woe-label":null,"type":"Département"}},{"type":"Polygon","arcs":[[4,5,-3,6,7]],"id":"BJ.BO","properties":{"hc-group":"admin1","hc-middle-x":0.4,"hc-middle-y":0.51,"hc-key":"bj-bo","hc-a2":"BO","labelrank":"7","hasc":"BJ.BO","alt-name":null,"woe-id":"2344826","subregion":null,"fips":"BN10","postal-code":"BO","name":"Borgou","country":"Benin","type-en":"Department","region":null,"longitude":"2.90363","woe-name":"Borgou","latitude":"9.80668","woe-label":"Borgou, BJ, Benin","type":"Département"}},{"type":"Polygon","arcs":[[8,-8,9]],"id":"BJ.AL","properties":{"hc-group":"admin1","hc-middle-x":0.48,"hc-middle-y":0.65,"hc-key":"bj-al","hc-a2":"AL","labelrank":"7","hasc":"BJ.AL","alt-name":null,"woe-id":"55967672","subregion":null,"fips":"BN07","postal-code":"AL","name":"Alibori","country":"Benin","type-en":"Department","region":null,"longitude":"2.92598","woe-name":"Alibori","latitude":"11.4305","woe-label":"Alibori, BJ, Benin","type":"Département"}},{"type":"Polygon","arcs":[[-6,10,11,12,13,-4]],"id":"BJ.CL","properties":{"hc-group":"admin1","hc-middle-x":0.58,"hc-middle-y":0.48,"hc-key":"bj-cl","hc-a2":"CL","labelrank":"7","hasc":"BJ.CL","alt-name":null,"woe-id":"55967670","subregion":null,"fips":"BN11","postal-code":"CL","name":"Collines","country":"Benin","type-en":"Department","region":null,"longitude":"2.17251","woe-name":"Collines","latitude":"8.005129999999999","woe-label":"Collines, BJ, Benin","type":"Département"}},{"type":"Polygon","arcs":[[14,15,16,17,18,19]],"id":"BJ.AQ","properties":{"hc-group":"admin1","hc-middle-x":0.46,"hc-middle-y":0.47,"hc-key":"bj-aq","hc-a2":"AQ","labelrank":"7","hasc":"BJ.AQ","alt-name":null,"woe-id":"2344825","subregion":null,"fips":"BN09","postal-code":"AQ","name":"Atlantique","country":"Benin","type-en":"Department","region":null,"longitude":"2.22263","woe-name":"Atlantique","latitude":"6.61657","woe-label":"Atlantique, BJ, Benin","type":"Département"}},{"type":"Polygon","arcs":[[20,-20,21]],"id":"BJ.LI","properties":{"hc-group":"admin1","hc-middle-x":0.48,"hc-key":"bj-li","hc-a2":"LI","labelrank":"7","hasc":"BJ.LI","alt-name":null,"woe-id":"55967673","subregion":null,"fips":"BN14","postal-code":"LI","name":"Littoral","country":"Benin","type-en":"Department","region":null,"longitude":"2.42192","woe-name":"Littoral","latitude":"6.36623","woe-label":"Littoral, BJ, Benin","type":"Département"}},{"type":"Polygon","arcs":[[-17,22,23,24]],"id":"BJ.CF","properties":{"hc-group":"admin1","hc-middle-x":0.41,"hc-middle-y":0.71,"hc-key":"bj-cf","hc-a2":"CF","labelrank":"7","hasc":"BJ.CF","alt-name":null,"woe-id":"55967668","subregion":null,"fips":"BN12","postal-code":"CF","name":"Kouffo","country":"Benin","type-en":"Department","region":null,"longitude":"1.81235","woe-name":"Kouffo","latitude":"6.98499","woe-label":"Kouffo, BJ, Benin","type":"Département"}},{"type":"Polygon","arcs":[[-22,-19,25,26,27]],"id":"BJ.OU","properties":{"hc-group":"admin1","hc-middle-x":0.59,"hc-middle-y":0.75,"hc-key":"bj-ou","hc-a2":"OU","labelrank":"7","hasc":"BJ.OU","alt-name":null,"woe-id":"2344828","subregion":null,"fips":"BN16","postal-code":"OU","name":"Ouémé","country":"Benin","type-en":"Department","region":null,"longitude":"2.55171","woe-name":"Ouémé","latitude":"6.59423","woe-label":"Oueme, BJ, Benin","type":"Département"}},{"type":"Polygon","arcs":[[-26,-18,-25,28,-13,29]],"id":"BJ.ZO","properties":{"hc-group":"admin1","hc-middle-x":0.59,"hc-middle-y":0.57,"hc-key":"bj-zo","hc-a2":"ZO","labelrank":"7","hasc":"BJ.ZO","alt-name":null,"woe-id":"2344829","subregion":null,"fips":"BN18","postal-code":"ZO","name":"Zou","country":"Benin","type-en":"Department","region":null,"longitude":"2.09135","woe-name":"Zou","latitude":"7.22681","woe-label":"Zou, BJ, Benin","type":"Département"}},{"type":"Polygon","arcs":[[-30,-12,30,-27]],"id":"BJ.PL","properties":{"hc-group":"admin1","hc-middle-x":0.49,"hc-middle-y":0.29,"hc-key":"bj-pl","hc-a2":"PL","labelrank":"7","hasc":"BJ.PL","alt-name":null,"woe-id":"55967669","subregion":null,"fips":"BN17","postal-code":"PL","name":"Plateau","country":"Benin","type-en":"Department","region":null,"longitude":"2.60483","woe-name":"Plateau","latitude":"7.15213","woe-label":"Plateau, BJ, Benin","type":"Département"}},{"type":"Polygon","arcs":[[-16,31,-23]],"id":"BJ.MO","properties":{"hc-group":"admin1","hc-middle-x":0.54,"hc-middle-y":0.47,"hc-key":"bj-mo","hc-a2":"MO","labelrank":"7","hasc":"BJ.MO","alt-name":null,"woe-id":"2344827","subregion":null,"fips":"BN15","postal-code":"MO","name":"Mono","country":"Benin","type-en":"Department","region":null,"longitude":"1.79465","woe-name":"Mono","latitude":"6.48568","woe-label":"Mono, BJ, Benin","type":"Département"}},{"type":"Polygon","arcs":[[-7,-2,32,-10]],"id":"BJ.AK","properties":{"hc-group":"admin1","hc-middle-x":0.49,"hc-key":"bj-ak","hc-a2":"AK","labelrank":"7","hasc":"BJ.AK","alt-name":null,"woe-id":"2344824","subregion":null,"fips":"BN08","postal-code":"AK","name":"Atakora","country":"Benin","type-en":"Department","region":null,"longitude":"1.55782","woe-name":"Atakora","latitude":"10.7035","woe-label":"Atakora, BJ, Benin","type":"Département"}}],"hc-recommended-transform":{"default":{"crs":"+proj=utm +zone=31 +datum=WGS84 +units=m +no_defs","scale":0.00102390351319,"jsonres":15.5,"jsonmarginX":-999,"jsonmarginY":9851,"xoffset":254744.416036,"yoffset":1370706.85908}}}},"arcs":[[[2753,3839],[-20,745],[-44,83],[-65,58],[-463,239],[-77,59],[-47,65],[-22,164],[-37,45],[-56,-13],[-81,64],[3,53],[78,65],[14,85],[-25,75],[-14,421]],[[1897,6047],[226,25],[295,-11],[139,-15],[203,-11],[164,19],[138,34],[108,43],[235,55],[923,-15]],[[4328,6171],[28,-32],[-43,-42],[31,-80],[-54,-163],[1,-48],[62,-90],[50,-40],[120,-59],[30,-52],[-128,-415],[-45,-40],[-61,-12],[-252,-6],[-71,-21],[-46,-69],[-18,-148],[23,-85],[79,-53],[121,-30],[39,-34],[-53,-92],[-29,-154],[19,-59],[63,-50],[122,-35],[324,-45],[48,-17],[-26,-57]],[[4662,4143],[-25,-50],[54,-42],[52,-144],[-42,-139],[41,-48],[-100,-46],[-93,-16],[-117,1],[-89,16],[-118,3],[-240,56],[-71,42],[-243,31],[-88,46],[-106,28],[-93,-6],[-283,-37],[-115,-4],[-233,5]],[[9999,7140],[-25,-93],[-111,-124],[-4,-83],[-71,-60],[-51,-5],[-207,54],[-133,-4],[-94,-57],[-17,-50],[-81,-63],[-67,-73],[50,-67],[220,-112],[39,-46],[-41,-73],[-139,-50],[-20,-26],[-21,-138],[-137,-94],[-86,-77],[-58,-27],[-194,11],[-127,-17],[-234,-47],[-82,-51],[6,-68],[65,-100],[-23,-42],[-106,-29],[-174,-1],[-7,-79],[-198,-128],[-99,-28],[-64,-50],[-13,-44],[75,-124],[0,-105],[-86,-96],[-108,-166],[-51,-50],[-80,-28],[-221,-28],[-138,26],[-170,-3],[-93,-36],[-294,7],[2,-146],[-67,-97],[41,-43],[-52,-71],[20,-38],[-76,-35],[-18,-32]],[[6379,4134],[-2,0],[-1715,9]],[[4328,6171],[-15,37],[76,51],[64,11],[177,3],[181,29],[88,37],[9,51],[-25,116],[-107,161],[-148,89],[-1,61],[60,60],[82,53],[89,28]],[[4858,6958],[156,0],[170,19],[331,20],[511,-19],[522,35],[178,-2],[473,-48],[784,32],[784,78],[1232,67]],[[4080,8435],[426,213],[238,96],[175,47],[56,37],[35,92],[124,68],[46,42],[116,156],[-43,45],[13,38],[86,6],[72,47],[90,-3],[-6,48],[-87,19],[-73,43],[-110,152],[-34,127],[28,27],[79,18],[160,4],[50,28],[61,-15],[33,37],[91,2],[49,-20],[64,24],[156,7],[96,20],[115,-15],[101,80],[151,21],[88,42],[207,6],[40,25],[154,-68],[68,-18],[77,-73],[102,-30],[134,-10],[177,-133],[558,-249],[64,-34],[24,-71],[98,-91],[75,-38],[85,-20],[88,23],[111,-19],[327,-89],[108,-77],[55,-21],[58,-77],[80,-43],[-71,-36],[-226,-188],[-38,-73],[-87,-111],[54,-81],[582,-403],[79,-37],[116,-13],[-34,-63],[12,-67],[58,-58],[67,-144],[-4,-48],[-70,-85],[13,-47],[79,-39],[78,-89],[129,-21],[30,-32],[16,-86]],[[4858,6958],[36,10],[-16,515],[17,46],[99,64],[193,80],[-106,50],[-195,33],[-160,114],[-631,556],[-15,9]],[[6379,4134],[71,-441],[-26,-54],[-108,-76],[8,-59],[-30,-99],[37,-73],[86,-102],[-2,-35],[-83,-84],[-17,-127],[-41,-102],[-12,-102],[-49,-71],[64,-66],[78,-44],[37,-46],[-31,-217]],[[6361,2336],[-713,0],[-50,-67],[8,-106],[-80,-17],[-139,-107],[32,-80]],[[5419,1959],[-583,133],[-230,35],[-190,8],[-170,-2],[-155,13],[-243,96],[-178,36],[-145,15],[-657,-19],[-65,3]],[[2803,2277],[-4,604],[14,443],[-35,139],[-44,25],[19,81],[108,87],[-3,45],[-99,71],[-6,67]],[[5199,198],[-172,-8],[-261,-29],[-777,-44]],[[3989,117],[-37,86],[-51,36],[-9,50],[107,147],[12,53],[-15,135],[83,73],[28,100]],[[4107,797],[42,43],[7,82],[89,70],[86,109],[-29,39]],[[4302,1140],[978,2]],[[5280,1142],[111,-89],[32,-67],[27,-315],[24,-147],[35,-31],[89,-23],[15,-74],[-64,-101]],[[5549,295],[-222,-20],[-98,-38],[-30,-39]],[[5602,216],[-403,-18]],[[5549,295],[-11,-35],[57,-16],[7,-28]],[[4107,797],[-199,48],[-209,17],[-176,-19],[-205,-38],[-306,-36],[-126,5],[-191,45]],[[2695,819],[39,42],[-58,100],[14,118],[-119,64],[-62,115],[245,-1],[59,9],[-7,872]],[[2806,2138],[104,-11],[95,-61],[170,-179],[60,-109],[89,-47],[193,-122],[51,-43],[73,-145],[40,-34],[93,-32],[121,-89],[52,-13],[84,-77],[159,-48],[112,12]],[[5280,1142],[5,33],[89,68],[52,13],[293,3]],[[5719,1259],[-6,-82],[32,-82],[154,-187],[67,-188],[63,-51],[208,-93],[128,-107]],[[6365,469],[-48,-121],[0,-98],[-715,-34]],[[2806,2138],[-3,139]],[[5419,1959],[17,-102],[106,-182],[50,-54],[171,-62],[-2,-36],[73,-180],[15,-72],[-130,-12]],[[6361,2336],[9,-117],[65,-60],[97,-57],[72,-59],[-29,-94],[-104,6],[-34,-25],[69,-397],[-14,-37],[-71,-59],[9,-32],[114,-52],[5,-33],[-113,-24],[-83,-58],[11,-59],[43,-61],[16,-68],[-42,-103],[69,-58],[72,-7],[26,-24],[11,-74],[-117,-58],[-37,-34],[26,-101],[-7,-34],[-59,-88]],[[3989,117],[-335,-18],[-860,-99],[-24,34],[66,18],[418,48],[69,2],[-125,240],[-84,67],[-98,28],[-28,23],[3,52],[-74,35],[-13,30],[-85,4],[-108,61],[7,41],[-98,68],[75,68]],[[1897,6047],[-41,68],[-1827,599],[-29,61],[46,167],[48,90],[0,63],[-24,146],[46,54],[176,82],[43,31],[22,70],[49,48],[-38,68],[9,32],[83,99],[99,-26],[102,-4],[20,46],[-46,16],[-10,49],[80,58],[101,-5],[87,-42],[69,11],[133,-12],[57,-34],[13,33],[-57,35],[-12,56],[-47,44],[-66,17],[123,15],[56,44],[133,-20],[-29,83],[-62,48],[83,62],[81,-39],[62,12],[115,-9],[107,-25],[42,37],[-42,57],[53,11],[58,-39],[90,0],[58,24],[-57,70],[28,31],[191,53],[-31,34],[32,33],[116,31],[18,23],[117,-21],[306,-12],[-20,-44],[56,2],[68,-63],[118,25],[264,39],[205,-4],[189,32],[128,-1],[221,-45],[115,-5],[105,29]]],"bbox":[0.7598821364794738,6.2138997307854185,3.837398366068986,12.39924436966394],"transform":{"scale":[0.00030778240119907113,0.0006185963235202042],"translate":[0.7598821364794738,6.2138997307854185]},"title":"Benin","version":"2.0.1","copyright":"Copyright (c) 2022 Highsoft AS, Based on data from Natural Earth","copyrightShort":"Natural Earth","copyrightUrl":"http://www.naturalearthdata.com"}