{"type":"Topology","objects":{"default":{"type":"GeometryCollection","geometries":[{"type":"Polygon","arcs":[[0]],"id":"DJ.5766","properties":{"hc-group":"admin1","hc-middle-x":0.56,"hc-middle-y":0.39,"hc-key":"dj-5766","hc-a2":"NU","labelrank":"20","hasc":"-99","alt-name":null,"woe-id":"-99","subregion":null,"fips":null,"postal-code":null,"name":null,"country":"Djibouti","type-en":null,"region":null,"longitude":"43.1889","woe-name":null,"latitude":"11.7227","woe-label":null,"type":null}},{"type":"Polygon","arcs":[[1,2]],"id":"DJ.DB","properties":{"hc-group":"admin1","hc-middle-x":0.51,"hc-middle-y":0.62,"hc-key":"dj-db","hc-a2":"DB","labelrank":"9","hasc":"DJ.DB","alt-name":null,"woe-id":"2345158","subregion":null,"fips":"DJ07","postal-code":"DB","name":"Djibouti","country":"Djibouti","type-en":"City","region":null,"longitude":"43.037","woe-name":"Djibouti","latitude":"11.5524","woe-label":"Djibouti, DJ, Djibouti","type":"City"}},{"type":"Polygon","arcs":[[3,-3,4,5,6,7]],"id":"DJ.1166","properties":{"hc-group":"admin1","hc-middle-x":0.39,"hc-middle-y":0.62,"hc-key":"dj-1166","hc-a2":"AR","labelrank":"8","hasc":"DJ.","alt-name":null,"woe-id":"1310928","subregion":null,"fips":null,"postal-code":null,"name":"Arta","country":"Djibouti","type-en":"Region","region":null,"longitude":"42.8032","woe-name":"Arta","latitude":"11.4461","woe-label":null,"type":"Region"}},{"type":"Polygon","arcs":[[-6,8,9]],"id":"DJ.AS","properties":{"hc-group":"admin1","hc-middle-x":0.52,"hc-key":"dj-as","hc-a2":"AS","labelrank":"8","hasc":"DJ.AS","alt-name":"`Ali Sabîh","woe-id":"2345156","subregion":null,"fips":"DJ01","postal-code":"AS","name":"Ali Sabieh","country":"Djibouti","type-en":"Region","region":null,"longitude":"42.8985","woe-name":"Ali Sabieh","latitude":"11.2107","woe-label":"'Ali Sabini, DJ, Djibouti","type":"Region"}},{"type":"Polygon","arcs":[[-7,-10,10,11]],"id":"DJ.DK","properties":{"hc-group":"admin1","hc-middle-x":0.36,"hc-middle-y":0.52,"hc-key":"dj-dk","hc-a2":"DK","labelrank":"7","hasc":"DJ.DK","alt-name":"Dikkil","woe-id":"2345157","subregion":null,"fips":"DJ06","postal-code":"DK","name":"Dikhil","country":"Djibouti","type-en":"Region","region":null,"longitude":"42.2277","woe-name":"Dikhil","latitude":"11.3884","woe-label":"Dikhil, DJ, Djibouti","type":"Region"}},{"type":"Polygon","arcs":[[12,13]],"id":"DJ.OB","properties":{"hc-group":"admin1","hc-middle-x":0.56,"hc-key":"dj-ob","hc-a2":"OB","labelrank":"7","hasc":"DJ.OB","alt-name":null,"woe-id":"2345159","subregion":null,"fips":"DJ04","postal-code":"OB","name":"Obock","country":"Djibouti","type-en":"Region","region":null,"longitude":"43.0464","woe-name":"Obock","latitude":"12.2842","woe-label":"Obock, DJ, Djibouti","type":"Region"}},{"type":"Polygon","arcs":[[14,-8,-12,15,-14]],"id":"DJ.TA","properties":{"hc-group":"admin1","hc-middle-x":0.48,"hc-middle-y":0.54,"hc-key":"dj-ta","hc-a2":"TA","labelrank":"8","hasc":"DJ.TA","alt-name":"Tadjoura","woe-id":"2345160","subregion":null,"fips":"DJ05","postal-code":"TA","name":"Tadjourah","country":"Djibouti","type-en":"Region","region":null,"longitude":"42.5043","woe-name":"Tadjourah","latitude":"11.7972","woe-label":"Tadjoura, DJ, Djibouti","type":"Region"}}],"hc-recommended-transform":{"default":{"crs":"+proj=utm +zone=38 +datum=WGS84 +units=m +no_defs","scale":0.00357770463808,"jsonres":15.5,"jsonmarginX":-999,"jsonmarginY":9851,"xoffset":145343.54071,"yoffset":1405573.97914}}}},"arcs":[[[8688,4459],[-20,-58],[-108,69],[32,27],[96,-38]],[[6897,3679],[837,11],[128,24],[119,-4],[129,-71],[118,26],[108,152],[64,18],[37,-59],[91,-335]],[[8528,3441],[-734,-128],[-220,-1],[-344,34],[-326,319],[-7,14]],[[4691,3479],[4,-141],[33,-115],[198,-70],[120,-102],[72,-26],[84,14],[94,82],[68,19],[166,-47],[54,27],[36,70],[-133,104],[52,93],[120,78],[274,98],[405,44],[129,32],[111,89],[50,17],[115,-68],[154,2]],[[8528,3441],[64,-85],[68,-46],[186,-93],[87,-79],[-311,-450]],[[8622,2688],[-592,328],[-188,70],[-875,-162],[-287,-486],[-187,-138],[-759,-413]],[[5734,1887],[-1241,203],[-491,670],[-153,445],[-135,634],[-24,235]],[[3690,4074],[212,-240],[92,-67],[697,-294],[0,6]],[[8622,2688],[-1588,-2300],[-93,30],[-120,-116],[-89,-30],[-226,52],[-248,24],[-134,27],[-101,79],[-151,306],[-115,41],[-143,4],[-425,94],[-44,-3]],[[5145,896],[29,580],[76,154],[484,257]],[[5145,896],[-230,-17],[-539,-152],[-398,-242],[-129,-57],[-91,5],[-229,49],[-195,-61],[-210,-7],[-213,-88],[-81,-19],[-114,0],[-307,66],[-330,-34],[-161,-49],[-186,-174],[-165,-39],[-339,-13],[-100,-64],[-88,35],[-35,62],[-708,133],[-149,53],[-75,90],[108,160],[37,240],[2,129],[338,246],[192,213],[48,196],[-101,119],[-402,279],[-78,33],[-58,479],[-154,646],[-5,306],[177,510],[83,427],[94,179],[89,56],[235,95],[60,72],[32,80],[51,33],[151,56],[149,120],[229,301]],[[1350,5348],[99,-17],[971,-215],[248,-90],[1022,-952]],[[5672,8156],[189,48],[132,160],[179,30],[75,38],[34,151],[-55,176],[-21,168],[261,227],[139,304],[101,81],[53,-6],[75,-54],[60,5],[1302,515],[97,-60],[103,-211],[64,-96],[586,-615],[141,-207],[85,-81],[93,-24],[98,62],[1,-198],[41,-190],[145,-207],[18,-100],[8,-214],[18,-114],[37,-79],[224,-287],[17,-95],[-17,-328],[44,-424],[-33,-180],[-87,-167],[-130,-139],[-159,-95],[-209,-38],[-163,-77],[-120,-20],[-257,-5],[-113,-29],[-195,-128],[-460,-509],[-67,-33]],[[8006,5111],[-143,133],[-50,71],[-169,335],[-69,101],[-1236,1266],[-153,39],[-118,56],[-297,235],[-76,88],[-140,264],[-6,129],[40,62],[79,62],[18,112],[-14,92]],[[8006,5111],[-101,-48],[-49,-116],[-116,-62],[-328,-14],[-86,-29],[-178,-95],[-163,54],[-114,-17],[-557,-184],[-157,-88],[-138,-136],[-420,-707],[-96,-77],[-186,-51],[-199,21],[-157,-5],[-84,27],[-90,94],[-129,-7],[-71,-48],[-1,-39],[79,17],[26,-122]],[[1350,5348],[496,649],[242,416],[66,67],[141,64],[47,69],[91,205],[798,1005],[183,367],[360,448],[309,306],[105,18],[163,-40],[275,-113],[938,-767],[80,106],[28,8]]],"bbox":[41.74911092918784,10.92982496700995,43.41878012869369,12.707912583342827],"transform":{"scale":[0.00016698361831241597,0.0001778265442877165],"translate":[41.74911092918784,10.92982496700995]},"title":"Djibouti","version":"2.0.1","copyright":"Copyright (c) 2022 Highsoft AS, Based on data from Natural Earth","copyrightShort":"Natural Earth","copyrightUrl":"http://www.naturalearthdata.com"}