{"type":"Topology","objects":{"default":{"type":"GeometryCollection","geometries":[{"type":"MultiPolygon","arcs":[[[0]],[[1]],[[2]],[[3]],[[4]],[[5]],[[6]],[[7]],[[8]],[[9]],[[10]],[[11]],[[12,13]],[[14]],[[15,16,17,18]]],"id":"NO.MR","properties":{"hc-group":"admin1","hc-middle-x":0.73,"hc-middle-y":0.66,"hc-key":"no-mr","hc-a2":"MR","labelrank":"7","hasc":"NO.MR","alt-name":"Moere og Romsdal fylk|Møre|Romsdal","woe-id":"2346391","subregion":null,"fips":"NO08","postal-code":"MR","name":"Møre og Romsdal","country":"Norway","type-en":"County","region":null,"longitude":"8.35107","woe-name":"Møre og Romsdal","latitude":"62.5471","woe-label":"More og Romsdal, NO, Norway","type":"Fylke"}},{"type":"MultiPolygon","arcs":[[[19]],[[20]],[[21,-13,22,23,24,25,26,-17]],[[27]],[[28]],[[29,30]]],"id":"NO.ST","properties":{"hc-group":"admin1","hc-middle-x":0.53,"hc-middle-y":0.68,"hc-key":"no-st","hc-a2":"ST","labelrank":"7","hasc":"NO.ST","alt-name":"Soer-Troendelag fylke|Søndre Trondhjem|Suður-Þrændalög","woe-id":"2346399","subregion":null,"fips":"NO16","postal-code":"ST","name":"Sør-Trøndelag","country":"Norway","type-en":"County","region":null,"longitude":"10.6956","woe-name":"Sør-Trøndelag","latitude":"62.9613","woe-label":"Sor-Trondelag, NO, Norway","type":"Fylke"}},{"type":"MultiPolygon","arcs":[[[31]],[[32]],[[33]],[[34]],[[35]],[[36]],[[37]],[[38]],[[39,40]],[[41]],[[42]],[[43,44,45,46,47]]],"id":"NO.HO","properties":{"hc-group":"admin1","hc-middle-x":0.48,"hc-middle-y":0.22,"hc-key":"no-ho","hc-a2":"HO","labelrank":"7","hasc":"NO.HO","alt-name":"Hordaland fylke|Hörðaland|Søndre Bergenhus","woe-id":"2346390","subregion":null,"fips":"NO07","postal-code":"HO","name":"Hordaland","country":"Norway","type-en":"County","region":null,"longitude":"6.89657","woe-name":"Hordaland","latitude":"60.1134","woe-label":"Hordaland Fylke, NO, Norway","type":"Fylke"}},{"type":"MultiPolygon","arcs":[[[48]],[[49]],[[50]],[[51]],[[52]],[[53,-19,54,55,-45]]],"id":"NO.SF","properties":{"hc-group":"admin1","hc-middle-x":0.55,"hc-middle-y":0.45,"hc-key":"no-sf","hc-a2":"SF","labelrank":"7","hasc":"NO.SF","alt-name":"Sogn og Fjordane fyl|Nordre Bergenhus|Sogn og Firða-Fylki","woe-id":"2346398","subregion":null,"fips":"NO15","postal-code":"SF","name":"Sogn og Fjordane","country":"Norway","type-en":"County","region":null,"longitude":"6.43282","woe-name":"Sogn og Fjordane","latitude":"61.5538","woe-label":"Sogn og Fjordane Fylke, NO, Norway","type":"Fylke"}},{"type":"MultiPolygon","arcs":[[[56]],[[57,58,59]]],"id":"NO.VA","properties":{"hc-group":"admin1","hc-middle-x":0.44,"hc-middle-y":0.66,"hc-key":"no-va","hc-a2":"VA","labelrank":"7","hasc":"NO.VA","alt-name":"Vest-Agder fylke|Lister og Mandal|Vestur-Agðir","woe-id":"2346402","subregion":null,"fips":"NO19","postal-code":"VA","name":"Vest-Agder","country":"Norway","type-en":"County","region":null,"longitude":"7.30897","woe-name":"Vest-Agder","latitude":"58.4481","woe-label":"Vest-Agder Fylke, NO, Norway","type":"Fylke"}},{"type":"MultiPolygon","arcs":[[[60]],[[61,62]]],"id":"NO.OF","properties":{"hc-group":"admin1","hc-middle-x":0.45,"hc-middle-y":0.46,"hc-key":"no-of","hc-a2":"OF","labelrank":"7","hasc":"NO.OF","alt-name":"Oestfold fylke","woe-id":"2346396","subregion":null,"fips":"NO13","postal-code":"OF","name":"Østfold","country":"Norway","type-en":"County","region":null,"longitude":"11.2074","woe-name":"Østfold","latitude":"59.4065","woe-label":"Ostfold, NO, Norway","type":"Fylke"}},{"type":"MultiPolygon","arcs":[[[63]],[[64]],[[65]],[[66]],[[67]],[[68,69,70,-24,71,-31,72,73]],[[74]],[[75]]],"id":"NO.NT","properties":{"hc-group":"admin1","hc-middle-x":0.63,"hc-middle-y":0.34,"hc-key":"no-nt","hc-a2":"NT","labelrank":"7","hasc":"NO.NT","alt-name":"Nord-Troendelag fylke|Nordre Trondhjem|Norður-Þrændalög","woe-id":"2346393","subregion":null,"fips":"NO10","postal-code":"NT","name":"Nord-Trøndelag","country":"Norway","type-en":"County","region":null,"longitude":"12.2637","woe-name":"Nord-Trøndelag","latitude":"64.2773","woe-label":"Nord-Trondelag, NO, Norway","type":"Fylke"}},{"type":"MultiPolygon","arcs":[[[76]],[[77]],[[78]],[[79]],[[80]],[[-41,81,-48,82,83,-59,84]]],"id":"NO.RO","properties":{"hc-group":"admin1","hc-middle-x":0.35,"hc-middle-y":0.72,"hc-key":"no-ro","hc-a2":"RO","labelrank":"7","hasc":"NO.RO","alt-name":"Rogaland fylke|Stavanger","woe-id":"2346397","subregion":null,"fips":"NO14","postal-code":"RO","name":"Rogaland","country":"Norway","type-en":"County","region":null,"longitude":"6.41809","woe-name":"Rogaland","latitude":"59.1585","woe-label":"Rogaland Fylke, NO, Norway","type":"Fylke"}},{"type":"Polygon","arcs":[[85,86,87,-46,-56,88,89]],"id":"NO.BU","properties":{"hc-group":"admin1","hc-middle-y":0.44,"hc-key":"no-bu","hc-a2":"BU","labelrank":"7","hasc":"NO.BU","alt-name":"Buskerud fylke","woe-id":"2346387","subregion":null,"fips":"NO04","postal-code":"BU","name":"Buskerud","country":"Norway","type-en":"County","region":null,"longitude":"9.045730000000001","woe-name":"Buskerud","latitude":"60.4253","woe-label":"Buskerud Fylke, NO, Norway","type":"Fylke"}},{"type":"Polygon","arcs":[[-87,90,91]],"id":"NO.VF","properties":{"hc-group":"admin1","hc-middle-x":0.52,"hc-key":"no-vf","hc-a2":"VF","labelrank":"7","hasc":"NO.VF","alt-name":"Vestfold fylke|Jarlsberg og Larvik","woe-id":"2346403","subregion":null,"fips":"NO20","postal-code":"VF","name":"Vestfold","country":"Norway","type-en":"County","region":null,"longitude":"10.1269","woe-name":"Vestfold","latitude":"59.3146","woe-label":"Vestfold Fylke, NO, Norway","type":"Fylke"}},{"type":"MultiPolygon","arcs":[[[92]],[[93]],[[94]],[[95]],[[96]],[[97]],[[98]],[[99]],[[100,101,102,103]],[[104]],[[105]],[[106]],[[107]],[[108]]],"id":"NO.FI","properties":{"hc-group":"admin1","hc-middle-x":0.35,"hc-middle-y":0.53,"hc-key":"no-fi","hc-a2":"FI","labelrank":"7","hasc":"NO.FI","alt-name":"Finnmark fylke|Finmarken|Finnmárkku|Finnmörk","woe-id":"2346388","subregion":null,"fips":"NO05","postal-code":"FI","name":"Finnmark","country":"Norway","type-en":"County","region":null,"longitude":"24.4789","woe-name":"Finnmark","latitude":"69.56480000000001","woe-label":"Finnmark Fylke, NO, Norway","type":"Fylke"}},{"type":"MultiPolygon","arcs":[[[109]],[[110]],[[111]],[[112]],[[113]],[[114]],[[115]],[[116]],[[117]],[[118]],[[119]],[[120]],[[121]],[[122]],[[123]],[[124]],[[125]],[[126]],[[127]],[[128]],[[129]],[[130]],[[131]],[[132,-74]],[[133,134,-70,135]],[[136]],[[137]],[[138]],[[139]],[[140]],[[141]],[[142]],[[143]],[[144]],[[145,146]]],"id":"NO.NO","properties":{"hc-group":"admin1","hc-middle-x":0.45,"hc-middle-y":0.67,"hc-key":"no-no","hc-a2":"NO","labelrank":"7","hasc":"NO.NO","alt-name":"Nordland fylke","woe-id":"2346392","subregion":null,"fips":"NO09","postal-code":"NO","name":"Nordland","country":"Norway","type-en":"County","region":null,"longitude":"14.7203","woe-name":"Nordland","latitude":"66.7347","woe-label":"Nordland Fylke, NO, Norway","type":"Fylke"}},{"type":"MultiPolygon","arcs":[[[147]],[[148]],[[149]],[[150]],[[151]],[[152]],[[153]],[[154]],[[155]],[[156]],[[157]],[[158]],[[159]],[[160]],[[161]],[[162,-104,163,-134,164,-102]],[[165]],[[166]],[[167]],[[168]],[[169,-147]],[[170]]],"id":"NO.TR","properties":{"hc-group":"admin1","hc-middle-y":0.72,"hc-key":"no-tr","hc-a2":"TR","labelrank":"7","hasc":"NO.TR","alt-name":"Troms fylke|Tromsø|Troms-Fylki","woe-id":"2346401","subregion":null,"fips":"NO18","postal-code":"TR","name":"Troms","country":"Norway","type-en":"County","region":null,"longitude":"19.0835","woe-name":"Troms","latitude":"68.9053","woe-label":"Troms Fylke, NO, Norway","type":"Fylke"}},{"type":"Polygon","arcs":[[171,172,173,174,175,176,177,-63]],"id":"NO.AK","properties":{"hc-group":"admin1","hc-middle-x":0.59,"hc-middle-y":0.45,"hc-key":"no-ak","hc-a2":"AK","labelrank":"7","hasc":"NO.AK","alt-name":"Akershus fylke","woe-id":"2346385","subregion":null,"fips":"NO01","postal-code":"AK","name":"Akershus","country":"Norway","type-en":"County","region":null,"longitude":"11.2222","woe-name":"Akershus","latitude":"60.1365","woe-label":"Akershus Fylke, NO, Norway","type":"Fylke"}},{"type":"Polygon","arcs":[[-174,178,-89,-55,-18,-27,179,175,180]],"id":"NO.OP","properties":{"hc-group":"admin1","hc-middle-x":0.57,"hc-middle-y":0.49,"hc-key":"no-op","hc-a2":"OP","labelrank":"7","hasc":"NO.OP","alt-name":"Oppland fylke|Kristian|Opland|Upplönd","woe-id":"2346394","subregion":null,"fips":"NO11","postal-code":"OP","name":"Oppland","country":"Norway","type-en":"County","region":null,"longitude":"9.24644","woe-name":"Oppland","latitude":"61.5731","woe-label":"Oppland Fylke, NO, Norway","type":"Fylke"}},{"type":"Polygon","arcs":[[-176,-180,-26,181,-177]],"id":"NO.HE","properties":{"hc-group":"admin1","hc-middle-x":0.53,"hc-middle-y":0.41,"hc-key":"no-he","hc-a2":"HE","labelrank":"7","hasc":"NO.HE","alt-name":"Hedmark fylke|Hedemarken|Heiðmörk","woe-id":"2346389","subregion":null,"fips":"NO06","postal-code":"HE","name":"Hedmark","country":"Norway","type-en":"County","region":null,"longitude":"11.2721","woe-name":"Hedmark","latitude":"61.5285","woe-label":"Hedmark Fylke, NO, Norway","type":"Fylke"}},{"type":"Polygon","arcs":[[-179,-173,182,-90]],"id":"NO.OS","properties":{"hc-group":"admin1","hc-middle-x":0.09,"hc-middle-y":0.49,"hc-key":"no-os","hc-a2":"OS","labelrank":"9","hasc":"NO.OS","alt-name":"Oslo fylke|Kristiania","woe-id":"2346395","subregion":null,"fips":"NO12","postal-code":"OS","name":"Oslo","country":"Norway","type-en":"County","region":null,"longitude":"10.6419","woe-name":"Oslo","latitude":"60.0237","woe-label":"Oslo Fylke, NO, Norway","type":"Fylke"}},{"type":"Polygon","arcs":[[-83,-47,-88,-92,183,184]],"id":"NO.TE","properties":{"hc-group":"admin1","hc-middle-x":0.52,"hc-key":"no-te","hc-a2":"TE","labelrank":"7","hasc":"NO.TE","alt-name":"Telemark fylke|Bratsberg|Þelamörk","woe-id":"2346400","subregion":null,"fips":"NO17","postal-code":"TE","name":"Telemark","country":"Norway","type-en":"County","region":null,"longitude":"8.48804","woe-name":"Telemark","latitude":"59.5476","woe-label":"Telemark Fylke, NO, Norway","type":"Fylke"}},{"type":"Polygon","arcs":[[185,-60,-84,-185]],"id":"NO.AA","properties":{"hc-group":"admin1","hc-middle-x":0.49,"hc-middle-y":0.7,"hc-key":"no-aa","hc-a2":"AA","labelrank":"7","hasc":"NO.AA","alt-name":"Aust-Agder fylke|Austur-Agðir|Nedenes","woe-id":"2346386","subregion":null,"fips":"NO02","postal-code":"AA","name":"Aust-Agder","country":"Norway","type-en":"County","region":null,"longitude":"8.14878","woe-name":"Aust-Agder","latitude":"58.6698","woe-label":"Aust-Agder Fylke, NO, Norway","type":"Fylke"}},{"type":"MultiPolygon","arcs":[[[186]],[[187]],[[188]],[[189]],[[190]],[[191]],[[192]],[[193]],[[194]],[[195]],[[196]],[[197]],[[198]],[[199]],[[200]],[[201]],[[202]],[[203]],[[204]],[[205]],[[206]]],"id":"NO.SV","properties":{"hc-group":"admin1","hc-middle-x":0.34,"hc-middle-y":0.46,"hc-key":"no-sv","hc-a2":"SV","labelrank":"8","hasc":"SJ.SV","alt-name":null,"woe-id":"23424953","subregion":null,"fips":"SV00","postal-code":"SV","name":"Svalbard","country":"Norway","type-en":"Territory","region":null,"longitude":"18.069","woe-name":"Svalbard","latitude":"78.8124","woe-label":"Svalbard, SJ, Svalbard and Jan Mayen","type":"Territory","hc-inset":"no-all-svalbard"}},{"type":"Polygon","arcs":[[207]],"id":"NO.SJ","properties":{"hc-group":"admin1","hc-middle-x":0.76,"hc-middle-y":0.29,"hc-key":"no-sj","hc-a2":"SJ","labelrank":"7","hasc":"NO.SJ","alt-name":null,"woe-id":null,"subregion":null,"fips":"JN00","postal-code":"SJ","name":"Jan Mayen","country":"Norway","type-en":null,"region":null,"longitude":"-8.07","woe-name":null,"latitude":"71.01","woe-label":null,"type":null,"hc-inset":"no-all-jan_mayen"}}],"hc-recommended-transform":{"default":{"crs":"+proj=utm +zone=33 +datum=WGS84 +units=m +no_defs","scale":0.000471559186022,"jsonres":15.5,"jsonmarginX":-999,"jsonmarginY":9851,"xoffset":-60446.6157859,"yoffset":7939205.65692},"no-all-svalbard":{"xpan":10,"ypan":30,"crs":"+proj=utm +zone=34 +datum=WGS84 +units=m +no_defs","scale":0.000270810270624,"jsonres":15.5,"jsonmarginX":-999,"jsonmarginY":9851,"xoffset":273810.797666,"yoffset":8967563.26395,"geometry":{"type":"Polygon","coordinates":[[[7.61781185369295,71.59321552147564],[8.778199158383316,68.01261231341002],[1.7425837173961467,67.58921589759825],[-0.6421405973126629,71.08194231110052],[7.61781185369295,71.59321552147564]]]}},"no-all-jan_mayen":{"xpan":40,"ypan":200,"crs":"+proj=utm +zone=29 +datum=WGS84 +units=m +no_defs","scale":0.000704773057922,"jsonres":15.5,"jsonmarginX":-999,"jsonmarginY":9851,"xoffset":495706.310848,"yoffset":7897808.29338,"geometry":{"type":"Polygon","coordinates":[[[8.778199158383316,68.01261231341002],[9.089497264393714,66.79225526714626],[2.3888428864709446,66.39305043157195],[1.7425837173961467,67.58921589759825],[8.778199158383316,68.01261231341002]]]}}},"hc-recommended-mapview":{"projection":{"name":"LambertConformalConic","parallels":[60,70],"rotation":[-18]},"insets":[{"id":"no-svalbard","borderPath":{"type":"MultiLineString","coordinates":[[[50,0],[30,35],[0,35]]]},"field":{"type":"Polygon","coordinates":[[[0,0],[50,0],[30,35],[0,35],[0,0]]]},"geoBounds":{"type":"Polygon","coordinates":[[[6,81],[6,75],[28,75],[28,81]]]},"padding":[0,"30%","10%",0],"projection":{"name":"LambertConformalConic","parallels":[76,80],"rotation":[-18]}},{"id":"no-jan-mayen","borderPath":{"type":"MultiLineString","coordinates":[[[0,42],[26,42],[30,35]]]},"field":{"type":"Polygon","coordinates":[[[0,35],[0,42],[26,42],[30,35],[0,35]]]},"geoBounds":{"type":"Polygon","coordinates":[[[-10,71.5],[-10,70.5],[-7.5,70.5],[-7.5,71.5]]]},"padding":"20%","projection":{"name":"LambertConformalConic","parallels":[71],"rotation":[9]}}]}}},"arcs":[[[3466,1888],[22,-8],[-5,-31],[-18,-8],[-36,1],[-10,15],[24,0],[-20,7],[10,22],[33,2]],[[3470,1917],[5,-1],[-3,-15],[-30,1],[28,15]],[[3550,1911],[-45,-41],[-14,-5],[9,16],[-11,36],[8,17],[25,12],[13,-27],[15,-8]],[[3586,1951],[24,-8],[-1,-8],[-53,-1],[-16,16],[46,1]],[[3566,2005],[0,-14],[-27,10],[25,15],[2,-11]],[[3747,2079],[2,-15],[-39,-9],[-18,-9],[-6,12],[9,20],[14,-3],[26,10],[12,-6]],[[3724,2133],[27,1],[-9,-36],[-24,14],[6,21]],[[3983,2233],[-17,-22],[-13,-5],[-25,15],[12,17],[11,-6],[25,8],[7,-7]],[[3928,2206],[-36,-33],[-31,15],[-4,11],[14,7],[-9,15],[21,5],[18,-21],[10,31],[9,9],[8,-39]],[[4075,2270],[-27,0],[-5,24],[14,0],[18,-24]],[[4047,2266],[-40,-9],[-21,18],[35,27],[18,-13],[8,-23]],[[4116,2305],[21,-20],[-2,-10],[-33,-8],[-18,7],[-19,25],[2,18],[18,-3],[11,-18],[3,25],[17,-16]],[[4187,2386],[30,-33],[-11,-64]],[[4206,2289],[-60,-3],[-9,22],[-23,18],[53,13],[14,11],[-15,3],[-14,16],[8,13],[11,-6],[16,10]],[[4045,2368],[-19,-21],[-25,-12],[-18,12],[11,5],[-37,8],[-6,17],[34,12],[19,15],[22,-4],[19,-32]],[[3409,1761],[24,36],[-33,9],[-7,10],[9,23],[45,-9],[9,-19],[20,-14],[-18,24],[3,15],[20,0],[21,11],[15,-17],[-4,-31],[-14,-33],[21,30],[5,23],[20,-18],[2,-13],[17,6],[57,-6],[-65,17],[-25,34],[-13,6],[5,20],[19,27],[66,29],[19,-40],[15,-15],[22,-34],[-5,-26],[14,11],[-22,52],[-19,25],[-3,34],[23,5],[15,-19],[-4,24],[38,18],[40,-15],[-1,-27],[24,-32],[7,-33],[-16,-31],[4,-16],[14,-5],[32,11],[-1,7],[-28,-13],[-13,12],[12,17],[3,47],[17,3],[23,-13],[24,13],[24,-22],[-10,18],[-18,11],[-31,-5],[-33,8],[-15,10],[-10,19],[14,3],[-29,34],[-38,10],[-48,-20],[-20,-3],[-22,15],[35,19],[52,-4],[-15,12],[-32,-3],[14,11],[-63,-5],[-4,21],[17,15],[51,3],[17,-24],[8,21],[20,18],[11,0],[24,-21],[12,23],[37,-2],[-12,-12],[13,-4],[9,-35],[5,42],[49,-16],[15,-20],[21,-3],[6,-16],[7,20],[48,11],[-8,5],[-56,-9],[-20,14],[0,16],[14,3],[4,-23],[8,11],[-2,27],[22,11],[51,14],[48,-2],[20,-15],[1,11],[-20,18],[7,9],[-49,-14],[-51,-8],[-29,-17],[-32,-1],[-5,19],[25,15],[49,12],[-16,1],[-70,-23],[-80,-8],[-3,20],[24,25],[36,-6],[-19,15],[-27,-3],[-25,39],[39,23],[45,14],[36,-28],[4,-14],[14,-3],[39,30],[25,-1],[-19,-29],[66,28],[23,-11],[18,-59],[39,-17],[23,-23],[23,-8],[7,-22],[0,28],[-50,35],[-34,21],[-3,32],[-49,47],[2,-9],[-22,1],[28,36],[21,8],[9,-26],[28,-19],[22,-22],[-7,-6],[5,-28],[17,3],[28,-19],[12,14],[30,-23],[-20,24],[-32,13],[-15,22],[54,5],[-1,9],[-28,0],[14,14],[-45,-22],[-17,12],[28,5],[0,9],[-31,-5],[-19,6],[1,13],[-14,23],[12,9],[25,-20],[-5,15],[-16,12],[72,-8],[23,-10],[-18,23],[10,8],[56,10]],[[4201,2286],[-9,-9],[11,-19],[21,-3],[21,10],[43,-4],[-1,16],[15,13],[31,-2],[13,-7],[5,-61],[21,-14],[-32,-37],[2,-22],[-8,-24],[-27,-12],[-82,-28],[-2,-12],[53,-58],[18,-7],[-19,-64],[-17,-18]],[[4258,1924],[-29,-3],[-27,8],[-103,-5],[-62,-17],[-14,-37],[-15,-20],[-27,-10],[-24,7],[-18,-4],[-27,-32],[2,-11],[-37,-1],[-32,-19]],[[3845,1780],[-44,-7],[-24,-15],[-54,-12],[-10,8],[-21,38],[-58,-27],[-15,-16],[-21,1],[-14,11],[-32,-15],[-34,12],[-29,-10],[-18,4],[-35,-11],[-27,20]],[[4246,2489],[17,4],[11,-18],[-31,-7],[3,21]],[[4454,2648],[-9,-14],[-10,13],[9,10],[10,-9]],[[4201,2286],[22,4],[-17,-1]],[[4187,2386],[21,-15],[3,11],[19,1],[7,18],[26,-21],[8,-18],[-11,-14],[-2,-22],[12,16],[29,14],[39,8],[-51,-4],[-11,13],[3,14],[70,18],[-44,-7],[-29,4],[-2,18],[20,2],[29,22],[8,-20],[22,26],[17,-16],[-6,18],[-13,4],[49,24],[26,-42],[-1,-16],[22,-16],[14,-21],[-8,-23],[-21,-21],[33,15],[29,-17],[42,0],[-8,9],[-38,7],[-10,20],[13,15],[47,12],[13,-10],[30,4],[22,-10],[27,9],[25,-15],[18,12]],[[4675,2392],[2,-26],[18,-16],[116,-5],[43,-62],[98,3]],[[4952,2286],[38,-89],[-27,-34],[-2,-16],[13,-67],[-14,-65],[43,-107]],[[5003,1908],[-25,-4],[-37,15],[-44,8],[-25,-8],[-42,17],[-14,24],[-57,47],[-16,43],[-9,6],[-54,13],[-39,-18],[-13,12],[-20,-3],[-71,8],[-30,-23],[-14,-30],[-5,-33],[7,-30],[-28,-16],[-19,-23],[-9,3],[-20,-33]],[[4419,1883],[-43,-5],[-32,15],[-86,31]],[[4234,2457],[22,6],[10,-17],[11,0],[-15,-15],[-59,-20],[-32,-2],[-35,-11],[-16,-10],[-26,-1],[-26,14],[9,21],[23,22],[62,7],[-32,10],[57,17],[10,-10],[13,14],[18,3],[6,-28]],[[4076,2490],[-10,8],[14,7],[44,8],[52,24],[-18,2],[0,7],[33,9],[5,-42],[-20,-14],[-66,-7],[15,9],[-49,-11]],[[4517,2435],[-28,-15],[-23,-7],[-15,9],[-7,27],[-12,12],[-9,40],[48,14],[23,19],[-22,-10],[5,17],[-29,-12],[-11,-11],[-74,-29],[3,26],[52,21],[-46,-6],[-8,6],[28,20],[39,19],[-10,10],[24,8],[3,-8],[38,15],[12,10],[19,-1],[-13,11],[-47,-20],[7,10],[27,11],[-7,9],[-28,-12],[16,35],[-18,10],[14,7],[6,18],[21,-13],[20,6],[-19,6],[14,9],[0,27],[46,4],[-28,12],[36,13],[13,16],[-2,22],[14,8],[23,-2],[-12,18],[-21,-1],[11,12],[27,-12]],[[4617,2813],[19,-10],[19,-21],[40,-17],[-12,-32],[-18,-11],[-5,-23],[25,-16],[-22,-29],[-10,-38],[-33,-25],[-27,-41],[-10,-30],[-56,-36],[-18,-25],[8,-24]],[[3417,793],[-17,-20],[-11,16],[-15,0],[-14,51],[12,30],[28,-17],[16,-34],[1,-26]],[[3347,886],[2,-17],[-19,-4],[-6,11],[23,10]],[[3456,909],[-2,-29],[-11,-17],[8,-21],[-16,4],[-15,-11],[-7,28],[-21,2],[-6,12],[20,5],[3,21],[46,11],[1,-5]],[[3362,913],[8,-21],[-6,-15],[-22,23],[7,27],[13,-14]],[[3323,1020],[-3,-15],[7,-37],[-12,-3],[-5,19],[-10,-6],[-13,30],[19,7],[-12,10],[-6,44],[6,5],[29,-54]],[[3307,1109],[29,-9],[11,-13],[-1,-24],[-15,-7],[1,18],[-16,9],[-3,17],[-14,2],[-7,23],[15,-16]],[[3273,1126],[11,-26],[-12,-2],[-7,20],[8,8]],[[3261,1157],[4,-18],[-15,1],[3,32],[8,-15]],[[3346,651],[2,26],[24,39],[20,10],[23,39],[4,-30],[-4,-44],[-18,-24]],[[3397,667],[-23,-7],[-28,-9]],[[3319,777],[7,45],[11,2],[14,-19],[25,-34],[6,-19],[-9,-8],[-4,26],[-15,2],[-15,-32],[9,-30],[-11,-10],[-10,27],[5,26],[13,20],[-26,4]],[[3462,1177],[-3,-90],[-15,-13],[-26,-3],[-41,49],[57,34],[9,28],[19,-5]],[[3425,686],[-2,25],[10,27],[30,-4],[9,-9],[-3,-18],[11,3],[5,19],[22,-1],[0,9],[-21,-7],[-10,7],[16,23],[18,15],[22,-12],[12,5],[37,28],[11,15],[-48,-35],[-18,-2],[-8,19],[-22,-14],[-17,20],[-27,16],[23,13],[7,21],[45,11],[-4,18],[14,27],[21,15],[45,13],[-8,18],[-13,-16],[-22,-8],[-7,39],[15,8],[16,27],[-2,10],[18,6],[17,24],[21,9],[15,19],[32,-7],[-26,-67],[-5,-67],[16,50],[-1,21],[19,49],[11,7],[24,32],[32,9],[32,-6],[7,11],[-49,0],[28,37],[-25,-16],[-13,-22],[-20,-7],[-22,-22],[-20,4],[25,32],[-12,-2],[-20,-22],[-45,-17],[-16,-16],[-42,-9],[16,-6],[-11,-21],[4,-9],[-13,-18],[-25,9],[-21,-45],[-10,0],[2,-33],[-4,-28],[-23,-15],[-18,22],[5,12],[17,-1],[5,13],[-17,-5],[-4,34],[13,22],[-18,-9],[-21,-23],[-12,11],[5,18],[34,15],[-32,0],[22,51],[16,17],[-24,-11],[-25,-66],[-23,-24],[-4,-14],[-25,10],[0,16],[11,12],[-30,-3],[21,24],[-33,6],[-6,28],[8,20],[28,4],[-11,15],[-3,26],[16,16],[33,-36],[19,-11],[20,-1],[22,24],[3,86],[7,22],[-21,-7],[8,22],[-24,-24],[-17,-5],[1,-26],[-19,-6],[-33,-23],[-18,6],[-33,39],[33,-19],[-33,40],[9,5],[-21,8],[-25,26],[19,1],[40,-27],[29,-13],[2,-16],[29,-20],[-15,19],[13,-4],[-3,18],[-14,17],[-16,2],[-12,13],[27,16],[-3,11],[22,13],[25,3],[-16,14],[-33,-18],[-9,-19],[-43,6]],[[3326,1247],[14,38],[24,14],[21,-8],[34,6],[30,17],[17,-5],[21,6],[16,-7],[33,24],[28,-19],[1,-15],[33,-16],[52,19],[3,-14],[18,0],[17,19],[37,-13],[1,-7],[-23,-20],[8,-9],[27,-9],[0,-18],[23,-4],[4,-18],[115,-20]],[[3880,1188],[27,-18],[18,-50],[0,-88],[-26,-69],[-21,-34]],[[3878,929],[-18,-38],[-30,-16],[-24,-38],[0,-26],[-15,-22]],[[3791,789],[-28,0],[-64,-36],[-11,8],[7,29],[-4,22],[-33,5],[-54,-31],[-27,-58],[-2,-17],[-53,0],[-25,-13],[-23,1],[-49,-13]],[[3260,1288],[11,1],[12,-24],[-10,-6],[-24,29],[11,0]],[[3240,1331],[-8,-18],[-13,17],[-1,15],[13,10],[9,-24]],[[3275,1382],[17,14],[6,-25],[-22,-28],[-8,20],[-15,-17],[0,40],[8,4],[8,-18],[-4,33],[10,-23]],[[3317,1762],[12,7],[7,-12],[-13,-31],[-17,5],[8,14],[-13,11],[-3,17],[19,-11]],[[3270,1709],[20,3],[63,-21],[-24,-12],[2,15],[-27,-26],[-23,-7],[3,21],[-29,6],[15,21]],[[3326,1247],[-14,3],[-8,53],[16,-10],[14,22],[-15,-9],[-15,5],[1,28],[28,13],[34,-16],[36,-6],[22,22],[26,-7],[-10,11],[32,11],[13,-3],[-2,-17],[26,25],[48,0],[37,-12],[4,-20],[23,3],[-8,-19],[30,35],[23,12],[9,24],[10,-8],[33,-2],[16,-10],[6,-18],[20,-3],[9,-35],[-31,-28],[22,12],[20,0],[25,-29],[1,23],[-15,4],[-20,40],[-3,18],[38,8],[11,12],[53,-16],[-21,18],[25,22],[36,3],[-2,6],[-49,-6],[-10,10],[-8,38],[10,8],[6,23],[25,36],[-33,-32],[-20,3],[10,-21],[-15,-22],[14,-16],[2,-19],[12,-12],[-19,-12],[-12,9],[-21,-16],[-43,-16],[-9,11],[21,21],[-26,-9],[-53,14],[-26,13],[32,53],[1,24],[-14,-40],[-17,-19],[-15,-1],[9,-26],[-10,-5],[3,-20],[-18,-14],[-35,4],[-18,11],[-7,15],[-24,-15],[-31,9],[-32,-6],[-5,18],[-8,-18],[-44,-8],[-19,-19],[-24,-6],[-18,21],[-24,-10],[-8,22],[-28,3],[4,11],[38,-11],[6,9],[-25,18],[-28,-3],[-10,25],[43,16],[4,13],[20,-5],[16,-32],[-3,27],[-15,13],[44,9],[44,-3],[-18,8],[-91,-10],[-25,-14],[-14,23],[22,19],[-34,-1],[25,12],[38,10],[22,-8],[6,7],[34,-15],[54,25],[21,-17],[-13,19],[-19,2],[-21,-15],[-32,-1],[-10,11],[-25,-3],[-35,20],[0,13],[51,0],[-49,18],[65,-3],[-36,12],[16,12],[-26,-6],[-55,0],[-12,16],[7,32],[19,5],[17,-14],[0,15],[-15,3],[16,15],[48,21],[-9,12],[15,16],[29,1],[44,-9],[16,-17],[-24,-6],[-5,-9],[27,9],[44,7],[5,-6],[-10,-43],[10,13],[6,28],[10,0],[26,-27],[13,-2],[-29,30],[55,0],[22,-12],[32,3],[16,25],[11,2],[33,-15],[-2,12],[-20,12],[-30,-8],[-19,-23],[-51,14],[-38,-4],[-13,9],[-39,5],[-18,-10],[-15,17],[47,3],[7,6],[-74,4],[-51,5],[-64,-18],[-13,9],[14,26],[17,-8],[19,30],[15,-4],[-18,22],[-21,15],[-23,3],[-9,25],[6,12],[20,9],[21,-19],[-1,-15],[12,-13],[31,-19],[2,-24]],[[3845,1780],[19,-21],[-3,-55],[17,-41],[12,-14],[56,3],[31,-10],[11,-47],[16,-26],[47,-21],[24,-32],[-34,-6],[-3,-21],[13,-23],[-36,-42],[4,-23],[26,-35],[4,-16]],[[4049,1350],[-1,-21],[-37,-40],[-38,-1],[-32,-31],[-13,-35],[-22,-10],[-26,-24]],[[3680,103],[2,-14],[-11,2],[-13,17],[22,-5]],[[4055,70],[-5,-15],[-11,10],[-8,-19],[-23,17],[13,9],[-11,28],[-5,-35],[-22,-27],[-61,-8],[-18,-21],[-44,0],[-28,8],[-5,10],[-17,-12],[-22,2],[-2,-13],[-18,-4],[1,15],[34,30],[-26,-16],[-23,-7],[10,26],[-19,-24],[2,21],[-10,-9],[-14,10],[34,8],[9,9],[-27,-3],[-22,21],[7,-27],[-18,0],[-2,30],[-8,-30],[22,-22],[-38,-1],[-21,23],[16,25],[18,2],[0,11],[40,28],[-10,0],[-25,-20],[-13,30],[12,0],[-2,15],[-15,-3],[1,-33],[-53,12]],[[3628,121],[36,20],[18,21],[-8,60],[-2,48],[-23,5],[-10,15],[26,13],[11,15],[-20,28],[14,35],[-1,33],[68,81],[4,20],[15,17]],[[3756,532],[52,-13],[-5,-43],[4,-17],[-11,-10],[12,-26],[-21,-34],[-2,-16],[20,-5],[10,9],[52,14],[28,-1],[14,-6],[19,-37],[-5,-29],[-16,-10],[-1,-24],[7,-23],[-17,-20],[9,-29],[24,-5],[19,5],[11,-22],[21,-9],[20,-29],[11,11],[13,-5],[5,-24],[23,-6],[4,-23],[-10,-14],[9,-21]],[[4714,473],[10,1],[-9,-22],[-13,3],[0,19],[12,-1]],[[4911,794],[5,-15],[-3,-29],[-15,-20],[-31,-16],[-5,-28],[25,-87],[7,-49],[-15,-48],[0,-21],[-19,-76],[-28,-15],[-22,5],[0,28],[-19,62],[-14,6],[-30,0],[-1,36],[-19,-28],[-15,-2],[-8,19],[-23,11],[-18,-15],[-19,46],[9,20],[-11,9],[-14,-8],[-8,26],[5,11],[-15,11],[14,32],[-2,-23],[9,17]],[[4631,653],[19,14],[10,23],[35,49],[5,17],[64,0],[2,30],[22,-10],[10,-23],[19,-11],[1,-23],[8,-4],[28,35],[10,4],[7,23],[21,15],[19,2]],[[4790,2914],[23,-20],[-8,-20],[-19,10],[4,30]],[[4786,2922],[-9,-23],[-16,18],[-16,-1],[2,16],[28,8],[11,-18]],[[4661,3017],[-18,-8],[11,32],[20,2],[38,20],[19,0],[-35,-24],[-15,-4],[-20,-18]],[[4689,3071],[5,-4],[-32,-16],[-13,19],[40,1]],[[4886,3123],[-51,-30],[-10,6],[15,24],[46,0]],[[4979,3080],[-1,-6],[7,1]],[[4985,3075],[26,-12],[25,6],[33,-4],[15,-12],[32,0],[32,13],[12,24],[18,8],[31,30],[39,-7],[54,4],[29,-4],[128,12],[24,-8]],[[5483,3125],[-4,-13],[-33,-41],[-124,-179],[70,-40],[28,-7],[13,-15],[11,-104],[-3,-16],[-39,-66],[-11,-4],[-165,36],[-58,-14],[-53,-30],[-17,-15],[-47,-65],[-44,-67],[-29,-25],[12,-45],[-4,-19],[-50,-72],[16,-38]],[[4675,2392],[9,9],[-32,10],[1,22],[33,7],[-15,7],[15,14],[-16,-2],[-43,-21],[20,33],[25,12],[10,14],[30,15],[20,-6],[15,7],[14,20],[52,16],[-12,21],[-38,8],[-33,-8],[-3,17],[19,9],[10,16],[50,16],[15,17],[-56,7],[-5,11],[29,24],[-32,-20],[-12,-28],[-50,-26],[-29,-27],[-27,-7],[-35,-27],[46,18],[39,21],[28,-16],[4,-11],[-19,-15],[-3,-15],[-16,-17],[-23,-4],[-16,-13],[-23,-6],[-8,-16],[-45,-27],[-41,-7],[-10,-9]],[[4617,2813],[-6,21],[15,-15],[15,-1],[20,-20],[9,4],[-24,30],[-22,0],[8,9],[34,7],[-11,26],[24,-30],[15,34],[-9,14],[9,9],[22,-10],[6,-25],[24,-20],[-4,-15],[31,2],[11,-8],[-9,-27],[17,12],[8,24],[10,-5],[16,10],[32,7],[-51,-6],[5,20],[18,5],[28,21],[28,12],[-33,-6],[-6,20],[-22,-25],[-23,28],[-5,31],[31,17],[20,-2],[-14,12],[55,7],[12,8],[-47,9],[35,6],[0,9],[-33,-6],[18,15],[45,21],[17,2],[17,13],[38,-8],[-19,12],[-22,2],[-33,-10],[-40,-26],[-29,-9],[2,-12],[-34,-14],[-23,-26],[-33,-5],[29,13],[16,20],[-20,-5],[-26,8],[11,10],[57,8],[33,13],[-98,-16],[36,29],[26,-11],[-8,15],[19,9],[18,-3],[46,18],[-5,14],[39,22],[9,-17],[7,13]],[[4949,3101],[15,-18],[15,-3]],[[4714,2913],[10,9],[33,-18],[20,-31],[27,0],[6,-11],[-8,-19],[-24,7],[-7,11],[-25,-2],[-11,21],[22,6],[-8,11],[-25,-3],[-10,19]],[[4725,3053],[27,-18],[14,-5],[-11,-14],[-32,-13],[-8,10],[8,17],[-18,0],[-23,-18],[-18,0],[61,41]],[[3443,500],[40,-10],[-6,-18],[-42,23],[8,5]],[[3506,514],[-19,-13],[-3,17],[12,10],[10,-14]],[[3406,512],[-17,19],[9,15],[12,-16],[-4,-18]],[[3536,542],[-17,5],[5,18],[15,4],[19,-7],[-22,-20]],[[3366,569],[9,-8],[-4,-46],[-15,-13],[-16,24],[3,43],[12,-3],[-13,28],[8,29],[18,-42],[-2,-12]],[[3397,667],[22,8],[6,11]],[[3791,789],[4,-26],[31,-19]],[[3826,744],[-29,-7],[-30,-29],[-2,-35],[7,-14],[-26,-19],[-8,-15],[-12,-47],[3,-44],[27,-2]],[[3628,121],[-46,28],[-14,2],[-33,22],[-8,34],[-9,6],[-31,3],[-4,14],[-17,0],[-31,47],[-22,56],[11,13],[1,37],[8,6],[-6,32],[19,-21],[2,8],[-25,29],[7,20],[38,-27],[1,-48],[4,27],[35,14],[20,-25],[28,-25],[-7,25],[16,26],[16,9],[100,31],[0,3],[-64,-12],[-45,-15],[-29,-41],[-14,25],[18,16],[-10,12],[-17,-3],[-15,30],[12,11],[47,16],[-27,0],[16,30],[22,19],[19,7],[15,20],[-26,-20],[-22,-1],[-6,14],[36,3],[-10,17],[-24,-14],[-9,15],[-14,-9],[19,30],[26,12],[12,36],[62,26],[-40,-7],[-23,-13],[10,21],[-2,23],[-8,-33],[-17,-36],[-56,-50],[-8,21],[0,20],[62,13],[-19,5],[-11,-7],[-36,7],[-13,22],[-9,-6],[5,-27],[-18,-5],[-13,-20],[22,11],[22,-21],[1,-14],[-38,-6],[-7,-15],[-19,49],[-4,-44],[-22,-16],[-12,23],[2,32],[-6,-11],[-1,-36],[-7,4],[-9,46],[0,-25],[-8,-4],[-25,59]],[[4584,793],[1,-31],[7,-19],[15,-12],[7,-24],[-5,-16],[-26,-24],[-14,8],[2,28],[-7,37],[-7,11],[-31,14],[11,-19]],[[4537,746],[-37,-2],[-13,-12],[-9,9],[-24,-25],[3,-12],[19,-23],[10,-21],[-11,-4],[-55,0],[-1,-26]],[[4419,630],[-34,11],[-20,26],[-13,0],[-11,59],[-21,34],[1,35],[-37,19],[-1,28],[-19,27],[-28,18],[-9,39],[-9,12],[-27,16],[-93,4],[-55,8],[-81,-30],[-27,8],[-20,-1],[-37,-14]],[[4049,1350],[19,20],[25,-25],[53,-26],[4,-16],[26,-15],[35,-7],[19,-15],[57,-34],[15,-6],[11,-16],[-2,-17],[21,-37],[1,-20],[45,-10],[12,-21],[41,-12],[-6,41],[28,15],[4,20],[23,-1],[29,-55],[17,-67],[22,-44],[16,-19],[52,-36]],[[4616,947],[-21,-43],[-22,-10],[-15,-25],[-6,-60],[12,-14],[20,-2]],[[4537,746],[17,-10],[8,-15],[0,-35],[-6,-15],[-30,15],[31,-46],[21,-6],[3,-21],[-7,-19],[16,-20],[-10,-25],[-25,10],[-11,-63],[-10,-6],[-1,-28],[-8,29],[-1,-38],[-13,-10],[-6,20],[-21,-15],[-24,-27],[-34,3],[4,24]],[[4430,448],[6,40],[-5,27],[12,15],[-3,34],[-20,24],[-1,42]],[[9153,5198],[14,-8],[-42,-17],[-14,8],[-12,-18],[-19,4],[27,32],[-3,23],[14,11],[27,-10],[8,-25]],[[8055,5398],[3,-13],[-22,-9],[10,21],[9,1]],[[7213,5386],[-12,9],[2,35],[6,11],[19,-14],[0,-15],[-15,-26]],[[7151,5418],[-14,-5],[-4,12],[13,15],[5,-22]],[[8178,5565],[-11,-4],[-5,13],[15,7],[1,-16]],[[7761,5714],[0,-21],[32,2],[-11,-17],[-20,-6],[-40,18],[24,5],[-23,7],[12,20],[26,-8]],[[7972,5729],[17,-6],[-10,-16],[-17,11],[10,11]],[[7926,5750],[14,3],[-16,-32],[-36,13],[13,14],[15,-9],[-6,17],[16,-6]],[[7247,5315],[-53,35]],[[7194,5350],[-28,2],[-69,17]],[[7097,5369],[48,20],[12,-27],[6,37],[16,8],[12,-22],[18,-5],[38,-45],[-12,53],[38,24],[5,-16],[23,8],[0,-26],[9,17],[29,5],[11,-10],[-13,-19],[7,-27],[-12,-13],[39,4],[28,-10],[-4,10],[-42,9],[11,36],[22,4],[32,-18],[16,2],[69,-7],[1,-7],[-26,-29],[-30,-10],[-43,-7],[-27,2],[-9,-13],[58,6],[16,9],[36,5],[35,18],[-4,-29],[8,-23],[19,6],[10,-40],[30,18],[10,-19],[33,16],[16,17],[-56,7],[-29,23],[43,10],[10,11],[-24,12],[29,12],[-33,1],[-2,12],[50,5],[-4,9],[-41,-6],[25,16],[40,5],[-21,11],[7,22],[56,36],[21,21],[18,6],[92,-12],[-19,18],[-27,11],[35,26],[7,26],[13,10],[35,-5],[27,-23],[25,-2],[0,19],[-16,20],[-26,16],[-59,8],[-11,9],[6,23],[30,13],[16,-21],[35,-18],[3,39],[23,3],[-21,9],[-15,18],[20,6],[-17,6],[19,7],[25,-5],[20,-17],[-9,-9],[38,2],[3,26],[16,-6],[-3,-14],[-19,-22],[23,-10],[17,30],[21,-22],[8,-21],[-4,-14],[21,9],[13,32],[-12,29],[5,11],[40,-24],[-10,-19],[-16,-8],[66,15],[9,-14],[32,15],[10,-18],[-23,-13],[-24,-22],[-22,-5],[7,-12],[-35,-29],[-15,-4],[-21,-24],[-59,-37],[-7,-9],[40,11],[0,-18],[-43,1],[9,-8],[34,3],[3,-40],[-14,6],[-28,-18],[13,-3],[-3,-15],[16,9],[3,-14],[-52,-34],[-8,-32],[5,-33],[16,-8],[-7,25],[21,15],[-3,-21],[12,-12],[28,10],[14,30],[16,11],[37,45],[-27,12],[55,51],[49,54],[33,27],[14,38],[16,4],[6,16],[50,49],[55,35],[18,3],[10,-25],[-14,-30],[17,-3],[-24,-51],[-70,-26],[7,-5],[30,11],[37,-10],[-23,-53],[5,-19],[-16,-20],[-2,-29],[11,-5],[22,12],[3,20],[28,6],[7,18],[31,1],[2,-9],[23,6],[-20,27],[21,32],[50,-11],[-32,18],[-6,13],[12,12],[-18,8],[14,17],[34,1],[-1,14],[16,22],[66,-9],[-36,9],[13,10],[-20,15],[-13,-2],[4,17],[-17,-14],[-34,5],[-16,12],[11,20],[42,-11],[-27,24],[5,13],[52,-9],[18,-23],[7,28],[-14,22],[11,13],[16,-1],[3,14],[15,-10],[-4,-17],[41,-12],[39,14],[11,-13],[24,20],[17,-14],[-19,-25],[12,-9],[26,12],[34,-2],[13,-8],[-15,-40],[-26,-1],[17,-9],[-23,-9],[4,-9],[-32,3],[18,-9],[-18,-12],[-64,6],[-45,-3],[16,-9],[-12,-13],[29,11],[25,-11],[29,-2],[-14,-15],[-32,-7],[-33,-22],[-34,-13],[34,3],[84,28],[24,17],[11,-6],[-3,-22],[-13,-17],[-55,-38],[-35,-20],[8,-24],[8,20],[63,13],[-25,-11],[11,-16],[29,30],[20,3],[-38,-53],[-4,-65],[2,-49],[-23,-32],[27,23],[10,26],[-8,48],[13,57],[17,11],[8,20],[18,5],[14,-22],[15,28],[-17,1],[-20,16],[28,57],[23,-2],[-20,21],[46,56],[17,11],[61,4],[1,-10],[37,-2],[19,-25],[24,-6],[-26,-18],[29,-4],[-22,-5],[6,-13],[-16,-6],[11,-9],[15,17],[30,3],[42,17],[18,-8],[-4,-27],[-19,-19],[34,5],[39,35],[27,-1],[23,-13],[-26,-15],[34,-5],[23,-12],[-2,-10],[-48,-15],[9,-12],[69,16],[29,-8],[-4,-11],[39,-21],[19,-24],[27,19],[31,-40],[-9,-18],[13,-18],[-34,-9],[-90,-7],[-14,-19],[-21,-4],[-3,-18],[-16,-16],[-40,-11],[3,-10],[-218,22],[-134,27],[-13,-9],[37,3],[-34,-21],[13,-9],[25,5],[19,-8],[-28,-3],[44,-5],[16,-8],[34,1],[13,-9],[-8,-13],[44,3],[80,-20],[-58,-30],[-18,-18],[17,1],[18,20],[53,0],[8,-31],[-8,-15],[-21,-14],[-37,-49],[44,33],[52,0],[30,18],[-6,-22],[18,5],[8,-14],[17,-4],[-18,26],[23,12],[-12,12],[2,30],[29,3],[-5,-18],[30,-3],[3,-60],[-12,-15],[20,5],[5,33],[-3,25],[7,3],[50,-4],[2,-15],[32,14],[10,-45],[10,-14],[0,-41],[-17,-22],[-23,-3],[-57,6],[-51,37],[-25,9],[-17,-2],[21,-12],[5,-30],[-14,-12],[-10,-31],[-52,-36],[-35,-1],[-34,-18],[-40,-2],[-24,-15],[-7,-34],[-14,-37],[-16,-20],[-25,-16],[-27,-3],[-26,24],[-4,11],[10,48],[85,71],[27,38],[-33,53],[-17,39],[-153,49],[-17,7],[-6,24],[-49,17],[-64,77],[-24,-5],[-42,1],[-12,-16],[-27,-9],[-29,-19],[-2,-14],[-50,-12],[-55,16],[-37,-1],[-48,-8],[-19,-36],[-24,-18],[-28,-35],[-39,-8],[-16,-19],[10,-19],[-10,-27],[-18,-12],[0,-29],[-11,-16],[9,-21],[-21,-26],[-13,-53],[8,-22],[-3,-36],[11,-20],[-35,-57],[-11,-5],[-29,7],[-21,-6],[-44,-27],[-12,-21],[-1,-42],[-7,-14],[-38,-15],[-12,-21],[-10,4],[-25,32],[-21,12],[-77,19],[-35,16],[-13,14],[-47,17],[-33,-7],[-12,-37],[-22,-9],[-37,-4],[-67,-30],[-23,23],[-18,8],[-40,-5],[-59,21],[-39,-6],[-8,9],[-6,40],[-22,16],[-27,43],[-33,24],[-17,24]],[[7264,4860],[115,10],[20,9],[15,23],[0,30],[-27,43],[-29,34],[0,32],[59,14],[37,1],[16,32],[25,24],[-33,7],[-30,13],[-32,51],[13,20],[-11,9],[6,19],[-56,18],[-20,29],[-1,12],[-28,50],[-30,-7],[-26,-18]],[[7380,5398],[-16,18],[26,23],[49,1],[20,0],[11,-23],[30,-4],[11,-33],[-63,3],[-68,15]],[[7561,5394],[-26,0],[-4,20],[11,38],[-23,-32],[-20,8],[-19,19],[22,8],[-16,13],[29,20],[25,11],[5,-10],[28,10],[5,-17],[10,30],[13,-8],[6,13],[29,-8],[-23,18],[15,14],[12,1],[11,-18],[-3,-27],[16,-6],[1,-15],[-16,-24],[-43,-27],[-21,-5],[15,-10],[-39,-16]],[[7671,5563],[-11,15],[16,21],[25,1],[1,-18],[33,0],[17,-9],[7,-19],[15,-12],[-6,-13],[-21,-10],[-20,-19],[-14,-5],[-28,5],[-22,55],[8,8]],[[7480,5507],[-54,11],[-2,-17],[-15,-10],[-18,13],[-5,-17],[-17,9],[-12,-7],[-14,19],[-9,-23],[-24,-3],[22,42],[22,16],[-75,-7],[15,15],[-29,7],[22,5],[35,-13],[8,19],[21,-6],[23,-15],[-11,32],[10,4],[19,-14],[11,18],[26,-13],[-14,-15],[25,-1],[3,-18],[8,16],[19,0],[-24,45],[30,-3],[18,-11],[-9,-10],[18,-15],[13,28],[22,-6],[11,9],[-32,26],[15,10],[16,-10],[0,16],[26,-22],[13,1],[-3,37],[19,-9],[15,-23],[-17,-2],[4,-18],[-13,4],[-18,-31],[-27,5],[6,-18],[-22,-29],[-17,8],[-4,-14],[-30,-15]],[[8224,5711],[37,20],[-8,-21],[-25,-11],[-23,1],[-17,-8],[-39,7],[5,-15],[-52,-5],[-27,23],[34,15],[-24,6],[-31,-10],[-8,16],[25,18],[14,-6],[3,13],[56,-18],[-7,14],[-30,21],[29,9],[2,-7],[29,4],[-6,-18],[22,-7],[30,12],[7,-16],[-34,-16],[18,-6],[-8,-12],[28,-3]],[[4999,3140],[-8,-11],[19,-5],[-18,-19],[-17,-6],[-37,9],[24,21],[-2,24],[23,16],[19,-22],[-3,-7]],[[4978,3283],[-14,-25],[-14,-8],[12,14],[16,19]],[[4927,3381],[5,-29],[-13,-18],[-17,11],[-20,1],[15,33],[30,2]],[[5042,3389],[-24,-30],[-9,7],[11,14],[22,9]],[[5040,3409],[-14,-7],[9,15],[19,10],[-14,-18]],[[5024,3479],[-31,-36],[1,11],[20,22],[10,3]],[[5211,3637],[-55,-23],[13,19],[40,6],[2,-2]],[[5127,3648],[14,-6],[3,-21],[-13,-12],[-15,2],[-11,17],[22,20]],[[5161,3704],[-5,-19],[-8,12],[0,-27],[-23,13],[12,11],[-8,14],[16,6],[16,-10]],[[5090,3774],[8,-11],[-8,-9],[-13,14],[13,6]],[[5259,3858],[21,-3],[-4,-8],[-44,-4],[27,15]],[[5374,3979],[-26,-7],[2,14],[15,4],[9,-11]],[[5462,4004],[-11,-14],[3,-33],[-11,-4],[-14,27],[-25,7],[18,25],[24,-10],[17,27],[-1,-25]],[[5499,4139],[-2,-11],[-38,-9],[34,28],[6,-8]],[[5106,4246],[-35,-6],[18,13],[17,5],[0,-12]],[[5665,4382],[42,-22],[-30,-7],[-44,2],[2,25],[30,2]],[[5854,4398],[4,-7],[-21,-6],[-32,12],[-21,-11],[-32,7],[22,10],[67,1],[13,-6]],[[5702,4377],[-19,0],[-6,13],[17,18],[8,-31]],[[5265,4419],[-9,-23],[-9,9],[-19,-19],[-6,22],[-11,-9],[2,19],[15,15],[17,-15],[6,12],[-14,19],[4,10],[25,-3],[8,-9],[-9,-28]],[[5615,4499],[-5,-9],[-18,10],[21,24],[15,-10],[-13,-15]],[[5462,4530],[7,-14],[-16,-15],[-13,21],[-21,0],[2,16],[19,1],[22,-9]],[[5584,4609],[-37,28],[15,13],[10,-5],[67,-9],[0,-9],[-25,-18],[-30,0]],[[5630,4776],[-27,5],[7,19],[20,-1],[8,-11],[-8,-12]],[[4949,3101],[21,-6],[9,-15]],[[6009,4627],[6,-11],[32,5],[33,20],[113,4],[47,14],[110,5],[35,-35]],[[6385,4629],[-6,-4],[-6,-59],[12,-87],[-5,-17],[-57,-82],[-6,-1],[-135,59],[-24,-28],[-96,-57],[-10,-15],[-37,-101],[-29,-39],[-27,-16],[-39,-6],[-17,-37],[73,-98],[-5,-65],[-68,-52],[-21,-21],[-86,-126],[-57,-47],[13,-66],[1,-29],[-101,-54],[-120,-12],[25,-124],[-2,-27],[-18,-36],[-12,-103],[1,-64],[-26,-28],[-8,-17],[-9,-45]],[[4985,3075],[-2,22],[41,17],[24,0],[8,14],[24,2],[44,41],[32,41],[0,9],[-62,-60],[-38,-22],[-32,2],[3,12],[21,2],[-19,26],[67,3],[1,6],[-57,5],[-21,-3],[-24,-14],[23,29],[35,30],[13,-2],[-16,36],[38,-13],[3,28],[-21,14],[12,7],[-10,27],[-14,-34],[-25,10],[2,27],[-11,-2],[-4,20],[34,42],[18,-6],[8,-25],[11,-11],[31,0],[-24,10],[-8,22],[-18,10],[-1,14],[33,27],[-19,0],[-3,10],[15,34],[25,17],[30,-6],[30,-12],[31,-30],[-15,40],[-31,6],[-13,14],[7,19],[17,14],[-73,-11],[-10,9],[19,18],[27,13],[42,8],[42,14],[18,15],[52,9],[11,-9],[-19,-14],[21,-1],[-12,-28],[7,-4],[18,20],[45,5],[-51,8],[20,22],[33,-7],[31,7],[9,15],[29,20],[-1,12],[-39,-17],[-13,-16],[-36,12],[-13,-19],[-18,-5],[-11,21],[-38,-20],[-29,-1],[-19,-16],[-32,-14],[-8,11],[30,26],[37,18],[41,1],[2,8],[-24,-1],[7,12],[-17,-1],[-31,-20],[-21,3],[5,11],[-28,-4],[-9,17],[33,12],[6,12],[-20,38],[-25,10],[30,9],[27,-16],[1,-23],[10,6],[-1,21],[22,12],[31,4],[42,-16],[-11,10],[-38,11],[33,19],[-22,0],[-19,-19],[-36,-6],[-15,3],[10,26],[29,8],[-28,0],[-15,15],[38,-9],[23,5],[23,-9],[-16,17],[-50,11],[-3,10],[56,-5],[8,-9],[39,-1],[1,11],[36,1],[9,8],[-42,0],[-24,-10],[-14,5],[9,16],[31,-5],[0,9],[-50,6],[9,8],[34,2],[19,-6],[52,-1],[-45,8],[-38,29],[-8,14],[-20,0],[17,14],[36,-1],[4,14],[24,0],[25,11],[-19,-17],[10,-9],[25,27],[-6,12],[11,17],[11,-31],[27,-4],[11,34],[34,2],[40,-17],[-2,14],[-48,9],[-19,-1],[17,37],[22,-3],[51,3],[16,-18],[-5,19],[-17,7],[-32,1],[21,11],[11,-9],[30,13],[34,-6],[-6,-26],[17,-16],[-9,21],[20,23],[17,4],[62,-21],[8,-11],[-3,-19],[14,0],[4,33],[-19,12],[19,6],[61,-18],[-2,18],[-24,-5],[-46,15],[-23,-12],[7,14],[-29,-3],[-36,6],[20,13],[4,14],[-35,-8],[-8,-10],[-48,0],[14,-6],[-38,-17],[2,27],[-24,-11],[-59,-5],[64,60],[13,21],[34,-2],[5,-19],[14,12],[39,18],[-53,0],[-22,19],[15,15],[63,24],[23,-19],[-12,-2],[-24,15],[12,-21],[-11,-13],[-30,0],[-6,-8],[38,0],[36,23],[9,-14],[-17,-30],[24,25],[30,4],[24,-11],[24,-58],[20,-24],[9,12],[-18,13],[-9,27],[-17,14],[17,16],[-13,2],[16,19],[44,18],[26,2],[-6,8],[-48,-10],[-39,-18],[-54,6],[-9,7],[3,19],[15,5],[37,-8],[-13,24],[-11,-11],[-20,9],[-19,-8],[0,16],[34,18],[-9,15],[26,-14],[30,-6],[-6,8],[33,-5],[-25,14],[-15,-6],[-19,19],[45,3],[47,-31],[9,6],[-11,16],[-37,14],[15,15],[-23,-9],[-49,13],[-45,-37],[-36,-19],[-47,-15],[-26,8],[35,18],[-20,12],[76,6],[-24,2],[5,16],[-45,-6],[-21,15],[9,8],[63,7],[3,10],[-53,-7],[35,22],[45,-4],[10,-6],[-8,-18],[24,26],[57,12],[-10,-19],[23,24],[44,10],[18,-21],[20,31],[4,15],[22,3],[-49,9],[6,15],[-21,-16],[-44,2],[-13,16],[-37,-23],[12,-6],[-19,-6],[-18,18],[29,30],[25,12],[0,-16],[28,17],[1,14],[23,-12],[0,-21],[-27,0],[0,-15],[48,16],[24,17],[-12,16],[16,8],[5,27],[17,-2],[6,-19],[-4,-17],[12,5],[-6,-26],[4,-18],[-11,-19],[27,-13],[13,-18],[6,-33],[10,-3],[36,-31],[4,20],[-33,10],[-13,11],[4,33],[-15,12],[22,-4],[24,-33],[14,-8],[1,18],[-32,24],[11,6],[24,-23],[5,26],[-32,6],[23,28],[46,-19],[7,9],[-27,7],[-17,14],[-37,-16],[-11,4],[8,-6],[-3,-15],[-33,7],[22,17],[4,-3],[8,15],[22,15],[-1,12],[31,-10],[-25,27],[-8,-8],[-55,-2],[11,10],[31,2],[-2,9],[-35,3],[-21,11],[17,15],[25,-4],[9,-11],[44,-12],[12,-10],[1,-17],[42,-24],[14,-3],[-17,19],[-20,12],[-9,23],[-19,15],[-26,4],[-45,23],[47,17],[64,7],[40,-14],[-10,-22],[40,10],[31,12],[22,-39],[26,-13],[-3,-37],[10,5],[-2,19],[15,5],[-7,13],[-28,20],[-15,27],[10,14],[19,1],[39,-19],[11,6],[-41,16],[40,6],[65,-14],[-48,24],[-33,-1],[18,36],[-43,-12],[-24,-21],[-50,-9],[6,24],[-22,8],[-30,-26],[-74,-5],[-16,32],[18,15],[9,-4]],[[4967,3232],[15,-1],[5,13],[-11,5],[39,31],[-4,12],[-27,-9],[18,47],[12,-22],[17,-11],[11,-17],[11,-35],[-36,-25],[-30,-3],[9,-19],[-39,-29],[10,39],[-10,2],[10,22]],[[5111,3520],[28,5],[11,-5],[-40,-17],[-26,-15],[-31,-27],[-3,9],[-26,-3],[24,39],[30,17],[12,-3],[-9,-15],[30,15]],[[5049,3563],[23,20],[-33,7],[26,13],[14,-10],[2,-10],[-15,-12],[23,-8],[-26,-22],[-56,-21],[32,32],[-21,-1],[31,12]],[[5135,4339],[32,69],[22,22],[19,0],[-14,-13],[8,-46],[-21,-5],[-15,12],[-1,-15],[17,-8],[-7,-16],[-27,-10],[-6,-14],[-20,-6],[14,19],[-1,11]],[[5322,4423],[-4,17],[-16,5],[2,-17],[-12,-18],[-14,13],[8,16],[23,23],[-25,-12],[11,18],[-3,16],[24,7],[-27,7],[32,23],[36,-11],[19,25],[26,5],[5,-19],[-9,-11],[28,6],[17,-12],[-12,-21],[-17,-11],[-61,-10],[17,-17],[-18,-8],[-11,9],[-1,-20],[-18,-3]],[[5563,4502],[-41,-24],[-70,-19],[0,22],[37,17],[-24,4],[17,5],[-6,22],[13,4],[9,-15],[11,14],[13,-1],[-27,25],[26,5],[23,-9],[-12,18],[26,10],[13,-22],[4,23],[17,-2],[6,-16],[-9,-15],[22,14],[5,21],[26,-3],[12,9],[22,-4],[-28,-34],[-21,-5],[-3,-10],[-40,-30],[-10,1],[12,24],[-9,9],[-9,-22],[-16,-8],[11,-8]],[[5982,4598],[-22,-10],[8,-7],[-1,-7],[-40,-2],[-25,-14],[-7,9],[19,13],[-14,3],[19,35],[34,10],[17,-8],[12,-22]],[[5718,4678],[-64,-32],[-44,2],[-13,24],[30,11],[21,2],[13,12],[17,3],[-3,24],[-29,7],[10,-10],[-12,-17],[-45,-16],[-5,16],[-13,-19],[-18,9],[-13,-27],[-43,-6],[-14,33],[13,12],[26,9],[-24,9],[20,22],[15,-29],[5,29],[18,8],[-1,-25],[47,10],[0,-14],[15,11],[1,15],[-11,12],[11,9],[13,-31],[10,25],[25,-15],[-20,27],[-14,45],[30,14],[13,-35],[24,-12],[-13,-36],[20,15],[13,-3],[-7,-21],[-16,0],[-2,-18],[28,-14],[0,-16],[-14,-19]],[[5794,4892],[31,10],[16,39],[56,29],[10,-20],[-20,-55],[-10,-5],[-46,-48],[-44,-17],[-19,13],[5,-16],[-9,-29],[-24,-13],[-1,35],[8,22],[26,41],[21,14]],[[5989,4647],[-3,-14],[-32,4],[-29,-4],[-19,-11],[-11,4],[-9,-30],[-20,-31],[-21,-11],[1,33],[-31,-8],[-5,-23],[-24,-32],[-23,16],[-35,-4],[-5,12],[11,16],[16,6],[32,31],[-16,15],[3,-15],[-27,-25],[-12,1],[-25,-21],[-16,-3],[5,-13],[-23,-13],[-12,-16],[-19,-7],[2,26],[14,11],[12,23],[34,30],[1,25],[-22,3],[15,18],[49,15],[-3,9],[18,7],[-14,14],[-2,27],[45,7],[-32,-1],[-10,6],[-2,24],[43,6],[-17,7],[-2,14],[17,6],[-7,9],[11,21],[31,0],[19,7],[12,-6]],[[5852,4812],[-8,-9],[1,-26],[-36,-63],[13,-14],[-1,-12],[-22,-25],[-9,-36],[8,-29],[46,35],[14,21],[22,-3],[51,17],[58,-21]],[[6131,4725],[-61,-15],[1,21],[40,39],[8,-19],[22,-21],[-10,-5]],[[6160,4770],[0,27],[22,-2],[28,-23],[-32,-27],[-19,-5],[-10,10],[-5,22],[-17,15],[5,11],[28,-28]],[[5971,4819],[35,-2],[8,-9],[-8,-26],[-40,6],[-31,29],[10,12],[26,-10]],[[6201,4826],[-11,3],[0,18],[23,21],[22,3],[-1,-15],[-33,-30]],[[6452,5191],[-7,8],[15,10],[17,-5],[-1,-12],[-24,-1]],[[6964,5184],[-26,-1],[-7,16],[9,25],[35,6],[2,-31],[-13,-15]],[[6733,5206],[-45,-7],[-10,9],[22,27],[37,19],[19,18],[19,-14],[-31,-47],[-11,-5]],[[7027,5274],[39,1],[-28,-13],[-9,-15],[-32,0],[-10,23],[9,17],[14,2],[17,-15]],[[7211,5279],[-7,-12],[-30,12],[10,11],[27,-11]],[[6528,5299],[22,18],[19,-15],[-15,-12],[-34,-11],[-15,-16],[-10,28],[12,16],[-2,12],[19,-4],[4,-16]],[[7017,5305],[-15,-3],[-8,20],[10,14],[19,-18],[-6,-13]],[[6703,5312],[-44,8],[2,18],[18,1],[30,-20],[-6,-7]],[[6547,5355],[0,-22],[-23,6],[12,15],[11,1]],[[6623,5382],[11,-30],[-6,-22],[-29,-8],[-25,15],[33,20],[-7,19],[23,6]],[[6861,5367],[-5,3],[0,35],[20,-19],[-15,-19]],[[7194,5350],[23,-19],[30,-16]],[[7264,4860],[-66,87],[-6,3],[-76,9],[-51,-23],[-15,-25],[29,-42],[-14,-19],[-15,-1],[-67,28],[-28,-30],[-122,-6],[55,-49],[4,-46],[-4,-18],[-24,-47],[-20,-22],[-44,-29],[66,-28],[-55,-50],[-18,-6],[-105,32],[-104,36],[-79,-4],[-14,2],[-48,32],[-58,-15]],[[6009,4627],[-2,34],[13,13],[43,17],[43,12],[36,-33],[-11,16],[3,13],[31,11],[29,-6],[21,-19],[37,6],[-29,4],[-21,24],[-19,-6],[-21,11],[53,26],[24,-11],[37,-5],[14,-13],[0,13],[-74,23],[54,26],[23,-10],[7,12],[-27,8],[3,9],[-69,-15],[13,21],[12,6],[-10,15],[44,42],[-5,11],[49,2],[21,12],[46,3],[-17,6],[5,26],[-20,1],[-3,24],[25,22],[16,32],[-6,22],[35,13],[19,-29],[-4,-13],[19,1],[14,-17],[-3,-28],[10,1],[6,31],[8,-28],[24,-17],[-3,25],[32,3],[24,-13],[21,-1],[-20,18],[-63,16],[-23,29],[-23,4],[7,33],[31,9],[53,5],[-2,-22],[11,-2],[10,-23],[17,-8],[1,-14],[31,-19],[47,-4],[6,-19],[-28,-12],[11,-22],[19,9],[22,-10],[-7,18],[2,25],[-24,26],[-45,0],[-21,26],[-16,12],[1,18],[15,12],[29,8],[16,-12],[-7,20],[-42,-8],[-8,-7],[-14,12],[-4,23],[34,35],[3,18],[46,21],[35,-3],[26,10],[42,6],[11,-4],[-26,-54],[13,-17],[-20,-44],[2,-36],[-28,-26],[37,19],[13,74],[43,-3],[-16,9],[-9,27],[12,33],[31,35],[-9,-35],[9,2],[38,77],[1,-27],[9,-10],[-3,29],[17,19],[10,-2],[24,-32],[-5,-38],[-14,-34],[-3,-25],[12,-12],[2,-19],[-21,-11],[-3,-39],[-15,-7],[-5,-24],[-49,-33],[4,-6],[-20,-25],[20,8],[17,21],[48,25],[18,34],[33,48],[35,-25],[39,-5],[-22,8],[-22,29],[-31,14],[10,46],[-6,17],[31,1],[34,13],[9,18],[-9,16],[62,29],[9,-1],[-25,-17],[-21,-22],[30,-29],[-6,16],[14,15],[27,7],[-11,-28],[18,9],[2,33],[26,1],[-26,11],[10,31],[33,11],[38,-17],[11,-15],[-6,-12],[25,-17],[17,-3],[34,-25],[12,-21],[30,-17],[-6,24],[-33,20],[19,-2],[3,11],[-19,8],[-4,29],[6,18],[20,0],[9,-13],[-3,26],[-43,-1],[-16,11],[10,8],[38,2],[23,26],[-34,-16],[-27,4],[-29,-14],[-24,16],[-23,-3],[-19,26],[15,11],[-32,-5],[-35,19],[5,8]],[[6487,5085],[-84,-21],[-17,0],[-21,18],[-25,9],[10,12],[23,8],[23,-4],[13,-16],[26,21],[-26,0],[-25,30],[69,0],[31,-7],[-4,8],[-48,4],[-14,20],[7,12],[29,-7],[0,-11],[24,23],[16,0],[-3,-21],[16,-30],[19,42],[-24,23],[-2,22],[19,-7],[19,4],[-1,-15],[35,-5],[17,-20],[-6,-19],[-28,-20],[-26,-8],[-8,-15],[14,-10],[-2,-15],[-21,-11],[-25,6]],[[6696,5233],[-26,-34],[-17,-11],[-50,-11],[-18,22],[-47,29],[-19,5],[-7,14],[31,-2],[17,12],[-22,5],[1,15],[21,6],[43,1],[-13,21],[13,-3],[20,12],[4,-11],[24,2],[-8,-21],[23,-17],[18,24],[21,4],[6,-28],[16,13],[8,-16],[-34,-15],[-5,-16]],[[6946,5374],[34,0],[21,-18],[-12,-35],[6,-21],[-25,1],[-24,-11],[3,23],[-22,-17],[-17,4],[-10,15],[6,31],[30,16],[10,12]],[[6750,5330],[-27,36],[-23,14],[33,18],[6,-18],[21,-17],[6,-18],[11,17],[18,-6],[1,-12],[25,-2],[-17,-7],[41,-15],[-24,-5],[-17,-18],[-37,0],[-17,11],[0,22]],[[5852,4812],[4,-30],[-15,-46],[-23,-21],[21,5],[24,19],[8,-12],[-13,-34],[-15,-14],[-18,-4],[-7,-13],[3,-23],[10,1],[-1,20],[45,30],[13,-21],[4,18],[-11,17],[18,13],[24,-2],[-21,21],[-3,23],[19,9],[18,-8],[-3,29],[14,-15],[29,-9],[4,-15],[24,4],[-15,-15],[8,-30],[11,-6],[-4,-23],[-16,-22],[1,-11]],[[6223,5068],[-6,26],[11,-1],[23,-35],[16,-3],[-7,37],[4,4],[19,-28],[20,23],[13,-24],[-11,-16],[0,-24],[23,34],[25,-12],[-16,-6],[-10,-24],[14,-8],[11,15],[8,-8],[1,-32],[-30,-4],[-12,-11],[11,-30],[-17,0],[18,-31],[-59,-3],[-22,-8],[-28,0],[9,20],[-14,0],[-21,-20],[-34,-21],[-18,-25],[6,-11],[-33,-3],[16,29],[-67,-13],[-10,7],[9,21],[56,6],[5,22],[-43,5],[-4,12],[16,7],[33,-3],[5,10],[-43,18],[-3,10],[51,-2],[-21,15],[3,8],[-41,-2],[14,17],[32,-5],[15,6],[32,-3],[21,-12],[6,6],[-26,15],[39,0],[11,6],[-59,12],[-13,21],[27,-9],[21,0],[-18,23],[34,-9],[28,-20],[15,-3],[-18,27],[-17,7]],[[4631,653],[-10,29],[3,20],[-23,58],[13,46],[9,11],[15,-52],[9,46]],[[4647,811],[28,-6],[14,19],[-1,53],[-17,20],[-21,39],[-21,11]],[[4629,947],[18,7],[15,43],[22,33],[1,14],[-26,27],[-29,7],[12,35],[30,-18],[55,18]],[[4727,1113],[15,40]],[[4742,1153],[1,0]],[[4743,1153],[18,-48],[26,-23],[18,-41],[35,-39],[-1,-39],[11,-14],[26,-18],[25,-25],[0,-56],[8,-21]],[[4909,829],[-8,-20],[10,-15]],[[4629,947],[-13,0]],[[4419,1883],[-26,-35],[-2,-16],[53,-37],[4,-13],[-22,-17],[0,-38],[44,-21],[2,13],[18,-3],[5,-25],[-11,-40],[52,-16],[28,-17],[22,21],[17,7],[14,-17],[12,-67],[2,-33],[39,-87],[-18,-10],[-32,-51],[-45,-38],[16,-22],[20,-12],[30,-41],[0,-36],[18,-15],[56,-37],[27,-27]],[[4743,1153],[-16,-40]],[[5003,1908],[10,-48],[-37,-223],[59,-63],[46,-15],[62,-77],[3,-10],[-16,-64],[-17,-23],[-8,-40],[-7,-9],[-41,4],[-53,-15],[-6,-15],[13,-35],[15,-64],[25,-43],[26,-62],[4,-27],[-4,-26],[-25,-43],[8,-44],[-3,-35],[-15,-29],[-36,-41],[-34,-26],[-48,1],[-15,-7]],[[4647,811],[-1,20],[-15,10],[-5,-10],[-32,-3],[-13,-14],[3,-21]],[[4430,448],[-16,7],[-17,25],[-1,-19],[-12,37],[-21,-5],[26,-36],[17,-10],[-16,-14],[8,-11],[-23,-7],[-4,-9],[-25,3],[13,-13],[-29,0],[-14,-16],[-10,8],[-6,-21],[31,5],[11,-5],[-15,-21]],[[4327,346],[-42,14],[-1,23],[-11,16],[-29,29],[-4,15],[-39,-1],[-9,-18],[5,-17],[-6,-23],[-10,-6],[-43,36],[-29,-8],[-14,15],[-15,0],[-38,20],[-8,-11],[-23,3],[-16,9],[-29,52],[-19,22],[4,39],[-12,25],[-27,24],[-20,24],[17,14],[3,21],[-19,19],[3,28],[-19,22],[-23,-3],[-28,15]],[[4327,346],[-11,-15],[-21,-8],[-40,5],[-4,-9],[36,-1],[-14,-14],[10,-7],[-38,-35],[-20,-6],[-1,-24],[-29,-32],[-16,-11],[-11,-21],[-30,-14],[-18,-40],[-18,6],[-17,-11],[-30,-39]],[[7979,8097],[-14,9],[36,38],[61,40],[27,33],[24,0],[-44,-40],[-40,-23],[-9,-15],[-31,-16],[-10,-26]],[[7155,9040],[5,-8],[40,15],[48,-7],[10,-11],[28,14],[13,-2],[8,-27],[25,-17],[-9,-21],[10,-32],[-3,-27],[11,-17],[-285,-29],[-7,8],[-54,3],[-29,-16],[-10,7],[19,13],[0,8],[20,9],[-18,14],[-59,4],[10,10],[32,1],[2,22],[-48,22],[-70,15],[7,9],[160,27],[35,-5],[16,4],[5,19],[17,11],[31,2],[28,-6],[12,-12]],[[8385,9061],[-11,14],[-54,19],[-16,29],[12,14],[39,1],[10,-11],[42,-32],[42,-5],[-15,-19],[-49,-10]],[[4771,9025],[-5,-10],[42,8],[10,-17],[65,-28],[24,2],[5,-24],[38,-37],[25,-43],[-14,-4],[-10,9],[-31,1],[-26,21],[9,15],[-53,26],[-10,12],[-64,25],[-43,-6],[-19,20],[-29,55],[-32,25],[0,10],[-48,31],[-12,13],[11,14],[-9,23],[-11,8],[17,8],[67,-13],[36,-20],[-3,-17],[27,-8],[20,-19],[-31,-18],[24,-13],[1,-13],[18,-6],[11,-30]],[[8920,9183],[10,-3],[86,0],[53,7],[9,-10],[-110,-20],[-71,19],[-13,7],[-118,-15],[-63,-24],[-62,10],[46,13],[28,19],[50,1],[14,10],[-2,10],[86,-1],[48,-14],[9,-9]],[[9200,9210],[-22,-2],[-14,17],[56,1],[5,-6],[-25,-10]],[[6859,9276],[58,1],[27,-10],[45,-7],[13,-14],[-29,-13],[-47,-4],[-23,-9],[-21,3],[-16,10],[-29,-1],[-19,8],[24,9],[-2,24],[19,3]],[[6844,9382],[-10,-13],[-17,9],[-78,-8],[-4,18],[-14,5],[22,8],[101,-19]],[[4707,9525],[-22,-17],[-32,2],[-10,13],[25,3],[-32,12],[38,3],[38,-9],[-5,-7]],[[4708,9547],[-7,-4],[-62,5],[-19,8],[18,10],[35,-2],[35,-17]],[[9999,9758],[-23,-12],[-120,-10],[-47,-16],[-286,-27],[-30,14],[3,4],[339,40],[13,6],[71,12],[80,-11]],[[6501,9798],[16,-5],[-31,-17],[-31,-11],[-43,17],[-43,6],[7,12],[39,21],[64,-10],[22,-13]],[[7834,9833],[-52,-4],[2,28],[10,5],[40,-29]],[[7786,9886],[26,-11],[-17,-8],[-47,6],[-2,10],[40,3]],[[6806,9876],[-31,2],[3,10],[35,11],[28,-12],[-35,-11]],[[6989,9943],[-3,-8],[-56,18],[65,-3],[-6,-7]],[[7121,9967],[6,-7],[-52,-11],[-22,5],[-6,11],[47,8],[27,-6]],[[7044,9975],[-6,-8],[-40,-6],[0,10],[-31,1],[-10,11],[-24,6],[-4,10],[25,0],[22,-14],[68,-10]],[[7117,8544],[-53,-8],[-41,2],[-11,10],[13,16],[-16,11],[5,18],[74,15],[9,10],[-2,15],[8,32],[42,27],[1,12],[26,16],[-4,17],[28,10],[-18,9],[-50,12],[-29,12],[-84,40],[5,11],[21,13],[164,31],[163,-5],[33,14],[101,11],[84,-25],[34,-21],[-23,-9],[-6,-11],[-49,-4],[-15,-13],[0,-26],[11,-10],[58,-13],[61,-37],[72,-8],[31,18],[39,2],[17,6],[24,-20],[4,-18],[-42,-29],[-5,-19],[-46,-45],[-7,-4],[-24,-42],[-37,-23],[-45,-14],[-46,-21],[-18,-22],[3,-15],[-12,-12],[-73,-4],[-51,-9],[-64,12],[-8,18],[25,14],[-5,21],[-15,14],[5,10],[54,24],[25,27],[-39,-2],[-11,8],[-28,4],[-35,-10],[-24,-22],[-192,-15],[-12,-6]],[[6914,9199],[220,-35],[31,-7],[-3,-26],[10,-7],[-10,-14],[-34,-20],[7,-12],[-63,-3],[-20,-9],[-41,15],[-41,6],[-20,-26],[-38,4],[-53,1],[-28,-3],[-14,-15],[-64,9],[-42,-19],[4,-15],[18,-14],[-161,-21],[-7,-7],[26,-33],[-18,-21],[-6,-24],[26,-14],[-10,-18],[-26,-10],[16,-17],[17,-6],[-1,-17],[-58,-26],[-54,12],[-42,-15],[24,-18],[-31,-18],[-11,-15],[26,-21],[3,-45],[-22,-32],[2,-18],[-18,-25],[3,-28],[-24,-13],[-39,1],[-20,9],[-50,-9],[2,-11],[-26,-10],[8,-8],[-21,-33],[-20,-20],[2,-25],[-17,-24],[5,-19],[-16,-15],[-13,-32],[-52,5],[3,-8],[51,-26],[-10,-11],[-45,-34],[-6,-17],[-32,-10],[3,-15],[31,-6],[30,-21],[-3,-9],[-25,-11],[4,-10],[-21,-7],[-4,-15],[-43,-15],[-52,5],[-7,13],[-29,7],[-18,-21],[-14,9],[10,27],[-13,22],[-37,14],[-44,10],[-14,14],[-47,26],[-42,10],[18,20],[35,4],[11,10],[20,-2],[44,13],[34,-1],[12,-18],[21,4],[6,19],[27,-2],[2,10],[-57,-4],[-34,14],[-16,25],[-16,-11],[-23,4],[14,-21],[-41,-9],[-92,3],[-46,18],[-2,16],[-21,5],[-2,17],[-101,22],[-33,-3],[-23,9],[-16,25],[4,11],[-38,6],[0,24],[-38,22],[-10,24],[24,-1],[-32,21],[-2,15],[40,15],[84,8],[18,-6],[18,-17],[-11,-18],[43,2],[11,23],[30,-1],[30,9],[24,-10],[166,-6],[36,-16],[28,-23],[19,-2],[16,21],[-40,7],[-59,34],[-207,19],[-19,-2],[-33,20],[28,9],[40,1],[19,8],[265,30],[21,11],[124,6],[21,-8],[39,-6],[-24,12],[-32,7],[-23,23],[26,1],[22,12],[4,15],[-57,-12],[-18,-20],[-211,-13],[-55,19],[-57,-10],[-50,-29],[-74,-5],[-25,-5],[-24,11],[-11,-5],[25,-6],[-39,-4],[-47,0],[-10,10],[-25,-4],[-36,-23],[-17,10],[-20,-5],[-19,16],[24,15],[-8,11],[-32,10],[6,19],[-10,29],[10,15],[-18,28],[23,2],[42,15],[19,0],[28,-11],[44,-33],[3,-11],[20,4],[-10,26],[-19,24],[187,10],[-10,9],[33,14],[38,24],[28,6],[32,1],[32,-11],[8,8],[-22,11],[-8,13],[9,11],[37,14],[25,-3],[57,11],[35,-10],[150,6],[85,35],[-23,4],[-82,-26],[-52,10],[-14,18],[-36,-6],[-20,12],[23,10],[17,27],[34,20],[21,21],[18,1],[5,14],[-49,0],[-24,20],[-35,-29],[0,-14],[-12,-23],[-64,-20],[-11,-18],[-130,-10],[-23,12],[-20,24],[-5,30],[37,4],[16,16],[8,32],[-18,27],[16,9],[-25,18],[-34,-28],[-9,-24],[6,-24],[9,-5],[-48,-8],[-17,-22],[-42,20],[10,12],[-8,28],[-21,1],[-35,-20],[-31,-8],[19,-4],[6,-38],[11,-9],[-29,-6],[-20,-18],[23,-17],[28,-2],[18,-9],[13,-20],[-16,-5],[-76,4],[-24,-12],[20,-24],[-66,-27],[12,18],[-28,0],[-8,-27],[-34,19],[-11,-1],[24,-23],[-164,6],[-34,-11],[-21,19],[9,21],[-22,29],[-48,7],[-69,49],[39,8],[111,1],[45,15],[-12,5],[-40,-8],[-125,3],[-19,23],[-78,9],[-33,12],[-3,19],[-15,10],[-29,7],[-10,10],[22,28],[13,6],[34,-1],[-17,15],[-68,13],[-29,12],[-26,26],[54,5],[160,-36],[53,0],[8,4],[-14,30],[-12,10],[-77,-12],[-21,5],[29,6],[-98,30],[47,27],[-9,7],[25,24],[43,6],[-19,11],[15,10],[-8,18],[-24,-7],[-34,4],[19,-25],[-26,-2],[-20,19],[-6,19],[-24,-6],[-1,-16],[31,-37],[-4,-9],[-99,-29],[-24,11],[-3,39],[-23,19],[-13,21],[-25,11],[-14,18],[16,6],[-14,11],[16,13],[-5,14],[-27,15],[-15,3],[-3,22],[111,0],[-8,5],[-69,10],[38,23],[98,-9],[-3,11],[-16,4],[-35,25],[8,18],[-12,6],[22,7],[57,-10],[-1,19],[21,-2],[14,13],[35,4],[28,-24],[1,-7],[29,-27],[-4,-9],[28,-6],[6,11],[19,-16],[13,1],[3,20],[-33,17],[-8,24],[8,13],[44,-2],[34,-20],[0,-19],[34,13],[20,-1],[67,25],[44,3],[25,10],[54,-1],[51,11],[35,-20],[5,-27],[-17,-17],[-37,-13],[-111,-5],[-59,-1],[-2,-9],[-83,-34],[-41,-2],[-4,-10],[36,-7],[22,7],[47,2],[29,11],[34,-3],[26,5],[38,-4],[10,-11],[-31,-22],[-23,2],[9,-22],[36,-15],[-5,19],[35,4],[10,-11],[31,-11],[37,-34],[1,-35],[30,-8],[12,11],[14,23],[-34,27],[8,10],[-38,51],[15,15],[28,13],[42,1],[-23,11],[5,7],[30,10],[-12,3],[36,26],[35,32],[70,-17],[17,-9],[38,-40],[42,-19],[8,-36],[15,-15],[1,-13],[19,-29],[12,-33],[24,-9],[42,-40],[-26,-21],[-3,-20],[12,-5],[21,23],[19,-2],[56,-46],[3,-24],[39,-21],[11,-17],[19,-2],[14,9],[-6,15],[-20,7],[-4,17],[-17,31],[-20,15],[-12,28],[-2,20],[-43,33],[3,12],[-22,76],[-5,8],[15,15],[-17,3],[-8,20],[-30,37],[3,13],[-14,17],[7,9],[-5,27],[17,12],[90,-8],[-1,16],[-22,6],[-13,16],[23,22],[-8,9],[67,22],[57,-8],[18,-27],[20,-14],[-1,-19],[26,-16],[24,8],[-12,18],[23,12],[70,-7],[31,-14],[39,-7],[78,-45],[47,-30],[-6,-14],[-37,-13],[-38,-27],[-3,-16],[-34,-8],[39,-4],[6,-20],[-8,-38],[-28,-8],[4,-9],[55,14],[29,24],[17,49],[22,21],[41,7],[24,-14],[25,-5],[39,-20],[11,-28],[26,-16],[-6,-14],[11,-9],[-12,-8],[5,-24],[-22,-17],[-35,-3],[4,-10],[45,2],[20,-11],[3,-32],[67,0],[14,14],[32,-1],[44,-14],[42,5],[13,-34],[18,-10],[-4,-22],[29,3],[40,-8],[58,-24]],[[8142,9737],[35,0],[22,6],[201,-6],[48,-26],[43,-2],[10,-5],[-23,-25],[7,-6],[-17,-24],[31,-21],[-5,-23],[-14,-8],[-53,-5],[-32,-21],[-32,-4],[-26,-14],[-10,-14],[-45,-11],[-18,-12],[-94,-19],[-4,-7],[22,-13],[16,-24],[-9,-13],[-25,-14],[3,-10],[-43,-19],[-57,-11],[-52,-17],[-49,0],[-12,19],[-36,-3],[-47,-21],[-66,-6],[-11,-34],[-43,-19],[-265,15],[-43,19],[-23,19],[5,23],[53,25],[-87,-11],[-24,7],[-164,-17],[-48,11],[-160,-8],[8,11],[-30,24],[-123,5],[-42,18],[-78,19],[-13,25],[44,11],[91,4],[14,-12],[34,-11],[174,-11],[-8,9],[-111,17],[-42,26],[323,9],[10,20],[90,9],[15,7],[-31,8],[-96,-17],[-14,7],[6,9],[28,8],[-400,-16],[-41,-17],[-45,1],[-16,-10],[-59,-4],[-23,11],[-33,-6],[-68,4],[-41,-7],[-14,20],[-21,12],[-36,-4],[-13,16],[-24,8],[-29,26],[-21,3],[43,17],[29,1],[25,7],[15,-4],[21,12],[-29,-1],[27,14],[22,-16],[18,25],[-107,3],[-16,9],[-17,-5],[-20,16],[25,-8],[25,8],[-50,5],[-29,19],[-52,-5],[18,14],[36,14],[71,-5],[52,2],[34,-9],[13,10],[-16,9],[36,-4],[25,-16],[52,-19],[15,-12],[21,0],[15,21],[44,6],[-10,8],[-38,1],[-36,11],[-29,26],[-2,19],[-26,19],[11,6],[58,-8],[15,-6],[63,-43],[15,-5],[41,1],[-27,8],[-1,9],[26,14],[-16,15],[3,10],[28,17],[-90,2],[-12,8],[-2,20],[8,8],[43,-11],[-10,15],[6,11],[33,-6],[7,-8],[42,-1],[16,-17],[1,-19],[12,-2],[11,16],[48,1],[10,-14],[27,-15],[-6,-12],[24,-14],[42,7],[9,-2],[-21,-18],[15,-19],[15,-6],[73,10],[30,12],[-6,-9],[17,-11],[12,15],[27,10],[26,-16],[19,19],[26,-4],[14,-25],[-42,-18],[-27,-21],[11,-4],[42,16],[17,-11],[37,-7],[36,-31],[-9,-9],[5,-15],[20,-2],[20,11],[-1,16],[25,-12],[-30,23],[26,-2],[-19,20],[8,26],[13,23],[-4,18],[24,10],[4,11],[-44,13],[-11,11],[14,27],[16,6],[53,-6],[-17,-30],[31,-12],[-7,13],[18,9],[8,14],[-17,41],[15,4],[38,-18],[68,-9],[20,-9],[-14,-13],[-42,-5],[23,-6],[-1,-9],[23,-2],[0,-28],[-19,-11],[-40,-7],[-12,-35],[13,-16],[28,-8],[12,5],[-35,21],[37,-4],[-1,14],[17,-2],[15,-21],[13,7],[-10,13],[19,10],[-3,-17],[27,-18],[20,18],[33,5],[-17,22],[16,6],[-17,6],[9,21],[25,-12],[38,-3],[-31,15],[41,-4],[28,-11],[1,8],[32,-3],[-6,13],[16,7],[-38,1],[-14,7],[26,11],[52,-9],[26,-17],[-31,-9],[1,-12],[19,-6],[11,11],[31,6],[23,27],[15,-14],[-27,-33],[27,6],[35,-4],[16,6],[58,7],[-32,-13],[23,-12],[46,8],[17,-6],[5,-13],[20,10],[20,-4],[-19,-18]],[[270,5786],[6,-8],[-1,-9],[-4,-7],[-7,-3],[-5,-4],[2,-8],[3,-10],[1,-8],[-5,-5],[-93,-31],[-5,1],[-11,5],[-6,0],[-29,-8],[-9,-6],[-9,-3],[-38,-33],[-4,-2],[-8,-3],[-4,-2],[-2,-3],[-4,-7],[-2,-3],[-5,-3],[-8,-2],[-8,1],[-6,2],[1,3],[1,4],[1,2],[-10,12],[-2,6],[7,3],[7,0],[3,1],[3,2],[8,8],[8,2],[2,2],[2,3],[2,3],[5,2],[20,2],[9,3],[11,8],[2,1],[1,5],[9,4],[28,5],[2,1],[2,4],[2,1],[5,0],[2,2],[3,2],[7,14],[2,3],[4,3],[2,3],[10,18],[6,6],[11,9],[32,3],[3,1],[5,7],[2,1],[6,1],[18,-1],[9,2],[5,0],[5,-2]]],"bbox":[-9.117421020708996,57.99693672281116,33.643303422546374,80.77008646887658],"transform":{"scale":[0.00427650009433497,0.002277542728879431],"translate":[-9.117421020708996,57.99693672281116]},"title":"Norway with Svalbard and Jan Mayen (2019)","version":"2.0.1","copyright":"Copyright (c) 2022 Highsoft AS, Based on data from Natural Earth","copyrightShort":"Natural Earth","copyrightUrl":"http://www.naturalearthdata.com"}