{"type":"Topology","objects":{"default":{"type":"GeometryCollection","geometries":[{"type":"Polygon","arcs":[[0,1,2,3]],"id":"BT.TY","properties":{"hc-group":"admin1","hc-middle-x":0.37,"hc-middle-y":0.49,"hc-key":"bt-ty","hc-a2":"TY","labelrank":"9","hasc":"BT.TY","alt-name":"Trashi Yangtse|Trashiyangtsi","woe-id":"55967863","subregion":null,"fips":"BT00","postal-code":"TY","name":"Tashi Yangtse","country":"Bhutan","type-en":"District","region":"Eastern","longitude":"91.5121","woe-name":"Tashi Yangtse","latitude":"27.676","woe-label":null,"type":"Dzongkhag"}},{"type":"Polygon","arcs":[[4,5,6,7,8,9]],"id":"BT.SG","properties":{"hc-group":"admin1","hc-middle-x":0.51,"hc-middle-y":0.56,"hc-key":"bt-sg","hc-a2":"SG","labelrank":"9","hasc":"BT.SG","alt-name":"Zhemgang","woe-id":"2344885","subregion":null,"fips":"BT18","postal-code":"SG","name":"Shemgang","country":"Bhutan","type-en":"District","region":"Southern","longitude":"90.8505","woe-name":"Shemgang","latitude":"27.0763","woe-label":"Shemgang, BT, Bhutan","type":"Dzongkhag"}},{"type":"Polygon","arcs":[[-7,10,11,12]],"id":"BT.TO","properties":{"hc-group":"admin1","hc-middle-x":0.49,"hc-middle-y":0.54,"hc-key":"bt-to","hc-a2":"TO","labelrank":"9","hasc":"BT.TO","alt-name":"Trongsa","woe-id":"2344888","subregion":null,"fips":"BT21","postal-code":"TO","name":"Tongsa","country":"Bhutan","type-en":"District","region":"Southern","longitude":"90.4811","woe-name":"Tongsa","latitude":"27.4491","woe-label":"Tongsa, BT, Bhutan","type":"Dzongkhag"}},{"type":"Polygon","arcs":[[-12,13,14,15,16,17,18,19]],"id":"BT.WP","properties":{"hc-group":"admin1","hc-middle-x":0.55,"hc-middle-y":0.57,"hc-key":"bt-wp","hc-a2":"WP","labelrank":"9","hasc":"BT.WP","alt-name":"Wangdiphodrang|Andguphodang|Wangdue|Wangdue Phodrang|Wangdupotrang|Wangü-Phodrang","woe-id":"2344889","subregion":null,"fips":"BT22","postal-code":"WP","name":"Wangdi Phodrang","country":"Bhutan","type-en":"District","region":"Central","longitude":"90.0915","woe-name":"Wangdi Phodrang","latitude":"27.5206","woe-label":"Wangdue Phodrang, BT, Bhutan","type":"Dzongkhag"}},{"type":"Polygon","arcs":[[-9,20,21,-3,22,23]],"id":"BT.MO","properties":{"hc-group":"admin1","hc-middle-x":0.49,"hc-middle-y":0.54,"hc-key":"bt-mo","hc-a2":"MO","labelrank":"9","hasc":"BT.MO","alt-name":"Monggar|Mongor","woe-id":"2344879","subregion":null,"fips":"BT12","postal-code":"MO","name":"Mongar","country":"Bhutan","type-en":"District","region":"Eastern","longitude":"91.20140000000001","woe-name":"Mongar","latitude":"27.1956","woe-label":"Mongar, BT, Bhutan","type":"Dzongkhag"}},{"type":"Polygon","arcs":[[-24,24,25]],"id":"BT.PM","properties":{"hc-group":"admin1","hc-middle-x":0.57,"hc-middle-y":0.54,"hc-key":"bt-pm","hc-a2":"PM","labelrank":"9","hasc":"BT.PM","alt-name":"Pema Gatshel|Pemagatshel","woe-id":"2344881","subregion":null,"fips":"BT14","postal-code":"PM","name":"Pemagatsel","country":"Bhutan","type-en":"District","region":"Eastern","longitude":"91.34050000000001","woe-name":"Pemagatsel","latitude":"26.9641","woe-label":"Pemagatsel, BT, Bhutan","type":"Dzongkhag"}},{"type":"Polygon","arcs":[[-26,26,27,-10]],"id":"BT.SJ","properties":{"hc-group":"admin1","hc-middle-x":0.7,"hc-middle-y":0.6,"hc-key":"bt-sj","hc-a2":"SJ","labelrank":"9","hasc":"BT.SJ","alt-name":"Samdrup|Samdrup Jongkha","woe-id":"2344884","subregion":null,"fips":"BT17","postal-code":"SJ","name":"Samdrup Jongkhar","country":"Bhutan","type-en":"District","region":"Eastern","longitude":"91.7328","woe-name":"Samdrup Jongkhar","latitude":"26.9509","woe-label":"Samdrup, BT, Bhutan","type":"Dzongkhag"}},{"type":"Polygon","arcs":[[-25,-23,-2,28,-27]],"id":"BT.TA","properties":{"hc-group":"admin1","hc-middle-x":0.49,"hc-middle-y":0.45,"hc-key":"bt-ta","hc-a2":"TA","labelrank":"9","hasc":"BT.TA","alt-name":"Trashigang","woe-id":"2344886","subregion":null,"fips":"BT19","postal-code":"TA","name":"Tashigang","country":"Bhutan","type-en":"District","region":"Eastern","longitude":"91.734","woe-name":"Tashigang","latitude":"27.2629","woe-label":"Tashigang, BT, Bhutan","type":"Dzongkhag"}},{"type":"Polygon","arcs":[[29,30,31,32,33,34,35]],"id":"BT.CK","properties":{"hc-group":"admin1","hc-middle-x":0.52,"hc-middle-y":0.6,"hc-key":"bt-ck","hc-a2":"CK","labelrank":"9","hasc":"BT.CK","alt-name":"Chukha","woe-id":"2344873","subregion":null,"fips":"BT06","postal-code":"CK","name":"Chhukha","country":"Bhutan","type-en":"District","region":"Western","longitude":"89.5247","woe-name":"Chhukha","latitude":"27.0361","woe-label":"Chhukha, BT, Bhutan","type":"Dzongkhag"}},{"type":"Polygon","arcs":[[-35,36,-16,37,38]],"id":"BT.DA","properties":{"hc-group":"admin1","hc-middle-x":0.58,"hc-middle-y":0.49,"hc-key":"bt-da","hc-a2":"DA","labelrank":"9","hasc":"BT.DA","alt-name":"Dagana|Tagana","woe-id":"2344875","subregion":null,"fips":"BT08","postal-code":"DA","name":"Daga","country":"Bhutan","type-en":"District","region":"Central","longitude":"89.84439999999999","woe-name":"Daga","latitude":"27.0316","woe-label":null,"type":"Dzongkhag"}},{"type":"Polygon","arcs":[[-32,39,40,41]],"id":"BT.HA","properties":{"hc-group":"admin1","hc-middle-x":0.54,"hc-middle-y":0.57,"hc-key":"bt-ha","hc-a2":"HA","labelrank":"9","hasc":"BT.HA","alt-name":"Haa","woe-id":"2344877","subregion":null,"fips":"BT10","postal-code":"HA","name":"Ha","country":"Bhutan","type-en":"District","region":"Western","longitude":"89.1233","woe-name":"Ha","latitude":"27.3711","woe-label":"Ha, BT, Bhutan","type":"Dzongkhag"}},{"type":"Polygon","arcs":[[-33,-42,42,43]],"id":"BT.PR","properties":{"hc-group":"admin1","hc-middle-x":0.53,"hc-middle-y":0.33,"hc-key":"bt-pr","hc-a2":"PR","labelrank":"9","hasc":"BT.PR","alt-name":"Rinpung","woe-id":"2344880","subregion":null,"fips":"BT13","postal-code":"PR","name":"Paro","country":"Bhutan","type-en":"District","region":"Western","longitude":"89.38370000000001","woe-name":"Paro","latitude":"27.4896","woe-label":"Paro, BT, Bhutan","type":"Dzongkhag"}},{"type":"Polygon","arcs":[[-31,44,-40]],"id":"BT.SM","properties":{"hc-group":"admin1","hc-middle-x":0.56,"hc-middle-y":0.56,"hc-key":"bt-sm","hc-a2":"SM","labelrank":"9","hasc":"BT.SM","alt-name":"Samtse","woe-id":"2344883","subregion":null,"fips":"BT16","postal-code":"SM","name":"Samchi","country":"Bhutan","type-en":"District","region":"Western","longitude":"89.0493","woe-name":"Samchi","latitude":"27.0219","woe-label":"Samchi, BT, Bhutan","type":"Dzongkhag"}},{"type":"Polygon","arcs":[[-37,-34,-44,45,46,47,-17]],"id":"BT.TM","properties":{"hc-group":"admin1","hc-middle-x":0.68,"hc-middle-y":0.62,"hc-key":"bt-tm","hc-a2":"TM","labelrank":"7","hasc":"BT.TM","alt-name":"Tashi Chho Dzong|Thimbu","woe-id":"2344887","subregion":null,"fips":"BT20","postal-code":"TM","name":"Thimphu","country":"Bhutan","type-en":"District","region":"Western","longitude":"89.602","woe-name":"Thimphu","latitude":"27.4828","woe-label":"Thimphu, BT, Bhutan","type":"Dzongkhag"}},{"type":"Polygon","arcs":[[-47,48,-19,49]],"id":"BT.GA","properties":{"hc-group":"admin1","hc-middle-x":0.44,"hc-middle-y":0.48,"hc-key":"bt-ga","hc-a2":"GA","labelrank":"9","hasc":"BT.GA","alt-name":null,"woe-id":"55967862","subregion":null,"fips":"BT15","postal-code":"GA","name":"Gasa","country":"Bhutan","type-en":"District","region":"Central","longitude":"89.91330000000001","woe-name":"Gasa","latitude":"28.0641","woe-label":null,"type":"Dzongkhag"}},{"type":"Polygon","arcs":[[-48,-50,-18]],"id":"BT.PN","properties":{"hc-group":"admin1","hc-middle-x":0.53,"hc-middle-y":0.53,"hc-key":"bt-pn","hc-a2":"PN","labelrank":"9","hasc":"BT.PN","alt-name":"Punaka","woe-id":"2344882","subregion":null,"fips":"BT00","postal-code":"PN","name":"Punakha","country":"Bhutan","type-en":"District","region":"Central","longitude":"89.8223","woe-name":"Punakha","latitude":"27.6756","woe-label":"Punakha, BT, Bhutan","type":"Dzongkhag"}},{"type":"Polygon","arcs":[[-38,-15,50]],"id":"BT.CR","properties":{"hc-group":"admin1","hc-middle-x":0.42,"hc-middle-y":0.47,"hc-key":"bt-cr","hc-a2":"CR","labelrank":"9","hasc":"BT.CR","alt-name":"Tsirang","woe-id":"2344874","subregion":null,"fips":"BT07","postal-code":"CR","name":"Chirang","country":"Bhutan","type-en":"District","region":"Central","longitude":"90.16710000000001","woe-name":"Chirang","latitude":"27.0316","woe-label":"Chirang, BT, Bhutan","type":"Dzongkhag"}},{"type":"Polygon","arcs":[[-39,-51,-14,-11,-6,51,-36]],"id":"BT.GE","properties":{"hc-group":"admin1","hc-middle-x":0.64,"hc-middle-y":0.47,"hc-key":"bt-ge","hc-a2":"GE","labelrank":"9","hasc":"BT.GE","alt-name":"Gaylegphug|Sarbhang|Gelephu|Sarpang","woe-id":"2344876","subregion":null,"fips":"BT09","postal-code":"GE","name":"Geylegphug","country":"Bhutan","type-en":"District","region":"Central","longitude":"90.3468","woe-name":"Geylegphug","latitude":"27.0503","woe-label":"Geylegphug, BT, Bhutan","type":"Dzongkhag"}},{"type":"Polygon","arcs":[[-21,-8,-13,-20,52,53]],"id":"BT.BU","properties":{"hc-group":"admin1","hc-middle-x":0.52,"hc-middle-y":0.58,"hc-key":"bt-bu","hc-a2":"BU","labelrank":"9","hasc":"BT.BU","alt-name":null,"woe-id":"2344872","subregion":null,"fips":"BT05","postal-code":"BU","name":"Bumthang","country":"Bhutan","type-en":"District","region":"Southern","longitude":"90.7042","woe-name":"Bumthang","latitude":"27.7219","woe-label":"Bumthang, BT, Bhutan","type":"Dzongkhag"}},{"type":"Polygon","arcs":[[-54,54,-4,-22]],"id":"BT.LH","properties":{"hc-group":"admin1","hc-middle-x":0.54,"hc-middle-y":0.53,"hc-key":"bt-lh","hc-a2":"LH","labelrank":"9","hasc":"BT.LH","alt-name":"Lhuentse|Lhuntsi","woe-id":"2344878","subregion":null,"fips":"BT11","postal-code":"LH","name":"Lhuntshi","country":"Bhutan","type-en":"District","region":"Eastern","longitude":"91.0822","woe-name":"Lhuntshi","latitude":"27.6977","woe-label":"Lhuntshi, BT, Bhutan","type":"Dzongkhag"}}],"hc-recommended-transform":{"default":{"crs":"+proj=tmerc +lat_0=0 +lon_0=90 +k=1 +x_0=250000 +y_0=0 +ellps=GRS80 +towgs84=0,0,0,0,0,0,0 +units=m +no_defs","scale":0.00210295348228,"jsonres":15.5,"jsonmarginX":-999,"jsonmarginY":9851,"xoffset":124115.603003,"yoffset":3138181.03853}}}},"arcs":[[[8058,7778],[72,-29],[109,-1],[120,-89],[122,-28],[128,-85],[48,-66],[44,-137],[-12,-118],[-34,-121],[-26,-148],[-4,-136],[17,-423],[-18,-260],[-140,-351],[-20,-231],[66,-441],[28,-86],[84,-123],[27,-101],[46,-94],[142,-64],[66,-51]],[[8923,4595],[-26,-83],[-103,-40],[-103,-78],[-176,-101],[-33,-4],[-81,-165],[-82,-76],[-277,172],[-115,24]],[[7927,4244],[48,168],[3,76],[-38,162],[-207,499],[-54,176]],[[7679,5325],[-36,96],[29,127],[-12,365],[13,191],[-22,137],[30,201],[20,270],[8,497],[11,133],[55,39],[96,205],[90,18],[97,174]],[[6796,530],[-16,-13],[-187,-21]],[[6593,496],[39,53],[-29,240],[-71,-60],[-109,-15],[-154,35],[-49,-21],[-34,47],[-32,205],[-65,249],[-87,102],[-78,161],[-118,53],[-14,93],[25,98],[-15,174],[-24,70],[-10,117],[-41,93],[-70,67],[-65,-52],[-76,40],[-76,76],[-103,167],[-17,95]],[[5320,2583],[141,194],[38,26],[59,-63],[110,14],[18,43],[-105,267],[218,183],[85,111],[-2,178],[33,195],[22,196]],[[5937,3927],[14,130],[36,39],[68,-6],[63,-104],[49,-117],[94,-79],[166,139],[68,5],[50,54],[10,60]],[[6555,4048],[59,-304],[29,-199],[29,-130],[54,-86],[13,-160],[29,-72],[-4,-231],[-40,-195],[6,-161],[98,-388],[112,-62],[49,-82],[28,-274],[42,-70],[77,-66],[45,-94],[39,-24],[33,37],[54,-7]],[[7307,1480],[-34,-219],[-31,-93],[-51,-38],[-141,-12],[-27,-110],[-194,-85],[-54,-94],[-15,-123],[36,-176]],[[5320,2583],[-161,48],[-189,264],[-186,191]],[[4784,3086],[55,145],[14,178],[-50,55],[-12,172],[-35,103],[-89,144],[-14,128],[-86,237],[-23,232],[-54,165],[107,46],[70,113],[89,48],[42,-19],[63,107],[-87,78],[-32,70],[-52,199],[-48,232],[1,41],[49,132],[19,173],[33,44],[43,-23],[95,34],[59,-47],[137,103],[31,45],[27,111],[29,365]],[[5165,6497],[41,-64],[80,-19],[56,-160],[-3,-282],[-23,-129],[-4,-225],[21,-39],[23,-241],[24,-25],[70,-431],[13,-151],[-16,-75],[23,-122],[104,-59],[50,-84],[90,-64],[59,-77],[164,-323]],[[4784,3086],[-71,-139],[-1,-94]],[[4712,2853],[-76,-89],[-66,-38],[-87,-87],[-104,151],[-174,-33],[-40,12],[-153,121],[-62,-28],[5,-413]],[[3955,2449],[-78,87],[-46,15],[-116,90],[-122,26],[-71,170],[-61,226],[-51,122],[-101,158],[-68,68],[-89,-12],[-63,63],[-173,-65]],[[2916,3397],[0,366],[5,127],[-61,106],[159,249],[-24,121],[20,225],[155,79],[46,77],[19,168],[-6,53]],[[3229,4968],[130,-14],[148,65],[69,107],[15,91],[104,157],[76,183],[68,40],[42,78],[7,82],[-79,160],[-82,8],[-65,68],[14,207],[87,165],[29,103],[-4,180]],[[3788,6648],[16,193],[21,43],[103,34],[94,79],[56,140],[174,543],[161,23],[49,-77],[15,-147],[58,-171],[66,-96],[87,63],[109,-9],[25,55],[-25,242],[2,131],[19,57],[121,144],[50,166],[8,124],[64,89],[135,4]],[[5196,8278],[-91,-142],[-47,-142],[65,-152],[8,-83],[-36,-135],[43,-183],[70,-67],[32,-140],[7,-92],[-16,-175],[-52,-161],[-36,-69],[22,-240]],[[6555,4048],[43,79],[70,46]],[[6668,4173],[153,-57],[166,262],[63,37],[108,-25],[21,-22],[68,-194],[240,232],[39,181],[5,108],[-44,154],[24,101],[101,165],[1,148],[66,62]],[[7927,4244],[14,-73],[-30,-56],[113,-152],[94,-104],[33,-139],[10,-117],[-120,-110],[-115,-203],[-22,-103],[-8,-306],[-8,-73]],[[7888,2808],[-31,-206],[-72,-247],[-57,-85],[-202,-163],[-62,-90],[-51,-113],[-82,-260],[-24,-164]],[[7888,2808],[125,-29],[-72,-195],[-4,-70],[50,-148],[99,-136],[40,-38],[111,-9],[-17,-249]],[[8220,1934],[-114,-65],[-60,-233],[-8,-105],[11,-117],[-52,-178],[-120,-233],[-31,-114],[-38,-26],[-83,58],[40,259],[-37,144],[-68,10],[-68,126],[-45,24],[-116,-26],[-124,22]],[[8220,1934],[44,-46],[238,246],[135,-53],[403,256],[67,217],[62,98],[138,81],[120,19],[14,226],[-5,112],[22,160],[28,28],[31,-67],[51,-245],[39,-48],[145,-30]],[[9752,2888],[-29,-110],[-24,-215],[0,-110],[36,-196],[148,-269],[52,-191],[50,-347],[-33,-298],[-110,-198],[-181,-49],[-53,45],[-94,148],[-52,39],[-45,-23],[7,-169],[-64,-55],[35,-80],[4,-99],[-25,-69],[-46,11],[-32,83],[-25,185],[-57,55],[-88,-30],[-190,-225],[-88,-76],[-143,-33],[-48,6],[-132,72],[-53,-4],[-108,-69],[-56,-7],[-39,62],[-68,270],[-28,77],[-43,22],[-121,13],[-41,-11],[-54,-67],[-89,-315],[-84,-123],[-100,-67],[-61,-4],[-130,128],[-102,43],[-212,-8],[-105,23],[-89,-2],[-146,-121]],[[8923,4595],[49,-126],[19,-139],[88,18],[231,145],[81,25],[109,-13],[38,24],[88,119],[35,22],[66,-143],[261,-869],[11,-72],[-20,-104],[-93,-142],[-41,-91],[-21,-167],[-25,-101],[-47,-93]],[[3050,29],[-47,14],[-160,127],[-65,7],[-104,-79],[-55,-2],[-36,53],[47,165],[-7,105],[-74,109],[-119,81],[-122,38],[-185,-40],[-106,97],[-115,144]],[[1902,848],[-11,225],[-102,-17],[-35,197],[-83,91],[-60,11],[-12,55],[103,129],[115,286],[12,130],[-50,130],[-51,26],[-11,271],[24,115],[43,47]],[[1784,2544],[4,110],[59,173],[-3,73],[-33,73],[-26,121]],[[1785,3094],[209,-8],[84,-29],[89,-80],[116,-35],[28,22],[-6,194],[73,367],[8,149]],[[2386,3674],[50,-67],[40,-216],[137,-66],[21,-68],[-168,-211],[-61,-147],[2,-48],[185,-190],[68,15]],[[2660,2676],[45,-118],[56,-300],[70,-43],[17,-61],[-18,-142],[186,-2],[60,-213],[52,-345],[-50,-187],[-3,-76],[55,-193],[-15,-255],[-43,-117]],[[3072,624],[-47,-120],[-31,-145],[13,-127],[46,-116],[-3,-87]],[[2660,2676],[29,162],[11,140],[30,118],[83,79],[45,107],[25,128],[33,-13]],[[3955,2449],[14,-198],[-17,-102],[23,-55],[-16,-321],[0,-197],[-30,-160],[-73,-188],[-53,-51],[-14,-127],[5,-93]],[[3794,957],[-109,-135],[-49,-75],[-25,153],[-46,25],[-1,-100],[-42,-120],[-23,88],[-16,-76],[-94,-70],[-49,15],[-50,89],[-65,17],[-13,-148],[-72,36],[-68,-32]],[[1784,2544],[-137,47],[-63,-52],[-36,-154],[-42,-113],[-135,315],[-99,-163],[-45,6],[-65,267],[-215,39],[-57,46],[-35,159],[-34,238],[-95,-60],[-71,144],[-38,130],[-36,44],[-146,78]],[[435,3515],[25,35],[23,175],[68,93],[106,-17],[63,-94],[75,111],[-48,143],[-51,230],[-38,241],[45,271],[50,87],[-30,151],[17,77],[79,116],[-7,65],[40,92],[51,19],[52,176],[122,106],[31,-13]],[[1108,5579],[67,-130],[93,-142],[104,-96],[60,4],[15,-39],[90,-472],[77,-118],[9,-96],[114,-336],[171,-436],[-62,-125],[-81,-68],[-36,-127],[56,-304]],[[1108,5579],[67,-54],[8,75],[85,231],[126,391],[22,102]],[[1416,6324],[114,-67],[41,-57],[63,-40],[48,2],[65,69],[103,18],[101,79],[-7,-175],[11,-148],[44,-119],[-82,-168],[47,9],[48,-39],[52,-92],[67,-164],[44,-153],[64,-81],[-23,-93],[-10,-215],[-22,-270],[-4,-227],[21,-65],[74,-52],[23,-132],[-21,-161],[76,-83],[28,-67],[5,-159]],[[1902,848],[-81,103],[-124,-60],[-79,-2],[-98,-146],[-83,-41],[-84,-14],[-168,18],[-94,47],[-42,88],[-65,274],[-47,94],[-69,94],[-74,60],[-64,-7],[-62,-54],[-66,40],[-21,60],[-3,195],[-53,117],[-59,-13],[-58,-89],[-46,-114],[-18,298],[0,330],[-15,154],[-39,136],[-66,91],[-187,180],[-37,49],[25,174],[48,197],[63,169],[75,93],[180,85],[44,61]],[[1416,6324],[32,142],[25,220],[101,120],[121,99],[109,151],[101,241],[141,478]],[[2046,7775],[70,12],[67,-25],[81,-84],[37,-86],[17,-202],[19,-56],[112,-53],[7,-31],[-67,-86],[-103,-242],[-21,-78],[9,-168],[-16,-129],[-25,-50],[49,-123],[31,-5],[47,126],[85,12],[34,-215],[24,-46],[111,-116]],[[2614,6130],[53,-148],[14,-147],[-7,-191],[6,-88],[59,-165],[39,-153],[77,-169],[80,116],[122,73],[100,-272],[72,-18]],[[2046,7775],[81,255],[92,182],[59,41],[59,83],[138,318],[109,90],[357,115],[113,92],[74,269],[146,182],[99,220],[55,11],[103,109],[109,-45],[56,60],[57,15],[239,148],[156,-60],[89,-79],[69,20],[68,138],[78,60],[108,-139],[0,-218],[89,-227],[113,-33],[73,261],[97,-1],[89,-99],[118,1],[146,-199],[128,-19],[118,-80],[29,-198],[-88,-59],[-60,-198],[-97,-21],[-88,-177],[-31,-315]],[[3788,6648],[-236,183],[-88,126],[-183,-82],[-92,-250],[-98,-226],[-132,-28],[-58,-68],[15,-58],[-117,-66],[-79,43],[-85,-22],[-21,-70]],[[4712,2853],[56,-131],[-149,-181],[-51,-118],[-13,-177],[-29,-148],[-46,-85],[6,-206],[-47,-137],[-50,-95],[-48,-209],[-47,-57],[-106,-289],[4,-130],[-30,-37],[-84,-40],[-92,-134],[-107,38],[-53,110],[-32,130]],[[6593,496],[-677,-70],[-385,79],[-335,314],[-276,358],[-101,29],[-60,-37],[-131,-202],[-55,-32],[-164,-1],[-100,-116],[-75,-363],[-74,-123],[-114,-58],[-339,-60],[-188,-90],[-64,-12],[-181,76],[-37,-188],[-51,25],[-136,4]],[[5196,8278],[104,11],[194,-50],[138,42],[87,85],[98,0],[128,-153],[85,-39]],[[6030,8174],[-15,-190],[17,-311],[-45,-105],[-40,-151],[49,-112],[88,-57],[61,-223],[8,-155],[42,-35],[96,-189],[82,-65],[38,-273],[1,-142],[100,-69],[83,-145],[20,-105],[16,-277],[-53,-344],[27,-107],[6,-143],[-12,-95],[102,-226],[-79,-313],[46,-169]],[[6030,8174],[99,-46],[185,-21],[175,-67],[195,-305],[100,-92],[128,-23],[121,53],[81,140],[42,116],[125,261],[56,77],[77,27],[77,-22],[70,9],[61,112],[58,-211],[94,-155],[231,-216],[53,-33]]],"bbox":[88.73006565803571,26.696231526411715,92.08865080768138,28.358399023194316],"transform":{"scale":[0.00033589210417498376,0.00016623337301556167],"translate":[88.73006565803571,26.696231526411715]},"title":"Bhutan","version":"2.0.1","copyright":"Copyright (c) 2022 Highsoft AS, Based on data from Natural Earth","copyrightShort":"Natural Earth","copyrightUrl":"http://www.naturalearthdata.com"}