{"type":"Topology","objects":{"default":{"type":"GeometryCollection","geometries":[{"type":"Polygon","arcs":[[0,1,2]],"id":"AD.3689","properties":{"hc-group":"admin1","hc-middle-x":0.32,"hc-middle-y":0.55,"hc-key":"ad-3689","hc-a2":"AL","labelrank":"20","hasc":"AD.AN","alt-name":null,"woe-id":"20070553","subregion":null,"fips":"AN07","postal-code":null,"name":"Andorra la Vella","country":"Andorra","type-en":null,"region":null,"longitude":"1.51066","woe-name":"Andorra la Vella","latitude":"42.5128","woe-label":"Andorra la Vella, AD, Andorra","type":null}},{"type":"Polygon","arcs":[[-1,3,4,5,6]],"id":"AD.6404","properties":{"hc-group":"admin1","hc-middle-x":0.39,"hc-key":"ad-6404","hc-a2":"LM","labelrank":"20","hasc":"AD.MA","alt-name":null,"woe-id":"20070555","subregion":null,"fips":"AN04","postal-code":null,"name":"La Massana","country":"Andorra","type-en":null,"region":null,"longitude":"1.47083","woe-name":"Massana","latitude":"42.55","woe-label":"Massana, AD, Andorra","type":null}},{"type":"Polygon","arcs":[[-6,7,8]],"id":"AD.6405","properties":{"hc-group":"admin1","hc-middle-x":0.52,"hc-middle-y":0.46,"hc-key":"ad-6405","hc-a2":"OR","labelrank":"20","hasc":"AD.OR","alt-name":null,"woe-id":"20070556","subregion":null,"fips":"AN05","postal-code":null,"name":"Ordino","country":"Andorra","type-en":null,"region":null,"longitude":"1.52437","woe-name":"Ordino","latitude":"42.6036","woe-label":"Ordino, AD, Andorra","type":null}},{"type":"Polygon","arcs":[[-9,9,10]],"id":"AD.6406","properties":{"hc-group":"admin1","hc-middle-x":0.43,"hc-middle-y":0.36,"hc-key":"ad-6406","hc-a2":"CA","labelrank":"20","hasc":"AD.CA","alt-name":null,"woe-id":"20070557","subregion":null,"fips":"AN02","postal-code":null,"name":"Canillo","country":"Andorra","type-en":null,"region":null,"longitude":"1.60543","woe-name":"Canillo","latitude":"42.5842","woe-label":"Canillo, AD, Andorra","type":null}},{"type":"Polygon","arcs":[[-7,-11,11,12]],"id":"AD.6407","properties":{"hc-group":"admin1","hc-middle-x":0.65,"hc-middle-y":0.47,"hc-key":"ad-6407","hc-a2":"EN","labelrank":"20","hasc":"AD.EN","alt-name":null,"woe-id":"20070558","subregion":null,"fips":"AN03","postal-code":null,"name":"Encamp","country":"Andorra","type-en":null,"region":null,"longitude":"1.6441","woe-name":"Encamp","latitude":"42.5381","woe-label":"Encamp, AD, Andorra","type":null}},{"type":"Polygon","arcs":[[-2,-13,13,14]],"id":"AD.6408","properties":{"hc-group":"admin1","hc-middle-x":0.62,"hc-middle-y":0.49,"hc-key":"ad-6408","hc-a2":"EE","labelrank":"20","hasc":"AD.EE","alt-name":null,"woe-id":"20070554","subregion":null,"fips":"AN08","postal-code":null,"name":"Escaldes-Engordany","country":"Andorra","type-en":null,"region":null,"longitude":"1.59428","woe-name":"Escaldes-Engordany","latitude":"42.495","woe-label":"Escaldes-Engordany, AD, Andorra","type":null}},{"type":"Polygon","arcs":[[-15,15,-4,-3]],"id":"AD.6409","properties":{"hc-group":"admin1","hc-middle-x":0.48,"hc-middle-y":0.55,"hc-key":"ad-6409","hc-a2":"SJ","labelrank":"20","hasc":"AD.JL","alt-name":null,"woe-id":"20070564","subregion":null,"fips":"AN06","postal-code":null,"name":"Sant Julià de Lòria","country":"Andorra","type-en":null,"region":null,"longitude":"1.47975","woe-name":"Sant Julià de Lòria","latitude":"42.4511","woe-label":"Sant Julià de Lòria, AD, Andorra","type":null}}],"hc-recommended-transform":{"default":{"crs":"+proj=utm +zone=31 +datum=WGS84 +units=m +no_defs","scale":0.0237208445304,"jsonres":15.5,"jsonmarginX":-999,"jsonmarginY":9851,"xoffset":369124.218999,"yoffset":4722907.02137}}}},"arcs":[[[2251,4049],[435,303],[415,337],[394,101],[332,169],[353,-1]],[[4180,4958],[-187,-370],[-312,-371],[-145,-235],[-165,-371],[-229,-472],[-331,-235],[-228,-170]],[[2583,2734],[-166,203],[-104,438],[-21,270],[-41,404]],[[2251,4049],[-394,-135],[-373,-236],[-271,-262]],[[1213,3416],[-95,717],[-490,524],[-628,-100],[93,514],[460,961],[3,174],[-234,190],[35,427],[156,457],[124,274],[616,302]],[[1253,7856],[231,-236],[311,0],[290,-67],[145,-236],[166,-573],[249,-303],[394,-135],[477,-134],[373,-68],[269,-34]],[[4158,6070],[21,-471],[1,-641]],[[1253,7856],[430,1785],[882,-55],[818,375],[426,38],[1513,-1243]],[[5322,8756],[39,-698],[0,-403],[-290,-136],[-373,-134],[-291,-338],[-186,-438],[-63,-539]],[[5322,8756],[306,-173],[3169,-374],[-241,-920],[449,-342],[648,-241],[235,-409],[111,-194],[-700,-79],[-510,-594],[-128,-390]],[[8661,5040],[-190,221],[-270,203],[-290,169],[-104,573],[-103,404],[-394,-203],[-539,0],[-581,-101],[-663,-169],[-933,1],[-436,-68]],[[8661,5040],[-181,-551],[-101,-1131],[-264,-377],[-312,-175],[-337,-5],[-331,146],[-72,141],[-78,37]],[[6985,3125],[-89,553],[-353,371],[-332,202],[-580,67],[-436,-100],[-373,235],[-83,405],[-207,134],[-352,-34]],[[6985,3125],[-84,-50],[-101,-142],[-302,-1222],[-894,-454],[-970,-151]],[[4634,1106],[-81,551],[-42,472],[186,404],[-289,67],[-457,-68],[-518,-100],[-373,168],[-477,134]],[[4634,1106],[-787,-124],[-156,-213],[-121,-260],[-176,-257],[-322,-214],[-228,-38],[-1688,271],[-320,286],[0,567],[-804,1508],[472,259],[159,49],[550,476]]],"bbox":[1.406456317529567,42.42867160682263,1.7650906626978684,42.649361538332634],"transform":{"scale":[0.00003586702121895204,0.000022071200271027273],"translate":[1.406456317529567,42.42867160682263]},"title":"Andorra","version":"2.0.1","copyright":"Copyright (c) 2022 Highsoft AS, Based on data from Natural Earth","copyrightShort":"Natural Earth","copyrightUrl":"http://www.naturalearthdata.com"}