{"type":"Topology","objects":{"default":{"type":"GeometryCollection","geometries":[{"type":"Polygon","arcs":[[0]],"id":"BY.HM","properties":{"hc-group":"admin1","hc-middle-y":0.51,"hc-key":"by-hm","hc-a2":"HM","labelrank":"7","hasc":"BY.HM","alt-name":"?????|??????? ???????|Minsk Oblast|Minskaya Voblasts'","woe-id":"20069996","subregion":null,"fips":"BO06","postal-code":"HM","name":"City of Minsk","country":"Belarus","type-en":"Region","region":null,"longitude":"27.6424","woe-name":"Minsk","latitude":"53.9005","woe-label":"Minsk, BY, Belarus","type":"Voblasts'"}},{"type":"Polygon","arcs":[[1,2,3,4]],"id":"BY.BR","properties":{"hc-group":"admin1","hc-middle-x":0.43,"hc-middle-y":0.56,"hc-key":"by-br","hc-a2":"BR","labelrank":"7","hasc":"BY.BR","alt-name":"?????|Brestskaya Voblasts'|Brèst","woe-id":"2344830","subregion":null,"fips":"BO01","postal-code":"BR","name":"Brest","country":"Belarus","type-en":"Region","region":null,"longitude":"25.3826","woe-name":"Brest","latitude":"52.4289","woe-label":"Brestskaya Voblasts', BY, Belarus","type":"Voblasts'"}},{"type":"Polygon","arcs":[[5,-5,6,7]],"id":"BY.HO","properties":{"hc-group":"admin1","hc-middle-x":0.57,"hc-middle-y":0.49,"hc-key":"by-ho","hc-a2":"HO","labelrank":"7","hasc":"BY.HO","alt-name":"??????|Gomel|Gomel'|Homyel'skaya Voblasts'|Homje","woe-id":"2344831","subregion":null,"fips":"BO02","postal-code":"HO","name":"Gomel","country":"Belarus","type-en":"Region","region":null,"longitude":"29.5189","woe-name":"Homyel'","latitude":"52.1969","woe-label":"Homyel'skaya Voblasts', BY, Belarus","type":"Voblasts'"}},{"type":"Polygon","arcs":[[8,9,10,11]],"id":"BY.VI","properties":{"hc-group":"admin1","hc-middle-x":0.52,"hc-middle-y":0.48,"hc-key":"by-vi","hc-a2":"VI","labelrank":"7","hasc":"BY.VI","alt-name":"???????|Vicebsk|Vitebsk|Vitsyebskaya Voblasts'|Witebsk","woe-id":"2344835","subregion":null,"fips":"BO07","postal-code":"VI","name":"Vitebsk","country":"Belarus","type-en":"Region","region":null,"longitude":"28.6747","woe-name":"Vitsyebsk","latitude":"55.3073","woe-label":"Vitsyebskaya Voblasts', BY, Belarus","type":"Voblasts'"}},{"type":"Polygon","arcs":[[-3,12,-12,13]],"id":"BY.HR","properties":{"hc-group":"admin1","hc-middle-x":0.46,"hc-middle-y":0.64,"hc-key":"by-hr","hc-a2":"HR","labelrank":"7","hasc":"BY.HR","alt-name":"??????|Grodno|Hrodzenskaya Voblasts'","woe-id":"2344832","subregion":null,"fips":"BO03","postal-code":"HR","name":"Grodno","country":"Belarus","type-en":"Region","region":null,"longitude":"25.0839","woe-name":"Hrodna","latitude":"53.4855","woe-label":"Haradzyenskaya Voblasts', BY, Belarus","type":"Voblasts'"}},{"type":"Polygon","arcs":[[-10,14,-8,15]],"id":"BY.MA","properties":{"hc-group":"admin1","hc-middle-x":0.64,"hc-middle-y":0.39,"hc-key":"by-ma","hc-a2":"MA","labelrank":"7","hasc":"BY.MA","alt-name":"???????|Mahiljow|Mogilev|Mahilyowskaya Voblasts'","woe-id":"2344833","subregion":null,"fips":"BO04","postal-code":"MA","name":"Mogilev","country":"Belarus","type-en":"Region","region":null,"longitude":"30.4041","woe-name":"Mahilyow","latitude":"53.8241","woe-label":"Mahilyowskaya Voblasts', BY, Belarus","type":"Voblasts'"}},{"type":"Polygon","arcs":[[-16,-7,-4,-14,-11],[-1]],"id":"BY.MI","properties":{"hc-group":"admin1","hc-middle-x":0.37,"hc-middle-y":0.56,"hc-key":"by-mi","hc-a2":"MI","labelrank":"7","hasc":"BY.MI","alt-name":"?????|??????? ???????|Minsk Oblast|Minskaya Voblasts'","woe-id":"2344834","subregion":null,"fips":"BO06","postal-code":"MI","name":"Minsk","country":"Belarus","type-en":"Municipality","region":null,"longitude":"27.4703","woe-name":"Minsk","latitude":"53.1945","woe-label":"Minskaya Voblasts', BY, Belarus","type":"Gorod"}}],"hc-recommended-transform":{"default":{"crs":"+proj=utm +zone=35 +datum=WGS84 +units=m +no_defs","scale":0.00109030149723,"jsonres":15.5,"jsonmarginX":-999,"jsonmarginY":9851,"xoffset":238519.314618,"yoffset":6224087.58404}}}},"arcs":[[[4887,5652],[3,-72],[-60,-102],[8,-116],[44,-82],[-28,-50],[-121,4],[-110,-15],[-28,-41],[-42,52],[-139,56],[-13,116],[15,143],[24,66],[99,40],[108,-20],[87,-36],[67,16],[58,51],[28,-10]],[[4549,788],[-37,1],[-92,-66],[-142,9],[25,113],[-77,8],[-24,58],[-3,128],[-71,32],[-93,4],[-105,-44],[-69,14],[-198,105],[-230,9],[-40,92],[-243,12],[-99,89],[-105,5],[-223,51],[-88,-21],[-347,7],[-176,58],[-95,-21],[-95,-59],[-293,-57],[-86,19],[-261,-25],[-45,-37],[-54,-109],[-24,-132],[-30,-50],[-119,-98],[-156,-171],[-42,-7],[-59,77],[-141,49],[-127,-31],[-36,-49],[33,-130],[-2,-51],[-54,49],[-34,136],[-8,106],[29,26],[-15,85],[15,83],[60,65],[12,47],[-36,69],[56,265],[30,41],[-41,184],[-61,74],[-70,6],[-65,125],[-65,-3],[8,31],[-192,65],[-49,118],[48,118],[189,329],[93,91],[92,64],[175,59],[139,112],[42,61],[12,147]],[[790,3123],[158,-8],[77,61],[34,-34],[145,-33],[76,19],[84,-69],[87,14],[-12,97],[49,98],[-17,44],[84,86],[-39,64],[75,41],[121,-55],[53,9],[26,56],[54,-8],[29,-115],[50,-29],[64,33],[-13,-131],[32,-16],[57,33],[56,-4],[71,35],[67,-50],[-27,163],[31,34],[82,10],[60,117],[65,50],[78,209],[-52,115],[54,57],[-34,66],[16,54],[54,32],[13,92],[76,127],[159,-12],[27,-26],[148,-13],[44,8],[146,-22],[54,-24],[109,28]],[[3361,4326],[-5,-92],[21,-43],[-3,-93],[-59,-9],[-67,-104],[5,-39],[58,-15],[55,-106],[85,-11],[56,-123],[-95,-17],[-56,-107],[73,-206],[-36,-50],[33,-74],[96,43],[10,58],[39,16],[67,-39],[11,-56],[77,-4],[78,-131],[163,-68],[34,38],[34,-27],[0,-64],[34,-65],[108,-23],[34,-50],[-14,-75],[-124,-6],[-19,-62],[26,-35],[-24,-40],[106,-133],[15,-50],[-30,-65],[150,-113]],[[4297,2286],[15,-64],[88,-29],[28,-66],[133,-92],[18,-32],[-21,-76],[6,-226],[76,-110],[-15,-57],[-63,-97],[7,-85],[-29,-115],[55,-78],[-2,-112],[-47,-92],[3,-167]],[[8578,3829],[-9,-76],[-36,-13],[-75,-126],[79,-75],[68,-182],[66,-62],[57,-17],[58,-125],[10,-125],[-94,-87],[103,-214],[52,-60],[-73,-15],[-7,-78],[37,-40],[-5,-162],[26,-61],[-42,-125],[67,-95],[71,-27],[-21,-72],[20,-62],[67,-72],[2,-100],[-119,-8],[-184,43],[-96,0],[-82,-41],[-54,-108],[-51,-1],[-73,66],[-183,-4],[-43,-32],[-17,-120],[-47,-85],[-57,-38],[8,-42],[-64,-39],[-92,-163],[10,-58],[-56,-59],[30,-14],[-34,-105],[-46,-6],[-14,-156],[-44,-39],[30,-43],[-10,-60],[53,-23],[-22,-42],[57,-125],[-31,-65],[36,-32],[24,-91],[-7,-63],[-61,-66],[-42,-139],[-79,54],[-39,61],[-76,27],[-37,74],[10,95],[-76,74],[-54,84],[-59,37],[-147,-4],[-87,-50],[-41,14],[-41,-64],[-113,13],[-41,90],[-85,4],[-52,-74],[-66,-24],[-41,-106],[-66,22],[-87,-63],[-24,17],[-34,121],[-46,68],[6,106],[-70,171],[-38,45],[-84,2],[-45,-89],[-47,-39],[-96,-9],[-66,-53],[-50,-99],[-1,-111],[-24,-57],[-26,84],[-42,-17],[-34,60],[-29,182],[-121,38],[-55,-11],[-93,-84],[-37,101],[-105,156],[-47,-38],[-54,-116],[-46,-37],[-141,19],[-86,98],[-43,-27],[-26,-185],[-60,-93],[-69,56],[43,153],[-30,55],[-59,1],[-113,56]],[[4297,2286],[78,148],[-12,80],[50,22],[14,54],[58,-17],[87,75],[29,-62],[41,45],[0,-101],[110,-87],[116,-6],[117,12],[42,37],[-15,83],[35,39],[89,-23],[64,-83],[216,28],[67,70],[1,238],[66,97]],[[5550,2935],[117,-2],[87,18],[167,60],[15,47],[-46,41],[174,77],[10,136],[119,21],[91,135],[78,15],[155,-58],[12,56],[58,-52],[88,67],[112,-1],[42,-26],[47,77],[-105,87],[29,59],[-32,102],[31,57],[91,-11],[-18,49],[35,77],[-27,41],[52,32],[-40,154],[53,111],[114,-63],[75,41],[171,-117],[29,-93],[79,-9],[136,55],[-7,59],[42,40],[79,14],[113,-35],[46,-43],[54,-8],[30,44],[45,-24],[115,-10],[35,59],[88,-12],[41,-135],[75,-71],[7,-89],[-22,-38],[68,-7],[65,-62],[155,29]],[[3145,7635],[57,125],[8,115],[33,59],[47,9],[116,-34],[56,36],[110,-56],[40,35],[18,115],[70,91],[67,20],[37,54],[-33,55],[-174,33],[-63,-18],[-80,27],[-21,33],[65,207],[37,42],[-11,115],[66,104],[12,99],[-13,103],[48,58],[107,-26],[84,47],[80,148],[85,98],[136,19],[65,-22],[94,-78],[91,89],[93,-65],[161,-10],[25,172],[30,90],[104,74],[38,116],[105,96],[32,75],[208,114],[188,-224],[46,8],[58,77],[156,18],[86,-29],[63,-113],[26,-138],[108,-50],[53,85],[179,97],[120,-26],[82,-68],[160,-49],[67,-80],[-51,-54],[-51,-205],[22,-72],[101,-131],[50,-4],[81,107],[103,66],[127,2],[67,120],[124,33],[123,-51],[117,68],[56,-50],[207,-75],[13,-80],[93,-51],[27,-130],[102,-26],[51,-118],[111,35],[40,-22],[35,-134],[-34,-136],[2,-70],[31,-52],[-13,-65],[-63,-50],[-54,-133],[65,-66],[31,-99],[77,-85],[26,-64],[-15,-61],[37,-159],[-96,4],[23,-105],[-38,-54],[-89,-38],[12,-102],[-60,-97],[2,-89],[59,-30],[160,-134],[20,-69],[111,-6],[66,-95],[-82,-174],[-26,-88],[108,-52],[12,-29]],[[8387,6537],[-64,-1],[-72,-45],[-2,-55],[-127,64],[-59,-65],[-122,14],[-48,25],[-124,-88],[27,-61],[-41,-79],[-70,-43],[-66,53],[-22,53],[-89,-74],[-89,32],[56,110],[-60,-33],[-67,1],[-23,-45],[-76,78],[-72,-102],[11,-103],[-141,43],[-28,83],[-40,15],[-9,-56],[-178,-30],[-105,22],[-21,-51],[-48,-12],[-78,-100]],[[6540,6087],[-48,-9],[-2,105],[43,73],[-43,61],[46,119],[14,171],[34,63],[-19,59],[51,56],[-35,86],[-29,-70],[-75,20],[-48,-36],[-86,17],[-22,117],[-58,-22],[-15,42],[-67,-65],[-60,-18],[-136,28],[-18,-133],[-104,50],[-45,-26],[-63,25],[0,98],[-24,54],[-50,-44],[-18,50],[-94,-28],[-65,-186],[-80,22],[-127,171],[-81,-9],[-66,-39],[-55,16],[-131,-41],[-16,60],[-54,-29],[-90,20],[-83,137],[16,59],[-72,62],[-100,19],[-9,74],[-110,121],[-102,12],[-11,58],[-57,86],[31,60],[-40,41],[-58,-16],[-85,25],[-34,-29],[-15,-75],[-121,-1],[-48,51],[-108,-21],[-79,-37],[-23,38],[-86,5],[-30,-32],[-226,56],[-24,-74]],[[3330,7534],[-73,-30],[-32,84],[-80,47]],[[790,3123],[-11,488],[-44,78],[-8,74],[35,131],[-48,64],[-68,177],[-42,193],[-70,183],[-89,316],[-25,142],[-2,125],[-37,84],[-10,109],[-34,147],[-2,60],[164,-82],[151,59],[43,-16],[96,56],[65,-35],[67,1],[95,50],[67,-7],[59,-118],[127,-14],[38,22],[120,122],[155,69],[49,-59],[68,14],[34,101],[-41,149],[77,109],[96,-1],[83,-38],[47,9],[89,89],[39,138],[31,30],[67,-27],[86,5],[68,90],[38,10],[86,-133],[-54,-19],[21,-69],[-38,-26],[60,-77],[93,-19],[62,42],[51,-5],[32,53],[18,121],[-31,75],[-44,34],[-20,72],[-139,-36],[-37,36],[1,51],[87,154],[7,135],[28,65],[64,44],[35,54],[-1,80],[-31,138],[15,81],[-1,131],[57,51],[5,131],[67,74],[12,55],[52,30],[77,-11],[127,29],[71,74]],[[3330,7534],[-32,-40],[21,-122],[48,-62],[44,-16],[79,-128],[43,-30],[3,-96],[53,-130],[84,-5],[7,-102],[-30,-21],[-16,-86],[-47,30],[17,-178],[-37,-49],[-77,-243],[-33,-72],[-66,-77],[-115,-26],[-83,5],[-61,-62],[-47,-2],[-38,-135],[51,-25],[18,42],[37,-24],[-9,-128],[35,-65],[66,11],[23,42],[48,-6],[36,-107],[62,-2],[-9,-105],[-51,-25],[-27,-74],[-132,-77],[-3,-73],[91,-54],[-43,-49],[-8,-91],[88,-61],[20,-98],[110,-51],[54,-158],[-21,-101],[43,2],[26,-210],[-191,-74]],[[8387,6537],[31,-10],[42,-144],[37,-60],[15,-152],[27,-88],[190,-173],[80,-30],[88,-56],[85,-32],[24,-76],[44,17],[35,-131],[-38,-224],[-69,-178],[135,-36],[220,66],[85,-57],[131,-41],[86,-95],[94,-16],[19,-90],[-85,-55],[13,-107],[43,-73],[107,-73],[24,-50],[76,4],[8,-66],[46,13],[19,-46],[-16,-148],[13,-64],[-143,-21],[-11,-52],[-120,3],[25,-52],[-77,-168],[-55,-24],[-89,-113],[-55,1],[-10,-51],[-128,-37],[-77,37],[-107,-16],[-55,36],[-61,4],[-28,116],[-33,48],[-130,35],[-82,-31],[-125,10],[-39,-36],[-18,-126]],[[5550,2935],[-60,68],[-125,106],[123,147],[44,126],[43,78],[-39,56],[37,94],[44,6],[1,149],[-25,90],[11,39],[-103,-28],[-43,120],[-47,1],[-23,-45],[-97,41],[-20,41],[-89,44],[-26,104],[69,24],[61,-69],[148,2],[84,47],[-12,85],[-56,28],[-7,40],[38,68],[-1,139],[60,91],[60,-3],[51,33],[-15,39],[62,40],[-10,59],[32,39],[54,-35],[95,-20],[44,16],[62,-20],[-12,-51],[32,-72],[64,-8],[-9,113],[104,16],[28,40],[-9,78],[62,58],[91,-35],[81,52],[48,68],[64,-16],[39,63],[-27,41],[79,81],[-127,52],[41,60],[-47,81],[7,127],[-25,73],[14,52],[74,90],[-16,80],[24,26],[-2,110],[38,41],[-51,92]]],"bbox":[23.165628223778253,51.23529643414025,32.719915391022674,56.15680703326416],"transform":{"scale":[0.0009555242691513571,0.0004922002799403846],"translate":[23.165628223778253,51.23529643414025]},"title":"Belarus","version":"2.0.1","copyright":"Copyright (c) 2022 Highsoft AS, Based on data from Natural Earth","copyrightShort":"Natural Earth","copyrightUrl":"http://www.naturalearthdata.com"}