{"type":"Topology","objects":{"default":{"type":"GeometryCollection","geometries":[{"type":"MultiPolygon","arcs":[[[0]],[[1,2,3,4,5]]],"id":"BO.LP","properties":{"hc-group":"admin1","hc-middle-x":0.54,"hc-middle-y":0.6,"hc-key":"bo-lp","hc-a2":"LP","labelrank":"6","hasc":"BO.LP","alt-name":null,"woe-id":"2344804","subregion":null,"fips":"BL04","postal-code":"LP","name":"La Paz","country":"Bolivia","type-en":"Department","region":null,"longitude":"-68.2128","woe-name":"La Paz","latitude":"-14.8335","woe-label":"La Paz, BO, Bolivia","type":"Departamento"}},{"type":"Polygon","arcs":[[6,7,8,-3,9,10]],"id":"BO.CB","properties":{"hc-group":"admin1","hc-key":"bo-cb","hc-a2":"CB","labelrank":"6","hasc":"BO.CB","alt-name":null,"woe-id":"2344802","subregion":null,"fips":"BL02","postal-code":"CB","name":"Cochabamba","country":"Bolivia","type-en":"Department","region":null,"longitude":"-65.61369999999999","woe-name":"Cochabamba","latitude":"-17.2884","woe-label":"Cochabamba, BO, Bolivia","type":"Departamento"}},{"type":"Polygon","arcs":[[-7,11,12,13,14]],"id":"BO.CQ","properties":{"hc-group":"admin1","hc-middle-x":0.38,"hc-middle-y":0.46,"hc-key":"bo-cq","hc-a2":"CQ","labelrank":"4","hasc":"BO.CQ","alt-name":null,"woe-id":"2344801","subregion":null,"fips":"BL01","postal-code":"CQ","name":"Chuquisaca","country":"Bolivia","type-en":"Department","region":null,"longitude":"-63.9529","woe-name":"Chuquisaca","latitude":"-20.0848","woe-label":"Chuquisaca, BO, Bolivia","type":"Departamento"}},{"type":"Polygon","arcs":[[15,16,-10,-2,17]],"id":"BO.EB","properties":{"hc-group":"admin1","hc-middle-x":0.38,"hc-middle-y":0.6,"hc-key":"bo-eb","hc-a2":"EB","labelrank":"4","hasc":"BO.EB","alt-name":null,"woe-id":"2344803","subregion":null,"fips":"BL03","postal-code":"EB","name":"El Beni","country":"Bolivia","type-en":"Department","region":null,"longitude":"-64.5806","woe-name":"El Beni","latitude":"-14.0358","woe-label":"El Beni, BO, Bolivia","type":"Departamento"}},{"type":"Polygon","arcs":[[-9,18,19,-4]],"id":"BO.OR","properties":{"hc-group":"admin1","hc-middle-x":0.49,"hc-middle-y":0.56,"hc-key":"bo-or","hc-a2":"OR","labelrank":"6","hasc":"BO.OR","alt-name":null,"woe-id":"2344805","subregion":null,"fips":"BL05","postal-code":"OR","name":"Oruro","country":"Bolivia","type-en":"Department","region":null,"longitude":"-67.5984","woe-name":"Oruro","latitude":"-18.7151","woe-label":"Oruro, BO, Bolivia","type":"Departamento"}},{"type":"Polygon","arcs":[[-8,-15,20,21,-19]],"id":"BO.PO","properties":{"hc-group":"admin1","hc-middle-y":0.61,"hc-key":"bo-po","hc-a2":"PO","labelrank":"4","hasc":"BO.PO","alt-name":null,"woe-id":"2344807","subregion":null,"fips":"BL07","postal-code":"PO","name":"Potosí","country":"Bolivia","type-en":"Department","region":null,"longitude":"-66.7701","woe-name":"Potosí","latitude":"-20.9033","woe-label":"Potosí, BO, Bolivia","type":"Departamento"}},{"type":"Polygon","arcs":[[-11,-17,22,-12]],"id":"BO.SC","properties":{"hc-group":"admin1","hc-middle-x":0.39,"hc-middle-y":0.49,"hc-key":"bo-sc","hc-a2":"SC","labelrank":"6","hasc":"BO.SC","alt-name":null,"woe-id":"2344808","subregion":null,"fips":"BL08","postal-code":"SC","name":"Santa Cruz","country":"Bolivia","type-en":"Department","region":null,"longitude":"-61.137","woe-name":"Santa Cruz","latitude":"-16.5168","woe-label":"Santa Cruz, BO, Bolivia","type":"Departamento"}},{"type":"Polygon","arcs":[[-21,-14,23]],"id":"BO.TR","properties":{"hc-group":"admin1","hc-middle-x":0.38,"hc-middle-y":0.34,"hc-key":"bo-tr","hc-a2":"TR","labelrank":"7","hasc":"BO.TR","alt-name":null,"woe-id":"2344809","subregion":null,"fips":"BL09","postal-code":"TR","name":"Tarija","country":"Bolivia","type-en":"Department","region":null,"longitude":"-63.8005","woe-name":"Tarija","latitude":"-21.5039","woe-label":"Tarija, BO, Bolivia","type":"Departamento"}},{"type":"Polygon","arcs":[[-18,-6,24]],"id":"BO.PA","properties":{"hc-group":"admin1","hc-middle-x":0.48,"hc-middle-y":0.57,"hc-key":"bo-pa","hc-a2":"PA","labelrank":"4","hasc":"BO.PA","alt-name":"colonial territories|madre de dios|territorio nacional de colonias","woe-id":"2344806","subregion":null,"fips":"BL06","postal-code":"PA","name":"Pando","country":"Bolivia","type-en":"Department","region":null,"longitude":"-67.4319","woe-name":"Pando","latitude":"-11.273","woe-label":"Pando, BO, Bolivia","type":"Departamento"}}],"hc-recommended-transform":{"default":{"crs":"+proj=utm +zone=20 +south +datum=WGS84 +units=m +no_defs","scale":0.000476842949293,"jsonres":15.5,"jsonmarginX":-999,"jsonmarginY":9851,"xoffset":-220160.175564,"yoffset":8928847.31172}}}},"arcs":[[[578,5049],[-141,22],[42,54],[-47,46],[101,-39],[31,-41],[111,-62],[-32,-13],[-65,33]],[[2245,7955],[0,-109],[-32,-42],[15,-68],[-46,-174],[-39,-87],[-42,-4],[-46,-65],[-145,-149],[-49,-74],[22,-143],[-84,-91],[-9,-94],[-43,-123],[23,-210],[-47,-27],[3,-44],[59,-108],[-38,-66],[81,-106],[15,-173],[103,-36],[93,-114],[52,-94],[-2,-66],[274,-243]],[[2363,5445],[-124,-111],[-8,-174],[59,-73],[1,-33],[58,-52],[-13,-151],[42,-80],[3,-128],[-29,-28],[-111,-30],[-37,-61],[-30,-100],[96,-97],[10,-88],[35,-133],[-121,-64]],[[2194,4042],[-77,93],[-55,22],[-125,-34],[-96,-51],[-274,-171],[18,-58],[-63,-34],[-160,107],[-135,52],[-226,-2],[-79,-27],[-126,-120],[-141,-90]],[[655,3729],[-175,-55],[-181,47],[-26,129],[-117,116],[-25,51],[-3,141],[-71,74],[-57,9],[36,79],[93,55],[68,19],[16,54],[150,149],[26,58],[128,54],[22,28],[-23,62],[143,-37],[-3,98],[-47,36],[115,1],[87,85],[78,-12],[4,55],[-33,31],[-63,-4],[-87,26],[-30,-28],[-60,116],[49,8],[64,46],[-20,37],[-183,18],[2,82],[-70,65],[-73,19],[20,26],[-84,0],[-19,76],[-62,37],[59,116],[72,78],[50,23],[-114,99],[-84,105],[23,133],[77,28],[17,119],[63,13],[5,56],[143,94],[-17,100],[104,26],[12,42],[-38,100],[-56,40],[-27,165],[-70,65],[64,25],[31,63],[19,203],[-14,89],[0,225],[102,96],[67,17],[26,40],[-42,35],[85,96]],[[801,7871],[44,-2],[64,71],[66,-12],[71,133],[119,67],[11,80],[39,32],[140,27],[48,46],[842,-358]],[[4366,3206],[-61,35],[-55,-39],[-84,0],[-98,101],[-111,32],[-103,-34],[-74,-86],[-144,22],[-16,65],[-77,81]],[[3543,3383],[-76,41],[-60,77],[-70,48],[-39,56],[-164,122],[-73,-12],[-71,92],[-129,-3],[-131,-88],[-162,5],[-75,-11]],[[2493,3710],[-46,96],[-119,146],[-134,90]],[[2363,5445],[229,-207],[36,-77],[181,-184],[98,-61],[105,-36],[154,-15],[285,72],[79,35],[24,34],[46,156],[66,110],[24,15],[416,43]],[[4106,5330],[-60,-55],[40,-60],[16,-87],[-19,-205],[-32,-78],[-33,-26],[9,-70],[-44,-75],[42,-119],[88,-92],[106,-73],[117,-63],[117,-109],[7,-73],[-94,-4],[-40,-21],[-14,-54],[-130,-171],[-115,-103],[94,-176],[30,-23],[90,-132],[13,-67],[103,-69],[7,-65],[-38,-54]],[[4366,3206],[42,-119],[55,-39],[18,-48],[111,-54],[39,-121],[62,-7],[56,108],[107,-13],[-21,-172],[35,-523],[14,-32],[35,-305],[10,-32],[127,-6],[106,76],[67,-89],[882,3]],[[6111,1833],[-55,-83],[5,-318]],[[6061,1432],[-1310,1],[-92,2],[-15,40],[-144,39],[-22,-172],[-113,-14],[-86,42],[-70,-5],[-97,112],[-55,4],[-54,-109],[-39,-13],[-71,55],[-97,19],[-25,27],[-79,12],[-60,-444]],[[3632,1028],[-67,43],[-116,108],[-16,51],[5,126],[35,105],[5,95],[104,230],[-57,200],[-3,50],[45,71],[-2,46],[54,36],[159,24],[155,76],[100,103],[-94,125],[-6,85],[-79,79],[-87,-20],[-69,4],[-113,46],[-66,43],[-109,121],[-28,57],[58,86],[-27,76],[61,53],[-24,39],[-141,-51],[18,58],[-17,164],[-55,71],[157,-18],[131,-27]],[[3501,9461],[-45,-57],[12,-119],[45,-55],[-16,-87],[66,-41],[14,-94],[-31,-88],[-44,-35],[4,-75],[51,-57],[-21,-47],[50,-87],[56,-9],[26,-81],[-4,-90],[47,21],[60,-29],[56,-184],[167,-27],[63,-87],[101,-52],[102,-34],[-17,-85],[77,-64],[148,-12],[57,-36],[83,9],[101,-27],[47,53],[51,15],[117,-16],[133,-58],[84,-85],[63,-29],[66,3],[82,49],[51,-14],[21,-71],[61,-81],[37,6],[100,-108],[99,17],[37,-49],[150,-36],[25,-35],[112,-13],[97,19],[48,-25],[1,-62],[89,-97],[111,-79],[17,-50],[92,-6],[117,24]],[[6617,7104],[-1620,-842],[-322,-90],[18,-71],[5,-148],[-13,-44],[72,-161],[86,-120],[46,-25],[64,-104],[102,-49],[57,-115],[72,-56],[-1078,51]],[[2245,7955],[32,120],[10,120],[-17,75],[-60,88],[77,41],[-13,52],[46,-1],[99,55],[-4,54],[52,109],[131,-2],[148,43],[60,55],[-21,27],[47,78],[-5,58],[57,13],[22,86],[35,12],[27,63],[-51,21],[78,39],[96,-18],[-38,70],[26,35],[45,-38],[84,43],[-7,78],[72,-6],[121,65],[51,60],[56,11]],[[2493,3710],[-90,-47],[-1,-118],[42,-22],[134,-11],[-118,-68],[-20,-115],[51,-88],[101,-67],[168,-42],[26,-25],[70,-157],[102,-110],[9,-39],[-41,-13],[-273,-18],[-54,-23],[-98,-79],[-92,-56],[-675,-258],[-111,-33],[-119,14],[-375,109],[-236,75]],[[893,2519],[55,70],[51,28],[-37,44],[-139,78],[-29,44],[-96,78],[-85,45],[-58,81],[29,67],[-46,85],[-26,110],[6,92],[-35,60],[-18,125],[-46,71],[61,76],[175,56]],[[3632,1028],[-77,-203],[97,-109],[16,-115]],[[3668,601],[-218,-2],[-101,11],[-134,-20],[-49,21],[-105,107],[-94,20],[-40,64],[-119,31],[-47,-196],[-65,-58],[-294,-73],[-41,-154],[-202,-74],[-4,-97],[-62,-43],[-66,-84],[-290,-54],[-183,3],[-86,42],[-13,89],[27,113],[-71,161],[8,77],[-34,70],[-11,77],[-87,79],[-9,124],[-75,164],[4,185],[-11,33],[-172,246],[-76,15],[-51,51],[0,98],[75,89],[-168,83],[-68,95],[74,46],[-42,76],[3,59],[-41,47],[154,26],[38,102],[-10,47],[-119,85],[7,38],[93,99]],[[6617,7104],[110,-28],[92,38],[161,-21],[84,43],[21,-54],[103,-13],[77,-39],[194,-125],[76,-22],[29,-91],[40,-53],[-26,-67],[-39,-20],[3,-132],[53,-48],[46,-113],[-21,-39],[63,-66],[14,-352],[-251,-3],[43,-34],[221,-237],[18,-35],[47,-544],[41,-39],[1364,-44],[60,39],[43,-7],[-13,-167],[-82,-83],[-19,-49],[21,-119],[-10,-35],[49,-169],[21,-118],[122,-48],[181,-126],[129,-8],[51,-37],[10,-106],[44,-30],[23,-68],[-28,-15],[77,-117],[71,-139],[69,-42],[-82,-12],[-177,-496],[45,-23],[10,-79],[-61,-10],[-274,-508],[5,-22],[212,-167],[-82,-36],[-164,-105],[11,148],[-23,112],[-751,405],[-751,-8],[-1437,-273],[-108,-259],[-43,-78],[-218,-278]],[[6061,1432],[-3,-50],[-112,-329],[-196,-554],[-115,91],[-11,82],[-684,6],[-83,-41],[-60,37],[-110,-4],[-39,-57],[-46,-110],[-28,-22],[-61,-137],[-74,-78],[-36,-113],[-1,-55],[-39,-76],[-21,101],[-69,66],[20,76],[-45,39],[-73,112],[24,39],[-35,59],[-59,27],[-85,2],[-58,29],[-154,31],[-140,-2]],[[801,7871],[-728,1166],[149,13],[84,-15],[183,-12],[60,-23],[196,-8],[-24,-86],[23,-12],[117,22],[66,39],[88,13],[111,49],[160,212],[44,24],[149,6],[87,-42],[29,7],[29,72],[82,82],[80,28],[64,65],[55,5],[3,35],[113,-1],[112,53],[132,125],[108,75],[84,32],[30,35],[147,12],[215,66],[85,13],[47,-18],[53,24],[122,-7],[87,22],[103,-61],[108,118],[67,-22],[55,-87],[-24,-77],[7,-90],[30,-128],[-32,-75],[-56,-59]]],"bbox":[-69.66688165667388,-22.892818479135936,-57.466421141899275,-9.68136989561902],"transform":{"scale":[0.0012201680682842888,0.0013212769860502965],"translate":[-69.66688165667388,-22.892818479135936]},"title":"Bolivia","version":"2.0.1","copyright":"Copyright (c) 2022 Highsoft AS, Based on data from Natural Earth","copyrightShort":"Natural Earth","copyrightUrl":"http://www.naturalearthdata.com"}