{"type":"Topology","objects":{"default":{"type":"GeometryCollection","geometries":[{"type":"MultiPolygon","arcs":[[[0]],[[1]]],"id":"AS.6516","properties":{"hc-group":"admin1","hc-middle-x":0.75,"hc-middle-y":0.74,"hc-key":"as-6516","hc-a2":"MA","labelrank":"20","hasc":"AS.MA","alt-name":null,"woe-id":"24549644","subregion":null,"fips":"60020","postal-code":null,"name":"Manu's","country":"American Samoa","type-en":null,"region":null,"longitude":"-169.493","woe-name":"Manua","latitude":"-14.2338","woe-label":null,"type":null}},{"type":"Polygon","arcs":[[2,3]],"id":"AS.6515","properties":{"hc-group":"admin1","hc-middle-x":0.24,"hc-middle-y":0.46,"hc-key":"as-6515","hc-a2":"EA","labelrank":"20","hasc":"AS.ET","alt-name":null,"woe-id":"24549646","subregion":null,"fips":"60010","postal-code":null,"name":"Eastern","country":"American Samoa","type-en":null,"region":null,"longitude":"-170.639","woe-name":"Eastern","latitude":"-14.272","woe-label":null,"type":null}},{"type":"Polygon","arcs":[[4,-4]],"id":"AS.6514","properties":{"hc-group":"admin1","hc-middle-x":0.54,"hc-middle-y":0.41,"hc-key":"as-6514","hc-a2":"WE","labelrank":"20","hasc":"AS.WT","alt-name":null,"woe-id":"24549645","subregion":null,"fips":"60050","postal-code":null,"name":"Western","country":"American Samoa","type-en":null,"region":null,"longitude":"-170.768","woe-name":"Western","latitude":"-14.3241","woe-label":null,"type":null}},{"type":"Polygon","arcs":[[5]],"id":"AS.6513","properties":{"hc-group":"admin1","hc-middle-y":0.41,"hc-key":"as-6513","hc-a2":"SI","labelrank":"20","hasc":"AS.UU","alt-name":null,"woe-id":"24549643","subregion":null,"fips":"60040","postal-code":null,"name":"Swain's Island","country":"American Samoa","type-en":null,"region":null,"longitude":"-171.08","woe-name":"Swains","latitude":"-11.0577","woe-label":null,"type":null,"hc-inset":"as-all-swain"}},{"type":"Polygon","arcs":[[6]],"id":"AS.3585","properties":{"hc-group":"admin1","hc-middle-x":0.65,"hc-middle-y":0.42,"hc-key":"as-3585","hc-a2":"RA","labelrank":"20","hasc":"AS.UU","alt-name":null,"woe-id":"-99","subregion":null,"fips":"60030","postal-code":null,"name":"Rose Atoll","country":"American Samoa","type-en":null,"region":null,"longitude":"-168.166","woe-name":null,"latitude":"-14.525","woe-label":null,"type":null,"hc-inset":"as-all-rose"}}],"hc-recommended-transform":{"default":{"crs":"+proj=utm +zone=2 +south +datum=WGS84 +units=m +no_defs","scale":0.00466383657841,"jsonres":15.5,"jsonmarginX":-999,"jsonmarginY":9851,"xoffset":518198.280846,"yoffset":8433181.39719},"as-all-swain":{"xpan":250,"ypan":250,"crs":"+proj=lcc +lat_1=-14.26666666666667 +lat_0=-14.26666666666667 +lon_0=-170 +k_0=1 +x_0=152400.3048006096 +y_0=95169.31165862332 +ellps=clrk66 +towgs84=-115,118,426,0,0,0,0 +units=us-ft +no_defs","scale":0.00935104683408,"jsonres":15.5,"jsonmarginX":-999,"jsonmarginY":9851,"xoffset":110339.29427,"yoffset":1477137.13877,"geometry":{"type":"Polygon","coordinates":[[[-170.4426404718489,-14.60360417864407],[-170.08625284322474,-14.602480817069354],[-170.08553293657255,-14.775684979956168],[-170.44220130265072,-14.776822249505082],[-170.4426404718489,-14.60360417864407]]]}},"as-all-rose":{"xpan":450,"ypan":250,"crs":"+proj=lcc +lat_1=-14.26666666666667 +lat_0=-14.26666666666667 +lon_0=-170 +k_0=1 +x_0=152400.3048006096 +y_0=95169.31165862332 +ellps=clrk66 +towgs84=-115,118,426,0,0,0,0 +units=us-ft +no_defs","scale":0.0105007715581,"jsonres":15.5,"jsonmarginX":-999,"jsonmarginY":9851,"xoffset":1146491.66409,"yoffset":215983.851873,"geometry":{"type":"Polygon","coordinates":[[[-170.08625284322474,-14.602480817069354],[-169.72990302262176,-14.600813407136616],[-169.72890251981795,-14.773996926621187],[-170.08553293657255,-14.775684979956168],[-170.08625284322474,-14.602480817069354]]]}}},"hc-recommended-mapview":{"padding":[0,0,"50%",0],"insets":[{"id":"as-swain","borderPath":{"type":"MultiLineString","coordinates":[[[20,60],[50,60],[50,100]]]},"field":{"type":"Polygon","coordinates":[[[20,60],[50,60],[50,100],[20,100]]]},"geoBounds":{"type":"Polygon","coordinates":[[[-171.1,-11],[-171,-11],[-171,-11.1],[-171.1,-11.1]]]},"padding":"30%","projection":{"name":"LambertConformalConic","parallels":[14.27],"rotation":[170]}},{"id":"as-rose","borderPath":{"type":"MultiLineString","coordinates":[[[50,60],[80,60]]]},"field":{"type":"Polygon","coordinates":[[[50,60],[80,60],[80,100],[50,100]]]},"geoBounds":{"type":"Polygon","coordinates":[[[-168.2,-14.5],[-168.1,-14.5],[-168.1,-14.6],[-168.2,-14.5]]]},"padding":"30%","projection":{"name":"LambertConformalConic","parallels":[14.27],"rotation":[170]}}]}}},"arcs":[[[5626,826],[-24,-30],[-44,15],[-28,-24],[-27,-10],[-30,1],[-34,13],[-12,-25],[-20,-13],[-28,-3],[-35,3],[-10,34],[-13,29],[-18,22],[-27,13],[51,30],[73,11],[145,-3],[68,-21],[13,-42]],[[4958,1022],[-84,-35],[-32,4],[-22,37],[27,17],[34,0],[37,-9],[40,-14]],[[1247,700],[79,82],[127,24],[141,-7],[99,-29],[51,35],[31,-17],[-5,-36],[-53,-19],[-199,-9],[-58,-13],[-83,-50],[-31,-35]],[[1346,626],[-29,7],[-44,-6],[-3,40],[-23,33]],[[1346,626],[-100,-111],[-92,-61],[-23,22],[-140,78],[-90,38],[-29,21],[146,72],[55,8],[118,-1],[56,8]],[[45,9968],[-28,-11],[-17,16],[3,26],[44,-3],[-2,-28]],[[9999,34],[-4,-34],[-39,26],[33,12],[10,-4]]],"bbox":[-171.0865372233285,-14.532891556505074,-168.16047109481934,-11.051364897916493],"transform":{"scale":[0.00029263587643855874,0.00034818748460731887],"translate":[-171.0865372233285,-14.532891556505074]},"title":"American Samoa","version":"2.0.1","copyright":"Copyright (c) 2022 Highsoft AS, Based on data from Natural Earth","copyrightShort":"Natural Earth","copyrightUrl":"http://www.naturalearthdata.com"}