{"type":"Topology","objects":{"default":{"type":"GeometryCollection","geometries":[{"type":"MultiPolygon","arcs":[[[0]],[[1,2,3,4,5]]],"id":"AM.GR","properties":{"hc-group":"admin1","hc-middle-x":0.41,"hc-middle-y":0.46,"hc-key":"am-gr","hc-a2":"GR","labelrank":"9","hasc":"AM.GR","alt-name":"Gelark'unik'","woe-id":"20070204","subregion":null,"fips":"AM04","postal-code":"GR","name":"Gegharkunik","country":"Armenia","type-en":"Province","region":null,"longitude":"45.3848","woe-name":"Gegharkunik","latitude":"40.278","woe-label":"Geghark'unik', AM, Armenia","type":"Marz"}},{"type":"Polygon","arcs":[[6,7,8,9]],"id":"AM.AV","properties":{"hc-group":"admin1","hc-middle-x":0.3,"hc-key":"am-av","hc-a2":"AV","labelrank":"9","hasc":"AM.AV","alt-name":null,"woe-id":"20070210","subregion":null,"fips":"AM03","postal-code":"AV","name":"Armavir","country":"Armenia","type-en":"Province","region":null,"longitude":"44.0464","woe-name":"Armavir","latitude":"40.0992","woe-label":"Armavir, AM, Armenia","type":"Marz"}},{"type":"Polygon","arcs":[[10,11,12]],"id":"AM.SH","properties":{"hc-group":"admin1","hc-middle-x":0.6,"hc-middle-y":0.38,"hc-key":"am-sh","hc-a2":"SH","labelrank":"9","hasc":"AM.SH","alt-name":"?irak","woe-id":"20070203","subregion":null,"fips":"AM07","postal-code":"SH","name":"Shirak","country":"Armenia","type-en":"Province","region":null,"longitude":"43.8178","woe-name":"Shirak","latitude":"40.8194","woe-label":"Shirak, AM, Armenia","type":"Marz"}},{"type":"Polygon","arcs":[[13,-10,14,15,-2,16]],"id":"AM.AR","properties":{"hc-group":"admin1","hc-middle-x":0.66,"hc-middle-y":0.52,"hc-key":"am-ar","hc-a2":"AR","labelrank":"9","hasc":"AM.AR","alt-name":null,"woe-id":"20070211","subregion":null,"fips":"AM02","postal-code":"AR","name":"Ararat","country":"Armenia","type-en":"Province","region":null,"longitude":"44.7304","woe-name":"Ararat","latitude":"39.9204","woe-label":"Ararat, AM, Armenia","type":"Marz"}},{"type":"Polygon","arcs":[[17,-4,18,19],[20],[21]],"id":"AM.TV","properties":{"hc-group":"admin1","hc-middle-x":0.45,"hc-middle-y":0.68,"hc-key":"am-tv","hc-a2":"TV","labelrank":"9","hasc":"AM.TV","alt-name":"Tavu?","woe-id":"20070202","subregion":null,"fips":"AJ40","postal-code":"TV","name":"Tavush","country":"Armenia","type-en":"Province","region":null,"longitude":"45.1763","woe-name":"Tavush","latitude":"40.8883","woe-label":"Tavush, AM, Armenia","type":"Marz"}},{"type":"Polygon","arcs":[[-19,-3,-16,22,23,24]],"id":"AM.KT","properties":{"hc-group":"admin1","hc-middle-x":0.46,"hc-middle-y":0.55,"hc-key":"am-kt","hc-a2":"KT","labelrank":"9","hasc":"AM.KT","alt-name":"Kotaik|Kotayk'","woe-id":"20070208","subregion":null,"fips":"AM05","postal-code":"KT","name":"Kotayk","country":"Armenia","type-en":"Province","region":null,"longitude":"44.7191","woe-name":"Kotayk","latitude":"40.3747","woe-label":"Kotayk', AM, Armenia","type":"Marz"}},{"type":"Polygon","arcs":[[-25,25,-12,26,-20]],"id":"AM.LO","properties":{"hc-group":"admin1","hc-middle-x":0.55,"hc-middle-y":0.51,"hc-key":"am-lo","hc-a2":"LO","labelrank":"9","hasc":"AM.LO","alt-name":"Lo?i","woe-id":"20070207","subregion":null,"fips":"AM06","postal-code":"LO","name":"Lori","country":"Armenia","type-en":"Province","region":null,"longitude":"44.4524","woe-name":"Lori","latitude":"40.9347","woe-label":"Lorri, AM, Armenia","type":"Marz"}},{"type":"Polygon","arcs":[[-15,-9,27,-23]],"id":"AM.ER","properties":{"hc-group":"admin1","hc-middle-x":0.52,"hc-middle-y":0.51,"hc-key":"am-er","hc-a2":"ER","labelrank":"9","hasc":"AM.ER","alt-name":"Yerevan","woe-id":"20070212","subregion":null,"fips":"AM11","postal-code":"ER","name":"Erevan","country":"Armenia","type-en":"City","region":null,"longitude":"44.533","woe-name":"Erevan","latitude":"40.1474","woe-label":"Yerevan, AM, Armenia","type":"Kaghak"}},{"type":"Polygon","arcs":[[28,29]],"id":"AM.SU","properties":{"hc-group":"admin1","hc-middle-y":0.52,"hc-key":"am-su","hc-a2":"SU","labelrank":"9","hasc":"AM.SU","alt-name":"Syunik'","woe-id":"20070206","subregion":null,"fips":"AM08","postal-code":"SU","name":"Syunik","country":"Armenia","type-en":"Province","region":null,"longitude":"46.1518","woe-name":"Syunik","latitude":"39.2479","woe-label":"Syunik', AM, Armenia","type":"Marz"}},{"type":"Polygon","arcs":[[30,-17,-6,31,-30]],"id":"AM.VD","properties":{"hc-group":"admin1","hc-middle-x":0.45,"hc-middle-y":0.51,"hc-key":"am-vd","hc-a2":"VD","labelrank":"9","hasc":"AM.VD","alt-name":"Vayoc'Jor","woe-id":"20070205","subregion":null,"fips":"AM10","postal-code":"VD","name":"Vayots Dzor","country":"Armenia","type-en":"Province","region":null,"longitude":"45.4421","woe-name":"Vayots Dzor","latitude":"39.7183","woe-label":"Vayots' Dzor, AM, Armenia","type":"Marz"}},{"type":"Polygon","arcs":[[-8,32,-13,-26,-24,-28]],"id":"AM.AG","properties":{"hc-group":"admin1","hc-middle-x":0.59,"hc-middle-y":0.71,"hc-key":"am-ag","hc-a2":"AG","labelrank":"9","hasc":"AM.AG","alt-name":"Aragacot'n","woe-id":"20070209","subregion":null,"fips":"AM01","postal-code":"AG","name":"Aragatsotn","country":"Armenia","type-en":"Province","region":null,"longitude":"44.0736","woe-name":"Aragatsotn","latitude":"40.3213","woe-label":"Aragatsotn, AM, Armenia","type":"Marz"}}],"hc-recommended-transform":{"default":{"crs":"+proj=utm +zone=38 +datum=WGS84 +units=m +no_defs","scale":0.00259546189063,"jsonres":15.5,"jsonmarginX":-999,"jsonmarginY":9851,"xoffset":368653.243489,"yoffset":4571000.84883}}}},"arcs":[[[6666,7243],[-106,-81],[-109,33],[-24,82],[24,84],[83,41],[92,-5],[83,-47],[-43,-107]],[[5284,4129],[-27,62],[-10,117],[-45,157],[-1,119],[-63,47],[-153,378],[-4,91],[35,136],[16,119]],[[5032,5355],[-47,71],[-216,253],[-5,100],[46,60],[-6,48],[-147,547],[-37,55],[-94,64],[-16,35],[24,109],[-18,72],[-75,100],[-108,3],[-30,51],[-34,221],[6,72],[30,64],[-9,80]],[[4296,7360],[375,79],[93,-39],[62,-54],[102,-37],[133,26],[81,43],[62,132],[44,50],[122,51],[118,87],[214,-24],[48,-26],[73,-90],[129,-58],[105,-112],[61,-23]],[[6118,7365],[0,-76],[45,-96],[125,-109],[54,-69],[20,-132],[44,-77],[65,-42],[128,-265],[188,-175],[735,-415],[137,-151],[63,-3],[136,23],[92,-68],[81,-107],[5,-72],[-57,-265],[-39,-101],[-60,-81],[-69,-62],[-50,-220],[-64,-80],[-221,-22],[-518,87],[-200,-131],[4,-40]],[[6762,4616],[-74,58],[-26,3],[-107,-123],[-112,-58],[-53,-18],[-215,-36],[-79,0],[-98,-18],[-232,13],[-128,-45],[-78,-50],[-126,-116],[-150,-97]],[[2983,4723],[-175,102],[-115,36],[-107,0],[-190,-53],[-188,-35],[-98,57],[-67,-18],[-110,-77],[-50,-18],[-380,65],[-346,191],[-289,83],[-145,80],[-40,119],[43,41],[144,31],[30,53],[-20,46],[-98,122],[-35,72],[55,52]],[[802,5672],[83,49],[73,66],[52,7],[79,-34],[70,86],[39,8],[53,-76],[45,-23],[119,-33],[125,-92],[150,-61],[98,-98],[48,-23],[375,-3],[67,28],[37,37],[-24,129],[41,43],[53,-13],[40,-46],[42,-15],[82,49],[63,15],[59,-8],[35,-42],[83,-43],[58,-44],[69,-33],[185,-40]],[[3101,5462],[29,-42],[11,-72],[30,-34]],[[3171,5314],[-7,-36],[-115,-50],[-51,-44],[-109,-160],[56,-110],[29,-78],[9,-113]],[[594,6376],[3,37],[-128,109],[-67,74],[-13,55],[108,128],[68,47],[75,9],[-24,59],[67,-31],[-3,99],[42,85],[133,156],[-24,94],[85,141],[9,34],[-16,285],[-40,146],[-132,207],[-32,83],[-37,255],[-37,80],[-99,123],[-125,103],[-135,67],[-135,18],[-61,58],[-50,117],[-26,131],[13,96],[94,-2],[171,70],[133,5],[516,-72],[77,6],[61,26],[148,128],[135,55],[293,7],[69,16]],[[1710,9480],[-37,-313],[39,-67],[95,-41],[93,-130],[124,-112],[0,-48],[-61,-78],[63,-55],[143,-5],[14,-22],[-23,-132],[-60,-78],[-9,-72],[-57,-42],[-127,31],[-25,-50],[-26,-112],[-27,-54],[9,-53],[60,-132],[40,-39],[111,-16],[44,-45],[32,-68],[47,-19],[132,6]],[[2304,7734],[-105,-205],[-53,-71],[-107,-104],[-7,-33],[77,-65],[42,-64],[30,-102],[69,-9],[101,17],[35,-12],[0,-39],[-42,-161],[5,-51],[61,-45],[-55,-51],[-84,-55],[-82,-17],[-48,-40],[-84,-34],[-126,-66],[-54,36],[-82,124],[-131,7],[-67,-70],[-130,-4],[-87,20],[-64,49],[-93,20],[-51,30],[-45,-5],[-96,-60],[-117,-36],[-63,-39],[-42,-102],[-88,-57],[-72,-71],[-55,7]],[[5175,3651],[-23,30],[-109,55],[-118,-41],[-116,-90],[-101,-58],[-108,-26],[-137,3],[-148,-27],[-88,-40],[-50,84],[-193,256],[-49,49],[-51,-3],[-58,36],[-115,133],[-42,-26],[-22,110],[-75,63],[-26,98],[-36,60],[-80,91],[-183,160],[-264,155]],[[3171,5314],[38,9],[36,-26],[-1,-125],[22,-66],[27,-26],[111,-25],[54,-34],[27,-67],[49,-46],[68,7],[85,58],[138,185]],[[3825,5158],[30,-15],[30,-72],[83,-46],[157,28],[129,42],[236,134],[90,37],[116,34],[122,51],[96,11],[118,-7]],[[5284,4129],[-75,-169],[-25,-81],[0,-138],[-9,-90]],[[4476,9723],[-21,30],[-118,56],[-27,58],[62,61],[305,-47],[120,4],[149,114],[117,-245],[-32,-86],[18,-51],[53,-23],[207,0],[54,-18],[164,-127],[41,-59],[5,-65],[-109,-78],[-312,12],[-34,-132],[41,-69],[69,-45],[60,-7],[29,125],[53,-28],[102,-106],[65,-40],[101,-96],[149,-17],[138,-55],[72,-13],[177,88],[88,10],[19,-98],[-28,-134],[39,-41],[76,-20],[83,-68],[135,-171],[50,-51],[139,-26],[55,-28],[6,-92],[-59,-170],[-84,-93],[-372,-178],[-124,-101],[-79,-139],[0,-99]],[[4296,7360],[-77,63]],[[4219,7423],[3,240],[-67,203],[45,65],[60,29],[108,29],[41,27],[35,56],[66,213],[28,50],[101,93],[-10,53],[-72,84],[-58,29],[-122,14],[-119,92],[-41,53],[2,48],[103,117],[61,19],[63,-40],[86,8],[204,157],[3,59],[-37,56],[-92,49],[-38,63],[-14,86],[13,86],[118,85],[3,64],[-32,35],[-108,70],[-76,8]],[[5634,8716],[-90,77],[-46,-16],[30,-95],[73,-11],[33,45]],[[5032,8993],[-34,118],[-124,29],[-50,-34],[-10,-57],[19,-62],[41,-50],[114,-39],[44,95]],[[3825,5158],[-24,62],[-41,22],[-116,-4],[-29,39],[23,82],[94,126],[-91,115],[-55,26],[-144,-60],[-123,-11],[-49,10],[-55,-23],[-49,7],[-40,-40]],[[3126,5509],[-41,96],[-5,75],[65,57],[8,54],[-57,47],[-24,42],[9,45],[100,59],[117,208],[75,56],[7,57],[-31,92],[153,440],[23,106],[3,64],[-44,21],[-148,32],[-202,150],[-24,45],[14,95],[-22,141]],[[3102,7491],[263,68],[78,6],[82,-49],[87,32],[44,-3],[158,-83],[129,-41],[151,-13],[125,15]],[[3102,7491],[-17,63],[-44,54],[-79,48],[-166,68],[-108,12],[-102,-91],[-55,-12],[-59,16],[-91,90],[-77,-5]],[[1710,9480],[74,18],[126,56],[64,7],[133,-37],[67,12],[62,33],[50,48],[26,107],[71,26],[85,-35],[154,-105],[58,-21],[74,12],[78,68],[76,7],[169,-100],[69,-26],[71,-4],[76,22],[85,85],[34,1],[45,-104],[65,-19],[47,41],[79,120],[68,29],[64,-8],[132,-52],[462,-9],[84,11],[18,60]],[[3101,5462],[25,47]],[[7494,4069],[24,-50],[142,-142],[171,-89],[199,-60],[86,-85],[122,-249],[100,-79],[119,-35],[55,-31],[45,-57],[74,-141],[47,-45],[70,-22],[109,23],[217,111],[107,-8],[45,-36],[75,-102],[47,-34],[62,-11],[199,19],[104,-46],[38,-54],[10,-67],[-28,-52],[-83,-64],[-2,-68],[21,-81],[-59,-49],[-233,-44],[-100,-63],[-42,-106],[44,-130],[104,-81],[227,-102],[50,-43],[40,-125],[31,-60],[76,-82],[135,-96],[57,-84],[-94,-16],[-146,-106],[-39,-6],[-192,100],[-111,13],[-73,-69],[4,-126],[80,-82],[105,-60],[77,-63],[39,-135],[18,-117],[-9,-116],[-59,-205],[-3,-101],[14,-48],[109,-236],[-57,16],[-329,149],[-43,10],[-110,-29],[-122,-6],[-103,-40],[-165,-120],[-54,-28],[-211,-28],[-184,358],[-165,466],[-64,131],[-148,231],[-29,108],[19,104],[98,130],[-21,94],[-65,62],[-226,113],[-76,58],[-124,120],[-179,47],[-27,62],[20,83],[106,176],[14,65],[-28,189],[10,174],[-29,52],[-72,52],[-87,34],[-91,-5]],[[7177,2904],[-25,87],[85,333],[11,151],[-60,111],[35,107],[167,286],[47,58],[57,32]],[[7177,2904],[-387,-95],[-84,-36],[-254,-163],[-69,-33],[-72,-1],[-34,19],[-100,104],[-55,29],[-149,15],[-47,18],[-69,132],[-98,139],[-84,-28],[-90,-84],[-117,-28],[-61,39],[-13,60],[32,149],[4,97],[-13,76],[-33,69],[-209,269]],[[6762,4616],[6,-57],[100,-46],[330,-33],[86,-44],[68,-75],[142,-292]],[[802,5672],[-45,106],[-140,182],[-86,81],[-32,64],[48,114],[47,157]]],"bbox":[43.43629362002366,38.86373827863403,46.6026128745202,41.29045237372347],"transform":{"scale":[0.00031666359180883443,0.00024269567907685138],"translate":[43.43629362002366,38.86373827863403]},"title":"Armenia","version":"2.0.1","copyright":"Copyright (c) 2022 Highsoft AS, Based on data from Natural Earth","copyrightShort":"Natural Earth","copyrightUrl":"http://www.naturalearthdata.com"}