{"type":"Topology","objects":{"default":{"type":"GeometryCollection","geometries":[{"type":"MultiPolygon","arcs":[[[0]],[[1]],[[2]],[[3]],[[4]]],"id":"ER.5773","properties":{"hc-group":"admin1","hc-middle-x":0.03,"hc-middle-y":0.08,"hc-key":"er-5773","hc-a2":"NU","labelrank":"20","hasc":"-99","alt-name":null,"woe-id":"-99","subregion":null,"fips":null,"postal-code":null,"name":null,"country":"Eritrea","type-en":null,"region":null,"longitude":"42.9412","woe-name":null,"latitude":"12.8337","woe-label":null,"type":null}},{"type":"MultiPolygon","arcs":[[[5]],[[6]],[[7,8,9,10,11,12]]],"id":"ER.DU","properties":{"hc-group":"admin1","hc-middle-x":0.23,"hc-middle-y":0.29,"hc-key":"er-du","hc-a2":"DU","labelrank":"6","hasc":"ER.DU","alt-name":"Southern|al-Janubiyah","woe-id":"24549686","subregion":null,"fips":"ER06","postal-code":"DU","name":"Debub","country":"Eritrea","type-en":"Region","region":null,"longitude":"40.1691","woe-name":"Debub","latitude":"15.6179","woe-label":"Semien-Keih-Bahri, ER, Eritrea","type":"Zoba"}},{"type":"Polygon","arcs":[[13,14,15,16]],"id":"ER.GB","properties":{"hc-group":"admin1","hc-middle-x":0.52,"hc-middle-y":0.55,"hc-key":"er-gb","hc-a2":"GB","labelrank":"6","hasc":"ER.GB","alt-name":"Gash-Barka|al-Qash wa-Barka|Debubawi Gash Barka","woe-id":"24549681","subregion":null,"fips":"ER04","postal-code":"GB","name":"Gash Barka","country":"Eritrea","type-en":"Region","region":null,"longitude":"37.6058","woe-name":"Gash Barka","latitude":"15.0297","woe-label":"Gash-Barka, ER, Eritrea","type":"Zoba"}},{"type":"Polygon","arcs":[[-16,17,-8,18]],"id":"ER.AN","properties":{"hc-group":"admin1","hc-middle-x":0.3,"hc-middle-y":0.63,"hc-key":"er-an","hc-a2":"AN","labelrank":"6","hasc":"ER.AN","alt-name":"Ansaba|A'Nseba","woe-id":"24549682","subregion":null,"fips":"ER05","postal-code":"AN","name":"Anseba","country":"Eritrea","type-en":"Region","region":null,"longitude":"39.0563","woe-name":"Anseba","latitude":"15.2792","woe-label":"Maekel, ER, Eritrea","type":"Zoba"}},{"type":"Polygon","arcs":[[-18,-15,19,-9]],"id":"ER.SK","properties":{"hc-group":"admin1","hc-middle-x":0.35,"hc-middle-y":0.51,"hc-key":"er-sk","hc-a2":"SK","labelrank":"6","hasc":"ER.SK","alt-name":"Northern Red Sea|al-Bahru al-Ahmaru ash-Shimali|Semenawi Keyh Bahri|Semien-Keih-Bahri","woe-id":"24549684","subregion":null,"fips":"ER01","postal-code":"SK","name":"Semenawi Keyih Bahri","country":"Eritrea","type-en":"Region","region":null,"longitude":"37.9175","woe-name":"Semenawi Keyih Bahri","latitude":"16.6263","woe-label":"Anseba, ER, Eritrea","type":"Zoba"}},{"type":"Polygon","arcs":[[-19,-13,20,-17]],"id":"ER.MA","properties":{"hc-group":"admin1","hc-middle-x":0.46,"hc-middle-y":0.44,"hc-key":"er-ma","hc-a2":"MA","labelrank":"6","hasc":"ER.MA","alt-name":"Central|al-Markaziyah|Maakel|Maekelay|Ma'kil|Makelay","woe-id":"24549683","subregion":null,"fips":"ER02","postal-code":"MA","name":"Maekel","country":"Eritrea","type-en":"Region","region":null,"longitude":"38.9679","woe-name":"Maekel","latitude":"14.858","woe-label":"Debub, ER, Eritrea","type":"Zoba"}},{"type":"Polygon","arcs":[[-11,21]],"id":"ER.DK","properties":{"hc-group":"admin1","hc-middle-x":0.55,"hc-middle-y":0.58,"hc-key":"er-dk","hc-a2":"DK","labelrank":"6","hasc":"ER.DK","alt-name":"Southern Red Sea|Debubawi Keyh Bahri|Debub-Keih-Bahri|al-Bahru al-Ahmaru al-Janubi","woe-id":"24549685","subregion":null,"fips":"DJ04","postal-code":"DK","name":"Debubawi Keyih Bahri","country":"Eritrea","type-en":"Region","region":null,"longitude":"41.7389","woe-name":"Debubawi Keyih Bahri","latitude":"13.5712","woe-label":"Debub-Keih-Bahri, ER, Eritrea","type":"Zoba"}}],"hc-recommended-transform":{"default":{"crs":"+proj=utm +zone=37 +datum=WGS84 +units=m +no_defs","scale":0.000965559080733,"jsonres":15.5,"jsonmarginX":-999,"jsonmarginY":9851,"xoffset":223085.691781,"yoffset":1990765.04387}}}},"arcs":[[[9683,1071],[66,-37],[-7,-55],[-27,22],[-40,-12],[-19,36],[27,46]],[[5800,4649],[-60,-14],[-7,24],[48,116],[49,-8],[23,-66],[-53,-52]],[[5755,4887],[-31,-17],[-39,17],[-9,35],[17,63],[63,42],[25,1],[-33,-66],[7,-75]],[[9594,1199],[33,-56],[-43,16],[-9,34],[19,6]],[[9594,1199],[-2,4],[33,7],[-31,-11]],[[5377,6240],[97,-58],[20,-38],[-25,-65],[51,1],[-11,30],[32,-6],[-6,-168],[46,-119],[103,-30],[44,65],[-64,39],[38,29],[64,0],[51,-24],[13,-43],[65,-36],[48,-11],[13,-69],[-31,-47],[-56,25],[-103,-24],[-84,42],[-34,6],[-74,-18],[-53,43],[-31,-44],[-63,5],[-88,34],[-33,-8],[-22,35],[-40,134],[51,-72],[25,6],[57,-31],[82,24],[-64,103],[-45,31],[-50,11],[-67,-6],[-8,67],[33,23],[44,-33],[26,11],[-28,67],[30,17],[57,2],[-4,50],[-32,34],[-52,-4],[-35,40],[113,-20]],[[5508,6423],[-26,-9],[-81,40],[-63,8],[-15,17],[11,57],[74,24],[-6,71],[101,-52],[11,-21],[-57,-50],[-5,-26],[56,-59]],[[4332,4988],[-62,47],[-130,79],[-72,72],[-87,110],[-136,241],[-62,160]],[[3783,5697],[-50,216],[-133,253],[-41,49],[-201,29],[-140,58],[-73,57],[-32,48],[-17,59],[2,187],[30,85],[3,76],[-28,112],[-43,89],[-106,130],[-37,140],[-48,89],[-32,97],[-16,16],[-341,70],[-70,63],[-9,39],[26,168],[-10,93],[-75,110],[-8,78],[28,124],[25,727],[-13,216]],[[2374,9175],[71,15],[14,-18],[8,-103],[22,1],[40,58],[2,57],[61,21],[74,-62],[60,35],[9,108],[26,27],[105,67],[41,76],[90,272],[41,68],[212,202],[29,-93],[63,-101],[10,-73],[39,-84],[140,-244],[104,-276],[104,-206],[36,-149],[17,-36],[-18,-69],[69,-102],[20,-54],[21,-128],[44,-105],[19,-142],[24,-51],[16,-101],[48,-129],[33,-138],[-21,11],[30,-79],[11,-90],[-27,-33],[24,-80],[-15,-61],[39,-15],[0,-78],[18,-45],[2,-115],[22,-66],[-12,-91],[46,-231],[11,-105],[35,-88],[52,-231],[30,-61],[88,-63],[26,-39],[55,-29],[16,-37],[-21,-56],[30,-61],[10,-76],[41,-51],[-26,-3],[-23,-43],[59,-3],[-3,-34],[-78,-20],[31,-66],[10,-73],[88,-8],[25,34],[80,-14],[36,-56],[78,-290],[41,-25],[41,-103],[-23,-97],[-7,-152],[25,-52],[55,-2],[33,-39],[55,15],[23,51],[-10,31],[52,85],[4,35],[-31,60],[-28,96],[-42,-43],[-17,72],[4,91],[-8,95],[27,22],[20,78],[32,-19],[70,98],[51,-82],[143,-136],[100,-53],[17,-36],[-14,-41],[-49,-57],[-23,-68],[30,-2],[-7,-42],[51,-68],[39,-107],[-6,-66],[61,-31],[27,-64],[4,-71],[145,-65],[45,-57],[91,55],[63,104],[4,-52],[38,-8],[7,52],[48,11],[12,-44],[54,-32],[42,62],[40,-12],[2,-46],[25,-23]],[[6191,4590],[2,-67],[29,-170],[-3,-140],[-23,-66],[-133,-218],[-75,-190],[-123,-240]],[[5865,3499],[-114,123],[-124,70],[-134,39],[-100,-26],[-86,13],[-103,-63],[-51,18],[-78,79],[-86,47],[-66,-5]],[[4923,3794],[-513,1023],[-31,83],[-47,88]],[[2719,4061],[-25,49],[-57,12],[-85,-16],[-27,5],[-163,77],[-25,59],[-31,16],[-16,64],[-27,15],[-47,95],[-25,26],[-488,-1351],[-16,-20],[-43,41],[-13,92],[-62,34],[-33,108],[-82,73],[-6,85],[-85,136],[-64,55],[-54,-17],[-110,2],[-52,-13],[-42,-38],[-35,-73],[-10,-115],[-27,-51],[-70,-16],[-31,-23],[-52,24],[-35,48],[-147,42],[-150,8],[-52,-25],[-97,-7],[-46,-25],[-77,-13],[-30,-53],[-29,1],[-153,1503],[14,69],[110,122],[28,50],[75,258],[29,55],[49,37],[-21,77],[4,75],[81,339],[18,40],[74,87],[40,76],[189,615],[24,47],[63,74],[11,82],[-35,110],[8,100],[-9,31]],[[752,7219],[41,-8],[30,-50],[21,-84],[10,-98],[30,-90],[49,-59],[31,-72],[55,-29],[140,-38],[77,-30],[92,-65],[57,-65],[45,-80],[28,-76],[54,-67],[97,-40],[39,-38],[2,-33],[32,-22],[109,1],[105,16],[84,-13],[126,-83],[126,-16],[134,-61],[146,-113],[64,-7],[115,61],[78,13],[49,-18],[70,-52],[89,-119],[42,-92],[81,-41],[273,-9],[152,21]],[[3525,5663],[4,-711]],[[3529,4952],[-100,14],[-109,-39],[-129,-36],[-133,-12],[-71,-35],[-56,-73],[-34,-65],[-42,-53],[-89,-49],[-41,-51],[-55,-167],[13,-92],[47,-120],[7,-64],[-18,-49]],[[3525,5663],[51,13],[29,-23],[84,25],[94,19]],[[4332,4988],[-17,-23],[-45,-12],[-741,-1]],[[752,7219],[-66,98],[-9,65],[23,105],[0,89],[13,33],[87,89],[38,106],[5,106],[17,29],[-13,33],[-1,94],[-33,59],[36,59],[2,68],[-31,47],[10,44],[31,5],[73,-42],[54,-15],[73,-43],[80,15],[67,0],[71,50],[43,4],[140,-44],[85,114],[19,75],[42,103],[5,106],[-16,81],[19,31],[198,70],[60,10],[61,36],[65,133],[53,33],[30,-11],[44,-49],[35,-11],[65,34],[46,69],[101,78]],[[4923,3794],[-67,-13],[-117,31],[-48,57],[-51,42],[-26,0],[-38,-77],[-62,-34],[-122,-40],[-109,13],[-38,-6],[-52,-81],[-38,-1],[-30,65],[-44,148],[-46,74],[-78,62],[-96,19],[-21,-16],[-5,-95],[-20,-32],[-94,-56],[-76,-74],[-66,-7],[-90,-43],[-55,-11],[-84,15],[-92,-56],[-56,-16],[-114,-15],[-98,-3],[-49,83],[-103,72],[-30,57],[-23,90],[-55,58],[-11,57]],[[6191,4590],[66,-5],[17,-100],[43,-21],[-7,30],[53,7],[15,-24],[-39,-12],[93,-110],[-14,-109],[63,-75],[0,-35],[62,14],[0,34],[35,-18],[79,5],[89,-66],[43,-13],[101,-5],[173,-45],[34,-36],[44,-95],[111,-90],[36,-50],[22,-60],[21,-94],[49,-30],[46,-68],[20,-71],[139,-165],[53,-155],[70,-52],[48,-58],[54,-119],[29,-99],[95,-34],[68,21],[30,-6],[53,-87],[33,-14],[61,12],[115,-74],[18,-97],[62,-55],[81,-113],[16,-60],[25,-24],[34,18],[47,-43],[20,-73],[68,-45],[-47,68],[31,14],[1,47],[-46,36],[-44,6],[37,19],[51,-49],[55,-85],[49,-31],[10,-115],[30,-86],[30,-30],[11,-45],[23,-205],[21,-43],[11,-98],[78,-43],[68,-8],[45,23],[20,50],[74,-115],[75,-73],[52,-101],[73,-32],[50,-65],[14,-98],[24,-65],[16,-112],[32,-24],[60,28],[49,-76],[95,-19],[-20,-36],[66,35],[57,96],[0,63],[63,-61],[15,-37],[49,-43],[16,-103],[40,-84],[-9,-12],[-325,-162],[-47,17],[-25,-26],[-35,-96],[-65,-72],[20,-108],[-9,-47],[-63,-21],[-33,-51],[-54,-17],[-20,-34],[-234,242],[-68,35],[-67,8],[-77,-98],[-71,89],[-122,192],[-97,193],[-71,71],[-83,55],[-85,41],[-117,87],[-78,127],[-116,291],[-48,93],[-51,77],[-57,70],[-271,258],[-460,342],[-45,52],[-221,454],[-315,414],[-91,75],[-101,44],[-135,22],[-41,16],[-246,141],[-101,108]]],"bbox":[36.42364379633428,12.359833841625422,43.12386819608038,18.00482805197531],"transform":{"scale":[0.0006700894489195017,0.000564555876622651],"translate":[36.42364379633428,12.359833841625422]},"title":"Eritrea","version":"2.0.1","copyright":"Copyright (c) 2022 Highsoft AS, Based on data from Natural Earth","copyrightShort":"Natural Earth","copyrightUrl":"http://www.naturalearthdata.com"}