{"type":"Topology","objects":{"default":{"type":"GeometryCollection","geometries":[{"type":"MultiPolygon","arcs":[[[0]],[[1]],[[2]],[[3]],[[4,5,6]]],"id":"BH.3683","properties":{"hc-group":"admin1","hc-middle-x":0.24,"hc-middle-y":0.25,"hc-key":"bh-3683","hc-a2":"AJ","labelrank":"20","hasc":"BH.SO","alt-name":"al-Muhafazah al-Janobiyah|Southern","woe-id":"56051602","subregion":null,"fips":null,"postal-code":null,"name":"Al Jan?b?yah","country":"Bahrain","type-en":"Governorate","region":null,"longitude":"50.5622","woe-name":"Southern","latitude":"25.9688","woe-label":"Southern, BH, Bahrain","type":"Muhafazah"}},{"type":"MultiPolygon","arcs":[[[7]],[[-6,8,9,10]]],"id":"BH.6451","properties":{"hc-group":"admin1","hc-middle-x":0.64,"hc-middle-y":0.4,"hc-key":"bh-6451","hc-a2":"AS","labelrank":"20","hasc":"BH.NO","alt-name":"Al Muhafazah ash Shamaliyah?|Northern","woe-id":"56051603","subregion":null,"fips":null,"postal-code":null,"name":"Ash Sham?l?yah","country":"Bahrain","type-en":"Governorate","region":null,"longitude":"50.4868","woe-name":"Northern","latitude":"26.1624","woe-label":"Northern, BH, Bahrain","type":"Muhafazah"}},{"type":"Polygon","arcs":[[11]],"id":"BH.6454","properties":{"hc-group":"admin1","hc-middle-x":0.34,"hc-middle-y":0.29,"hc-key":"bh-6454","hc-a2":"AM","labelrank":"20","hasc":"BH.MU","alt-name":"Muhafazat al-Muharaq","woe-id":"2344724","subregion":null,"fips":null,"postal-code":null,"name":"Al Mu?arraq","country":"Bahrain","type-en":"Governorate","region":null,"longitude":"50.6376","woe-name":"Muharraq","latitude":"26.261","woe-label":"Muharraq, BH, Bahrain","type":"Muhafazah"}},{"type":"Polygon","arcs":[[-11,12,-7]],"id":"BH.6452","properties":{"hc-group":"admin1","hc-middle-x":0.42,"hc-middle-y":0.49,"hc-key":"bh-6452","hc-a2":"AW","labelrank":"20","hasc":"BH.CE","alt-name":"Al Muhafazah al Wustah|Central","woe-id":"56051601","subregion":null,"fips":null,"postal-code":null,"name":"Al Wus?á","country":"Bahrain","type-en":"Governorate","region":null,"longitude":"50.5738","woe-name":"Central","latitude":"26.1373","woe-label":"Central, BH, Bahrain","type":"Muhafazah"}},{"type":"Polygon","arcs":[[-10,13]],"id":"BH.6453","properties":{"hc-group":"admin1","hc-middle-x":0.63,"hc-middle-y":0.51,"hc-key":"bh-6453","hc-a2":"AM","labelrank":"20","hasc":"BH.CA","alt-name":"Muhafazat al-'Asimah|Capital","woe-id":"2344720","subregion":null,"fips":null,"postal-code":null,"name":"Al Man?mah","country":"Bahrain","type-en":"Governorate","region":null,"longitude":"50.5777","woe-name":"Capital","latitude":"26.2204","woe-label":"Capital, BH, Bahrain","type":"Muhafazah"}}],"hc-recommended-transform":{"default":{"crs":"+proj=utm +zone=39 +ellps=intl +towgs84=-143,-236,7,0,0,0,0 +units=m +no_defs","scale":0.0089302529525,"jsonres":15.5,"jsonmarginX":-999,"jsonmarginY":9851,"xoffset":438114.861346,"yoffset":2907553.5286}}}},"arcs":[[[9899,805],[-87,-72],[-87,19],[-114,17],[-159,-18],[-115,-36],[-102,116],[44,72],[-72,63],[44,63],[143,-9],[144,-10],[274,-26],[116,-72],[-29,-107]],[[9927,1261],[-186,-72],[-102,81],[-43,71],[57,63],[346,-9],[-72,-134]],[[9568,2048],[-59,-125],[-171,-143],[-174,-125],[115,-63],[172,-108],[-85,-71],[-273,36],[-131,-54],[-187,-99],[-86,-53],[100,-188],[174,-134],[43,-89],[-159,-36],[-86,-90],[-29,-116],[129,-53],[102,-81],[-144,-81],[-130,-125],[-115,-125],[58,-89],[-74,-36],[-259,72],[-172,152],[86,133],[173,225],[-13,133],[-1,198],[-202,125],[14,124],[29,171],[86,187],[231,206],[302,206],[131,71],[187,-17],[187,80],[231,71],[0,-89]],[[9351,2388],[-245,-54],[-115,108],[172,44],[159,-9],[29,-89]],[[5366,7293],[98,-608],[-49,-1246],[-340,-1558],[-205,-308],[-661,-608],[-5,-3],[-152,428],[-259,469],[-358,456],[-456,393],[-993,629],[-167,392],[0,1],[445,473],[123,206],[126,207]],[[2513,6616],[0,-1],[554,-14],[539,131],[-180,671],[-150,356]],[[3276,7759],[1022,-187],[271,94],[797,-373]],[[928,7845],[50,-212],[-415,61],[-441,-16],[-122,227],[49,289],[342,212],[244,-46],[245,-75],[-1,-243],[49,-197]],[[2513,6616],[-131,531],[-346,523],[-387,380],[-92,171],[15,231],[265,668],[166,165],[294,80],[4,0],[23,0],[484,-8]],[[2808,9357],[-42,-366],[751,-38],[377,-271]],[[3894,8682],[-678,-83],[-270,-149],[330,-691]],[[6278,9423],[342,-274],[293,-76],[-120,-196],[-124,-76],[-366,121],[-98,197],[-122,197],[-317,46],[-293,30],[-196,-46],[-293,304],[48,228],[710,121],[513,-151],[24,-213],[-1,-212]],[[3894,8682],[982,-479],[230,203],[342,152],[147,-212],[147,-335],[293,-15],[-231,-160],[-14,-264],[-458,-65],[34,-214]],[[2808,9357],[283,-33],[366,-93],[295,-76],[2,1],[937,208],[150,-55],[95,-185],[167,-127],[50,-58],[50,-58],[0,-1],[-128,-150],[-214,-33],[-648,50],[-319,-65]]],"bbox":[50.380529697464,25.57989086620847,50.81985404758069,26.287438853987634],"transform":{"scale":[0.00004393682869453867,0.00007076187496541305],"translate":[50.380529697464,25.57989086620847]},"title":"Bahrain","version":"2.0.1","copyright":"Copyright (c) 2022 Highsoft AS, Based on data from Natural Earth","copyrightShort":"Natural Earth","copyrightUrl":"http://www.naturalearthdata.com"}