{"type":"Topology","objects":{"default":{"type":"GeometryCollection","geometries":[{"type":"MultiPolygon","arcs":[[[0]],[[1,2,3,4,5,6,7,8]]],"id":"BD.DA","properties":{"hc-group":"admin1","hc-middle-x":0.6,"hc-middle-y":0.44,"hc-key":"bd-da","hc-a2":"DA","labelrank":"7","hasc":"BD.DA","alt-name":"Daca|Dacca","woe-id":"2344791","subregion":null,"fips":"BG81","postal-code":"DA","name":"Dhaka","country":"Bangladesh","type-en":"Division","region":null,"longitude":"90.4053","woe-name":"Dhaka","latitude":"24.1653","woe-label":"Dhaka, BD, Bangladesh","type":"Bibhag"}},{"type":"MultiPolygon","arcs":[[[9]],[[10,11,-4,12]]],"id":"BD.KH","properties":{"hc-group":"admin1","hc-middle-y":0.44,"hc-key":"bd-kh","hc-a2":"KH","labelrank":"7","hasc":"BD.KH","alt-name":null,"woe-id":"2344792","subregion":null,"fips":"BG82","postal-code":"KH","name":"Khulna","country":"Bangladesh","type-en":"Division","region":null,"longitude":"89.3708","woe-name":"Khulna","latitude":"22.9179","woe-label":"Khulna, BD, Bangladesh","type":"Bibhag"}},{"type":"MultiPolygon","arcs":[[[13]],[[14]],[[15]],[[16]],[[17]],[[18]],[[19]],[[20]],[[21]],[[22]],[[23]],[[24]],[[25]],[[26]],[[27,-13,-3]]],"id":"BD.BA","properties":{"hc-group":"admin1","hc-middle-x":0.33,"hc-middle-y":0.49,"hc-key":"bd-ba","hc-a2":"BA","labelrank":"7","hasc":"BD.BA","alt-name":"Bakerganj","woe-id":"23706410","subregion":null,"fips":"BG85","postal-code":"BA","name":"Barisal","country":"Bangladesh","type-en":"Division","region":null,"longitude":"90.23690000000001","woe-name":"Barisal","latitude":"22.4351","woe-label":"Barisal, BD, Bangladesh","type":"Bibhag"}},{"type":"MultiPolygon","arcs":[[[28]],[[29]],[[30]],[[31]],[[32]],[[33,-9,34]]],"id":"BD.CG","properties":{"hc-group":"admin1","hc-middle-x":0.75,"hc-middle-y":0.51,"hc-key":"bd-cg","hc-a2":"CG","labelrank":"7","hasc":"BD.CG","alt-name":"Chattagram|Parbattya Chattagram|Rangamati","woe-id":"2344790","subregion":null,"fips":"BG80","postal-code":"CG","name":"Chittagong","country":"Bangladesh","type-en":"Division","region":null,"longitude":"92.13330000000001","woe-name":"Chittagong","latitude":"22.4245","woe-label":"Chittagong, BD, Bangladesh","type":"Bibhag"}},{"type":"Polygon","arcs":[[-8,35,-35]],"id":"BD.SY","properties":{"hc-group":"admin1","hc-middle-x":0.47,"hc-middle-y":0.41,"hc-key":"bd-sy","hc-a2":"SY","labelrank":"2","hasc":"BD.SY","alt-name":null,"woe-id":"23706411","subregion":null,"fips":"BG86","postal-code":"SY","name":"Sylhet","country":"Bangladesh","type-en":"Division","region":null,"longitude":"91.7033","woe-name":"Sylhet","latitude":"24.6452","woe-label":"Sylhet, BD, Bangladesh","type":"Bibhag"}},{"type":"Polygon","arcs":[[-5,-12,36,37]],"id":"BD.RJ","properties":{"hc-group":"admin1","hc-middle-x":0.65,"hc-middle-y":0.46,"hc-key":"bd-rj","hc-a2":"RJ","labelrank":"7","hasc":"BD.RJ","alt-name":null,"woe-id":"2344793","subregion":null,"fips":"BG83","postal-code":"RJ","name":"Rajshahi","country":"Bangladesh","type-en":"Division","region":null,"longitude":"89.04380000000001","woe-name":"Rajshahi","latitude":"24.6664","woe-label":"Rajshahi, BD, Bangladesh","type":"Bibhag"}},{"type":"Polygon","arcs":[[-38,38,-6]],"id":"BD.RP","properties":{"hc-group":"admin1","hc-middle-x":0.56,"hc-middle-y":0.59,"hc-key":"bd-rp","hc-a2":"RP","labelrank":"7","hasc":"BD.RP","alt-name":null,"woe-id":"-2344793","subregion":null,"fips":"BG83","postal-code":"RP","name":"Rangpur","country":"Bangladesh","type-en":"Division","region":null,"longitude":"89.112","woe-name":null,"latitude":"25.7571","woe-label":null,"type":"Bibhag"}}],"hc-recommended-transform":{"default":{"crs":"+proj=tmerc +lat_0=0 +lon_0=90 +k=0.9996 +x_0=500000 +y_0=0 +a=6377276.345 +b=6356075.41314024 +towgs84=283.7,735.9,261.1,0,0,0,0 +units=m +no_defs","scale":0.00107666711844,"jsonres":15.5,"jsonmarginX":-999,"jsonmarginY":9851,"xoffset":300069.637776,"yoffset":2944834.07994}}}},"arcs":[[[5447,4441],[84,-44],[18,-38],[-122,54],[-51,-33],[-81,30],[-91,75],[62,15],[181,-59]],[[5800,4790],[-58,-8],[57,-37],[-14,-35],[-62,17],[-137,-40],[-33,68],[44,87],[54,18],[-47,17],[-114,-27],[-26,-46],[-70,1],[-83,32],[48,-43],[152,-17],[18,-14],[4,-152],[-59,-110],[-72,22],[-424,60],[-156,57],[18,-38],[281,-123],[86,-79],[164,-41],[140,-11],[82,-81],[17,-89],[-45,42],[20,-134],[-8,-40],[-73,-71],[-15,59],[-48,-40],[-71,-20],[-108,-5],[-7,-39]],[[5255,3930],[-61,-42],[-135,68],[-70,12],[-76,-49],[54,1],[19,-39],[-58,-67],[-53,-14],[-99,61],[-16,71],[-63,35],[-107,-14],[-35,-58],[-41,-16],[-109,-86],[-83,-103],[-82,-49],[-114,-16]],[[4126,3625],[-89,34],[-127,84],[-22,47],[-133,104],[-74,104],[-54,13],[-36,69],[65,-32],[84,103],[-120,-14],[-32,31],[3,64],[-116,23],[86,82],[-64,-1],[-55,46],[-32,64],[2,55],[61,-24],[-60,174],[-109,55],[-64,5],[-34,-37],[-14,46],[63,40],[-226,233],[-149,-5],[-96,98],[112,210],[-33,115]],[[2863,5411],[72,-34],[194,-61],[135,-77],[55,-8],[139,50],[169,17],[-29,125],[38,90],[212,129],[37,47],[33,141],[-13,48],[-40,8],[-2,46],[-112,81],[-13,164],[23,185],[20,88],[-8,52],[51,82],[-10,55],[26,95],[-11,67],[-72,61],[-123,59],[-48,75],[-56,198],[12,143],[50,181]],[[3592,7518],[47,74],[78,77],[13,43],[-19,92],[68,109],[67,20]],[[3846,7933],[-9,-49],[27,-119],[58,-38],[77,23],[83,2],[480,-145],[340,-54],[168,-51],[76,-2],[219,35],[177,-12],[117,15],[152,-30],[66,28],[122,-41],[60,-6],[245,24]],[[6304,7513],[-7,-73],[32,-75],[-74,-154],[141,-167],[62,-20],[257,19],[44,-112],[8,-75],[-15,-89],[13,-31],[117,-1],[44,-42],[-34,-83],[-50,-18],[39,-55],[64,-33],[-94,-135],[83,-31],[9,-61],[-36,-18],[76,-68],[-50,-37],[28,-35],[-119,-47],[-66,-90]],[[6776,5982],[-127,-34],[-2,-49],[-60,18],[-72,-71],[-62,-17],[7,-42],[64,-82],[-16,-36],[-102,-67],[-21,-115],[-44,-71],[-83,-82],[-50,-26],[-89,34],[-125,-13],[-78,-44],[9,-75],[-75,-147],[52,-35],[-33,-61],[72,-70],[-58,-13],[6,-34],[-89,-60]],[[2429,1702],[-26,-30],[-65,26],[-110,96],[27,82],[-41,112],[27,17],[31,-46],[21,-115],[24,-50],[101,-45],[11,-47]],[[4236,2945],[-100,-80],[-27,-54],[-104,46],[25,-94],[-8,-36],[-90,-127],[49,-96],[28,-174],[-25,-50],[-37,-15],[-106,9],[85,-45],[35,-66],[-5,-80],[81,-108],[-15,-27],[-64,-12],[-79,-61],[-84,-23],[-21,33],[-87,-31],[-77,8],[-63,27],[-19,50],[24,30],[-35,49],[-61,-94],[66,-74],[111,-71],[-70,-58],[-80,23],[-78,-7],[23,-70],[-42,-31],[-45,21],[-62,69],[-21,101],[6,38],[57,57],[24,54],[-9,123],[28,134],[64,105],[-27,72],[-57,80],[84,92],[10,72],[34,63],[-107,-115],[20,-39],[-55,-38],[-22,-53],[61,-95],[-59,-242],[-40,-16],[-20,102],[28,75],[-97,169],[3,145],[-38,37],[-18,-113],[18,-214],[40,58],[52,-96],[-20,-67],[-40,-29],[67,-105],[-19,-91],[-104,-84],[3,-133],[-50,-59],[-104,-51],[-55,46],[-14,69],[7,76],[40,83],[-5,74],[-49,87],[-30,-26],[30,-67],[-8,-43],[-73,-64],[-57,-77],[-26,22],[23,-110],[-46,-100],[52,-35],[-61,-42],[-87,-17],[-53,49],[35,63],[-67,139],[-33,32],[-43,-39],[-108,49],[-54,139],[24,134],[-14,76],[-58,75],[6,110],[39,36],[-35,103],[-94,90],[-20,36],[31,16],[-48,66],[-26,90],[28,70],[-68,170],[-93,35],[48,23],[4,85],[-47,79],[-48,140],[62,70],[17,113],[-85,31],[-72,102],[-63,64],[18,188],[29,44],[195,142],[-2,39],[-58,-1],[-189,49],[-65,1],[-73,-24],[-143,33],[-51,52],[0,37],[71,93],[105,202],[-23,54],[-81,-52],[-32,46],[-87,39],[-120,120],[-60,0],[-43,22],[11,46],[-58,36],[46,155],[-18,41],[53,91],[-7,46],[42,36],[130,5],[131,94],[0,67],[-27,53],[51,57],[-52,25],[-59,66],[20,70],[-11,52],[34,36],[81,25]],[[1535,5870],[45,-64],[115,-51],[82,1],[140,48],[50,34],[100,-26],[130,-103],[62,-82],[-1,-71],[111,-85],[93,-37],[59,-8],[179,13],[163,-28]],[[4126,3625],[72,-73],[-58,-17],[-11,-57],[-41,-37],[38,-32],[-77,-46],[-5,-31],[56,-4],[27,-41],[-59,-13],[62,-82],[48,-27],[13,-83],[-28,-58],[44,-28],[29,-51]],[[5558,2035],[-21,-39],[-33,9],[-53,-71],[-43,-25],[-37,15],[60,11],[-46,36],[34,78],[146,73],[28,-81],[-35,-6]],[[4999,1889],[-29,-6],[8,120],[68,102],[87,41],[-8,-38],[-54,-67],[-52,-134],[-20,-18]],[[5029,2098],[28,85],[61,44],[-12,-43],[-62,-51],[-15,-35]],[[5215,1988],[-64,-2],[-17,55],[38,63],[0,90],[35,32],[98,-74],[28,-46],[-22,-55],[-96,-63]],[[5608,2424],[-43,-104],[-16,47],[-58,-182],[-45,-39],[-64,-2],[-11,43],[88,63],[-14,12],[-118,-58],[18,77],[89,51],[58,48],[116,44]],[[6344,2499],[7,-108],[-17,-39],[-42,-8],[-20,73],[32,89],[40,-7]],[[6418,2477],[-25,-16],[14,125],[30,-10],[-19,-99]],[[6422,2624],[-80,-93],[-34,9],[42,78],[9,76],[34,69],[37,-69],[-8,-70]],[[5651,2879],[55,-89],[-39,-22],[13,-69],[-59,168],[-39,8],[14,36],[55,-32]],[[5695,2878],[-14,-10],[13,99],[30,-75],[-29,-14]],[[6072,2404],[-115,-130],[-38,-24],[-15,24],[-71,-46],[-56,-71],[-95,-22],[-17,38],[91,147],[-122,-129],[-33,-5],[-5,82],[54,86],[-23,38],[20,63],[90,143],[18,61],[1,99],[13,29],[-63,250],[-25,41],[-157,86],[-34,6],[-6,123],[49,140],[38,31],[118,21],[44,-111],[95,-143],[69,-71],[16,-82],[28,-53],[145,-101],[45,-39],[-44,-162],[3,-275],[-18,-44]],[[5593,3637],[84,-47],[71,-71],[-189,10],[-128,-76],[6,-69],[-29,-28],[-61,70],[-80,24],[21,36],[1,107],[45,33],[110,-7],[14,24],[135,-6]],[[5677,3803],[47,-37],[-73,0],[73,-60],[-67,6],[-103,70],[-34,-16],[-105,0],[-36,39],[44,54],[72,42],[54,4],[128,-102]],[[5314,3867],[-18,-8],[-30,94],[119,10],[11,-29],[-82,-67]],[[5255,3930],[39,-91],[84,-92],[7,-41],[65,-37],[-45,-27],[-93,7],[-42,-38],[-46,-104],[-61,-11],[35,-21],[-38,-32],[-26,20],[-47,-23],[135,-48],[57,27],[62,-49],[41,-126],[8,-59],[-28,-33],[-88,-22],[-37,-120],[44,21],[-5,52],[59,55],[79,-1],[78,-36],[39,-49],[62,-115],[-44,13],[0,-38],[59,-92],[12,-70],[-12,-70],[-70,-129],[-50,-60],[-124,-46],[-26,-64],[-62,-79],[-47,-28],[-110,46],[65,123],[9,40],[-30,71],[7,75],[-27,-29],[-16,-100],[47,-52],[-72,-58],[-30,-107],[-73,-73],[-51,-92],[-39,-160],[-39,-55],[-118,-75],[-72,-22],[-198,50],[5,50],[67,71],[-22,31],[-39,-70],[-67,-42],[-93,15],[21,138],[24,38],[88,58],[43,93],[146,106],[48,-13],[45,23],[50,84],[-7,45],[-66,-112],[-124,-38],[-129,-101],[-78,-106],[-121,19],[31,70],[53,32],[-1,77],[-112,-103],[0,-99],[-33,-20],[-73,39],[-43,109],[-5,126],[-30,129],[-38,49],[0,81],[43,78],[179,189],[32,61],[-40,-18]],[[8475,1660],[79,-113],[19,-66],[-29,-146],[-21,-29],[-144,0],[12,-35],[-49,-9],[-47,78],[34,35],[-5,127],[-45,114],[13,63],[39,49],[81,-48],[-18,81],[75,12],[6,-113]],[[8264,1695],[-37,13],[35,140],[-16,88],[23,51],[52,42],[40,-88],[-3,-50],[-94,-196]],[[6623,2317],[-42,-19],[-89,9],[-37,37],[63,54],[54,74],[19,83],[16,251],[37,4],[122,-57],[50,-64],[32,-157],[-97,-138],[-128,-77]],[[6789,2912],[-99,18],[22,47],[165,44],[24,-33],[-22,-40],[-90,-36]],[[7646,2829],[-104,-10],[-67,29],[-65,68],[-49,123],[49,86],[46,17],[192,-183],[16,-73],[-18,-57]],[[7111,5534],[-74,-8],[-51,-41],[-74,-94],[-7,-47],[32,-61],[-72,-152],[-114,-26],[-11,-70],[69,-24],[-4,-53],[-58,-1],[1,-71],[64,-85],[55,-113],[69,-45],[67,-162],[55,-21],[-39,-54],[25,-44],[50,-274],[28,-70],[52,-51],[73,-14],[8,56],[-41,142],[0,76],[35,64],[89,-22],[73,-86],[36,-24],[87,-238],[31,-16],[3,-49],[38,-41],[87,-22],[19,-42],[67,58],[65,-3],[103,20],[95,62],[38,63],[44,6],[41,41],[-35,72],[-33,117],[-32,54],[-11,68],[41,83],[62,80],[91,77],[120,38],[63,41],[49,60],[3,67],[-56,197],[14,124],[30,0],[145,-129],[33,-12],[88,32],[105,100],[92,23],[44,-47],[50,-95],[33,23],[27,79],[81,-2],[-21,-109],[7,-57],[83,-194],[12,-83],[50,-58],[26,-74],[38,-40],[16,-95],[-61,-133],[-2,-68],[54,-241],[-1,-117],[16,-58],[41,-44],[104,-50],[34,-185],[83,-61],[33,-53],[16,-131],[-5,-99],[39,-110],[125,-556],[-3,-43],[-82,-25],[48,-114],[66,-246],[7,-52],[-39,-260],[32,-405],[29,-128],[85,-207],[-61,-60],[-96,-27],[-26,21],[-31,104],[-42,69],[-219,3],[-92,36],[-28,87],[-98,45],[-82,-73],[-104,-4],[-55,-105],[-60,-64],[-12,-63],[16,-67],[-22,-111],[29,-53],[50,-36],[27,-51],[89,-55],[-18,-136],[32,-132],[63,-70],[77,-179],[-24,-31],[-53,40],[-49,88],[-148,199],[-37,110],[-127,88],[-80,99],[-96,83],[-19,64],[18,110],[-15,73],[-120,160],[-65,52],[-22,58],[30,-11],[43,63],[48,26],[-34,98],[70,63],[30,118],[-29,14],[-47,-45],[-53,20],[17,53],[-47,-6],[-28,45],[38,67],[-2,40],[52,27],[-176,-23],[-21,14],[26,77],[39,15],[1,59],[-30,-27],[-38,140],[-38,42],[0,64],[-55,174],[-4,58],[-30,-45],[-44,66],[-16,84],[60,70],[-2,29],[-57,31],[-7,42],[140,50],[75,151],[-44,1],[-24,-105],[-71,-48],[-99,-40],[-9,-44],[70,-31],[-2,-33],[-83,-17],[-34,38],[-37,194],[-24,62],[-146,210],[-277,282],[-106,46],[-92,98],[73,163],[0,40],[-60,-120],[-99,-57],[-5,-79],[-64,29],[-83,7],[51,-39],[-59,-21],[-113,-2],[91,-31],[-34,-40],[-156,3],[-3,37],[-133,11],[38,-47],[-66,-24],[182,-41],[25,-35],[-50,-111],[-84,-54],[-163,-28],[-83,30],[-43,46],[-23,73],[-87,116],[47,-128],[-49,-47],[-136,-7],[-100,72],[-53,62],[-16,48],[-88,4],[-35,70],[-54,26],[-45,62],[-52,134],[-53,84],[-17,59],[-167,165],[-29,83],[41,212],[46,96],[-35,55],[5,51],[-54,-15],[-37,37],[-26,82],[2,100],[19,38],[52,24],[127,0],[51,21],[2,62],[-30,34]],[[6776,5982],[178,-66],[55,-8],[72,44],[81,-6],[-96,-50],[-2,-24],[67,-21],[-93,-29],[30,-148],[53,-86],[-10,-54]],[[6304,7513],[86,20],[347,39],[121,-3],[96,22],[104,-39],[321,-70],[84,-7],[206,44],[66,-53],[141,-3],[34,44],[72,-13],[42,38],[137,-3],[232,20],[120,-13],[99,22],[70,-1],[126,-29],[51,-43],[137,-22],[89,-62],[180,-28],[53,-45],[115,-41],[13,-48],[153,-71],[-18,-12],[74,-31],[22,-57],[-36,-52],[-210,-47],[-195,94],[-82,19],[-63,-19],[-12,-29],[38,-85],[-4,-80],[-110,-221],[-29,-125],[-35,-50],[-92,-52],[-9,-32],[10,-104],[-7,-48],[-42,-41],[-119,-22],[-180,11],[48,-101],[-109,48],[-48,-10],[-7,-31],[20,-101],[-46,-145],[-43,-42],[-44,8],[-66,47],[-14,65],[-160,22],[-22,-22],[21,-97],[-63,-36],[-82,21],[-57,96],[-32,-15],[-23,-107],[-38,-60],[-82,-26],[-169,-3],[-164,26],[-90,-6],[-27,-43],[-26,-135],[-66,-4]],[[1535,5870],[41,56],[-27,108],[-49,49],[-119,39],[-55,-75],[-48,-3],[-107,26],[-189,13],[-161,91],[-568,215],[-63,10],[-53,69],[-1,88],[-59,69],[-77,19],[12,52],[46,60],[10,75],[51,10],[25,60],[42,8],[71,74],[-56,122],[107,42],[82,7],[86,-79],[2,-30],[153,-22],[134,132],[33,84],[76,95],[19,112],[-7,95],[21,29],[75,9],[181,-41],[87,37],[141,-10],[129,-35],[129,-9],[71,60],[177,-45],[56,-4],[-32,37],[40,6],[2,62],[100,62],[0,63]],[[2063,7762],[447,-5],[91,-16],[7,-65],[54,-86],[69,-49],[145,59],[130,-22],[206,-48],[214,0],[166,-12]],[[2063,7762],[-157,1],[-49,35],[-67,6],[-67,54],[-40,72],[36,61],[-3,36],[-92,74],[-66,19],[1,-31],[-78,-6],[-62,-43],[-69,2],[-113,47],[-137,9],[-97,72],[-22,34],[-111,50],[-9,105],[-58,46],[-157,75],[-130,109],[-71,26],[-216,-50],[-87,96],[-29,131],[31,25],[39,97],[42,56],[55,31],[11,51],[-35,41],[51,94],[120,67],[193,44],[57,42],[5,88],[65,53],[102,46],[38,37],[37,-15],[105,-2],[-5,44],[-73,129],[-58,19],[-175,33],[-39,-62],[-46,57],[39,56],[45,109],[42,56],[48,11],[7,-101],[29,-23],[111,-27],[96,-70],[93,-37],[88,-9],[45,-51],[97,-27],[-8,-41],[35,-9],[9,-43],[79,-34],[-14,-53],[-123,-57],[37,-20],[183,49],[78,-22],[52,-79],[71,-2],[32,55],[44,22],[58,-8],[96,-68],[61,-15],[140,40],[-12,31],[-65,17],[8,37],[-71,4],[-20,49],[-116,35],[-45,34],[16,59],[56,48],[54,8],[133,-80],[70,-15],[25,-58],[87,-21],[18,-36],[-76,1],[2,-45],[74,-106],[18,-103],[43,-53],[143,-44],[55,-36],[31,-48],[76,-25],[52,-43],[118,-36],[87,31],[32,-35],[192,1],[50,-57],[67,12],[21,90],[95,57],[2,50],[-58,-3],[-21,27],[80,37],[-75,16],[-15,22],[52,45],[60,-9],[-17,80],[62,25],[51,-31],[-1,-82],[105,-8],[93,-121],[1,-72],[85,-91],[53,14],[25,-51],[-72,-29],[90,-29],[-9,-41],[-92,-117],[-9,-42],[40,-153],[49,-85],[22,-67],[-20,-120],[-4,-128],[-52,-146]]],"bbox":[88.0217917100639,20.738718168643693,92.64285782060985,26.618017108745544],"transform":{"scale":[0.0004621528263372291,0.000587988692879473],"translate":[88.0217917100639,20.738718168643693]},"title":"Bangladesh","version":"2.0.1","copyright":"Copyright (c) 2022 Highsoft AS, Based on data from Natural Earth","copyrightShort":"Natural Earth","copyrightUrl":"http://www.naturalearthdata.com"}