{"type":"Topology","objects":{"default":{"type":"GeometryCollection","geometries":[{"type":"MultiPolygon","arcs":[[[0]],[[1,2,3,4]]],"id":"CL.2730","properties":{"hc-group":"admin1","hc-middle-x":0.54,"hc-middle-y":0.53,"hc-key":"cl-2730","hc-a2":"LA","labelrank":"3","hasc":"CL.AR","alt-name":"IX","woe-id":"2345021","subregion":null,"fips":"CI04","postal-code":null,"name":"La Araucanía","country":"Chile","type-en":"Region","region":null,"longitude":"-72.3806","woe-name":"La Araucanía","latitude":"-38.738","woe-label":"Araucania Region, CL, Chile","type":"Región"}},{"type":"MultiPolygon","arcs":[[[5]],[[6,-5,7,8]]],"id":"CL.BI","properties":{"hc-group":"admin1","hc-middle-x":0.49,"hc-middle-y":0.35,"hc-key":"cl-bi","hc-a2":"BI","labelrank":"3","hasc":"CL.BI","alt-name":"Bíobío|VIII","woe-id":"2345023","subregion":null,"fips":"CI06","postal-code":"BI","name":"Bío-Bío","country":"Chile","type-en":"Region","region":null,"longitude":"-72.3475","woe-name":"Bío-Bío","latitude":"-36.9791","woe-label":"Biobio Region, CL, Chile","type":"Región"}},{"type":"MultiPolygon","arcs":[[[9]],[[10]],[[11]],[[12]],[[13]],[[14]],[[15]],[[16]],[[17,18,19,20]],[[21]]],"id":"CL.LL","properties":{"hc-group":"admin1","hc-middle-x":0.49,"hc-middle-y":0.22,"hc-key":"cl-ll","hc-a2":"LL","labelrank":"3","hasc":"CL.LL","alt-name":"X","woe-id":"2345026","subregion":null,"fips":"CI09","postal-code":"LL","name":"Los Lagos","country":"Chile","type-en":"Region","region":null,"longitude":"-72.90430000000001","woe-name":"Los Lagos","latitude":"-41.0592","woe-label":"Los Lagos Region, CL, Chile","type":"Región"}},{"type":"Polygon","arcs":[[22,23,24,25,26]],"id":"CL.LI","properties":{"hc-group":"admin1","hc-middle-x":0.93,"hc-middle-y":0.51,"hc-key":"cl-li","hc-a2":"LI","labelrank":"3","hasc":"CL.LI","alt-name":"Libertador","woe-id":"2345025","subregion":null,"fips":"CI08","postal-code":"LI","name":"Libertador General Bernardo O'Higgins","country":"Chile","type-en":"Region","region":null,"longitude":"-71.07559999999999","woe-name":"Libertador General Bernardo O'Higgins","latitude":"-34.5255","woe-label":"O'Higgins Region, CL, Chile","type":"Región"}},{"type":"MultiPolygon","arcs":[[[27]],[[28]],[[29]],[[30]],[[31]],[[32]],[[33]],[[34]],[[35]],[[36]],[[37]],[[38]],[[39]],[[40]],[[41]],[[42]],[[43]],[[44]],[[45]],[[46]],[[47]],[[48]],[[49]],[[50]],[[51]],[[52]],[[53]],[[54]],[[55]],[[56]],[[57]],[[58]],[[59]],[[60]],[[61]],[[62]],[[63]],[[64]],[[65]],[[66]],[[67]],[[68]],[[69]],[[70]],[[71]],[[72]],[[73]],[[74]],[[75]],[[76]],[[77]],[[78]],[[79]],[[80]],[[81]],[[82]],[[83]],[[84]],[[85]],[[86]],[[87]],[[88]],[[89,-19,90,91]]],"id":"CL.AI","properties":{"hc-group":"admin1","hc-middle-x":0.71,"hc-middle-y":0.41,"hc-key":"cl-ai","hc-a2":"AI","labelrank":"3","hasc":"CL.AI","alt-name":"Aisén|Aysén|Aysén del General Carlos Ibáñez del Campo","woe-id":"2345019","subregion":null,"fips":"CI02","postal-code":"AI","name":"Aisén del General Carlos Ibáñez del Campo","country":"Chile","type-en":"Region","region":null,"longitude":"-73.3899","woe-name":"Aisén del General Carlos Ibáñez del Campo","latitude":"-46.8716","woe-label":"Aisen Region, CL, Chile","type":"Región"}},{"type":"MultiPolygon","arcs":[[[92]],[[93]],[[94]],[[95]],[[96]],[[97]],[[98]],[[99]],[[100]],[[101]],[[102]],[[103]],[[104]],[[105]],[[106]],[[107]],[[108]],[[109]],[[110]],[[111]],[[112]],[[113]],[[114]],[[115]],[[116]],[[117]],[[118]],[[119]],[[120]],[[121]],[[122]],[[123]],[[124]],[[125]],[[126]],[[127]],[[128]],[[129]],[[130]],[[131]],[[132]],[[133]],[[134]],[[135]],[[136]],[[137]],[[138]],[[139]],[[140]],[[141]],[[142]],[[143]],[[144]],[[145]],[[146]],[[147]],[[148]],[[149]],[[150]],[[151]],[[152]],[[153]],[[154]],[[155]],[[156]],[[157]],[[158]],[[159]],[[160]],[[161]],[[162]],[[163]],[[164]],[[165]],[[166]],[[167,-92]],[[168]],[[169]],[[170]]],"id":"CL.MA","properties":{"hc-group":"admin1","hc-middle-x":0.3,"hc-middle-y":0.33,"hc-key":"cl-ma","hc-a2":"MA","labelrank":"3","hasc":"CL.MA","alt-name":"Magalhães|Magellan et Antarctique Chilienne|Región de Magallanes y de la Antártica Chilena","woe-id":"2345027","subregion":null,"fips":"CI10","postal-code":"MA","name":"Magallanes y Antártica Chilena","country":"Chile","type-en":"Region","region":null,"longitude":"-71.39749999999999","woe-name":"Magallanes y Antártica Chilena","latitude":"-53.4723","woe-label":"Magallanes and Antartica Chilena Region, CL, Chile","type":"Región"}},{"type":"Polygon","arcs":[[171,172,173,174,175,176]],"id":"CL.CO","properties":{"hc-group":"admin1","hc-middle-x":0.51,"hc-middle-y":0.39,"hc-key":"cl-co","hc-a2":"CO","labelrank":"3","hasc":"CL.CO","alt-name":null,"woe-id":"2345024","subregion":null,"fips":"CI07","postal-code":"CO","name":"Coquimbo","country":"Chile","type-en":"Region","region":null,"longitude":"-70.7749","woe-name":"Coquimbo","latitude":"-30.5838","woe-label":"Coquimbo Region, CL, Chile","type":"Región"}},{"type":"Polygon","arcs":[[177,-176,178,179,180,-172]],"id":"CL.AT","properties":{"hc-group":"admin1","hc-middle-x":0.58,"hc-middle-y":0.4,"hc-key":"cl-at","hc-a2":"AT","labelrank":"3","hasc":"CL.AT","alt-name":null,"woe-id":"2345022","subregion":null,"fips":"CI05","postal-code":"AT","name":"Atacama","country":"Chile","type-en":"Region","region":null,"longitude":"-69.9123","woe-name":null,"latitude":"-27.4469","woe-label":null,"type":"Región"}},{"type":"Polygon","arcs":[[-26,181,-174,182,183]],"id":"CL.VS","properties":{"hc-group":"admin1","hc-middle-x":0.83,"hc-middle-y":0.21,"hc-key":"cl-vs","hc-a2":"VS","labelrank":"3","hasc":"CL.VS","alt-name":"Aconcagua","woe-id":"2345018","subregion":null,"fips":"CI01","postal-code":"VS","name":"Valparaíso","country":"Chile","type-en":"Region","region":null,"longitude":"-70.93600000000001","woe-name":null,"latitude":"-32.4884","woe-label":null,"type":"Región"}},{"type":"Polygon","arcs":[[-184,184,-27]],"id":"CL.RM","properties":{"hc-group":"admin1","hc-middle-x":0.75,"hc-middle-y":0.51,"hc-key":"cl-rm","hc-a2":"RM","labelrank":"7","hasc":"CL.RM","alt-name":"Región Metropolitana|Région Metropolitaine de Santiago|Región Metropolitana|RM","woe-id":"2345029","subregion":null,"fips":"CI12","postal-code":"RM","name":"Región Metropolitana de Santiago","country":"Chile","type-en":"Region","region":null,"longitude":"-70.7527","woe-name":"Región Metropolitana de Santiago","latitude":"-33.4568","woe-label":"Santiago Metropolitan Region, CL, Chile","type":"Región"}},{"type":"Polygon","arcs":[[185,-21,186,-3]],"id":"CL.AR","properties":{"hc-group":"admin1","hc-middle-x":0.72,"hc-middle-y":0.52,"hc-key":"cl-ar","hc-a2":"AR","labelrank":"3","hasc":"CL.AR","alt-name":"XIV","woe-id":"56043703","subregion":null,"fips":"CI09","postal-code":"AR","name":"Los Ríos","country":"Chile","type-en":"Region","region":null,"longitude":"-72.6829","woe-name":"Los Ríos","latitude":"-40.1186","woe-label":"Los Rios Region, CL, Chile","type":"Región"}},{"type":"Polygon","arcs":[[187,-9,188,-24]],"id":"CL.ML","properties":{"hc-group":"admin1","hc-middle-x":0.56,"hc-middle-y":0.47,"hc-key":"cl-ml","hc-a2":"ML","labelrank":"3","hasc":"CL.ML","alt-name":"VII","woe-id":"2345028","subregion":null,"fips":"CI06","postal-code":"ML","name":"Maule","country":"Chile","type-en":"Region","region":null,"longitude":"-71.58110000000001","woe-name":"Maule","latitude":"-35.6067","woe-label":"Maule Region, CL, Chile","type":"Región"}},{"type":"Polygon","arcs":[[189,190,191,192]],"id":"CL.TA","properties":{"hc-group":"admin1","hc-middle-x":0.52,"hc-key":"cl-ta","hc-a2":"TA","labelrank":"3","hasc":"CL.TA","alt-name":"Tarapaca","woe-id":"2345030","subregion":null,"fips":"CI13","postal-code":"TA","name":"Tarapacá","country":"Chile","type-en":"Region","region":null,"longitude":"-69.36830000000001","woe-name":"Tarapacá","latitude":"-20.2427","woe-label":"Tarapaca Region, CL, Chile","type":"Región"}},{"type":"Polygon","arcs":[[193,-191]],"id":"CL.2740","properties":{"hc-group":"admin1","hc-middle-x":0.46,"hc-middle-y":0.51,"hc-key":"cl-2740","hc-a2":"AY","labelrank":"7","hasc":"CL.","alt-name":null,"woe-id":"56043702","subregion":null,"fips":null,"postal-code":null,"name":"Arica y Parinacota","country":"Chile","type-en":"Region","region":null,"longitude":"-69.68040000000001","woe-name":"Arica y Parinacota","latitude":"-18.3207","woe-label":"Arica and Parinacota Region, CL, Chile","type":"Región"}},{"type":"Polygon","arcs":[[-180,194,-193,195]],"id":"CL.AN","properties":{"hc-group":"admin1","hc-middle-x":0.4,"hc-key":"cl-an","hc-a2":"AN","labelrank":"6","hasc":"CL.AN","alt-name":null,"woe-id":"2345020","subregion":null,"fips":"CI03","postal-code":"AN","name":"Antofagasta","country":"Chile","type-en":"Region","region":null,"longitude":"-68.87390000000001","woe-name":"Antofagasta","latitude":"-23.3178","woe-label":"Antofagasta Region, CL, Chile","type":"Región"}}],"hc-recommended-transform":{"default":{"crs":"+proj=utm +zone=19 +south +datum=WGS84 +units=m +no_defs","scale":0.000164224477601,"jsonres":15.5,"jsonmarginX":-999,"jsonmarginY":9851,"xoffset":-13081.6806785,"yoffset":8064329.73848}}}},"arcs":[[[1957,4556],[-60,11],[-11,15],[79,-12],[-8,-14]],[[5049,4626],[2,-31],[43,-42],[28,-9],[110,-18],[13,-15],[-50,-15],[8,-12],[-99,-15],[-88,0],[-113,-13],[-78,-3],[-60,-11],[-94,-9],[-51,-13],[-18,-24],[22,-19],[10,-35],[-19,-28],[-60,-11],[17,-13],[-87,-25],[48,-8],[-27,-14],[-83,-1],[-44,5]],[[4379,4247],[-45,27],[-72,11],[-55,-3],[-147,-58],[-61,-10],[-80,-5],[-163,1],[-77,7],[-90,-4],[-66,16],[-120,13],[-259,9],[-193,-1],[-13,7],[39,40],[-18,8],[-82,3],[-115,-6],[-112,1]],[[2650,4303],[27,12],[-13,24],[-53,44],[-87,43],[-77,59],[8,-24],[-31,12],[-68,55],[-7,12]],[[2349,4540],[149,12],[43,0],[60,-15],[26,10],[-24,19],[8,12],[75,13],[130,37],[-8,10],[-69,13],[34,41],[77,21],[-3,10],[-49,16],[52,16],[94,-4],[146,8],[153,-2],[204,-10],[34,-21],[134,-28],[142,-12],[140,-27],[116,4],[80,-11],[159,1],[42,-8],[-30,-8],[33,-8],[25,-22],[43,-8],[44,8],[162,15],[80,18],[97,8],[101,-2],[158,-13],[42,-7]],[[2410,4915],[-55,-12],[-35,14],[35,6],[55,-8]],[[5040,5059],[-39,-10],[-7,-21],[17,-18],[-20,-7],[-80,2],[-7,-18],[-45,-22],[59,-25],[-25,-10],[26,-22],[51,-11],[-59,-13],[-2,-16],[-64,-20],[13,-13],[78,-27],[-22,-25],[13,-12],[-59,-10],[2,-20],[103,-62],[83,-32],[-7,-21]],[[2349,4540],[-20,15],[36,26],[-11,13],[42,13],[23,33],[-10,21],[-38,20],[-128,46],[-45,9],[-22,26],[8,11],[81,18],[-8,26],[-64,12],[26,25],[4,17],[37,13],[152,-21],[71,0],[130,5],[79,14],[38,22],[-9,23],[26,10],[12,30],[-68,15],[89,15],[7,32],[27,-5],[28,-25],[71,0],[47,24],[-32,24],[67,5],[100,52],[-7,34],[30,10],[-12,10],[26,12]],[[3132,5170],[110,11],[214,-12],[27,-4],[453,-13],[288,-23],[42,-1],[381,-41],[149,-12],[157,4],[42,-3],[45,-17]],[[2216,3302],[-77,4],[8,9],[62,-4],[7,-9]],[[2502,3370],[19,-5],[-88,-1],[-60,9],[-117,5],[27,6],[219,-14]],[[2933,3431],[58,3],[11,-16],[-38,-6],[-86,24],[42,4],[13,-9]],[[2260,3460],[-120,-3],[-38,9],[147,8],[11,-14]],[[2461,3479],[-52,13],[-165,15],[-26,18],[113,-1],[27,-12],[106,-24],[-3,-9]],[[2841,3550],[-79,-10],[-3,10],[44,9],[38,-9]],[[3444,3586],[-105,8],[33,13],[71,-4],[1,-17]],[[2906,3660],[-71,1],[-14,27],[36,1],[49,-29]],[[4144,3997],[-14,-22],[-89,-20],[44,-33],[66,-24],[-17,-15],[17,-15],[-24,-50],[-31,-31],[27,-18],[-13,-17],[37,-17],[-73,-15],[-2,-7],[63,-16],[12,-19],[67,-21],[15,-31],[44,-12],[3,-14],[-69,-11],[-160,-10],[-29,11],[-67,-5],[-24,-14],[-70,-17],[3,-13],[69,-15],[-19,-17],[38,-15],[-90,-10],[-29,-15],[30,-34],[12,-38],[-38,-34],[53,-21],[96,-12],[161,-3],[97,-7],[30,-7],[-10,-28],[-163,-7],[-40,-18],[1,-17],[73,-1],[-4,-20],[79,-2],[81,-13],[22,-20],[-107,-14],[-18,-8],[63,-3],[-3,-13],[116,-28],[-12,-8],[-83,-23]],[[4265,3090],[-56,11],[-183,11],[-131,1],[-57,5],[-70,18],[-66,9],[7,9],[-90,18],[-106,-2],[-76,-9],[-275,12],[-57,24],[-51,-15],[-78,0],[-108,-10]],[[2868,3172],[2,9],[60,8],[14,11],[60,9],[-115,1],[-96,32],[32,21],[0,17],[28,7],[154,14],[-21,36],[73,20],[67,2],[13,-11],[61,-7],[-26,19],[11,26],[-99,18],[-26,37],[39,12],[-40,7],[10,18],[34,13],[78,3],[77,-3],[130,-16],[2,10],[-131,12],[-56,25],[-30,1],[-36,20],[-55,7],[38,9],[146,8],[58,7],[65,-7],[109,-59],[41,0],[-56,44],[63,9],[-66,3],[-2,13],[53,7],[-51,2],[-16,20],[30,20],[-59,9],[-66,-20],[-115,8],[-58,-4],[-84,9],[-77,18],[78,9],[7,8],[176,31],[81,-1],[165,10],[85,16],[8,38],[34,20],[-53,-13],[-28,-35],[-44,-17],[-206,-13],[-75,8],[-16,16],[-62,17],[-114,13],[-31,-3],[-79,7],[-68,-8],[-18,-11],[-78,-8],[53,-28],[-153,-24],[-244,2],[-73,-7],[-175,12],[-106,2],[62,18],[35,17],[122,2],[64,26],[-83,-21],[-132,-1],[-109,8],[-20,17],[-44,20],[17,23],[-59,38],[-28,9],[-30,47],[100,15],[-41,13],[32,26],[60,16],[-37,9],[90,16],[34,16],[-56,28],[18,12],[14,31]],[[2108,4072],[88,-6],[234,0],[269,-15],[151,3],[73,-3],[48,-11],[66,-33],[179,-25],[93,-9],[114,-5],[140,-1],[351,4],[66,2],[127,16],[37,8]],[[1908,3678],[53,-9],[-37,-6],[-70,6],[1,-12],[126,-6],[43,9],[63,-12],[-7,11],[91,13],[59,-6],[64,8],[42,-10],[11,-18],[-54,-9],[49,-5],[67,-18],[27,-13],[-53,-6],[7,-11],[109,-13],[15,-16],[-24,-13],[-40,2],[-84,-7],[-67,1],[-116,-12],[-7,-22],[83,-15],[-105,-7],[-90,9],[-19,-27],[78,-13],[41,-1],[71,-21],[126,-12],[19,-21],[-136,-5],[-91,6],[59,-8],[31,-17],[52,-1],[55,-23],[-66,5],[104,-17],[-39,-8],[-66,6],[-143,-9],[-18,9],[-42,-3],[32,-13],[0,-15],[74,-13],[13,-9],[-73,-2],[65,-9],[-61,-10],[-76,8],[1,-13],[-84,-3],[-58,15],[-65,-6],[-40,6],[-60,-10],[-48,12],[-179,10],[-44,10],[-71,5],[52,28],[50,8],[-35,6],[117,20],[-1,27],[70,10],[43,63],[-42,29],[-29,4],[2,21],[51,30],[-26,13],[24,13],[100,22],[7,20],[-5,32],[43,6],[-58,27],[29,9],[93,-11],[17,7]],[[6091,5631],[-14,-7],[3,-22],[-61,-13],[-37,-19],[-84,-17],[-25,-29],[-70,-13],[45,-13],[-86,-41],[-20,-19]],[[5742,5438],[-152,7],[-107,-4],[-69,4],[-91,17],[-51,5],[-157,0],[-248,25],[-93,-9],[-55,2],[-81,-18],[-47,-4],[-213,3],[-102,-8],[-90,19],[-133,7],[-50,10],[-123,13]],[[3880,5507],[51,27],[16,45],[-6,21],[56,9],[2,40],[-35,14],[72,22],[92,37]],[[4128,5722],[101,-1],[67,-9]],[[4296,5712],[98,-17],[74,4],[100,-7],[118,-14],[60,4],[126,-20],[123,-6],[88,4],[182,38],[6,18],[143,6],[100,0],[138,10],[95,-18],[45,-21],[40,-6],[92,0],[32,-7],[31,-20],[59,-10],[45,-19]],[[1406,1923],[-29,1],[-89,30],[113,-3],[109,-13],[-2,-5],[-102,-10]],[[1781,1942],[-15,-7],[-122,10],[-69,12],[55,9],[148,-16],[3,-8]],[[1510,1966],[88,-22],[-53,-4],[-70,10],[-133,10],[-36,10],[41,2],[105,-8],[-39,15],[55,7],[51,0],[-9,-20]],[[1353,2011],[84,-17],[-33,-9],[-142,-12],[-23,24],[39,13],[-80,-14],[10,22],[28,11],[117,-18]],[[1280,2103],[-4,-9],[-78,1],[-53,-15],[-49,16],[0,12],[42,5],[134,-4],[8,-6]],[[681,2138],[-4,-19],[59,-7],[-31,-5],[-185,-9],[34,13],[-119,10],[-42,-5],[-16,13],[67,9],[54,-5],[86,3],[54,8],[43,-6]],[[835,2119],[-102,10],[-28,12],[54,8],[104,-7],[50,-15],[-78,-8]],[[1361,2278],[-50,12],[56,15],[85,4],[40,-12],[-131,-19]],[[1710,2313],[46,2],[108,-7],[-98,-23],[-87,-9],[-88,18],[65,23],[54,-4]],[[622,2379],[-34,-2],[-114,16],[-81,5],[131,8],[80,-6],[18,-21]],[[2061,2570],[60,0],[57,-8],[3,-9],[-102,-24],[-48,4],[-22,15],[-109,15],[38,14],[76,1],[47,-8]],[[2110,2601],[44,0],[24,-25],[-146,5],[-3,8],[73,21],[8,-9]],[[2154,2616],[14,-6],[-103,3],[-74,-24],[-82,-1],[-5,17],[71,14],[78,4],[64,12],[37,-19]],[[1827,2647],[93,0],[-46,-6],[-3,-23],[-26,-12],[-39,0],[-67,24],[-1,12],[89,5]],[[1011,2658],[-108,14],[5,13],[54,-1],[71,-24],[-22,-2]],[[1180,2646],[-96,6],[9,21],[32,11],[133,6],[-35,-19],[25,-5],[-68,-20]],[[1885,2656],[-93,-1],[-63,19],[-11,15],[86,13],[130,-15],[-10,-27],[-39,-4]],[[1940,2719],[89,5],[-12,-16],[-37,-13],[-174,12],[-123,-11],[41,22],[48,13],[80,-1],[88,-11]],[[1303,2694],[-29,-4],[-48,15],[52,21],[82,4],[-56,-19],[-1,-17]],[[1901,2746],[124,-2],[-37,-12],[-66,-3],[-95,5],[3,8],[71,4]],[[1466,2737],[-152,11],[-45,11],[31,8],[119,1],[86,-28],[-39,-3]],[[1804,2775],[47,-4],[178,1],[37,-18],[-44,-3],[-195,-2],[-127,8],[-41,19],[101,13],[44,-14]],[[1509,2765],[-33,-2],[-86,14],[-1,12],[64,11],[96,-15],[-40,-20]],[[1794,2879],[-147,9],[12,5],[216,6],[-10,-15],[-71,-5]],[[2036,2884],[56,-24],[-83,-8],[-90,18],[42,12],[-56,8],[57,12],[52,-5],[22,-13]],[[672,2861],[-90,2],[11,13],[-48,13],[60,14],[37,-1],[51,-17],[47,-3],[-12,-16],[-56,-5]],[[2263,2908],[-23,-22],[-112,2],[-10,17],[98,5],[47,-2]],[[1484,2881],[-71,-2],[-82,7],[-57,19],[36,9],[69,0],[21,-15],[72,-7],[12,-11]],[[1352,2927],[-35,-7],[-195,5],[48,15],[164,-5],[18,-8]],[[996,2958],[55,-11],[-19,-18],[-59,-2],[-22,10],[8,19],[37,2]],[[2185,2960],[55,-25],[-35,-9],[72,-8],[-174,-10],[-89,21],[12,18],[30,11],[129,2]],[[1645,2970],[27,-14],[-183,-5],[-48,14],[82,7],[122,-2]],[[1881,2959],[-118,-1],[-49,11],[86,3],[-118,11],[138,0],[62,-6],[-1,-18]],[[1596,2980],[-211,-10],[33,-11],[-142,5],[-27,14],[47,11],[69,-2],[23,-8],[59,16],[60,4],[52,-5],[37,-14]],[[2032,2982],[-89,4],[1,17],[124,-11],[-36,-10]],[[2183,2989],[-117,13],[146,8],[-47,-12],[18,-9]],[[1808,3009],[112,1],[-20,-26],[-148,17],[-37,15],[93,-7]],[[2650,3021],[75,-17],[-92,-3],[-40,5],[8,11],[49,4]],[[2049,3030],[-5,-13],[-96,-2],[-67,5],[-3,8],[121,-3],[50,5]],[[1527,3024],[-11,-3],[-120,6],[46,10],[68,-3],[17,-10]],[[2198,3033],[-62,-10],[-35,5],[62,11],[35,-6]],[[1800,3060],[53,-13],[98,-7],[-123,-5],[20,-18],[-58,1],[-55,10],[-34,22],[85,1],[14,9]],[[1550,3056],[-76,-4],[-50,8],[97,5],[29,-9]],[[1969,3061],[48,-1],[-41,-9],[-89,2],[-65,11],[105,12],[42,-15]],[[2231,3069],[-32,-1],[-21,15],[-41,6],[-37,16],[31,12],[85,-13],[-9,-12],[49,-12],[-25,-11]],[[2730,3095],[-114,8],[6,20],[61,8],[83,-4],[-36,-32]],[[1143,3218],[97,-19],[-127,-3],[-108,-9],[-49,10],[-8,19],[89,-1],[8,9],[98,-6]],[[389,1897],[7,-9],[41,1],[8,-18],[-53,-2],[-30,9],[-113,-17],[-148,-8],[-38,5],[5,20],[96,-5],[100,5],[125,19]],[[237,1903],[-147,-7],[-56,13],[19,25],[58,12],[87,-8],[92,10],[7,-7],[58,1],[38,7],[-26,-29],[44,-4],[-15,-16],[-177,-21],[-75,0],[-23,10],[103,0],[64,12],[-113,-6],[62,8]],[[1168,1880],[-136,17],[-47,-3],[-164,5],[-71,8],[-23,22],[91,23],[112,7],[27,-4],[41,-21],[67,8],[-98,23],[12,26],[36,14],[1,16],[42,5],[26,-7],[-19,-16],[57,-12],[-16,-10],[65,-8],[37,-18],[-93,-3],[60,-7],[20,-31],[74,-16],[4,10],[43,-6],[-48,-17],[-100,-5]],[[592,1979],[40,14],[-40,-1],[-56,13],[25,4],[-75,33],[96,-2],[48,-7],[110,6],[209,-16],[25,-8],[-33,-20],[-6,-25],[-206,-26],[-137,35]],[[496,1881],[18,14],[-41,-2],[-37,17],[11,10],[-28,12],[50,20],[-60,6],[12,12],[-51,-10],[-101,-9],[-86,1],[-17,10],[159,9],[62,11],[-64,-4],[17,11],[-74,-11],[-70,-3],[-30,9],[117,17],[10,7],[-91,-9],[-48,17],[-22,22],[116,16],[23,-10],[39,9],[72,7],[3,-15],[89,-28],[5,-12],[63,-32],[115,-34],[-49,-6],[56,-3],[22,-25],[-65,-14],[-99,-15],[-26,5]],[[650,2063],[-50,-9],[-104,-4],[44,32],[125,12],[157,-3],[76,17],[46,1],[45,0],[25,-19],[-52,-14],[34,-12],[-59,-6],[78,-3],[41,-22],[-71,7],[-112,3],[-149,9],[-6,11],[-68,0]],[[1421,2075],[-122,7],[111,20],[35,2],[125,-11],[-90,14],[92,4],[188,-11],[106,-3],[99,-6],[48,6],[28,-14],[-26,-11],[-80,-1],[-18,12],[-106,-10],[-96,2],[-219,-10],[-75,10]],[[778,2587],[-99,-2],[51,5],[-63,4],[-26,16],[63,7],[90,-6],[61,-10],[60,-1],[-113,15],[80,-3],[57,6],[6,13],[119,0],[-52,-47],[-161,-30],[-72,-2],[-97,4],[-32,13],[125,10],[81,-2],[-78,10]],[[1439,2724],[84,-7],[39,-10],[-21,-14],[53,-3],[-70,-11],[91,-3],[-59,-13],[-82,-1],[14,-7],[-87,-13],[-72,-2],[-33,11],[49,14],[0,12],[-36,5],[45,6],[-14,19],[44,16],[55,1]],[[2286,2716],[-14,-25],[-26,-11],[-65,-1],[66,-14],[7,-9],[-74,-11],[-39,13],[-108,16],[84,9],[-50,10],[15,15],[54,14],[62,6],[88,-12]],[[1577,2803],[-7,10],[45,18],[61,5],[85,-3],[170,10],[74,-2],[72,-10],[7,-10],[61,-10],[10,-17],[-68,-26],[-66,10],[-141,-2],[-156,30],[-84,-9],[-63,6]],[[1691,2876],[178,-9],[60,-14],[-62,-8],[-100,6],[2,-9],[-133,1],[-100,-9],[-79,4],[26,13],[66,5],[88,20],[54,0]],[[1516,2938],[35,7],[261,0],[104,-7],[58,-17],[-146,-6],[-89,-9],[-203,-14],[-81,10],[-18,11],[40,5],[-74,3],[7,18],[106,-1]],[[3089,2917],[-140,-20],[-91,-19],[-100,-14],[-120,-7],[-37,2],[-125,28],[110,10],[56,-8],[50,5],[-98,11],[-67,-9],[-42,3],[-74,36],[95,14],[30,-7],[43,3],[77,-10],[-45,26],[48,1],[83,-9],[23,9],[-109,6],[-24,10],[58,17],[77,-9],[39,4],[70,-14],[-51,26],[86,6],[76,-15],[-2,-9],[-47,-15],[26,-1],[91,20],[109,-8],[49,-15],[-98,-29],[-95,2],[-84,7],[87,-16],[73,-4],[-7,-8]],[[1710,3151],[81,4],[81,-9],[114,10],[7,7],[68,-17],[32,-16],[-90,-1],[-67,6],[50,7],[-73,1],[-50,-7],[61,-8],[-83,-10],[-38,12],[-110,0],[-34,10],[51,11]],[[1767,1867],[-26,7],[-85,3],[-147,-6],[16,9],[-90,6],[-20,18],[130,23],[79,11],[158,-21],[63,-12],[21,8],[-48,9],[-1,25],[110,4],[-20,7],[-65,-5],[-123,7],[-48,7],[-80,1],[26,6],[133,5],[-114,1],[-77,-7],[-21,18],[-39,14],[-139,8],[-75,24],[47,16],[-125,-13],[-43,5],[0,14],[119,12],[111,-7],[85,-12],[53,-36],[62,-15],[58,3],[-63,13],[4,9],[-110,35],[137,2],[152,-3],[30,-8],[78,-4],[77,7],[37,-7],[-11,-12],[104,17],[23,-14],[122,-8],[48,-7],[-18,-18],[53,-10],[58,19],[74,-1],[87,-11],[3,7],[79,14],[-16,3],[-117,-9],[-88,10],[-117,22],[-72,33],[90,0],[46,-14],[117,-5],[120,1],[88,-6],[-31,7],[-106,6],[-131,-2],[-48,8],[14,8],[-115,10],[73,14],[-134,4],[-38,5],[-32,19],[78,15],[-37,4],[28,16],[-64,8],[-45,-15],[48,-7],[-63,-31],[20,-8],[-32,-9],[-134,-10],[-116,6],[-34,13],[-144,-5],[-99,6],[-31,-6],[-93,6],[53,6],[-132,-5],[-158,-1],[-117,17],[68,13],[129,-3],[-86,11],[23,14],[97,1],[0,-11],[51,14],[55,-3],[13,-10],[41,3],[28,-12],[-116,-9],[-32,-7],[139,8],[89,-17],[-34,14],[98,4],[-47,8],[86,4],[111,-3],[-74,11],[-90,1],[-64,-6],[-49,5],[-15,17],[-53,-4],[-66,15],[75,5],[-74,10],[-57,-13],[-22,12],[50,13],[77,9],[91,32],[99,-6],[20,9],[49,-2],[10,-18],[50,-14],[-27,30],[26,8],[107,3],[43,-20],[-14,23],[-77,3],[110,25],[10,12],[-79,10],[-107,-3],[-92,21],[86,21],[-126,-10],[-51,11],[27,10],[-187,4],[-162,10],[122,-11],[-53,-8],[-108,6],[-52,-18],[134,4],[64,-8],[62,2],[-50,-12],[-152,7],[-68,-3],[-39,12],[-114,19],[-33,-12],[-110,15],[-60,2],[-2,8],[-73,20],[95,26],[58,7],[9,20],[-87,-21],[-43,2],[-64,-20],[-94,-11],[-7,9],[-65,-10],[-130,-6],[-55,2],[-131,-8],[-106,-23],[31,-4],[95,22],[131,-4],[-58,-15],[94,-2],[-50,-22],[69,4],[21,-13],[-65,-9],[-153,-4],[-33,12],[-78,10],[4,8],[-60,12],[3,39],[75,17],[130,5],[-28,10],[94,2],[114,29],[81,9],[55,-11],[19,27],[158,-15],[29,4],[-118,7],[50,25],[45,3],[98,-15],[-2,9],[54,21],[49,0],[76,-15],[41,8],[-70,13],[53,23],[66,14],[-17,11],[39,26],[46,7],[46,-8],[51,5],[3,-19],[109,-12],[-28,-16],[38,0],[47,20],[-51,10],[-13,20],[111,6],[50,-10],[24,4],[143,5],[56,-11],[-97,-12],[80,-3],[-25,-9],[66,3],[18,-11],[-108,-11],[90,-7],[-16,-13],[-76,-14],[97,10],[17,30],[88,-13],[11,-14],[-56,-17],[-182,-18],[-157,-8],[-95,9],[-71,14],[3,-7],[108,-16],[48,-3],[167,5],[158,12],[1,-13],[-41,-20],[59,9],[86,-4],[41,-8],[65,-2],[-108,20],[-7,9],[-71,3],[34,17],[111,3],[29,-11],[94,-13],[7,-10],[-36,-23],[-126,-28],[-80,-24],[68,-9],[101,4],[92,42],[78,16],[97,13],[62,35],[107,26],[86,13],[-93,-1],[-38,-17],[-120,-29],[-26,-12],[-94,-19],[-14,8],[59,26],[30,23],[-34,14],[-10,19],[56,20],[95,6],[-46,9],[31,10],[145,27],[50,3],[169,3],[1,5],[-107,3],[-36,7],[-100,-8],[-72,-20],[-114,-14],[30,39],[53,45],[46,9],[54,1],[59,14],[52,-8],[-7,15],[128,10],[48,-17],[162,-21],[166,-5],[31,13],[-31,7],[-130,-3],[-105,12],[-107,19],[-84,9],[-78,-9],[-103,-1],[-42,5],[28,20],[115,3],[29,8],[-114,32],[14,10],[51,8],[123,-2],[124,4],[130,23],[92,3],[113,21],[86,2],[19,11],[-18,14],[51,32],[88,9],[-24,10],[29,31],[-100,-36],[-53,-2],[-9,8],[-205,26],[8,11],[-134,12],[-116,4],[-34,9],[54,4],[25,13],[-88,-9],[-93,5],[10,17],[57,-4],[4,13],[49,5],[49,-11],[-12,30],[74,18],[62,37],[50,-13],[125,17],[-5,20],[-20,-16],[-112,-5],[-71,8]],[[4265,3090],[-120,-17],[53,-29],[-24,-12],[23,-17],[-59,-7],[45,-11],[91,2],[100,-3],[223,1],[244,-7],[41,-6],[56,-21],[-13,-10],[-59,-3],[-56,-19],[1,-24],[-103,-14],[-174,15],[-146,-9],[-165,5],[-76,-8],[-207,9],[-44,-7],[14,-31],[70,-1],[132,-11],[140,4],[62,-10],[118,-2],[36,-8],[65,-27],[172,-32],[29,-17],[-106,-20],[-109,-8],[34,-19],[-50,-9],[-202,-5],[-56,-10],[20,-7],[-40,-11],[-16,-26],[52,-12],[7,-18],[81,-7],[61,-23],[-120,-22],[-52,-14],[-127,-6],[-28,-4],[165,-24],[13,-39],[71,-33],[-15,-18],[11,-27],[-183,-26],[-83,-2],[-36,-35],[58,-16],[-92,-12],[14,-10],[98,-11],[37,-12],[-55,-17],[-104,9],[-33,-1],[12,-17],[-30,-11],[-124,-25],[-170,-6],[-42,-12],[49,-6],[-24,-27],[-123,-38],[-42,-28],[-49,-16],[73,-20],[62,-4],[25,-11],[55,-5],[36,-37],[-17,-19],[31,-12],[-86,-4],[-61,-14],[-153,-13],[-39,-16],[33,-27],[3,-27],[-17,-19],[-159,-31],[-90,-9],[-104,-2],[-96,-9],[-70,-18],[-22,-16],[-82,-18],[6,-17]],[[2734,1734],[-967,133]],[[9098,22],[42,-6],[-5,-12],[-123,9],[-23,14],[109,-5]],[[9278,0],[-83,9],[51,19],[52,-25],[-20,-3]],[[8604,77],[-7,7],[39,11],[-15,10],[39,5],[48,-5],[36,-19],[-140,-9]],[[6514,143],[-14,-9],[-141,-2],[28,7],[-26,12],[153,-8]],[[6202,160],[-62,-19],[-25,13],[13,4],[74,2]],[[9488,152],[-180,1],[-16,13],[90,13],[127,-2],[37,-18],[-58,-7]],[[9944,191],[55,-6],[-59,-4],[-30,-10],[-92,-7],[-61,5],[16,15],[104,12],[67,-5]],[[9559,222],[23,-14],[-129,13],[-148,11],[18,8],[194,-8],[42,-10]],[[5699,277],[13,-6],[-193,-7],[-105,1],[-71,7],[93,4],[53,6],[210,-5]],[[3977,331],[91,-24],[-61,-5],[-9,14],[-48,13],[-29,-7],[-43,8],[99,1]],[[2961,382],[-31,-13],[-123,3],[49,8],[105,2]],[[3624,412],[36,-9],[-77,3],[-98,-19],[-77,22],[125,3],[8,7],[83,-7]],[[5730,450],[104,-1],[76,-12],[-53,-9],[-206,9],[-69,16],[33,7],[115,-10]],[[5832,481],[-36,-22],[-90,0],[-114,16],[84,1],[130,8],[26,-3]],[[2653,487],[-9,-7],[66,4],[12,-19],[-57,5],[-85,-3],[-21,12],[-155,0],[103,12],[146,-4]],[[2173,622],[-97,-3],[-11,-10],[-66,-4],[26,14],[-69,3],[60,5],[-27,12],[184,-17]],[[1637,673],[-60,7],[103,15],[84,4],[-48,-21],[-79,-5]],[[5366,781],[-69,4],[166,18],[-14,-12],[-83,-10]],[[1465,857],[-121,8],[-33,10],[70,13],[35,-4],[49,-27]],[[1339,905],[-82,8],[10,21],[58,4],[-10,-21],[36,-1],[-12,-11]],[[1134,987],[-18,-10],[-109,-6],[-29,15],[213,17],[-57,-16]],[[1065,997],[14,15],[174,28],[46,-8],[6,-11],[-240,-24]],[[2025,1058],[64,6],[53,-5],[24,-16],[-8,-18],[-41,-9],[-70,8],[-36,17],[-114,6],[-37,14],[84,9],[81,-12]],[[778,1081],[10,-4],[-50,-24],[-72,-7],[-34,5],[16,18],[55,21],[90,-3],[-15,-6]],[[1977,1102],[37,-14],[49,0],[-3,-20],[-49,-1],[-63,24],[-35,4],[0,14],[64,-7]],[[875,1137],[-95,4],[19,13],[68,2],[8,-19]],[[1508,1170],[-96,2],[15,19],[42,-1],[48,-13],[-9,-7]],[[1658,1204],[62,-23],[0,-13],[-138,5],[16,7],[-39,7],[7,17],[92,0]],[[2100,1202],[-26,-17],[-119,4],[72,12],[-104,-1],[60,12],[79,0],[38,-10]],[[893,1238],[-136,-5],[-22,4],[62,15],[96,-1],[0,-13]],[[1349,1268],[-62,-4],[-5,-9],[130,-7],[6,-12],[-35,-10],[-163,13],[-33,20],[111,15],[51,-6]],[[1554,1217],[-56,33],[-21,21],[15,17],[-32,11],[53,-4],[26,-22],[90,-40],[-75,-16]],[[731,1365],[44,3],[-22,-40],[-80,8],[-33,16],[74,3],[-37,10],[54,0]],[[1188,1393],[-74,-4],[4,19],[92,-6],[-22,-9]],[[1212,1441],[39,-4],[-86,-5],[-16,-9],[-89,-11],[-66,0],[52,20],[-28,3],[71,11],[123,-5]],[[788,1427],[-72,-11],[-141,4],[59,20],[161,25],[88,-2],[-79,-17],[-16,-19]],[[1411,1639],[-39,4],[-2,20],[-33,4],[33,22],[89,-10],[65,-24],[-113,-16]],[[252,1695],[5,-12],[45,-5],[-25,-13],[-102,17],[28,19],[49,-6]],[[662,1822],[22,-14],[-131,-7],[-60,19],[13,14],[-54,7],[-22,13],[107,-5],[93,-10],[32,-17]],[[634,1847],[-139,9],[21,8],[153,31],[27,-16],[-62,-32]],[[794,1890],[76,3],[78,-4],[-171,-22],[-63,2],[43,17],[37,4]],[[8510,26],[258,-6],[-2,8],[103,-9],[-68,0],[-11,-12],[-54,0],[-53,-7],[11,14],[-66,-8],[-56,11],[-59,-13],[-109,6],[-15,10],[121,6]],[[8937,56],[-12,29],[68,-1],[36,-16],[-45,-14],[102,-2],[3,-17],[-81,-3],[-1,8],[-68,4],[-155,2],[10,20],[34,1],[109,-11]],[[9280,189],[-147,-27],[-53,-4],[-147,4],[-48,7],[31,13],[-21,9],[-60,2],[-119,-4],[-38,-19],[-166,-1],[-61,9],[127,-2],[-134,9],[-34,9],[-99,-14],[-99,-3],[-81,10],[40,6],[-75,18],[25,13],[-21,19],[-158,-3],[-15,19],[145,3],[290,1],[146,-2],[86,-6],[79,3],[376,-1],[128,-11],[131,-27],[9,-13],[-37,-17]],[[5855,208],[-73,-3],[-45,10],[-80,-4],[90,-15],[-80,-4],[-54,-9],[-18,14],[-42,-14],[-18,13],[55,14],[-64,12],[-149,-16],[-43,19],[-61,-9],[-52,6],[-87,-3],[-62,18],[87,3],[-86,4],[8,7],[86,0],[124,-7],[-4,11],[97,-9],[152,0],[-52,4],[128,14],[158,2],[33,-4],[-200,-12],[-22,-11],[-79,-2],[-132,5],[-14,-7],[85,-5],[120,3],[144,-9],[107,7],[32,-6],[-67,-5],[78,-12]],[[6685,236],[-99,1],[-53,-5],[-146,-3],[-46,5],[-106,-6],[1,14],[-39,8],[119,2],[-72,5],[-5,10],[79,4],[59,-9],[12,-12],[66,1],[1,14],[-52,8],[92,-1],[171,-6],[7,-4],[-21,-10],[106,12],[284,-14],[-99,-5],[-106,4],[26,-5],[-99,-5],[-79,5],[-1,-8]],[[4769,273],[-44,-20],[-46,0],[9,11],[-55,-11],[-62,16],[49,12],[79,1],[151,-4],[59,2],[77,-11],[74,6],[65,-4],[-21,-9],[-102,-11],[-84,7],[21,8],[-93,-4],[-4,11],[-73,0]],[[3675,468],[-108,6],[86,7],[62,-9],[55,-11],[-96,-14],[-4,-14],[-89,7],[-48,-8],[-83,3],[-16,10],[87,9],[71,0],[42,7],[-64,4],[105,3]],[[4991,482],[63,-10],[-50,-26],[60,9],[14,-26],[-79,-6],[-8,-9],[-82,-15],[-29,14],[-35,-11],[-151,22],[111,2],[16,16],[-74,-12],[-42,14],[-22,-10],[-82,8],[-11,8],[79,8],[-128,5],[-12,-20],[-39,-2],[-3,-13],[-63,10],[56,13],[-67,-5],[-15,-9],[-44,3],[-42,15],[110,23],[-33,0],[-25,25],[27,7],[79,3],[35,-11],[61,12],[77,-32],[18,24],[83,-6],[40,-21],[27,-24],[63,21],[9,-17],[39,2],[24,19],[45,2]],[[4355,472],[-114,-16],[-44,4],[-128,28],[-27,-3],[41,-17],[87,-12],[42,-12],[38,-3],[-3,-11],[-77,3],[-42,-9],[45,-3],[-16,-11],[-155,6],[91,22],[-56,7],[-90,2],[-75,11],[73,4],[-90,2],[92,5],[-67,14],[-68,-12],[-68,12],[31,16],[-65,18],[141,-2],[74,-12],[23,12],[87,11],[-36,8],[52,3],[88,-9],[36,-9],[2,-13],[31,17],[78,1],[82,-6],[-148,-22],[92,6],[3,-12],[-72,-5],[29,-9],[79,3],[4,-7]],[[5569,457],[-60,-14],[-103,7],[-145,19],[13,4],[-80,18],[-16,21],[34,7],[-37,12],[21,9],[110,4],[159,-13],[34,12],[-108,11],[-15,22],[157,19],[34,18],[70,-1],[18,-12],[-21,-15],[59,-35],[-3,-19],[-33,-3],[125,-32],[-53,-11],[-59,-2],[-57,6],[-125,23],[-66,-5],[112,-26],[-14,-9],[49,-15]],[[2058,650],[116,-13],[132,-4],[-55,7],[83,0],[-60,8],[41,5],[116,4],[61,-6],[-100,-10],[100,-21],[-126,-10],[-38,15],[-10,-7],[-105,7],[-59,10],[-80,7],[-16,8]],[[2189,798],[80,-5],[-14,12],[66,-8],[27,4],[103,-7],[47,-8],[-18,-15],[-93,5],[35,7],[-48,6],[-138,1],[-168,-9],[43,12],[78,5]],[[1756,773],[151,-14],[-28,-5],[67,-5],[23,9],[69,-16],[94,-2],[104,-20],[-33,23],[119,-15],[-27,-19],[74,-19],[43,11],[-41,9],[25,14],[138,-19],[34,-9],[-48,-8],[84,2],[212,-24],[-20,-3],[-127,0],[-94,3],[-113,19],[-42,-10],[-109,-1],[-54,6],[128,3],[-93,5],[-35,22],[-46,-5],[-45,13],[-69,2],[-8,11],[-69,-1],[-51,14],[-34,-6],[-137,6],[22,-8],[-72,-5],[-93,4],[-88,14],[21,-10],[-67,-6],[-31,13],[-92,5],[2,15],[-101,1],[-21,7],[-80,5],[22,18],[-39,8],[-148,17],[80,9],[81,-13],[116,-6],[-10,-8],[69,-12],[69,0],[-37,-11],[52,-9],[35,6],[58,-9],[103,4],[38,-12],[69,12]],[[1872,859],[94,13],[-31,1],[-137,-25],[-94,-13],[-1,11],[-60,4],[-5,16],[147,6],[116,22],[-99,1],[6,12],[145,5],[110,-4],[71,5],[48,-18],[-16,-9],[-94,-13],[47,-8],[-61,-25],[-148,-8],[-22,7],[97,21],[-106,-12],[-7,11]],[[864,958],[25,12],[52,-8],[200,3],[61,-1],[60,-16],[-60,-32],[-123,2],[5,10],[-58,-4],[-67,4],[10,17],[-105,13]],[[1738,971],[17,10],[67,-4],[69,-10],[144,-10],[39,-10],[-18,-14],[52,-7],[-85,-10],[-51,10],[57,3],[-194,23],[-97,19]],[[1615,960],[78,-5],[9,4],[-100,11],[79,-1],[-161,11],[-46,-5],[-81,11],[123,11],[65,-6],[127,-19],[183,-33],[-17,-10],[-168,-13],[-71,7],[-1,12],[-61,2],[54,9],[-46,8],[34,6]],[[1878,1006],[-137,11],[-19,10],[30,13],[68,-1],[249,-36],[87,-25],[9,-22],[-187,38],[-100,12]],[[933,1016],[69,37],[30,9],[20,-8],[73,-1],[72,8],[-30,-10],[-119,-27],[58,3],[-109,-30],[-63,-2],[-31,-12],[-28,7],[39,14],[81,13],[-62,-1]],[[1362,1071],[-62,24],[137,-9],[2,-7],[56,2],[6,-14],[79,-1],[82,-10],[-64,-4],[135,-1],[-52,-18],[-104,1],[-75,11],[-60,3],[-74,11],[-6,12]],[[689,1021],[108,17],[-73,1],[83,28],[25,-10],[76,-7],[37,12],[-58,18],[44,1],[-11,14],[-48,2],[-24,12],[17,9],[53,-5],[49,1],[53,-39],[-77,-29],[-1,-13],[-76,-16],[19,-9],[-71,-18],[1,14],[-68,-12],[21,16],[-79,13]],[[1731,1139],[36,-2],[36,-14],[46,-20],[-21,-6],[81,-11],[8,-8],[-58,-6],[-73,0],[-198,23],[17,10],[86,1],[-11,16],[80,-1],[-29,18]],[[423,1115],[2,25],[92,12],[19,33],[-10,14],[102,10],[-31,-24],[45,17],[116,-12],[-16,-18],[-53,3],[-70,-16],[-32,9],[34,-28],[-36,-9],[-52,5],[5,-13],[-115,-8]],[[995,1168],[-232,-12],[-6,11],[142,14],[87,15],[-140,-12],[-44,9],[54,11],[81,3],[45,17],[129,3],[78,-2],[57,-20],[-83,6],[90,-27],[-53,-8],[-60,1],[-40,28],[-105,-37]],[[1029,1269],[77,8],[-100,4],[-7,-12],[-59,-9],[-63,7],[59,19],[-83,3],[-33,-5],[-10,15],[61,1],[-32,9],[55,0],[272,-10],[41,10],[-60,1],[-2,9],[80,4],[-115,22],[15,5],[123,-6],[78,-13],[87,-18],[-43,-14],[53,-15],[-23,-10],[10,-17],[-68,22],[-186,-10],[6,-12],[-123,-4],[-10,16]],[[807,1350],[123,-6],[-55,9],[-7,11],[74,-9],[5,11],[90,-11],[-12,-12],[42,-12],[-66,0],[64,-16],[66,10],[-40,-17],[-253,10],[76,7],[-113,15],[6,10]],[[432,1334],[-56,7],[-114,0],[7,13],[54,11],[-96,0],[46,16],[89,-1],[15,6],[-78,20],[-39,5],[88,8],[20,-6],[39,5],[55,-9],[197,1],[-115,-25],[-71,1],[-37,9],[-49,-1],[81,-16],[-21,-6],[12,-33],[-27,-5]],[[1500,1331],[-6,-12],[-58,5],[-58,17],[32,4],[-129,4],[-66,26],[73,14],[49,2],[-2,9],[48,2],[-146,6],[-50,8],[-71,0],[126,13],[71,-13],[115,5],[51,-31],[66,-13],[36,-13],[-113,2],[108,-12],[70,-18],[-20,-17],[-41,1],[-36,15],[-49,-4]],[[960,1509],[23,-13],[-42,-14],[-119,0],[-11,-9],[-112,-11],[-131,-22],[-43,-14],[-106,2],[-1,9],[69,8],[62,16],[-124,-11],[27,7],[-91,-3],[-65,-10],[-33,5],[17,19],[56,27],[52,6],[97,-5],[-105,-8],[88,-13],[136,0],[-13,7],[41,22],[-75,-7],[-71,10],[-54,0],[-82,12],[-18,11],[82,9],[32,-7],[24,-10],[40,9],[113,1],[-8,-14],[60,0],[30,-11],[106,12],[3,-7],[-129,-19],[149,2],[126,14]],[[365,1612],[-15,-7],[-167,-15],[-4,-7],[-81,-8],[-14,28],[114,4],[5,9],[-73,5],[-28,13],[139,19],[140,-12],[63,-25],[88,-23],[40,-23],[-63,3],[-53,11],[22,-15],[-79,7],[-44,16],[37,4],[-27,16]],[[513,1770],[79,17],[83,3],[87,-11],[29,13],[90,-17],[-34,-46],[-100,9],[-83,20],[-117,-3],[46,12],[-83,-5],[3,8]],[[167,1762],[151,22],[-34,2],[54,14],[59,2],[-30,-13],[87,-11],[-30,-13],[-34,3],[-48,-15],[-75,1],[-36,-23],[-35,0],[-117,9],[29,20],[81,11],[-22,-9]],[[201,1792],[40,21],[-63,-9],[-113,5],[-1,19],[34,9],[32,-5],[52,11],[74,-2],[-44,-18],[127,22],[-36,-14],[69,-10],[-19,18],[79,-4],[40,-11],[64,-33],[-40,-10],[-47,9],[-29,22],[-107,-6],[-49,-16],[-63,2]],[[7609,290],[-12,-23],[-297,29],[-39,-4],[85,-4],[26,-7],[133,-16],[-53,-6],[-304,-7],[-66,1],[-164,12],[-244,9],[-151,10],[-25,11],[46,2],[1,21],[-40,-16],[-58,15],[-2,-26],[-53,1],[8,17],[-33,1],[-1,-17],[-53,-8],[-73,0],[-64,16],[2,21],[-27,-9],[17,-29],[-106,-7],[-65,14],[-27,-13],[-86,-3],[-72,5],[-19,10],[109,28],[-107,-14],[-36,-23],[-274,14],[-154,-15],[-72,5],[-18,8],[67,7],[166,8],[80,9],[101,16],[-98,3],[-93,-12],[51,-5],[-120,-11],[-52,3],[-74,-8],[-124,3],[42,10],[99,7],[-178,-4],[12,-8],[-62,-14],[-38,7],[48,8],[2,14],[55,9],[-123,9],[10,-17],[-58,6],[-63,-17],[-148,12],[119,7],[-71,3],[-10,12],[-89,13],[17,-12],[-71,2],[-19,-24],[-26,4],[-69,-13],[-16,12],[-79,0],[43,14],[-45,1],[-44,-18],[-40,0],[-16,11],[-71,4],[-3,-8],[-65,1],[-3,-10],[-150,3],[-23,8],[102,13],[-125,-1],[-1,18],[71,-3],[-68,14],[85,-1],[79,-20],[187,-9],[-80,17],[128,-10],[52,0],[-83,9],[-61,13],[-138,-1],[-9,13],[86,6],[52,-3],[117,-25],[131,2],[-24,7],[-97,4],[10,13],[56,-11],[9,9],[159,-13],[68,8],[-116,7],[73,7],[192,-15],[107,-21],[-56,16],[14,4],[123,-4],[45,-5],[42,14],[-22,20],[164,6],[57,-8],[85,6],[65,-4],[-128,-23],[17,-14],[-68,-17],[10,-14],[29,13],[57,-11],[52,-2],[-69,18],[50,27],[74,10],[159,-24],[116,-9],[83,-16],[21,6],[-77,15],[188,-13],[-135,16],[-188,12],[-30,14],[-58,7],[1,10],[-69,12],[-91,2],[-162,-1],[-64,6],[-29,17],[77,-4],[-83,11],[-36,11],[428,-37],[231,-18],[83,-9],[115,-18],[-5,9],[53,9],[-78,3],[-31,7],[132,18],[109,-12],[4,-21],[59,0],[44,-11],[-15,-22],[67,10],[45,-5],[-21,-14],[26,-5],[41,18],[-84,17],[7,11],[-76,18],[27,8],[174,-9],[64,-16],[110,-17],[-38,18],[72,8],[279,-26],[20,-9],[-151,-22],[-60,-16],[45,-15],[8,17],[39,4],[92,19],[98,-8],[-19,21],[33,7],[163,-4],[6,9],[-111,10],[-84,3],[-117,15],[-279,18],[-84,9],[-290,16],[-186,18],[-48,31],[-50,13],[-42,28],[14,13],[39,7],[239,19],[115,-1],[167,8],[315,30],[45,19],[-37,24],[-343,-1],[-300,-11],[-77,-9],[-102,1],[-90,-9],[-57,2],[-100,17],[-101,8],[-36,14],[10,23],[33,13],[-4,17],[23,25],[96,11],[-14,-10],[17,-14],[88,-1],[115,14],[53,26],[-24,6],[-119,6],[-90,-13],[52,12],[-29,18],[-56,5],[-88,0],[1,6],[151,5],[157,2],[135,-29],[100,-1],[96,16],[94,3],[152,33],[-36,22],[45,13],[181,16],[43,-6],[161,-43],[94,-12],[131,9],[107,2],[112,13],[37,11],[38,-2],[125,-22],[-12,-562]],[[2734,1734],[74,-3],[-50,-10],[-338,-1],[-1,-18],[-99,-17],[12,-12],[-50,-11],[78,-26],[-24,-16],[81,-18],[-23,-13],[-56,-9],[-39,-23],[78,-12],[20,-11],[-54,-16],[0,-15],[225,-33],[50,-26],[17,-49],[75,-22],[14,-29],[88,-5],[93,9],[114,19],[136,11],[122,-13],[48,1],[125,17],[130,-5],[87,-7],[-41,-17],[3,-12],[78,-20],[-3,-32],[-30,-19],[-48,-1],[-59,-14],[12,-19],[135,-17],[-60,-18],[-14,-24],[-25,-23],[-109,-19],[22,-7],[85,-2],[42,-23],[34,-7],[103,-6],[124,-14],[123,-24],[-8,-27],[48,-5],[2119,-4],[498,-32],[296,-2],[223,-11],[198,-16],[217,-5],[180,-10],[7,-12],[-130,1],[-156,9],[-198,1],[-118,9],[-136,16],[-112,1],[-118,-11],[-105,-2],[-44,-10],[-13,-25],[-50,-3],[-20,-14],[-119,-20],[-118,2],[-68,9],[-107,-11],[-226,-15],[-58,-16],[-125,3],[-209,-22],[-37,5],[57,7],[-87,1],[11,-8],[-158,-9],[-5,9],[-145,-8],[56,-4],[60,-13],[-70,-6],[-29,-21],[31,-7],[-3,-16],[-53,-16],[-22,-16],[-81,-28],[-6,-28],[-28,-14],[9,-22],[44,-33],[-42,-23],[9,-19],[-67,-14],[-210,-17],[-116,-1],[-151,12],[-180,2],[-237,24],[-10,9],[-73,-7],[-54,12],[-66,-8],[-63,6],[-78,15],[-105,12],[-17,9],[-109,18],[-57,19],[48,11],[-16,9],[153,22],[195,-6],[25,-22],[-35,-10],[-30,5],[-82,-18],[129,4],[85,8],[10,12],[-18,27],[40,6],[139,-1],[24,-7],[30,-53],[-216,-19],[-3,-8],[208,10],[61,13],[-15,40],[32,24],[128,8],[40,7],[129,9],[89,2],[71,10],[68,19],[61,23],[83,2],[2,10],[-53,17],[-87,6],[-114,-5],[-45,22],[0,-28],[-94,3],[-53,-11],[-400,-39],[-115,-27],[-77,-4],[-80,7],[-53,14],[-112,5],[48,-10],[-125,6],[-121,-2],[86,-8],[52,5],[46,-17],[106,-4],[21,-14],[-132,3],[-41,-8],[-92,9],[-10,-11],[55,-7],[-60,-7],[-75,3],[35,-11],[-18,-14],[-144,7],[101,-20],[84,2],[129,-33],[-173,-2],[-99,9],[-47,10],[-70,2],[-44,20],[-30,-14],[-20,14],[-143,9],[-146,17],[-129,12],[-111,23],[130,-9],[218,7],[66,-8],[179,-14],[-29,-10],[69,-2],[24,13],[-114,17],[74,-3],[-40,10],[119,-1],[-54,7],[-107,2],[-41,-9],[-97,12],[64,18],[-44,0],[-33,29],[22,10],[-58,12],[233,19],[62,16],[103,-9],[-3,-8],[-92,-14],[-17,-11],[133,19],[-4,-10],[128,7],[46,-13],[38,19],[90,9],[48,12],[76,2],[41,11],[154,-5],[15,7],[165,-13],[239,3],[45,6],[114,3],[-11,10],[-90,13],[-63,-3],[-137,1],[-161,7],[-151,-4],[-41,10],[-211,1],[-51,-2],[-49,-18],[-45,-4],[3,-11],[-145,15],[47,11],[114,4],[14,7],[-125,-2],[-72,-11],[-91,9],[-133,-5],[-77,11],[-62,-34],[-89,-20],[18,-2],[116,26],[53,7],[16,-7],[117,-5],[16,-7],[-121,-24],[-79,-10],[-82,-2],[-80,-11],[64,-14],[-13,-17],[13,-17],[-172,-18],[-104,7],[15,-9],[-142,8],[-123,23],[100,-3],[-15,10],[53,6],[79,-7],[33,19],[-83,-4],[-68,4],[-33,11],[-117,5],[-79,7],[27,5],[126,0],[41,-6],[96,5],[-11,18],[57,3],[25,14],[69,2],[78,39],[87,-1],[121,-9],[-9,9],[-160,6],[-70,-5],[-79,6],[-46,-7],[60,-5],[20,-13],[-80,-14],[-38,-14],[-70,11],[30,12],[-57,-1],[-33,11],[-3,-24],[-66,-7],[-55,3],[-117,-25],[-90,9],[42,11],[99,11],[-108,-4],[-20,12],[54,9],[89,4],[-71,8],[100,16],[-8,11],[-47,-8],[-91,5],[5,11],[56,0],[50,16],[-57,12],[39,17],[-182,38],[54,10],[86,-31],[38,3],[55,-16],[65,7],[-59,8],[98,-4],[110,-17],[63,1],[53,9],[32,20],[53,-6],[60,11],[107,4],[-2,-22],[-55,1],[-45,-19],[97,10],[78,-7],[-3,-7],[93,0],[41,29],[48,13],[-16,7],[-87,-20],[-19,-18],[-84,8],[18,33],[29,-7],[54,30],[56,3],[113,-12],[-23,-14],[92,-19],[31,0],[73,-22],[-41,-29],[-27,-8],[-86,4],[-66,-13],[-70,-3],[-93,-17],[216,11],[110,-5],[41,-7],[45,5],[-134,7],[145,24],[23,33],[-198,39],[-11,20],[66,-4],[40,9],[48,-4],[84,12],[-62,19],[41,13],[-55,20],[-123,14],[-86,20],[-121,3],[-107,7],[-45,12],[-108,5],[-25,14],[-51,-6],[-117,-5],[20,-11],[93,5],[97,-3],[14,-9],[-71,-13],[10,-5],[105,20],[152,-18],[68,1],[101,-27],[150,-8],[10,-8],[-86,-18],[-99,-3],[-116,19],[-154,-1],[-14,12],[-89,7],[-87,-2],[-36,17],[-76,9],[-44,-4],[64,-7],[41,-20],[141,0],[80,-17],[-60,3],[1,-14],[-40,-6],[-131,-6],[142,1],[71,11],[75,1],[21,-8],[-241,-21],[-33,-37],[-51,-3],[-56,13],[7,19],[-36,18],[1,18],[-26,27],[-66,20],[45,-27],[62,-91],[-6,-16],[-108,8],[-27,9],[-132,11],[-45,9],[10,10],[-43,13],[37,2],[-75,25],[50,2],[78,-18],[25,-15],[73,-17],[43,0],[-88,27],[-49,29],[-68,13],[38,18],[-66,-10],[-45,8],[-48,-25],[-117,25],[103,13],[-74,-1],[-130,9],[94,19],[-103,2],[-22,33],[52,9],[77,-6],[31,-12],[103,-16],[71,-34],[12,12],[-32,12],[39,6],[-59,4],[23,13],[-57,9],[-30,15],[1,17],[-71,17],[27,7],[56,-11],[36,13],[-60,3],[35,10],[-82,6],[13,-12],[-130,-19],[-92,11],[-45,20],[-9,-20],[-39,-5],[-82,7],[-20,35],[74,17],[-27,5],[-87,-17],[-55,-1],[-24,25],[67,14],[98,4],[166,-6],[27,8],[57,-7],[14,-11],[63,-7],[10,11],[-93,20],[23,11],[87,-8],[-9,37],[51,8],[110,4],[88,-18],[71,12],[-80,9],[-83,3],[-95,15],[28,11],[99,9],[50,20],[-29,1],[-62,-19],[-123,-11],[-72,-42],[17,-16],[-148,-23],[-101,1],[-89,16],[76,9],[-67,11],[-30,-11],[-99,32],[42,12],[-63,7],[-41,14],[92,4],[75,-31],[-12,26],[103,-10],[170,-7],[-10,4],[-116,8],[5,12],[-79,-3],[-48,12],[119,15],[-70,1],[-9,-7],[-99,-7],[-52,2],[-23,-9],[-76,14],[67,18],[-46,15],[-54,-26],[-129,4],[-65,13],[53,12],[-72,-2],[28,9],[-102,-3],[23,11],[-92,-5],[-6,11],[66,14],[96,4],[45,-6],[0,12],[39,-5],[119,2],[66,-12],[-41,-11],[60,2],[66,-11],[18,-13],[105,9],[147,-17],[91,4],[-111,5],[-29,14],[-166,0],[-40,4],[-59,27],[-50,6],[-75,18],[5,10],[50,6],[126,-8],[53,-13],[42,2],[67,-9],[102,2],[71,-12],[-28,18],[-98,4],[60,17],[48,2],[1,16],[-46,-12],[-48,-1],[-47,-15],[-82,3],[-37,10],[-156,6],[-39,6],[-26,20],[58,-1],[106,12],[111,0],[34,9],[-201,-4],[-70,3],[-7,22],[95,18],[191,7],[38,-21],[42,17],[57,-4],[37,-24],[91,-7],[76,-15],[13,-10],[42,16],[-88,14],[-87,4],[-33,32],[-39,5],[-174,2],[-50,21],[53,42],[74,-4],[46,-14],[42,2],[-64,13],[-24,12],[35,14],[-72,23],[105,16],[95,-9],[36,4],[-72,9],[-152,-4],[-27,3],[20,-34],[-47,-15],[-55,-7],[-38,7],[21,-18],[-69,-67],[-30,0],[-106,24],[-62,5],[-29,12],[33,9],[-21,30],[44,9],[-76,25],[-20,18],[63,12],[-24,10],[64,1],[-66,7],[-32,19],[88,29],[36,-8],[153,8],[142,-6]],[[6776,198],[133,-4],[26,-16],[-120,-3],[-113,2],[26,-19],[40,6],[80,-8],[73,-1],[-34,-11],[74,-3],[-61,-11],[74,-9],[100,2],[-40,-5],[13,-14],[-67,12],[-80,-6],[-54,7],[1,14],[-40,1],[-14,-16],[-41,-6],[-19,22],[-60,0],[7,7],[114,5],[-253,1],[13,7],[-179,7],[127,8],[14,9],[120,8],[41,9],[-167,-9],[-61,-10],[-140,-3],[-32,9],[47,5],[-73,4],[60,6],[-198,3],[88,17],[66,6],[252,4],[67,2],[51,-26],[-5,27],[119,6],[7,-10],[112,0],[-59,9],[66,7],[522,3],[106,8],[172,2],[65,4],[80,-3],[106,-16],[8,-16],[-39,-4],[-60,8],[-6,-9],[-86,-8],[-93,12],[33,-19],[-52,-3],[-226,9],[-67,10],[-112,6],[-60,9],[-7,-11],[53,-1],[60,-12],[179,-14],[186,-3],[54,-4],[159,3],[94,-15],[127,-6],[-33,-8],[-206,-2],[-73,-3],[-127,1],[-34,11],[-33,-8],[54,-8],[73,0],[-26,-9],[146,9],[114,-5],[21,-14],[60,5],[134,-6],[-12,-17],[107,0],[-52,-15],[68,-14],[68,-2],[-59,-19],[47,-3],[-86,-12],[-82,12],[-8,19],[-67,-4],[-81,1],[39,23],[-81,5],[-27,7],[-80,-7],[-121,8],[-14,13],[-53,-10],[-140,-1],[-74,12],[34,-20],[-101,-2],[-114,19],[67,11],[147,3],[-14,12],[-180,-13],[60,13],[27,23],[46,14],[-139,-13],[-14,-6],[-73,0],[-86,15],[-7,14],[-33,-5],[46,-19],[-106,7],[-39,18],[-80,1],[-100,-3]],[[2254,589],[34,18],[108,-2],[41,6],[118,-6],[34,-11],[105,-9],[250,-1],[16,10],[-60,-6],[-69,2],[43,12],[-45,0],[-82,-13],[-113,4],[-36,8],[38,12],[-89,3],[-77,14],[29,9],[94,-6],[41,-8],[97,4],[99,-9],[-59,12],[-31,19],[143,6],[-11,-12],[33,-14],[18,15],[-23,7],[106,-6],[-28,-24],[75,-4],[-42,-25],[28,-12],[78,37],[-51,18],[88,-4],[48,-9],[-16,-7],[61,-10],[17,-23],[46,3],[-27,32],[135,-15],[53,6],[91,-17],[-93,-10],[48,-8],[3,-12],[69,16],[30,-5],[121,-5],[-41,-8],[131,-10],[-86,-9],[-23,-12],[-81,10],[-27,-23],[-61,9],[40,-15],[-53,-5],[101,-5],[-4,-12],[-110,-2],[-21,14],[-70,2],[-31,-31],[-93,11],[10,8],[-90,-14],[-2,-5],[-83,2],[-62,-11],[-89,4],[42,10],[-105,-4],[-43,6],[99,5],[149,-1],[-95,7],[21,4],[109,-4],[-68,9],[54,5],[-70,5],[103,17],[107,9],[-137,-3],[49,9],[-92,-6],[-3,10],[-88,-12],[-76,4],[-41,-6],[-38,17],[-69,-26],[15,-11],[49,-6],[-44,-15],[-125,11],[-77,1],[-68,8],[74,6],[36,9],[-85,13],[65,16],[-60,11],[67,7],[-30,4],[-282,-13],[-58,-2],[116,15],[-16,9],[-126,4]],[[527,1618],[-50,5],[-24,20],[53,12],[-71,0],[50,16],[-72,-4],[1,14],[-89,8],[-68,24],[42,14],[52,0],[98,-35],[134,-23],[-20,17],[-83,9],[-63,23],[-5,13],[70,0],[96,-27],[-18,21],[83,-8],[1,12],[77,3],[-29,13],[144,-27],[40,-13],[15,42],[38,6],[-15,18],[59,2],[-161,25],[102,8],[42,-8],[-4,15],[-46,1],[-80,-10],[-50,5],[35,12],[-68,2],[15,7],[138,11],[-148,-8],[-53,10],[40,10],[83,-7],[-69,13],[195,22],[39,-15],[13,15],[110,1],[18,-11],[51,-2],[-10,-21],[-45,-11],[59,4],[-2,21],[46,13],[51,-3],[-6,-37],[-29,-14],[54,3],[35,-10],[-34,-25],[48,-20],[-15,-8],[33,-17],[-7,-28],[-39,-35],[-53,-14],[39,-16],[-59,-13],[-4,-9],[-46,-10],[8,-7],[60,14],[11,11],[92,-4],[23,-27],[-124,0],[91,-7],[19,-10],[-21,-19],[-14,8],[-59,-1],[52,-14],[2,-9],[-67,-4],[-83,12],[79,-21],[-132,-15],[-44,6],[28,9],[-102,-15],[-107,9],[48,14],[131,15],[-71,0],[-119,-14],[-35,12],[11,10],[106,-1],[81,9],[-117,2],[73,17],[-52,1],[-69,-8],[19,15],[-58,13],[14,5],[62,-5],[-53,11],[4,9],[132,-7],[55,4],[-176,13],[-6,11],[112,14],[43,-10],[-10,16],[97,21],[-9,6],[-81,-11],[-3,-8],[-109,-19],[-38,6],[-43,-15],[-40,1],[-29,13],[-24,-13],[-2,-38],[64,9],[-73,-27],[65,-10],[-88,-11],[35,-3],[3,-16],[-136,11],[-75,25],[-15,16]],[[4784,6947],[68,-27],[82,0],[56,-14],[53,7],[51,40],[196,11],[58,10],[13,10],[61,4],[104,-11],[25,-16],[87,-78],[51,-20],[69,-11],[91,-25],[91,-4],[109,-11],[92,0],[79,8]],[[6220,6820],[16,-23],[-10,-35],[-54,-39],[62,1],[74,-10],[-1,-20],[-40,-5],[-18,-24],[-67,-16],[-70,-6],[-127,11],[-27,-2],[25,-25],[-71,-15],[-59,-37],[-6,-17],[-45,-20],[-24,-36],[78,-22],[-75,-5],[-46,-20],[-58,-6],[-48,12],[-63,-20],[-11,-24],[-23,-10],[17,-16],[-23,-12],[-16,-36],[69,-35],[44,-12],[-1,-17],[61,-20],[125,-3],[75,-20],[-37,-20],[-103,1],[-14,-8],[53,-19],[8,-19]],[[5790,6171],[-54,-2],[-90,4],[-53,15],[-142,14],[-84,16],[-121,4],[-133,10],[-50,-12],[-45,-2],[-98,11],[-72,-5],[-145,-19],[-93,11],[-126,-41]],[[4484,6175],[38,56],[-20,17],[27,6],[-43,14],[29,16],[-62,48],[2,19],[-41,26],[-43,57],[-20,13],[15,21],[-1,24],[-25,15],[-31,36],[6,19],[-14,24],[19,19],[19,52],[47,28],[26,-11],[101,0],[73,30],[35,-6],[36,10],[-2,26],[-29,14],[133,22],[6,15],[-46,17],[-12,20],[51,28],[-50,20],[28,27],[-41,27],[-34,10],[-115,18]],[[4546,6952],[100,7]],[[4646,6959],[61,-3],[77,-9]],[[4784,6947],[-138,12]],[[4546,6952],[-4,46],[-37,25],[37,25],[105,11],[37,19],[57,14],[15,17],[-21,12],[44,6],[-3,14],[65,10],[41,22],[-24,17],[26,7],[16,33],[-16,13],[27,12],[10,26],[40,19],[-7,9],[62,30],[10,15],[94,1],[44,10],[-7,21],[26,13],[-57,32],[14,19],[-25,14],[-2,22],[18,12],[76,-1],[23,18],[65,13],[-37,29],[40,26],[56,10],[-25,9],[30,8],[41,36],[-16,13],[21,10],[-11,17],[73,13],[-55,10],[35,17],[-24,20],[10,23],[30,12]],[[5463,7781],[90,27],[162,26],[139,-1],[132,23],[101,5],[42,-11],[143,4],[182,22],[156,3],[135,-8],[392,8],[17,15],[67,25],[-17,25],[17,4],[177,3],[130,-2],[134,21],[38,3]],[[7700,7973],[-54,-38],[4,-20],[51,-15],[-4,-24],[64,-24],[13,-22],[73,-67],[1,-22],[-140,-23],[-29,-10],[-21,-39],[26,-24],[269,-84],[18,-14],[-29,-31],[-51,0],[-149,-9],[-77,-22],[-68,4],[-73,11],[-90,-2],[-85,-28],[-4,-19],[-51,-26],[-86,-14],[-17,-27],[-68,-28],[17,-10],[-52,-10],[-52,-49],[-47,-12],[-95,-8],[-69,-34],[-56,-21],[-61,6],[-35,-20],[-156,-34],[-22,-16],[0,-28],[-70,-20],[-18,-17],[21,-27],[-75,-39],[3,-36],[-118,-12],[-78,-16],[12,-9],[-61,-9],[-14,-23],[26,-11],[54,-46],[-5,-22],[48,-13]],[[4128,5722],[70,41],[129,15],[35,17],[35,29],[-17,11],[-70,17],[-3,12],[37,8],[-3,15],[-34,14],[-16,21],[-43,17],[78,5],[47,17],[82,4],[16,18],[38,16],[-29,19],[50,8],[-7,14],[45,4],[20,14],[-33,28],[38,14],[30,29],[-53,10],[-16,15],[-70,21]],[[5790,6171],[7,-18],[85,-13],[-1,-20],[80,-16],[12,-19],[-23,-23],[43,-36],[94,-22],[58,-6],[-37,-27],[-60,-8],[-18,-11]],[[6030,5952],[-46,-2],[-165,-29],[-111,22],[-91,5],[-134,24],[-68,-10],[-72,14],[-186,-7],[-160,-18],[-407,-73],[-7,-25],[88,-21],[0,-42],[-56,-15],[20,-17],[-124,-10],[-85,-21],[-130,-15]],[[6030,5952],[17,-10],[-10,-25],[54,-10],[44,-20],[74,15],[36,2],[99,-14],[31,-23],[-50,-21],[-10,-19],[-42,-6],[-14,-28],[35,-17],[-50,-9],[12,-29],[-14,-22],[59,-7],[-20,-41],[45,-26],[-88,-11],[-83,4],[-64,-4]],[[4379,4247],[-68,4],[-13,-15],[24,-8],[-22,-14],[49,-34],[52,-9],[-6,-10],[-63,-22],[2,-21],[-129,4],[-25,-34],[81,-21],[50,3],[27,-15],[-53,-22],[-80,-1],[-61,-35]],[[2108,4072],[30,18],[-12,8],[79,17],[-14,20],[-46,13],[43,12],[45,0],[126,12],[64,14],[43,-2],[12,-14],[32,10],[-26,14],[24,16],[-31,13],[116,29],[60,24],[19,18],[-22,9]],[[5742,5438],[8,-18],[-20,-19],[-168,-10],[-43,-14],[23,-10],[93,-4],[50,-11],[-47,-6],[26,-21],[41,-12],[-12,-40],[67,-41],[-66,-13],[32,-10],[-25,-16],[36,-20],[-77,-28],[-52,-3],[-74,6],[-44,-15],[-100,-17],[-31,-22],[13,-17],[-95,-5],[-89,8],[-49,-19],[-99,-2]],[[3132,5170],[-6,17],[25,10],[102,18],[21,10],[72,9],[16,10],[-15,21],[-52,21],[2,11],[125,20],[45,19],[7,14],[53,7],[37,27],[119,17],[62,14],[27,19],[15,41],[93,32]],[[6078,8973],[-36,27],[29,10],[-11,19],[-57,28],[5,9],[-44,24],[45,16],[-32,21],[-40,11],[-12,19],[9,25],[-11,30],[41,22],[-27,20],[53,10],[12,17],[-32,12],[13,21],[29,17],[0,19],[-39,47],[9,26],[-35,23],[-32,9],[16,16],[-31,33],[-64,28],[18,34]],[[5854,9566],[64,4],[214,28],[241,15],[137,1],[108,-11],[105,-2],[176,-14],[113,-3],[64,3],[61,11],[96,26]],[[7233,9624],[77,-28],[108,-15],[129,-27],[36,-15],[186,-27],[48,-15],[-52,-6],[-144,-48],[-65,-14],[-12,-13],[158,-29],[12,-17],[-48,-35],[-73,1],[-129,-9],[-16,-10],[69,-7],[-4,-20],[53,-26],[-61,-5],[-37,-11],[45,-23],[45,-10],[114,-12],[109,-16],[-101,-30],[1,-34],[45,-15]],[[7726,9108],[-16,-25],[-25,-13],[-89,-6],[-53,-11],[-57,-18],[-45,-8],[-350,-25],[-241,-21],[-115,-8],[-57,1],[-118,13],[-216,1],[-78,-6],[-29,-10],[-159,1]],[[5854,9566],[-8,16],[-39,22],[4,13],[-50,52],[20,26],[-15,10],[53,50],[-99,28],[84,3],[112,-2],[84,3],[177,18],[113,28],[88,42],[-51,47],[-27,18],[40,20],[143,0],[52,8],[136,31],[4,-20],[36,-18],[123,-28],[28,-12],[8,-28],[28,-16],[40,3],[31,-8],[100,-9],[52,2],[4,-16],[-72,-15],[60,-25],[24,-42],[48,-21],[-8,-32],[40,-27],[-8,-11],[60,-28],[-36,-24]],[[5463,7781],[-16,21],[-99,30],[43,15],[9,21],[60,17],[-15,22],[30,9],[97,13],[18,19],[55,0],[21,10],[6,40],[-62,23],[27,34],[-53,14],[-61,49],[1,20],[22,13],[-28,21],[43,29],[-12,13],[53,51],[5,18],[-28,27],[26,21],[-12,15],[13,19],[102,35],[17,18],[-24,18],[-91,10],[-46,-15],[-99,4],[51,23],[-20,18],[1,30],[38,11],[-15,24],[21,13],[58,12],[24,-19],[37,-4],[83,13],[80,34],[13,13],[-28,20],[47,45],[-12,16],[42,16],[-12,10],[40,98],[47,38],[-20,13],[45,6],[-2,52],[49,14],[46,42]],[[7726,9108],[122,-8],[225,-84],[17,-12],[-7,-63],[79,-37],[21,-20],[13,-43],[111,-27],[38,-18],[-20,-8],[41,-24],[-11,-27],[54,-23],[42,-32],[-36,-39],[18,-30],[45,-2],[67,-13],[239,-1],[382,18],[193,-46],[-4,-9],[-346,-252],[-25,-7],[-696,-69],[-254,-24],[-74,-27],[-92,-2],[-58,-35],[-54,5],[-75,-41],[17,-24],[84,-10],[43,-17],[-4,-14],[80,-21],[-13,-10],[-100,-2],[-46,-10],[-42,-27]]],"bbox":[-75.70770754630085,-55.914022183529454,-66.41985125778932,-17.50658623785265],"transform":{"scale":[0.0009288785167028236,0.003841127707338415],"translate":[-75.70770754630085,-55.914022183529454]},"title":"Chile","version":"2.0.1","copyright":"Copyright (c) 2022 Highsoft AS, Based on data from Natural Earth","copyrightShort":"Natural Earth","copyrightUrl":"http://www.naturalearthdata.com"}