{"type":"Topology","objects":{"default":{"type":"GeometryCollection","geometries":[{"type":"MultiPolygon","arcs":[[[0]],[[1]],[[2]],[[3]],[[4]],[[5]],[[6]],[[7]],[[8]],[[9]],[[10]],[[11]],[[12,13]],[[14]],[[15,16,17,18]]],"id":"NO.MR","properties":{"hc-group":"admin1","hc-middle-x":0.74,"hc-middle-y":0.63,"hc-key":"no-mr","hc-a2":"MR","labelrank":"7","hasc":"NO.MR","alt-name":"Moere og Romsdal fylk|Møre|Romsdal","woe-id":"2346391","subregion":null,"fips":"NO08","postal-code":"MR","name":"Møre og Romsdal","country":"Norway","type-en":"County","region":null,"longitude":"8.35107","woe-name":"Møre og Romsdal","latitude":"62.5471","woe-label":"More og Romsdal, NO, Norway","type":"Fylke"}},{"type":"MultiPolygon","arcs":[[[19]],[[20]],[[21,-13,22,23,24,25,26,-17]],[[27]],[[28]],[[29,30]]],"id":"NO.ST","properties":{"hc-group":"admin1","hc-middle-x":0.59,"hc-middle-y":0.71,"hc-key":"no-st","hc-a2":"ST","labelrank":"7","hasc":"NO.ST","alt-name":"Soer-Troendelag fylke|Søndre Trondhjem|Suður-Þrændalög","woe-id":"2346399","subregion":null,"fips":"NO16","postal-code":"ST","name":"Sør-Trøndelag","country":"Norway","type-en":"County","region":null,"longitude":"10.6956","woe-name":"Sør-Trøndelag","latitude":"62.9613","woe-label":"Sor-Trondelag, NO, Norway","type":"Fylke"}},{"type":"MultiPolygon","arcs":[[[31]],[[32]],[[33]],[[34]],[[35]],[[36]],[[37]],[[38]],[[39,40]],[[41]],[[42]],[[43,44,45,46,47]]],"id":"NO.HO","properties":{"hc-group":"admin1","hc-middle-x":0.64,"hc-middle-y":0.65,"hc-key":"no-ho","hc-a2":"HO","labelrank":"7","hasc":"NO.HO","alt-name":"Hordaland fylke|Hörðaland|Søndre Bergenhus","woe-id":"2346390","subregion":null,"fips":"NO07","postal-code":"HO","name":"Hordaland","country":"Norway","type-en":"County","region":null,"longitude":"6.89657","woe-name":"Hordaland","latitude":"60.1134","woe-label":"Hordaland Fylke, NO, Norway","type":"Fylke"}},{"type":"MultiPolygon","arcs":[[[48]],[[49]],[[50]],[[51]],[[52]],[[53,-19,54,55,-45]]],"id":"NO.SF","properties":{"hc-group":"admin1","hc-middle-x":0.54,"hc-middle-y":0.45,"hc-key":"no-sf","hc-a2":"SF","labelrank":"7","hasc":"NO.SF","alt-name":"Sogn og Fjordane fyl|Nordre Bergenhus|Sogn og Firða-Fylki","woe-id":"2346398","subregion":null,"fips":"NO15","postal-code":"SF","name":"Sogn og Fjordane","country":"Norway","type-en":"County","region":null,"longitude":"6.43282","woe-name":"Sogn og Fjordane","latitude":"61.5538","woe-label":"Sogn og Fjordane Fylke, NO, Norway","type":"Fylke"}},{"type":"MultiPolygon","arcs":[[[56]],[[57,58,59]]],"id":"NO.VA","properties":{"hc-group":"admin1","hc-middle-x":0.43,"hc-middle-y":0.67,"hc-key":"no-va","hc-a2":"VA","labelrank":"7","hasc":"NO.VA","alt-name":"Vest-Agder fylke|Lister og Mandal|Vestur-Agðir","woe-id":"2346402","subregion":null,"fips":"NO19","postal-code":"VA","name":"Vest-Agder","country":"Norway","type-en":"County","region":null,"longitude":"7.30897","woe-name":"Vest-Agder","latitude":"58.4481","woe-label":"Vest-Agder Fylke, NO, Norway","type":"Fylke"}},{"type":"MultiPolygon","arcs":[[[60]],[[61,62]]],"id":"NO.OF","properties":{"hc-group":"admin1","hc-middle-x":0.48,"hc-middle-y":0.48,"hc-key":"no-of","hc-a2":"OF","labelrank":"7","hasc":"NO.OF","alt-name":"Oestfold fylke","woe-id":"2346396","subregion":null,"fips":"NO13","postal-code":"OF","name":"Østfold","country":"Norway","type-en":"County","region":null,"longitude":"11.2074","woe-name":"Østfold","latitude":"59.4065","woe-label":"Ostfold, NO, Norway","type":"Fylke"}},{"type":"MultiPolygon","arcs":[[[63]],[[64]],[[65]],[[66]],[[67]],[[68,69,70,-24,71,-31,72,73]],[[74]],[[75]]],"id":"NO.NT","properties":{"hc-group":"admin1","hc-middle-x":0.63,"hc-middle-y":0.32,"hc-key":"no-nt","hc-a2":"NT","labelrank":"7","hasc":"NO.NT","alt-name":"Nord-Troendelag fylke|Nordre Trondhjem|Norður-Þrændalög","woe-id":"2346393","subregion":null,"fips":"NO10","postal-code":"NT","name":"Nord-Trøndelag","country":"Norway","type-en":"County","region":null,"longitude":"12.2637","woe-name":"Nord-Trøndelag","latitude":"64.2773","woe-label":"Nord-Trondelag, NO, Norway","type":"Fylke"}},{"type":"MultiPolygon","arcs":[[[76]],[[77]],[[78]],[[79]],[[80]],[[-41,81,-48,82,83,-59,84]]],"id":"NO.RO","properties":{"hc-group":"admin1","hc-middle-x":0.39,"hc-middle-y":0.74,"hc-key":"no-ro","hc-a2":"RO","labelrank":"7","hasc":"NO.RO","alt-name":"Rogaland fylke|Stavanger","woe-id":"2346397","subregion":null,"fips":"NO14","postal-code":"RO","name":"Rogaland","country":"Norway","type-en":"County","region":null,"longitude":"6.41809","woe-name":"Rogaland","latitude":"59.1585","woe-label":"Rogaland Fylke, NO, Norway","type":"Fylke"}},{"type":"Polygon","arcs":[[85,86,87,-46,-56,88,89]],"id":"NO.BU","properties":{"hc-group":"admin1","hc-middle-x":0.57,"hc-middle-y":0.48,"hc-key":"no-bu","hc-a2":"BU","labelrank":"7","hasc":"NO.BU","alt-name":"Buskerud fylke","woe-id":"2346387","subregion":null,"fips":"NO04","postal-code":"BU","name":"Buskerud","country":"Norway","type-en":"County","region":null,"longitude":"9.045730000000001","woe-name":"Buskerud","latitude":"60.4253","woe-label":"Buskerud Fylke, NO, Norway","type":"Fylke"}},{"type":"Polygon","arcs":[[-87,90,91]],"id":"NO.VF","properties":{"hc-group":"admin1","hc-key":"no-vf","hc-a2":"VF","labelrank":"7","hasc":"NO.VF","alt-name":"Vestfold fylke|Jarlsberg og Larvik","woe-id":"2346403","subregion":null,"fips":"NO20","postal-code":"VF","name":"Vestfold","country":"Norway","type-en":"County","region":null,"longitude":"10.1269","woe-name":"Vestfold","latitude":"59.3146","woe-label":"Vestfold Fylke, NO, Norway","type":"Fylke"}},{"type":"MultiPolygon","arcs":[[[92]],[[93]],[[94]],[[95]],[[96]],[[97]],[[98]],[[99]],[[100,101,102,103]],[[104]],[[105]],[[106]],[[107]],[[108]]],"id":"NO.FI","properties":{"hc-group":"admin1","hc-middle-x":0.35,"hc-middle-y":0.57,"hc-key":"no-fi","hc-a2":"FI","labelrank":"7","hasc":"NO.FI","alt-name":"Finnmark fylke|Finmarken|Finnmárkku|Finnmörk","woe-id":"2346388","subregion":null,"fips":"NO05","postal-code":"FI","name":"Finnmark","country":"Norway","type-en":"County","region":null,"longitude":"24.4789","woe-name":"Finnmark","latitude":"69.56480000000001","woe-label":"Finnmark Fylke, NO, Norway","type":"Fylke"}},{"type":"MultiPolygon","arcs":[[[109]],[[110]],[[111]],[[112]],[[113]],[[114]],[[115]],[[116]],[[117]],[[118]],[[119]],[[120]],[[121]],[[122]],[[123]],[[124]],[[125]],[[126]],[[127]],[[128]],[[129]],[[130]],[[131]],[[132,-74]],[[133,134,-70,135]],[[136]],[[137]],[[138]],[[139]],[[140]],[[141]],[[142]],[[143]],[[144]],[[145,146]]],"id":"NO.NO","properties":{"hc-group":"admin1","hc-middle-x":0.47,"hc-middle-y":0.68,"hc-key":"no-no","hc-a2":"NO","labelrank":"7","hasc":"NO.NO","alt-name":"Nordland fylke","woe-id":"2346392","subregion":null,"fips":"NO09","postal-code":"NO","name":"Nordland","country":"Norway","type-en":"County","region":null,"longitude":"14.7203","woe-name":"Nordland","latitude":"66.7347","woe-label":"Nordland Fylke, NO, Norway","type":"Fylke"}},{"type":"MultiPolygon","arcs":[[[147]],[[148]],[[149]],[[150]],[[151]],[[152]],[[153]],[[154]],[[155]],[[156]],[[157]],[[158]],[[159]],[[160]],[[161]],[[162,-104,163,-134,164,-102]],[[165]],[[166]],[[167]],[[168]],[[169,-147]],[[170]]],"id":"NO.TR","properties":{"hc-group":"admin1","hc-middle-y":0.71,"hc-key":"no-tr","hc-a2":"TR","labelrank":"7","hasc":"NO.TR","alt-name":"Troms fylke|Tromsø|Troms-Fylki","woe-id":"2346401","subregion":null,"fips":"NO18","postal-code":"TR","name":"Troms","country":"Norway","type-en":"County","region":null,"longitude":"19.0835","woe-name":"Troms","latitude":"68.9053","woe-label":"Troms Fylke, NO, Norway","type":"Fylke"}},{"type":"Polygon","arcs":[[171,172,173,174,175,-63]],"id":"NO.AK","properties":{"hc-group":"admin1","hc-middle-x":0.56,"hc-middle-y":0.44,"hc-key":"no-ak","hc-a2":"AK","labelrank":"7","hasc":"NO.AK","alt-name":"Akershus fylke","woe-id":"2346385","subregion":null,"fips":"NO01","postal-code":"AK","name":"Akershus","country":"Norway","type-en":"County","region":null,"longitude":"11.2222","woe-name":"Akershus","latitude":"60.1365","woe-label":"Akershus Fylke, NO, Norway","type":"Fylke"}},{"type":"Polygon","arcs":[[176,-89,-55,-18,-27,177,-174]],"id":"NO.OP","properties":{"hc-group":"admin1","hc-middle-x":0.53,"hc-middle-y":0.45,"hc-key":"no-op","hc-a2":"OP","labelrank":"7","hasc":"NO.OP","alt-name":"Oppland fylke|Kristian|Opland|Upplönd","woe-id":"2346394","subregion":null,"fips":"NO11","postal-code":"OP","name":"Oppland","country":"Norway","type-en":"County","region":null,"longitude":"9.24644","woe-name":"Oppland","latitude":"61.5731","woe-label":"Oppland Fylke, NO, Norway","type":"Fylke"}},{"type":"Polygon","arcs":[[-178,-26,178,-175]],"id":"NO.HE","properties":{"hc-group":"admin1","hc-middle-x":0.59,"hc-middle-y":0.54,"hc-key":"no-he","hc-a2":"HE","labelrank":"7","hasc":"NO.HE","alt-name":"Hedmark fylke|Hedemarken|Heiðmörk","woe-id":"2346389","subregion":null,"fips":"NO06","postal-code":"HE","name":"Hedmark","country":"Norway","type-en":"County","region":null,"longitude":"11.2721","woe-name":"Hedmark","latitude":"61.5285","woe-label":"Hedmark Fylke, NO, Norway","type":"Fylke"}},{"type":"Polygon","arcs":[[-177,-173,179,-90]],"id":"NO.OS","properties":{"hc-group":"admin1","hc-middle-x":0.94,"hc-middle-y":0.86,"hc-key":"no-os","hc-a2":"OS","labelrank":"9","hasc":"NO.OS","alt-name":"Oslo fylke|Kristiania","woe-id":"2346395","subregion":null,"fips":"NO12","postal-code":"OS","name":"Oslo","country":"Norway","type-en":"County","region":null,"longitude":"10.6419","woe-name":"Oslo","latitude":"60.0237","woe-label":"Oslo Fylke, NO, Norway","type":"Fylke"}},{"type":"Polygon","arcs":[[-83,-47,-88,-92,180,181]],"id":"NO.TE","properties":{"hc-group":"admin1","hc-middle-x":0.52,"hc-key":"no-te","hc-a2":"TE","labelrank":"7","hasc":"NO.TE","alt-name":"Telemark fylke|Bratsberg|Þelamörk","woe-id":"2346400","subregion":null,"fips":"NO17","postal-code":"TE","name":"Telemark","country":"Norway","type-en":"County","region":null,"longitude":"8.48804","woe-name":"Telemark","latitude":"59.5476","woe-label":"Telemark Fylke, NO, Norway","type":"Fylke"}},{"type":"Polygon","arcs":[[182,-60,-84,-182]],"id":"NO.AA","properties":{"hc-group":"admin1","hc-middle-x":0.51,"hc-middle-y":0.7,"hc-key":"no-aa","hc-a2":"AA","labelrank":"7","hasc":"NO.AA","alt-name":"Aust-Agder fylke|Austur-Agðir|Nedenes","woe-id":"2346386","subregion":null,"fips":"NO02","postal-code":"AA","name":"Aust-Agder","country":"Norway","type-en":"County","region":null,"longitude":"8.14878","woe-name":"Aust-Agder","latitude":"58.6698","woe-label":"Aust-Agder Fylke, NO, Norway","type":"Fylke"}}],"hc-recommended-transform":{"default":{"crs":"+proj=tmerc +lat_0=58 +lon_0=10.72291666666667 +k=1 +x_0=0 +y_0=0 +a=6377492.018 +b=6356173.508712696 +units=m +no_defs","scale":0.000453409038517,"jsonres":15.5,"jsonmarginX":-999,"jsonmarginY":9851,"xoffset":-328025.055069,"yoffset":1549616.62211}}}},"arcs":[[[401,3266],[37,-15],[-10,-53],[-29,-12],[-58,1],[-16,25],[38,0],[-32,13],[16,36],[54,5]],[[407,3316],[8,-2],[-5,-26],[-47,2],[44,26]],[[537,3305],[-72,-70],[-23,-8],[14,27],[-17,62],[12,31],[41,19],[20,-47],[25,-14]],[[595,3376],[39,-14],[-1,-15],[-86,-1],[-25,27],[73,3]],[[563,3468],[-1,-24],[-43,17],[40,26],[4,-19]],[[855,3597],[4,-27],[-63,-16],[-29,-15],[-10,22],[15,34],[22,-6],[41,18],[20,-10]],[[817,3689],[46,2],[-15,-62],[-39,25],[8,35]],[[1237,3862],[-27,-37],[-21,-10],[-40,27],[20,31],[16,-11],[41,14],[11,-14]],[[1148,3816],[-58,-57],[-51,25],[-6,20],[23,11],[-13,27],[33,10],[29,-36],[15,53],[16,14],[12,-67]],[[1385,3927],[-41,0],[-10,41],[24,0],[27,-41]],[[1341,3919],[-64,-14],[-34,30],[55,49],[30,-24],[13,-41]],[[1452,3987],[35,-36],[-4,-15],[-54,-14],[-29,12],[-31,43],[5,32],[29,-6],[16,-31],[6,43],[27,-28]],[[1567,4126],[48,-56],[-17,-110]],[[1598,3960],[-97,-5],[-14,37],[-37,32],[85,22],[23,19],[-26,6],[-21,26],[13,23],[17,-10],[26,16]],[[1338,4097],[-31,-37],[-40,-20],[-30,20],[19,8],[-60,14],[-10,30],[55,20],[30,27],[37,-6],[30,-56]],[[309,3046],[39,63],[-55,14],[-11,19],[15,40],[73,-16],[14,-33],[34,-25],[-31,42],[6,26],[33,0],[33,20],[25,-32],[-6,-53],[-24,-56],[35,51],[7,41],[33,-31],[3,-24],[28,11],[92,-11],[-106,31],[-39,57],[-21,12],[6,35],[31,46],[107,50],[32,-69],[24,-25],[35,-59],[-8,-47],[24,21],[-37,89],[-29,44],[-7,58],[38,9],[24,-34],[-8,43],[63,30],[64,-25],[-2,-48],[40,-54],[11,-57],[-25,-54],[5,-27],[25,-9],[50,18],[-1,13],[-45,-24],[-22,22],[20,30],[4,80],[29,6],[37,-23],[38,23],[39,-37],[-16,31],[-30,19],[-50,-9],[-53,13],[-24,17],[-17,34],[24,5],[-47,59],[-62,17],[-78,-35],[-32,-4],[-35,26],[56,32],[84,-7],[-23,21],[-52,-5],[22,17],[-102,-7],[-6,36],[26,26],[83,5],[28,-41],[13,36],[32,32],[17,-1],[41,-36],[18,41],[61,-4],[-20,-21],[21,-9],[14,-59],[9,72],[79,-27],[25,-34],[32,-5],[10,-29],[12,36],[78,17],[-13,10],[-91,-15],[-32,24],[-1,26],[23,6],[7,-40],[14,19],[-4,47],[35,19],[83,25],[78,-4],[32,-26],[1,20],[-32,30],[11,16],[-79,-23],[-82,-16],[-46,-28],[-54,-3],[-6,35],[40,25],[79,21],[-28,1],[-112,-40],[-129,-13],[-6,34],[40,42],[59,-8],[-32,25],[-44,-6],[-40,67],[62,41],[74,23],[57,-46],[8,-26],[23,-6],[63,52],[40,-1],[-30,-50],[106,49],[38,-20],[30,-102],[62,-29],[36,-40],[38,-13],[12,-38],[-1,48],[-80,60],[-56,36],[-3,56],[-82,82],[3,-17],[-34,3],[45,62],[34,13],[16,-45],[45,-32],[35,-37],[-12,-11],[8,-48],[28,4],[45,-32],[19,24],[49,-41],[-32,42],[-52,23],[-24,39],[86,6],[-2,17],[-45,-1],[25,25],[-73,-37],[-27,21],[43,8],[0,15],[-49,-8],[-32,11],[3,22],[-25,40],[21,14],[41,-34],[-9,28],[-25,18],[116,-14],[37,-17],[-28,39],[15,16],[92,16]],[[1591,3954],[-16,-15],[19,-34],[34,-4],[33,17],[69,-7],[-2,27],[25,23],[52,-3],[19,-12],[9,-106],[34,-24],[-52,-63],[4,-38],[-14,-42],[-42,-21],[-135,-48],[-2,-21],[85,-99],[29,-15],[-30,-110],[-28,-30]],[[1682,3329],[-47,-6],[-44,13],[-167,-8],[-100,-28],[-23,-64],[-23,-36],[-45,-18],[-37,13],[-30,-7],[-43,-55],[3,-18],[-60,-4],[-51,-33]],[[1015,3078],[-72,-11],[-40,-26],[-86,-21],[-15,14],[-35,66],[-94,-47],[-24,-27],[-34,0],[-22,19],[-52,-24],[-56,20],[-47,-17],[-28,7],[-58,-18],[-43,33]],[[1663,4306],[28,7],[18,-32],[-50,-12],[4,37]],[[2000,4581],[-14,-24],[-17,22],[15,18],[16,-16]],[[1591,3954],[35,7],[-28,-1]],[[1567,4126],[35,-24],[5,18],[30,2],[11,32],[43,-36],[13,-32],[-18,-26],[-3,-37],[19,28],[46,24],[64,14],[-82,-6],[-19,22],[6,25],[113,29],[-72,-10],[-47,6],[-2,30],[31,5],[47,38],[13,-34],[35,44],[30,-27],[-10,30],[-22,7],[79,42],[43,-74],[-2,-26],[35,-28],[23,-37],[-12,-38],[-36,-37],[55,27],[46,-30],[66,-1],[-12,15],[-60,13],[-16,35],[20,24],[77,21],[21,-16],[48,8],[36,-19],[43,17],[41,-27],[29,22]],[[2357,4139],[3,-46],[30,-28],[187,-9],[71,-106],[157,6]],[[2805,3956],[62,-155],[-45,-59],[-3,-28],[22,-116],[-24,-112],[71,-184]],[[2888,3302],[-40,-8],[-61,25],[-72,15],[-38,-13],[-68,29],[-24,41],[-92,82],[-25,73],[-17,11],[-86,21],[-63,-30],[-21,21],[-33,-6],[-114,15],[-49,-40],[-23,-53],[-7,-57],[11,-51],[-46,-29],[-31,-39],[-14,6],[-32,-58]],[[1943,3257],[-69,-8],[-52,25],[-140,55]],[[1643,4250],[35,11],[17,-29],[19,0],[-26,-27],[-93,-35],[-54,-3],[-55,-18],[-26,-19],[-43,-1],[-42,25],[14,36],[38,38],[100,12],[-51,17],[92,29],[17,-18],[20,25],[30,6],[8,-49]],[[1388,4308],[-16,12],[22,13],[72,13],[84,43],[-28,4],[-3,11],[55,15],[8,-72],[-32,-24],[-108,-13],[27,15],[-81,-17]],[[2101,4212],[-45,-27],[-38,-11],[-23,17],[-11,46],[-21,20],[-13,69],[76,24],[38,33],[-36,-15],[9,27],[-47,-20],[-18,-20],[-119,-50],[4,47],[85,36],[-75,-12],[-13,13],[44,33],[64,32],[-15,17],[38,14],[6,-13],[60,25],[19,18],[30,-2],[-21,21],[-75,-37],[12,19],[42,19],[-10,15],[-47,-21],[27,61],[-28,16],[21,14],[10,30],[36,-22],[31,9],[-31,11],[23,16],[0,46],[74,7],[-46,20],[58,23],[23,29],[-2,36],[20,16],[39,-4],[-21,30],[-33,0],[18,21],[42,-21]],[[2262,4867],[33,-18],[30,-36],[65,-30],[-20,-54],[-29,-20],[-8,-41],[40,-28],[-35,-49],[-16,-65],[-54,-44],[-43,-71],[-16,-51],[-93,-63],[-27,-43],[12,-42]],[[323,1372],[-29,-34],[-17,26],[-26,2],[-22,86],[21,53],[44,-31],[25,-58],[4,-44]],[[208,1532],[3,-29],[-30,-6],[-10,19],[37,16]],[[385,1572],[-3,-50],[-18,-30],[12,-35],[-26,6],[-23,-18],[-13,48],[-33,3],[-10,22],[33,7],[5,36],[74,20],[2,-9]],[[233,1579],[14,-37],[-11,-25],[-36,39],[12,47],[21,-24]],[[170,1764],[-4,-26],[10,-64],[-20,-5],[-8,33],[-16,-10],[-20,51],[30,12],[-18,19],[-11,74],[9,11],[48,-95]],[[144,1919],[47,-17],[17,-23],[-1,-39],[-25,-13],[3,31],[-26,16],[-4,29],[-24,3],[-12,41],[25,-28]],[[89,1947],[18,-44],[-20,-4],[-12,34],[14,14]],[[69,2001],[6,-32],[-23,3],[3,56],[14,-27]],[[207,1127],[4,45],[38,67],[31,16],[39,68],[6,-51],[-7,-78],[-30,-40]],[[288,1154],[-35,-12],[-46,-15]],[[163,1344],[11,77],[18,5],[24,-34],[39,-59],[10,-32],[-14,-15],[-7,45],[-25,4],[-24,-55],[16,-52],[-18,-17],[-16,46],[7,46],[22,35],[-43,6]],[[395,2035],[-5,-155],[-26,-22],[-39,-5],[-68,84],[93,59],[14,49],[31,-10]],[[334,1186],[-1,45],[15,44],[49,-5],[14,-16],[-6,-31],[18,6],[10,32],[35,-2],[-1,17],[-34,-13],[-16,12],[25,41],[30,24],[35,-20],[20,8],[61,49],[17,25],[-78,-60],[-28,-3],[-14,32],[-36,-23],[-27,34],[-43,29],[37,20],[10,38],[73,19],[-6,32],[24,45],[33,26],[73,22],[-13,31],[-21,-27],[-36,-14],[-12,69],[26,13],[25,47],[-4,17],[30,11],[27,41],[35,15],[23,33],[52,-12],[-42,-117],[-7,-115],[26,87],[-3,36],[31,84],[18,12],[39,56],[52,15],[52,-10],[10,21],[-78,0],[45,62],[-40,-26],[-21,-38],[-32,-14],[-37,-37],[-31,6],[38,56],[-17,-4],[-33,-38],[-72,-29],[-28,-28],[-67,-15],[26,-10],[-18,-37],[8,-15],[-22,-31],[-41,14],[-34,-77],[-17,0],[5,-57],[-7,-49],[-38,-25],[-28,38],[7,20],[29,-1],[8,22],[-29,-8],[-5,58],[19,38],[-29,-15],[-33,-40],[-19,19],[7,32],[55,25],[-52,0],[37,89],[26,28],[-39,-18],[-40,-115],[-38,-42],[-6,-23],[-42,17],[1,28],[19,20],[-49,-4],[33,42],[-53,9],[-9,50],[11,34],[46,5],[-18,26],[-5,44],[26,31],[54,-63],[30,-19],[34,-3],[34,41],[6,150],[10,38],[-33,-11],[12,37],[-39,-42],[-26,-8],[2,-45],[-32,-10],[-54,-41],[-29,10],[-52,68],[54,-32],[-55,69],[16,10],[-35,12],[-40,46],[32,0],[62,-45],[48,-23],[3,-27],[46,-36],[-23,35],[21,-9],[-6,31],[-21,31],[-27,2],[-19,22],[45,28],[-6,20],[35,22],[40,5],[-25,25],[-54,-30],[-13,-35],[-71,12]],[[174,2158],[22,65],[40,24],[35,-14],[54,10],[48,31],[28,-11],[35,12],[26,-13],[51,42],[46,-32],[2,-25],[54,-29],[83,32],[5,-23],[29,0],[28,32],[60,-21],[1,-14],[-36,-33],[12,-17],[44,-15],[0,-32],[37,-6],[7,-31],[186,-35]],[[1071,2055],[42,-32],[31,-86],[0,-151],[-44,-121],[-32,-58]],[[1068,1607],[-29,-65],[-49,-29],[-39,-65],[0,-45],[-25,-38]],[[926,1365],[-45,-2],[-102,-60],[-19,12],[13,52],[-7,37],[-54,10],[-88,-54],[-43,-101],[-3,-30],[-86,1],[-40,-22],[-39,0],[-79,-22]],[[68,2227],[18,3],[19,-41],[-16,-10],[-39,49],[18,-1]],[[36,2302],[-13,-30],[-22,29],[-1,25],[20,18],[16,-42]],[[93,2391],[27,25],[10,-44],[-36,-48],[-13,34],[-23,-29],[-2,68],[15,8],[12,-31],[-8,56],[18,-39]],[[159,3047],[21,13],[12,-21],[-22,-54],[-27,9],[12,26],[-21,17],[-5,29],[30,-19]],[[84,2956],[33,6],[102,-36],[-40,-21],[3,26],[-42,-46],[-37,-11],[4,36],[-47,10],[24,36]],[[174,2158],[-21,5],[-15,91],[28,-18],[21,38],[-23,-15],[-25,9],[2,48],[45,24],[55,-30],[58,-9],[35,37],[43,-11],[-17,19],[53,18],[20,-3],[-4,-32],[43,44],[78,1],[61,-22],[5,-35],[37,7],[-12,-33],[48,59],[38,21],[13,43],[17,-14],[53,-5],[27,-16],[9,-31],[32,-6],[15,-61],[-50,-48],[34,22],[33,-2],[41,-50],[1,40],[-23,7],[-33,70],[-4,31],[62,14],[16,22],[86,-29],[-34,31],[40,38],[58,4],[-2,12],[-80,-12],[-16,18],[-12,66],[16,13],[9,40],[41,63],[-54,-54],[-31,5],[15,-37],[-24,-38],[22,-28],[4,-33],[19,-20],[-30,-20],[-19,14],[-35,-29],[-69,-25],[-14,19],[32,35],[-41,-15],[-87,24],[-40,22],[51,92],[2,41],[-23,-68],[-28,-33],[-24,-3],[14,-44],[-14,-9],[2,-34],[-27,-25],[-57,8],[-30,18],[-11,27],[-38,-27],[-51,16],[-51,-11],[-8,32],[-13,-31],[-73,-16],[-30,-31],[-38,-11],[-30,37],[-39,-18],[-13,39],[-44,5],[6,19],[62,-19],[10,15],[-42,31],[-45,-5],[-15,44],[67,27],[7,21],[34,-8],[26,-55],[-6,47],[-24,23],[70,15],[72,-4],[-29,12],[-148,-17],[-40,-24],[-22,41],[36,32],[-56,-3],[42,21],[61,18],[35,-14],[10,12],[55,-25],[87,42],[35,-27],[-22,31],[-31,5],[-34,-26],[-52,-3],[-15,20],[-40,-6],[-58,34],[1,22],[82,1],[-80,31],[106,-4],[-59,19],[26,22],[-42,-11],[-89,1],[-19,28],[12,54],[30,8],[27,-24],[0,27],[-24,5],[27,26],[77,36],[-16,21],[25,28],[47,1],[72,-16],[26,-29],[-40,-9],[-7,-17],[43,16],[71,12],[9,-10],[-18,-75],[17,23],[12,47],[14,0],[42,-47],[22,-2],[-47,52],[88,0],[35,-21],[53,5],[26,44],[19,4],[52,-27],[-2,22],[-33,18],[-50,-12],[-29,-40],[-82,23],[-62,-6],[-22,17],[-63,8],[-29,-17],[-24,29],[76,4],[11,11],[-120,7],[-82,9],[-103,-31],[-21,15],[22,45],[27,-14],[31,53],[24,-8],[-29,39],[-34,26],[-37,6],[-15,41],[10,22],[32,15],[35,-33],[-2,-25],[19,-23],[50,-34],[4,-41]],[[1015,3078],[29,-35],[-4,-95],[27,-71],[21,-23],[89,5],[51,-19],[16,-81],[27,-45],[76,-36],[39,-56],[-55,-10],[-5,-36],[21,-39],[-57,-73],[6,-41],[42,-60],[7,-27]],[[1345,2336],[-2,-37],[-60,-70],[-61,-1],[-52,-54],[-22,-60],[-36,-17],[-41,-42]],[[747,178],[3,-23],[-16,1],[-23,32],[36,-10]],[[1354,122],[-9,-27],[-16,17],[-13,-33],[-37,30],[20,16],[-19,48],[-8,-61],[-34,-47],[-100,-14],[-28,-35],[-71,-1],[-47,14],[-6,17],[-29,-20],[-34,4],[-3,-22],[-30,-8],[1,25],[56,53],[-43,-29],[-37,-13],[16,46],[-29,-40],[2,37],[-16,-16],[-23,15],[55,16],[14,16],[-43,-5],[-36,36],[12,-47],[-29,-1],[-4,53],[-13,-52],[36,-39],[-62,-1],[-33,40],[25,42],[29,4],[0,20],[65,48],[-17,-1],[-39,-34],[-22,52],[21,-1],[-4,27],[-25,-6],[2,-57],[-86,21]],[[663,209],[57,34],[30,38],[-13,103],[-3,82],[-37,11],[-16,25],[41,22],[18,26],[-32,49],[23,60],[-2,58],[111,139],[6,34],[23,31]],[[869,921],[86,-22],[-8,-76],[5,-30],[-16,-16],[18,-45],[-33,-60],[-3,-26],[33,-9],[15,15],[85,23],[44,0],[23,-10],[29,-65],[-8,-50],[-25,-18],[-1,-41],[11,-40],[-26,-34],[12,-50],[39,-8],[31,9],[19,-38],[33,-18],[33,-49],[17,18],[22,-8],[8,-40],[37,-11],[6,-42],[-16,-24],[15,-34]],[[2419,818],[16,2],[-13,-37],[-21,4],[0,32],[18,-1]],[[2738,1374],[8,-28],[-4,-48],[-25,-36],[-51,-28],[-5,-47],[39,-151],[11,-85],[-23,-83],[-2,-36],[-31,-131],[-44,-27],[-35,9],[0,49],[-32,106],[-21,11],[-50,1],[-2,61],[-29,-47],[-25,-5],[-13,33],[-37,19],[-29,-24],[-30,78],[13,34],[-17,17],[-23,-15],[-12,46],[6,19],[-23,18],[22,56],[-2,-41],[14,30]],[[2286,1129],[30,25],[16,40],[58,84],[8,31],[103,-2],[4,52],[34,-16],[16,-40],[31,-19],[3,-39],[13,-8],[44,60],[18,6],[11,41],[33,26],[30,4]],[[2543,5042],[37,-36],[-12,-34],[-31,16],[6,54]],[[2537,5054],[-14,-39],[-26,30],[-27,-1],[5,27],[44,15],[18,-32]],[[2335,5219],[-30,-13],[18,56],[33,2],[60,34],[31,0],[-56,-40],[-25,-9],[-31,-30]],[[2379,5312],[8,-8],[-50,-26],[-23,33],[65,1]],[[2698,5403],[-82,-52],[-15,10],[22,42],[75,0]],[[2849,5327],[-1,-9],[11,0]],[[2859,5318],[41,-20],[41,12],[54,-8],[24,-20],[51,-1],[51,22],[21,42],[29,14],[50,52],[62,-12],[88,6],[47,-5],[207,20],[40,-15]],[[3665,5405],[-9,-22],[-51,-70],[-201,-310],[113,-70],[45,-11],[21,-27],[18,-180],[-6,-27],[-62,-113],[-16,-8],[-267,62],[-96,-25],[-86,-51],[-27,-26],[-76,-112],[-71,-116],[-47,-44],[18,-78],[-5,-32],[-80,-126],[25,-63]],[[2357,4139],[15,15],[-52,16],[2,40],[53,11],[-25,11],[25,25],[-27,-3],[-68,-37],[32,58],[41,20],[16,25],[48,26],[32,-10],[24,11],[22,34],[85,28],[-18,37],[-63,12],[-52,-13],[-7,31],[31,15],[18,28],[81,28],[23,29],[-90,11],[-8,19],[46,42],[-51,-33],[-19,-50],[-81,-45],[-47,-46],[-45,-13],[-55,-47],[75,31],[61,37],[46,-28],[8,-20],[-32,-25],[-5,-26],[-26,-28],[-37,-8],[-26,-23],[-38,-9],[-11,-29],[-75,-46],[-66,-13],[-16,-15]],[[2262,4867],[-8,36],[24,-26],[24,-2],[33,-34],[14,6],[-39,51],[-36,0],[14,17],[55,11],[-18,47],[39,-52],[24,58],[-16,23],[16,15],[36,-17],[8,-43],[39,-34],[-5,-24],[49,1],[19,-12],[-16,-47],[29,20],[13,42],[16,-9],[25,17],[52,13],[-83,-11],[8,35],[31,8],[44,36],[46,21],[-54,-11],[-9,35],[-36,-42],[-36,47],[-10,55],[51,28],[32,-3],[-23,21],[89,12],[20,14],[-76,15],[55,10],[0,17],[-52,-10],[28,24],[73,37],[28,4],[27,22],[61,-14],[-30,22],[-34,3],[-54,-18],[-66,-45],[-46,-16],[2,-20],[-54,-25],[-37,-44],[-53,-9],[45,23],[27,34],[-32,-8],[-43,14],[19,16],[91,14],[54,23],[-159,-27],[59,49],[42,-18],[-13,26],[31,15],[29,-5],[75,31],[-8,24],[62,38],[14,-29],[12,23]],[[2800,5365],[23,-31],[26,-7]],[[2421,5039],[16,16],[54,-31],[31,-54],[43,0],[10,-20],[-13,-32],[-38,12],[-12,20],[-39,-5],[-20,37],[36,10],[-12,20],[-41,-5],[-15,32]],[[2438,5282],[44,-31],[23,-9],[-19,-24],[-51,-23],[-13,16],[13,31],[-29,0],[-37,-32],[-30,1],[99,71]],[[365,863],[63,-16],[-9,-30],[-67,39],[13,7]],[[466,889],[-30,-22],[-6,29],[20,18],[16,-25]],[[305,886],[-28,34],[14,25],[19,-28],[-5,-31]],[[514,937],[-28,10],[9,30],[24,7],[31,-12],[-36,-35]],[[240,984],[13,-15],[-6,-79],[-23,-22],[-27,42],[5,73],[19,-4],[-20,48],[13,51],[29,-73],[-3,-21]],[[288,1154],[37,13],[9,19]],[[926,1365],[8,-44],[49,-35]],[[983,1286],[-46,-11],[-49,-50],[-3,-62],[12,-22],[-43,-34],[-13,-27],[-20,-81],[5,-77],[43,-1]],[[663,209],[-73,48],[-24,4],[-53,37],[-14,60],[-13,11],[-51,4],[-6,25],[-29,0],[-49,81],[-36,97],[19,22],[1,64],[13,10],[-10,56],[30,-36],[4,14],[-40,49],[11,36],[62,-47],[0,-83],[8,47],[55,23],[33,-43],[47,-42],[-13,41],[26,45],[26,18],[163,52],[-1,5],[-104,-20],[-72,-26],[-48,-71],[-22,44],[29,27],[-16,20],[-29,-5],[-23,51],[19,21],[78,26],[-45,1],[26,51],[36,34],[30,12],[23,35],[-42,-34],[-34,-3],[-10,25],[57,5],[-14,29],[-41,-24],[-13,26],[-23,-15],[32,51],[41,21],[21,62],[99,46],[-64,-14],[-38,-21],[16,35],[-5,41],[-11,-58],[-27,-62],[-91,-85],[-14,35],[-1,34],[101,24],[-30,8],[-18,-11],[-58,11],[-20,39],[-15,-11],[7,-48],[-28,-9],[-22,-34],[37,20],[33,-36],[3,-26],[-61,-9],[-12,-26],[-30,85],[-7,-76],[-35,-29],[-19,39],[3,57],[-11,-19],[-2,-63],[-10,8],[-15,80],[0,-44],[-14,-8],[-39,104]],[[2210,1372],[2,-55],[11,-32],[24,-20],[11,-42],[-7,-28],[-42,-43],[-23,15],[3,49],[-10,64],[-13,19],[-50,24],[17,-32]],[[2133,1291],[-59,-5],[-21,-19],[-15,15],[-38,-43],[4,-22],[31,-38],[16,-37],[-18,-6],[-88,-1],[-2,-45]],[[1943,1090],[-55,18],[-33,45],[-21,0],[-18,102],[-33,59],[1,61],[-59,33],[-1,49],[-32,46],[-45,31],[-15,67],[-15,21],[-42,28],[-151,7],[-90,14],[-132,-53],[-43,16],[-32,-2],[-59,-25]],[[1345,2336],[30,34],[41,-43],[85,-46],[8,-27],[40,-25],[58,-14],[30,-24],[91,-60],[25,-10],[18,-28],[-2,-29],[32,-65],[2,-34],[74,-18],[19,-35],[66,-22],[-9,71],[44,26],[8,35],[37,-3],[47,-93],[27,-117],[35,-75],[26,-34],[85,-61]],[[2262,1639],[-34,-74],[-36,-18],[-24,-45],[-10,-103],[18,-24],[34,-3]],[[2133,1291],[29,-19],[12,-26],[-1,-60],[-9,-25],[-49,26],[50,-80],[34,-10],[5,-36],[-10,-34],[27,-35],[-17,-42],[-42,18],[-17,-109],[-16,-11],[-2,-50],[-14,50],[0,-64],[-21,-19],[-10,36],[-34,-25],[-38,-47],[-55,5],[6,42]],[[1961,776],[10,68],[-8,46],[20,27],[-7,59],[-31,41],[-2,73]],[[9601,8993],[25,-15],[-70,-30],[-22,14],[-19,-30],[-31,5],[45,58],[-6,39],[22,18],[46,-16],[10,-43]],[[7826,9338],[5,-22],[-37,-16],[16,36],[16,2]],[[6464,9318],[-20,16],[3,59],[9,20],[32,-24],[0,-26],[-24,-45]],[[6363,9372],[-21,-8],[-8,21],[20,25],[9,-38]],[[8025,9626],[-19,-6],[-7,24],[24,10],[2,-28]],[[7350,9885],[1,-37],[51,3],[-20,-29],[-30,-10],[-63,31],[37,8],[-38,13],[19,34],[43,-13]],[[7691,9910],[27,-9],[-16,-27],[-28,18],[17,18]],[[7617,9948],[22,4],[-26,-55],[-58,23],[22,23],[22,-14],[-8,30],[26,-11]],[[6519,9195],[-86,59]],[[6433,9254],[-46,3],[-112,30]],[[6275,9287],[79,35],[19,-46],[8,63],[28,15],[18,-38],[28,-9],[63,-78],[-20,92],[62,41],[9,-27],[37,13],[0,-45],[13,30],[47,8],[19,-17],[-23,-33],[15,-47],[-22,-21],[63,6],[46,-18],[-7,17],[-67,16],[18,63],[35,7],[52,-31],[26,4],[110,-12],[2,-14],[-42,-48],[-47,-19],[-70,-12],[-44,3],[-14,-22],[95,12],[24,14],[59,9],[57,31],[-8,-50],[13,-39],[32,9],[16,-69],[47,32],[18,-35],[52,29],[26,29],[-91,12],[-45,41],[68,16],[17,20],[-39,20],[47,21],[-54,3],[-1,20],[79,8],[-6,16],[-67,-9],[40,26],[65,9],[-33,19],[12,37],[89,63],[34,38],[30,8],[149,-19],[-31,30],[-45,20],[58,44],[11,45],[22,19],[54,-10],[44,-40],[42,-3],[0,33],[-25,34],[-43,28],[-95,13],[-17,16],[8,41],[48,22],[26,-37],[57,-30],[5,66],[37,5],[-33,16],[-24,32],[31,11],[-27,9],[30,12],[41,-7],[33,-31],[-16,-16],[62,6],[4,44],[27,-11],[-4,-23],[-31,-40],[36,-17],[28,52],[35,-36],[12,-37],[-7,-26],[36,16],[19,55],[-20,52],[10,17],[65,-40],[-17,-34],[-27,-14],[107,27],[17,-24],[50,24],[17,-30],[-38,-21],[-38,-40],[-37,-9],[12,-21],[-55,-49],[-25,-7],[-36,-42],[-95,-64],[-11,-15],[66,19],[-1,-31],[-69,2],[14,-14],[54,6],[6,-71],[-23,11],[-44,-31],[21,-5],[-5,-26],[25,16],[5,-25],[-83,-59],[-14,-54],[7,-59],[28,-12],[-12,41],[33,27],[-4,-36],[20,-21],[44,17],[22,53],[27,18],[60,78],[-45,21],[89,88],[81,94],[54,46],[22,66],[25,8],[10,27],[79,84],[92,61],[29,5],[15,-44],[-23,-51],[27,-6],[-39,-89],[-112,-44],[12,-7],[47,17],[60,-16],[-38,-93],[9,-31],[-25,-34],[-3,-52],[17,-7],[37,20],[5,35],[45,9],[11,32],[50,2],[1,-16],[41,11],[-33,47],[33,55],[80,-19],[-51,31],[-10,22],[20,20],[-30,16],[23,29],[55,2],[-2,23],[26,39],[107,-15],[-57,15],[20,16],[-34,26],[-20,-3],[8,28],[-30,-22],[-54,8],[-25,20],[18,34],[67,-18],[-44,41],[8,22],[84,-14],[29,-40],[12,47],[-23,38],[17,24],[29,-2],[3,24],[24,-18],[-6,-29],[67,-20],[62,25],[18,-23],[38,34],[27,-23],[-28,-45],[18,-15],[41,21],[57,-4],[21,-15],[-24,-69],[-44,-1],[30,-16],[-39,-15],[8,-16],[-53,5],[28,-15],[-28,-20],[-104,9],[-72,-5],[26,-16],[-21,-20],[48,19],[40,-20],[47,-5],[-21,-25],[-54,-12],[-53,-39],[-54,-22],[55,5],[136,49],[37,29],[19,-10],[-5,-37],[-21,-30],[-91,-67],[-55,-33],[14,-42],[12,35],[102,22],[-40,-19],[18,-27],[47,52],[31,5],[-60,-93],[-7,-112],[3,-85],[-38,-55],[45,40],[17,44],[-14,84],[21,99],[28,19],[12,33],[29,9],[24,-37],[23,49],[-28,1],[-31,27],[45,99],[36,-3],[-32,36],[75,97],[26,18],[100,9],[2,-19],[60,-3],[30,-43],[39,-11],[-41,-31],[46,-6],[-37,-10],[12,-21],[-27,-10],[18,-17],[25,29],[47,6],[69,29],[30,-14],[-7,-47],[-31,-33],[54,10],[65,61],[41,-2],[40,-22],[-42,-26],[54,-10],[37,-22],[-4,-16],[-76,-25],[14,-20],[111,27],[47,-14],[-6,-19],[62,-38],[31,-40],[43,31],[53,-68],[-16,-31],[20,-31],[-53,-16],[-147,-11],[-21,-34],[-35,-7],[-5,-31],[-25,-28],[-66,-19],[6,-16],[-353,38],[-218,47],[-20,-16],[58,5],[-53,-36],[20,-16],[42,9],[29,-14],[-45,-6],[72,-9],[26,-14],[56,1],[19,-15],[-13,-21],[71,6],[130,-36],[-93,-52],[-29,-31],[27,2],[30,35],[86,-1],[12,-52],[-14,-28],[-33,-24],[-62,-83],[74,56],[83,1],[49,30],[-11,-39],[30,11],[13,-25],[28,-8],[-29,46],[36,21],[-19,21],[3,52],[46,5],[-7,-31],[50,-6],[4,-103],[-19,-27],[30,9],[10,56],[-6,44],[11,6],[83,-7],[1,-26],[52,23],[17,-78],[16,-23],[0,-72],[-27,-38],[-38,-5],[-92,12],[-82,64],[-41,15],[-26,-5],[35,-19],[6,-52],[-24,-22],[-15,-53],[-85,-64],[-56,0],[-56,-33],[-63,-1],[-39,-27],[-12,-58],[-23,-65],[-26,-35],[-41,-26],[-41,-6],[-43,41],[-6,20],[14,83],[139,121],[44,67],[-54,93],[-28,66],[-246,85],[-28,13],[-9,41],[-81,29],[-102,134],[-39,-9],[-70,2],[-18,-29],[-44,-16],[-47,-33],[-4,-23],[-79,-21],[-90,28],[-60,-3],[-78,-12],[-30,-63],[-39,-30],[-46,-61],[-62,-15],[-27,-33],[17,-32],[-17,-47],[-28,-21],[-1,-50],[-16,-29],[13,-35],[-34,-44],[-20,-93],[14,-37],[-7,-62],[19,-36],[-57,-98],[-18,-8],[-47,11],[-35,-10],[-70,-47],[-19,-36],[-3,-74],[-10,-23],[-62,-25],[-18,-36],[-16,5],[-42,57],[-34,20],[-125,33],[-54,27],[-22,24],[-76,31],[-54,-13],[-21,-64],[-34,-15],[-61,-8],[-107,-51],[-38,40],[-29,12],[-65,-8],[-96,37],[-62,-11],[-14,17],[-9,68],[-36,27],[-43,75],[-53,42],[-29,42]],[[6545,8408],[187,17],[32,16],[24,39],[1,53],[-43,75],[-49,56],[2,56],[95,25],[60,2],[26,56],[39,41],[-55,11],[-47,23],[-52,87],[22,36],[-17,15],[9,33],[-91,31],[-32,51],[-1,20],[-47,86],[-48,-11],[-41,-31]],[[6734,9339],[-28,30],[43,40],[80,1],[32,0],[18,-39],[49,-7],[16,-58],[-101,6],[-109,27]],[[7026,9331],[-42,1],[-7,34],[18,66],[-36,-56],[-34,14],[-29,33],[35,14],[-25,23],[46,35],[39,17],[11,-16],[45,16],[7,-28],[17,52],[20,-14],[9,22],[49,-13],[-39,31],[24,24],[21,1],[17,-30],[-4,-47],[25,-11],[2,-25],[-26,-41],[-71,-48],[-33,-8],[23,-18],[-62,-28]],[[7205,9624],[-19,26],[26,35],[41,2],[1,-32],[54,1],[26,-15],[13,-33],[24,-20],[-10,-24],[-34,-15],[-32,-34],[-23,-9],[-45,9],[-35,94],[13,15]],[[6895,9527],[-86,19],[-4,-29],[-26,-18],[-29,22],[-8,-28],[-25,15],[-22,-11],[-22,31],[-16,-39],[-38,-5],[36,73],[37,26],[-122,-10],[23,25],[-46,11],[35,9],[58,-21],[12,32],[34,-9],[37,-28],[-15,56],[14,7],[30,-25],[18,32],[42,-22],[-21,-27],[41,-1],[4,-31],[13,27],[30,1],[-40,77],[48,-6],[31,-19],[-13,-16],[27,-26],[22,47],[36,-10],[16,16],[-51,45],[23,18],[27,-17],[0,26],[43,-36],[21,1],[-7,63],[33,-15],[23,-40],[-27,-4],[5,-31],[-20,7],[-29,-54],[-43,9],[9,-30],[-35,-52],[-27,14],[-8,-24],[-48,-25]],[[8100,9880],[58,35],[-11,-36],[-41,-22],[-38,3],[-27,-12],[-64,10],[9,-25],[-84,-8],[-44,39],[55,26],[-40,9],[-49,-17],[-12,29],[41,31],[21,-11],[5,24],[90,-32],[-9,25],[-50,36],[47,15],[3,-12],[46,7],[-8,-33],[35,-10],[48,20],[10,-28],[-53,-27],[28,-11],[-13,-21],[47,-4]],[[2881,5431],[-13,-18],[32,-10],[-30,-32],[-28,-10],[-60,15],[39,37],[-3,42],[37,26],[31,-37],[-5,-13]],[[2847,5679],[-23,-43],[-22,-14],[19,24],[26,33]],[[2765,5848],[6,-49],[-20,-32],[-27,19],[-32,3],[24,56],[49,3]],[[2951,5862],[-38,-51],[-15,12],[16,24],[37,15]],[[2948,5896],[-24,-11],[16,27],[30,16],[-22,-32]],[[2921,6019],[-50,-63],[1,20],[33,37],[16,6]],[[3225,6291],[-91,-40],[22,34],[65,10],[4,-4]],[[3088,6310],[23,-9],[5,-37],[-22,-21],[-23,4],[-18,29],[35,34]],[[3144,6407],[-9,-32],[-13,20],[1,-46],[-38,22],[19,19],[-12,24],[26,11],[26,-18]],[[3029,6529],[12,-20],[-14,-15],[-19,24],[21,11]],[[3301,6674],[35,-4],[-6,-15],[-73,-7],[44,26]],[[3488,6883],[-41,-12],[1,24],[24,8],[16,-20]],[[3630,6926],[-18,-24],[5,-57],[-18,-6],[-22,47],[-41,11],[28,43],[40,-17],[28,47],[-2,-44]],[[3690,7160],[-3,-19],[-62,-16],[55,48],[10,-13]],[[3054,7345],[-56,-11],[29,24],[27,9],[0,-22]],[[3959,7580],[69,-38],[-49,-12],[-72,5],[3,41],[49,4]],[[4265,7608],[5,-13],[-34,-9],[-51,22],[-34,-22],[-51,14],[34,17],[109,2],[22,-11]],[[4019,7573],[-31,-1],[-9,22],[26,32],[14,-53]],[[3311,7643],[-15,-37],[-13,14],[-32,-33],[-8,38],[-19,-16],[4,34],[24,25],[27,-25],[10,21],[-21,32],[4,18],[40,-6],[15,-15],[-16,-50]],[[3878,7783],[-9,-16],[-28,18],[33,42],[26,-18],[-22,-26]],[[3631,7836],[10,-24],[-26,-26],[-21,36],[-32,2],[2,27],[31,1],[36,-16]],[[3828,7974],[-60,48],[24,22],[17,-8],[108,-17],[0,-15],[-40,-31],[-49,1]],[[3902,8262],[-44,8],[11,34],[32,-3],[15,-18],[-14,-21]],[[2800,5365],[34,-10],[15,-28]],[[4516,8004],[8,-18],[53,8],[53,34],[184,7],[75,24],[177,10],[58,-62]],[[5124,8007],[-10,-6],[-10,-102],[20,-150],[-8,-31],[-94,-141],[-9,-2],[-217,103],[-39,-49],[-156,-99],[-17,-25],[-58,-175],[-48,-68],[-44,-28],[-63,-10],[-27,-65],[118,-169],[-10,-112],[-109,-89],[-32,-36],[-140,-219],[-92,-82],[21,-114],[0,-51],[-162,-92],[-194,-21],[40,-214],[-4,-48],[-28,-61],[-20,-179],[2,-111],[-44,-48],[-12,-30],[-13,-78]],[[2859,5318],[-3,39],[66,31],[39,-1],[13,24],[38,4],[72,71],[51,71],[0,15],[-100,-104],[-62,-39],[-51,5],[6,20],[33,4],[-31,45],[109,5],[1,11],[-93,8],[-33,-4],[-38,-27],[36,53],[57,50],[21,-3],[-26,62],[61,-22],[6,48],[-35,25],[19,11],[-16,47],[-22,-58],[-42,17],[5,46],[-18,-3],[-8,35],[56,72],[29,-10],[14,-43],[18,-19],[49,0],[-39,17],[-13,38],[-28,18],[-3,24],[55,46],[-32,1],[-4,18],[24,57],[41,29],[49,-9],[46,-21],[51,-53],[-24,70],[-50,9],[-20,26],[9,32],[27,24],[-117,-19],[-16,16],[31,31],[44,23],[67,14],[68,25],[30,24],[84,18],[19,-17],[-32,-25],[34,0],[-19,-50],[12,-7],[29,35],[72,9],[-84,13],[33,40],[54,-13],[51,13],[13,24],[48,35],[-2,21],[-62,-30],[-22,-28],[-58,22],[-21,-33],[-29,-9],[-17,37],[-62,-36],[-47,-1],[-31,-27],[-52,-24],[-14,18],[50,47],[59,31],[66,0],[4,14],[-38,-2],[11,20],[-28,-1],[-50,-34],[-35,5],[10,18],[-47,-5],[-14,28],[53,22],[12,20],[-34,65],[-42,18],[49,16],[45,-29],[2,-38],[16,10],[-3,37],[36,20],[51,6],[69,-27],[-18,18],[-62,19],[54,33],[-38,-1],[-30,-33],[-58,-11],[-24,6],[16,44],[47,14],[-46,1],[-23,25],[60,-16],[38,10],[37,-15],[-26,28],[-81,20],[-4,17],[90,-8],[14,-15],[62,-2],[2,17],[58,3],[14,14],[-67,-1],[-38,-16],[-24,8],[16,28],[48,-8],[2,14],[-81,10],[13,16],[55,3],[30,-11],[86,-2],[-73,14],[-62,50],[-12,25],[-32,-1],[26,24],[59,-1],[5,24],[40,0],[41,20],[-31,-31],[15,-16],[43,47],[-11,22],[17,28],[18,-53],[43,-7],[19,60],[55,2],[65,-27],[-2,24],[-78,14],[-33,-1],[27,64],[37,-6],[83,6],[24,-31],[-7,32],[-27,11],[-53,4],[34,17],[19,-14],[49,22],[54,-10],[-10,-45],[29,-29],[-17,37],[33,39],[30,7],[99,-36],[14,-18],[-7,-33],[24,-1],[6,57],[-30,21],[30,10],[99,-30],[-4,31],[-39,-9],[-75,26],[-35,-21],[11,25],[-49,-6],[-57,10],[32,24],[8,24],[-58,-14],[-13,-17],[-77,0],[22,-10],[-61,-30],[3,47],[-41,-20],[-93,-8],[104,103],[19,37],[56,-3],[9,-33],[22,19],[63,33],[-86,0],[-36,31],[26,28],[100,40],[38,-31],[-20,-5],[-37,25],[17,-36],[-17,-22],[-47,-1],[-12,-12],[62,-1],[60,41],[14,-26],[-29,-51],[40,44],[48,7],[39,-21],[39,-98],[32,-42],[16,20],[-30,24],[-14,47],[-27,23],[25,27],[-19,5],[26,31],[71,32],[43,4],[-12,12],[-76,-15],[-64,-32],[-88,10],[-15,12],[6,34],[25,8],[59,-13],[-21,41],[-19,-20],[-31,15],[-30,-13],[0,28],[54,32],[-15,25],[43,-23],[48,-12],[-10,15],[54,-10],[-41,24],[-24,-9],[-31,32],[73,5],[78,-53],[14,11],[-19,27],[-60,25],[23,27],[-36,-18],[-80,23],[-72,-64],[-58,-32],[-77,-26],[-41,13],[56,31],[-31,21],[122,10],[-38,4],[6,27],[-72,-10],[-34,26],[14,15],[104,12],[4,17],[-86,-13],[57,39],[73,-8],[16,-11],[-14,-30],[39,45],[92,20],[-15,-32],[38,42],[70,16],[28,-37],[33,54],[7,26],[36,6],[-81,16],[10,26],[-32,-28],[-71,2],[-22,29],[-61,-39],[21,-11],[-32,-10],[-28,31],[47,51],[38,22],[3,-29],[44,30],[3,24],[37,-20],[-1,-37],[-44,0],[0,-25],[78,26],[39,31],[-21,28],[27,12],[9,46],[27,-3],[9,-31],[-7,-30],[20,9],[-10,-46],[8,-30],[-18,-33],[44,-23],[19,-32],[10,-57],[18,-5],[59,-53],[5,34],[-53,17],[-22,20],[8,57],[-26,20],[35,-6],[40,-56],[24,-15],[0,31],[-51,40],[17,12],[39,-40],[7,45],[-52,11],[39,49],[75,-34],[10,16],[-43,11],[-28,25],[-59,-28],[-19,6],[13,-10],[-4,-25],[-53,13],[36,29],[6,-5],[10,26],[37,24],[-1,22],[50,-17],[-40,46],[-13,-13],[-88,-3],[15,16],[51,3],[-3,16],[-55,6],[-33,19],[25,26],[41,-7],[13,-19],[74,-21],[18,-17],[2,-29],[67,-43],[24,-5],[-28,34],[-33,19],[-15,41],[-31,26],[-41,7],[-72,39],[75,29],[103,13],[67,-25],[-17,-37],[64,15],[50,22],[36,-67],[42,-22],[-6,-65],[17,10],[-4,32],[26,8],[-11,24],[-46,33],[-24,47],[16,25],[30,2],[64,-33],[18,9],[-68,28],[66,11],[105,-24],[-77,41],[-55,-2],[30,63],[-68,-21],[-40,-36],[-81,-16],[9,41],[-36,15],[-48,-46],[-119,-7],[-27,55],[30,25],[15,-7]],[[2829,5590],[24,-2],[10,24],[-19,8],[63,54],[-6,21],[-44,-16],[29,82],[20,-38],[27,-18],[18,-31],[17,-60],[-58,-43],[-47,-5],[13,-34],[-63,-50],[16,67],[-16,5],[16,36]],[[3063,6089],[44,10],[18,-8],[-64,-31],[-43,-26],[-49,-47],[-5,15],[-41,-5],[38,67],[49,32],[19,-6],[-17,-26],[51,25]],[[2961,6164],[38,35],[-53,11],[42,22],[23,-16],[3,-18],[-25,-19],[38,-14],[-42,-41],[-92,-34],[52,55],[-33,-3],[49,22]],[[3101,7506],[52,120],[36,37],[31,0],[-23,-22],[13,-79],[-34,-9],[-24,22],[-2,-28],[29,-13],[-13,-28],[-44,-18],[-10,-23],[-31,-12],[23,35],[-3,18]],[[3405,7652],[-8,27],[-25,10],[2,-29],[-19,-32],[-21,23],[10,28],[40,40],[-42,-20],[18,30],[-5,28],[39,13],[-44,12],[51,40],[59,-21],[31,44],[42,9],[9,-33],[-16,-18],[47,9],[27,-20],[-18,-37],[-30,-19],[-98,-17],[27,-29],[-27,-15],[-20,17],[-2,-35],[-27,-5]],[[3794,7787],[-66,-40],[-113,-33],[-1,37],[59,31],[-38,6],[28,9],[-9,38],[20,6],[15,-25],[18,24],[21,-2],[-44,42],[41,10],[37,-15],[-18,31],[42,17],[21,-38],[7,39],[27,-2],[9,-28],[-14,-27],[36,24],[6,37],[43,-5],[20,16],[35,-8],[-45,-58],[-34,-8],[-4,-18],[-65,-53],[-16,3],[20,43],[-15,14],[-16,-39],[-24,-13],[17,-15]],[[4472,7953],[-36,-16],[13,-13],[-2,-13],[-63,-2],[-41,-23],[-12,14],[29,23],[-20,4],[28,62],[58,17],[26,-13],[20,-40]],[[4045,8094],[-104,-57],[-72,5],[-21,41],[50,19],[33,3],[20,21],[29,4],[-6,42],[-46,11],[15,-17],[-18,-27],[-72,-29],[-10,28],[-20,-33],[-29,15],[-22,-46],[-68,-11],[-25,56],[21,22],[44,15],[-39,16],[33,39],[23,-52],[8,53],[30,13],[-2,-44],[77,17],[-2,-22],[24,18],[4,25],[-19,21],[19,16],[20,-55],[16,44],[42,-26],[-35,46],[-23,78],[50,25],[21,-61],[38,-20],[-20,-62],[32,25],[22,-5],[-13,-37],[-25,0],[-3,-30],[45,-25],[1,-28],[-23,-31]],[[4167,8463],[49,17],[28,67],[90,50],[17,-36],[-32,-94],[-18,-8],[-75,-83],[-69,-28],[-32,22],[8,-30],[-15,-48],[-37,-23],[-2,60],[12,38],[42,71],[34,25]],[[4483,8038],[-4,-25],[-52,10],[-48,-10],[-30,-17],[-17,7],[-16,-52],[-32,-55],[-35,-17],[4,56],[-52,-15],[-8,-39],[-39,-55],[-36,28],[-59,-7],[-5,21],[17,28],[26,10],[52,53],[-27,26],[5,-26],[-44,-43],[-20,1],[-40,-36],[-25,-5],[7,-22],[-37,-22],[-18,-28],[-32,-13],[3,45],[23,19],[21,41],[53,52],[2,42],[-35,5],[23,32],[80,25],[-4,16],[27,13],[-21,24],[-3,47],[73,10],[-53,0],[-15,10],[-4,42],[71,10],[-28,12],[-4,24],[26,11],[-10,15],[19,37],[50,0],[29,12],[19,-10]],[[4260,8325],[-12,-17],[3,-45],[-60,-108],[23,-24],[-4,-22],[-35,-42],[-15,-61],[14,-53],[73,62],[24,36],[37,-4],[80,29],[95,-38]],[[4714,8173],[-101,-24],[3,37],[64,65],[14,-32],[35,-36],[-15,-10]],[[4759,8252],[0,45],[36,-1],[46,-40],[-53,-47],[-30,-9],[-16,17],[-8,39],[-27,24],[7,21],[45,-49]],[[4453,8336],[56,-3],[13,-15],[-11,-46],[-66,11],[-50,50],[17,20],[41,-17]],[[4826,8350],[-19,4],[0,30],[39,38],[36,5],[-5,-27],[-51,-50]],[[5233,8980],[-13,14],[24,17],[28,-8],[-2,-21],[-37,-2]],[[6059,8967],[-40,-1],[-13,29],[16,43],[57,10],[3,-55],[-23,-26]],[[5687,9007],[-74,-13],[-15,16],[34,46],[61,33],[31,32],[30,-25],[-50,-81],[-17,-8]],[[6162,9124],[64,1],[-46,-22],[-15,-26],[-51,1],[-18,39],[16,28],[23,6],[27,-27]],[[6460,9131],[-12,-20],[-48,21],[17,18],[43,-19]],[[5355,9167],[34,31],[32,-25],[-24,-21],[-55,-20],[-23,-26],[-18,48],[21,26],[-4,21],[31,-6],[6,-28]],[[6147,9178],[-25,-5],[-13,35],[15,23],[31,-32],[-8,-21]],[[5639,9189],[-73,14],[4,31],[30,1],[47,-33],[-8,-13]],[[5385,9263],[1,-38],[-38,12],[21,25],[16,1]],[[5509,9310],[17,-51],[-9,-39],[-48,-14],[-40,26],[54,35],[-13,34],[39,9]],[[5894,9284],[-9,5],[0,61],[33,-32],[-24,-34]],[[6433,9254],[37,-32],[49,-27]],[[6545,8408],[-107,149],[-9,6],[-123,16],[-81,-39],[-25,-45],[47,-71],[-22,-33],[-25,-2],[-109,48],[-46,-52],[-197,-11],[90,-85],[6,-80],[-7,-29],[-39,-82],[-31,-39],[-72,-50],[107,-48],[-89,-87],[-30,-11],[-170,57],[-168,62],[-128,-8],[-20,4],[-79,56],[-94,-27]],[[4516,8004],[-3,59],[21,22],[68,31],[70,20],[58,-58],[-17,28],[4,23],[52,19],[46,-10],[33,-34],[61,11],[-47,7],[-35,42],[-30,-11],[-35,20],[86,44],[40,-20],[59,-8],[23,-22],[0,22],[-119,40],[85,47],[39,-18],[11,18],[-44,16],[5,16],[-112,-27],[20,37],[21,9],[-17,27],[72,73],[-8,19],[81,3],[33,21],[73,4],[-27,12],[9,45],[-34,0],[-5,44],[42,36],[26,56],[-10,38],[55,22],[33,-49],[-7,-23],[29,2],[24,-29],[-5,-50],[16,3],[9,53],[15,-48],[39,-29],[-6,41],[52,6],[39,-22],[33,-1],[-31,30],[-103,27],[-37,52],[-38,6],[12,58],[52,14],[83,9],[-3,-38],[19,-3],[16,-40],[28,-13],[1,-24],[50,-34],[76,-6],[9,-34],[-45,-20],[19,-38],[29,15],[38,-17],[-12,30],[3,44],[-40,47],[-74,-2],[-32,46],[-25,20],[0,32],[25,21],[47,13],[27,-21],[-13,34],[-66,-12],[-15,-13],[-22,19],[-6,42],[54,59],[5,33],[75,36],[56,-5],[43,17],[67,10],[19,-7],[-43,-92],[21,-31],[-32,-77],[2,-62],[-45,-45],[60,34],[21,128],[70,-5],[-27,16],[-12,46],[17,57],[52,60],[-15,-60],[15,5],[61,131],[0,-47],[15,-16],[-3,49],[26,33],[17,-2],[39,-57],[-9,-64],[-22,-60],[-4,-43],[19,-21],[3,-33],[-35,-19],[-5,-67],[-24,-12],[-9,-42],[-79,-57],[8,-11],[-33,-42],[32,13],[27,38],[77,42],[30,58],[54,83],[57,-43],[62,-8],[-36,14],[-34,50],[-50,25],[15,78],[-8,30],[49,2],[54,23],[15,29],[-13,29],[99,50],[15,-2],[-41,-29],[-33,-39],[47,-49],[-9,28],[24,26],[42,12],[-17,-48],[30,14],[2,59],[44,-1],[-44,21],[16,53],[53,19],[63,-30],[19,-26],[-12,-21],[40,-28],[28,-6],[55,-43],[21,-36],[48,-30],[-11,42],[-54,33],[32,-2],[5,18],[-31,16],[-6,50],[11,30],[31,0],[14,-22],[-3,46],[-71,-4],[-25,19],[15,14],[63,5],[35,44],[-53,-27],[-45,6],[-45,-24],[-41,29],[-37,-5],[-29,44],[22,19],[-52,-9],[-56,35],[8,11]],[[5290,8797],[-139,-37],[-25,1],[-33,31],[-42,15],[16,21],[37,13],[38,-6],[20,-28],[42,37],[-41,-1],[-40,52],[111,0],[50,-12],[-6,14],[-79,7],[-23,35],[11,21],[48,-12],[1,-20],[38,40],[26,1],[-5,-38],[26,-52],[31,74],[-40,39],[-2,38],[31,-11],[30,6],[-2,-26],[56,-8],[28,-36],[-9,-33],[-46,-34],[-42,-12],[-13,-27],[23,-18],[-2,-24],[-34,-20],[-40,10]],[[5627,9052],[-42,-58],[-28,-19],[-80,-19],[-30,38],[-75,49],[-31,10],[-12,24],[51,-3],[26,20],[-34,10],[1,24],[33,12],[70,0],[-21,37],[20,-5],[34,20],[7,-19],[37,4],[-11,-37],[38,-29],[28,41],[33,9],[10,-49],[27,22],[11,-28],[-53,-26],[-9,-28]],[[6031,9297],[56,-1],[34,-31],[-20,-60],[8,-37],[-39,3],[-38,-19],[5,39],[-36,-30],[-29,8],[-16,26],[10,52],[50,28],[15,22]],[[5714,9220],[-43,64],[-37,23],[53,31],[9,-31],[34,-30],[10,-31],[18,31],[29,-12],[2,-20],[40,-4],[-27,-13],[66,-25],[-38,-9],[-30,-31],[-60,-1],[-26,20],[0,38]],[[4260,8325],[8,-54],[-24,-78],[-38,-37],[35,10],[38,33],[12,-22],[-20,-60],[-24,-23],[-29,-7],[-11,-21],[4,-41],[15,2],[0,35],[72,51],[21,-37],[8,33],[-19,29],[28,23],[41,-5],[-34,38],[-6,39],[31,16],[29,-14],[-4,49],[22,-25],[46,-16],[8,-26],[37,7],[-24,-26],[14,-52],[18,-11],[-6,-39],[-26,-38],[1,-20]],[[4861,8768],[-10,44],[18,-1],[39,-61],[24,-5],[-10,64],[7,7],[31,-48],[31,39],[21,-42],[-18,-25],[-1,-44],[38,59],[41,-21],[-27,-10],[-15,-41],[24,-14],[16,25],[12,-13],[3,-55],[-49,-8],[-19,-19],[16,-51],[-27,-1],[31,-53],[-95,-5],[-37,-15],[-46,1],[15,36],[-22,-2],[-35,-35],[-55,-36],[-28,-42],[10,-20],[-54,-6],[25,52],[-108,-24],[-17,13],[15,37],[90,10],[11,37],[-70,10],[-8,21],[25,11],[54,-6],[8,18],[-70,31],[-3,18],[82,-5],[-34,27],[6,14],[-68,-4],[23,30],[53,-10],[23,11],[52,-5],[34,-20],[8,10],[-40,26],[62,0],[19,11],[-95,20],[-22,37],[44,-16],[33,0],[-28,40],[54,-17],[47,-35],[23,-3],[-30,46],[-27,13]],[[2286,1129],[-15,50],[3,35],[-36,99],[21,82],[15,18],[23,-91],[16,81]],[[2313,1403],[45,-10],[21,32],[-2,91],[-26,35],[-35,67],[-32,20]],[[2284,1638],[27,11],[24,76],[36,56],[3,24],[-42,48],[-49,13],[21,59],[48,-31],[88,31],[26,69]],[[2466,1994],[30,-84],[42,-39],[29,-70],[58,-67],[-2,-68],[17,-24],[44,-32],[38,-42],[1,-97],[12,-37]],[[2735,1434],[-11,-36],[14,-24]],[[2284,1638],[-22,1]],[[1943,3257],[-42,-61],[-4,-27],[87,-64],[5,-22],[-35,-29],[1,-66],[71,-36],[2,21],[30,-6],[8,-42],[-18,-69],[84,-27],[45,-30],[36,36],[27,12],[22,-29],[21,-115],[3,-57],[63,-152],[-29,-16],[-52,-89],[-73,-65],[26,-39],[32,-21],[49,-71],[-1,-61],[30,-28],[91,-62],[44,-48]],[[2888,3302],[15,-83],[-59,-387],[96,-109],[75,-26],[100,-134],[3,-17],[-26,-110],[-27,-40],[-12,-69],[-13,-15],[-64,6],[-88,-26],[-8,-26],[21,-59],[24,-112],[40,-74],[43,-108],[6,-46],[-7,-45],[-40,-76],[13,-75],[-4,-60],[-25,-51],[-58,-70],[-56,-45],[-76,2],[-26,-13]],[[2313,1403],[-2,34],[-24,17],[-9,-17],[-52,-5],[-20,-25],[4,-35]],[[1961,776],[-27,10],[-26,45],[-2,-34],[-20,65],[-34,-9],[43,-63],[27,-17],[-26,-24],[13,-20],[-36,-10],[-8,-17],[-40,5],[21,-22],[-47,0],[-23,-27],[-16,14],[-10,-37],[50,8],[18,-8],[-24,-37]],[[1794,598],[-68,26],[-2,38],[-17,28],[-47,50],[-6,27],[-64,-2],[-14,-32],[8,-29],[-10,-40],[-17,-11],[-69,64],[-47,-15],[-22,27],[-24,-1],[-62,35],[-12,-18],[-39,3],[-25,16],[-48,91],[-29,37],[6,67],[-21,45],[-43,41],[-32,42],[27,24],[6,35],[-31,33],[5,49],[-31,39],[-37,-6],[-46,25]],[[1794,598],[-18,-26],[-34,-13],[-64,8],[-6,-15],[57,-2],[-22,-25],[17,-12],[-64,-59],[-32,-11],[-2,-41],[-45,-56],[-26,-19],[-18,-37],[-49,-23],[-29,-69],[-30,9],[-26,-19],[-49,-66]]],"bbox":[4.644928052906589,57.99717093694473,31.07511899532664,71.16116480958493],"transform":{"scale":[0.0026432834225842633,0.0013165310403680573],"translate":[4.644928052906589,57.99717093694473]},"title":"Norway (2019)","version":"2.0.1","copyright":"Copyright (c) 2022 Highsoft AS, Based on data from Natural Earth","copyrightShort":"Natural Earth","copyrightUrl":"http://www.naturalearthdata.com"}