{"type":"Topology","objects":{"default":{"type":"GeometryCollection","geometries":[{"type":"Polygon","arcs":[[0,1,2,3,4,5]],"id":"NO.AA.928","properties":{"hc-group":"admin2","hc-middle-x":0.54,"hc-middle-y":0.57,"hc-key":"no-aa-928","hc-a2":"BI","name":"Birkenes"}},{"type":"Polygon","arcs":[[6,7,8,9,10,11,12,13,14,15]],"id":"NO.AA.914","properties":{"hc-group":"admin2","hc-middle-x":0.55,"hc-middle-y":0.36,"hc-key":"no-aa-914","hc-a2":"TV","name":"Tvedestrand"}},{"type":"Polygon","arcs":[[16,17,18]],"id":"NO.AA.911","properties":{"hc-group":"admin2","hc-middle-x":0.56,"hc-middle-y":0.48,"hc-key":"no-aa-911","hc-a2":"GJ","name":"Gjerstad"}},{"type":"Polygon","arcs":[[-15,19,20,-19,21]],"id":"NO.AA.912","properties":{"hc-group":"admin2","hc-middle-x":0.51,"hc-middle-y":0.49,"hc-key":"no-aa-912","hc-a2":"VE","name":"Vegårshei"}},{"type":"Polygon","arcs":[[22,23,24,25]],"id":"NO.AA.940","properties":{"hc-group":"admin2","hc-middle-x":0.55,"hc-key":"no-aa-940","hc-a2":"VA","name":"Valle"}},{"type":"MultiPolygon","arcs":[[[-22,-18,26,-16]],[[27,-8]]],"id":"NO.AA.901","properties":{"hc-group":"admin2","hc-middle-x":0.58,"hc-middle-y":0.37,"hc-key":"no-aa-901","hc-a2":"RI","name":"Risør"}},{"type":"MultiPolygon","arcs":[[[28,29,30,-12]],[[31,-10]]],"id":"NO.AA.906","properties":{"hc-group":"admin2","hc-middle-y":0.63,"hc-key":"no-aa-906","hc-a2":"AR","name":"Arendal"}},{"type":"Polygon","arcs":[[-20,-14,32,33,34]],"id":"NO.AA.929","properties":{"hc-group":"admin2","hc-middle-x":0.49,"hc-middle-y":0.48,"hc-key":"no-aa-929","hc-a2":"ÅM","name":"Åmli"}},{"type":"Polygon","arcs":[[35,36,37,-5,38,-30]],"id":"NO.AA.904","properties":{"hc-group":"admin2","hc-middle-x":0.37,"hc-middle-y":0.46,"hc-key":"no-aa-904","hc-a2":"GR","name":"Grimstad"}},{"type":"Polygon","arcs":[[-39,-4,39,40,-33,-13,-31]],"id":"NO.AA.919","properties":{"hc-group":"admin2","hc-middle-x":0.73,"hc-middle-y":0.65,"hc-key":"no-aa-919","hc-a2":"FR","name":"Froland"}},{"type":"Polygon","arcs":[[-26,41]],"id":"NO.AA.941","properties":{"hc-group":"admin2","hc-key":"no-aa-941","hc-a2":"BY","name":"Bykle"}},{"type":"MultiPolygon","arcs":[[[-38,42,-6]],[[43,43,43]]],"id":"NO.AA.926","properties":{"hc-group":"admin2","hc-middle-x":0.6,"hc-middle-y":0.31,"hc-key":"no-aa-926","hc-a2":"LI","name":"Lillesand"}},{"type":"Polygon","arcs":[[44,-24,45,-34,-41,46]],"id":"NO.VA.938","properties":{"hc-group":"admin2","hc-middle-x":0.74,"hc-middle-y":0.48,"hc-key":"no-va-938","hc-a2":"BY","name":"Bygland"}},{"type":"Polygon","arcs":[[-40,-3,47,48,-47]],"id":"NO.AA.937","properties":{"hc-group":"admin2","hc-middle-x":0.46,"hc-middle-y":0.57,"hc-key":"no-aa-937","hc-a2":"EO","name":"Evje og Hornnes"}},{"type":"Polygon","arcs":[[-2,49,-48]],"id":"NO.AA.935","properties":{"hc-group":"admin2","hc-middle-x":0.49,"hc-middle-y":0.47,"hc-key":"no-aa-935","hc-a2":"IV","name":"Iveland"}}],"hc-recommended-transform":{"default":{"crs":"+proj=utm +zone=32 +datum=WGS84 +units=m +no_defs","scale":0.0040315384744,"jsonres":15.5,"jsonmarginX":-999,"jsonmarginY":9851,"xoffset":376008.080498,"yoffset":6616312.43146}}}},"arcs":[[[5457,767],[-100,57],[-110,47],[63,79],[-1,32],[-100,61],[-118,-88],[-55,82],[-46,-13],[-195,4],[21,40],[128,115],[-109,41],[27,85],[0,96],[-71,70],[31,135]],[[4822,1610],[186,39],[28,26],[-19,119],[-33,107],[47,99],[33,43],[-188,40],[99,126],[-87,20],[-39,24],[-74,0],[-23,69],[-136,48],[7,40],[-72,102],[-116,-41],[-62,123],[-12,62],[6,147]],[[4367,2803],[68,-7],[150,42],[116,15],[-10,19],[-5,126],[20,68],[31,41],[30,160]],[[4767,3267],[84,-14],[128,5],[70,-28],[175,-18],[104,106],[30,-75],[0,-84],[92,-129],[19,-72],[59,-147],[105,-137],[17,-36],[56,83],[79,1],[2,49],[107,19],[118,-2],[19,67],[-5,54],[10,120],[53,11],[129,-33],[156,0],[10,-123],[-111,-108],[-69,-88],[-10,-102],[64,-35],[-77,-2],[-27,-25],[-41,-79],[4,-46],[44,-79],[86,-50]],[[6247,2270],[-75,-124],[-161,-166],[-72,-93],[-29,-68],[-63,-66],[81,-49],[-32,-27],[26,-52],[-50,-48],[76,-32],[-12,-67],[88,-71],[68,-39],[-8,-36]],[[6084,1332],[-93,-5],[-164,30],[-95,-87],[117,-91],[-105,-91],[-68,-87],[-51,-90],[11,-25],[-51,-65],[-150,58],[22,-112]],[[8870,3636],[-66,-24],[89,2]],[[8893,3614],[40,-71],[47,-54],[26,10],[9,-39],[37,-42],[57,31],[76,23],[20,-35],[67,15]],[[9272,3452],[-103,-95],[-248,-186],[-218,-127],[-169,36],[-58,-80]],[[8476,3000],[-5,0],[-3,-2]],[[8468,2998],[-40,7],[-57,75],[-95,43],[-48,-1],[22,-66],[86,-64],[22,-31]],[[8358,2961],[-46,-24],[19,-60],[-40,-84],[-22,10],[-111,-65],[-27,13],[-22,-30],[-40,72],[-54,49],[-15,58],[53,35],[-109,63],[-18,43],[-78,60],[-92,-105],[-133,27]],[[7623,3023],[-104,54],[98,162],[-20,71]],[[7597,3310],[12,31],[15,85]],[[7624,3426],[73,-29],[102,-64],[75,12],[94,64],[-36,71],[71,185],[70,-3],[151,-26],[119,7],[92,123]],[[8435,3766],[154,-60],[54,-29],[82,37],[27,-9],[108,29],[10,-98]],[[7752,4784],[-45,20],[67,108],[45,46],[21,72],[63,65],[-69,34],[-72,57],[-131,68],[-28,35],[29,38],[237,137],[40,52],[8,65],[263,-15],[152,3],[218,46],[24,-36],[1,-50],[30,-18],[16,-74],[86,-213],[150,-137],[83,-38],[121,-76],[141,-56],[88,-146],[30,-113],[3,-97]],[[9323,4561],[-74,-33],[-67,-67],[-21,11],[-61,-94],[-47,-29],[-129,-46],[-33,47],[-55,-50],[-74,-120],[-41,-49],[-66,6],[-28,136]],[[8627,4273],[-110,96],[58,86],[-144,76],[-82,64],[-1,21],[-74,53],[-107,24],[-54,23],[-103,-2],[-4,25],[-94,12],[-55,77],[-105,-44]],[[7624,3426],[-38,40],[-7,44],[-113,114],[36,42],[-31,53],[-48,34],[-76,-45],[-62,43],[-90,-24],[-21,80],[-86,139],[-8,51],[92,141],[68,144],[27,115],[113,98],[131,62],[50,14]],[[7561,4571],[78,29],[90,49],[8,121],[15,14]],[[8627,4273],[-55,-84],[23,-83],[42,-58],[-88,-142],[-49,0],[-65,-140]],[[2818,8232],[219,-142],[5,-70],[62,-113],[-11,-79],[22,-49],[40,24],[71,9],[117,-7],[91,-38],[77,-237],[37,-188],[52,-57],[27,-4],[24,-106],[25,-43],[90,-49],[-22,-44],[-48,3],[-53,-43],[-22,-60],[22,-25],[-41,-100],[-11,-54],[-27,-22],[51,-151],[107,-58],[62,-70],[80,-45],[62,-122]],[[3926,6292],[-159,-161],[-39,-54],[-120,-44],[-175,-77],[-146,-24],[-69,8],[-59,-22],[-38,25],[-47,-5],[-30,-62],[-41,-12],[-76,-107],[-46,6],[7,36],[-25,31],[-47,0],[-230,-51],[-73,-10],[-17,-34],[-86,-18],[-130,-67],[-52,-4],[7,41],[-83,-17],[-1,14],[-135,-7],[-66,-34],[-129,-116],[-379,-245],[-59,-15],[-40,12]],[[1343,5279],[-26,8],[-29,76],[-17,-5],[-10,72],[-22,29],[-47,4],[-4,27],[-62,88],[-13,53],[33,45],[113,-14],[97,0],[14,55],[28,15],[-24,69],[-76,51],[-45,64],[7,61],[35,97],[12,85],[-10,54],[20,86],[-1,62],[58,64],[0,22],[-50,79],[175,56],[-31,54],[-80,63],[-282,59],[-390,102],[-39,22]],[[677,6882],[36,31],[3,55],[106,75],[92,96],[263,217],[143,50],[74,123],[26,25],[160,-25],[-15,-68],[68,-11],[57,25],[78,14],[99,2],[14,43],[-13,63],[27,-6],[84,44],[40,-12],[49,-66],[73,10],[29,-50],[84,13],[25,-36],[49,7],[5,56],[60,27],[24,49],[-18,67],[-3,115],[86,47],[-35,45],[149,82],[-24,44],[69,96],[28,-17],[143,99],[6,21]],[[9323,4561],[3,-99],[63,-9],[-46,-63],[137,-47],[172,-3],[119,-152],[50,33],[44,52],[134,-81],[-45,-47],[-43,-92],[-133,-80],[-226,-33],[-666,69],[-36,-20],[-49,-92],[17,-20],[318,-91],[100,43],[-215,95],[-54,42],[449,-103],[6,-122],[-117,-72],[-361,-9],[-74,-24]],[[8893,3614],[291,35],[107,-14],[69,-90],[-88,-93]],[[8358,2961],[1,-81],[15,-143],[-25,-136],[-136,-163],[-245,-216],[-94,-94],[-181,-121],[-91,-42],[-55,-77],[-30,-75],[-46,-52]],[[7471,1761],[-66,53],[-28,-54],[-62,27],[-68,11],[-21,47],[-70,-33],[-16,23],[-132,21],[11,54],[-21,39],[-33,0],[-22,-60],[-62,-85],[-50,25],[-25,61],[-51,36],[-41,52],[-11,97],[-73,117],[3,95],[-33,80]],[[6600,2367],[7,60],[18,3],[43,-73],[46,14],[-20,-34],[63,-31],[-21,-35],[2,-75],[48,-65],[82,42],[68,5],[102,-50],[2,47],[27,89],[226,28],[-2,40],[-35,49],[-3,37],[117,97],[79,-12],[60,47],[49,71],[11,173],[22,75],[6,74],[26,80]],[[8476,3000],[-8,-2]],[[7597,3310],[-190,-139],[-20,36],[-46,-9],[22,40],[-94,88],[-25,69],[-40,23],[-47,-3],[-130,64],[-104,-11],[-2,33],[-76,1],[-193,41],[-45,30],[-108,-13],[-12,-36],[28,-87],[73,-28],[12,-33],[-73,31],[-78,-124],[-44,-10],[-56,-45],[-115,38],[-2,78],[33,26],[-58,33],[-98,16],[37,41],[-20,22],[-79,218],[-126,-94],[-90,119],[-78,15],[-97,0],[-96,-21],[-93,74],[-39,70],[-9,-20],[-124,-99],[-62,-23],[-259,28],[-106,7],[-127,26],[-96,-24],[-68,12]],[[4577,3770],[-26,105],[-25,43],[70,46],[-14,31],[-36,-18],[1,84],[66,10],[0,49],[-44,121],[-13,125],[67,63],[18,64],[25,16],[29,96],[-46,29],[48,37],[-35,19],[-37,81],[-38,9],[65,98],[-8,74],[-36,20],[-54,75],[-75,43],[9,42],[154,126],[-3,101],[28,72]],[[4667,5431],[107,-69],[74,-25],[143,-11],[34,25],[86,17],[58,40],[-50,26],[-137,-1],[-38,46],[71,21],[116,62],[138,-24],[45,7],[87,-44],[106,-33],[13,-45],[46,-34],[127,-68],[95,-71],[58,-70],[6,-41],[64,-19],[57,2],[104,-24],[63,2],[143,-51],[4,-14],[220,-106],[105,136],[286,151],[17,-36],[62,-50],[55,-25],[86,-130],[27,-54],[40,-30],[30,-52],[-10,-23],[149,-73],[127,-53],[31,-67],[49,-52]],[[7471,1761],[-26,-27],[-29,-83],[-95,-52],[-163,-45],[-87,-162],[-48,-38],[-48,-9],[-26,17],[-3,48],[-34,38],[-134,-222],[-124,-127],[-29,-66],[47,-76],[-67,-91],[-86,13],[-93,31],[-80,-40]],[[6346,870],[-6,10]],[[6340,880],[-17,130],[61,119],[44,-25],[-25,50],[-54,45],[-76,39],[-114,77],[-75,17]],[[6247,2270],[89,-19],[53,86],[34,-47],[53,-14],[94,103],[30,-12]],[[4767,3267],[-25,-8],[-40,123],[-60,61],[-32,2],[-64,94],[-89,59]],[[4457,3598],[22,13],[53,108],[45,51]],[[677,6882],[-102,-11],[-93,5],[-31,-44],[-137,24],[-224,-18],[-39,63],[13,377],[-64,122],[28,306],[63,115],[69,215],[102,192],[40,-38],[67,5],[52,61],[-149,117],[-42,50],[170,53],[93,59],[28,-7],[158,105],[54,94],[48,36],[-30,66],[-51,24],[14,39],[-86,39],[-83,60],[68,45],[-7,115],[53,360],[82,-4],[142,-62],[52,108],[107,104],[38,204],[156,71],[238,29],[62,38],[85,-48],[26,12],[169,-75],[60,17],[71,-47],[37,-48],[15,23],[149,-67],[-10,-10],[100,-14],[15,91],[43,19],[-23,61],[67,-22],[93,18],[-17,-21],[62,-53],[66,-28],[53,-40],[-36,-32],[129,-157],[120,-37],[-17,-48],[71,-50],[-145,-162],[84,-241],[191,-150],[40,-142],[121,-110],[-234,-151],[64,-23],[-22,-58],[-127,-136],[-18,-38]],[[6340,880],[-41,70],[-56,12],[-35,-41],[23,-138],[-69,-16],[-138,19],[-34,-22],[-196,-185],[-142,-33],[-62,-29],[111,-44],[-55,-114],[-35,-47],[-85,-53],[-19,-74],[3,-109],[-84,-76],[-20,21],[20,70],[-34,3],[-12,32],[-121,31],[11,31],[-30,54],[10,36],[-49,23],[51,128],[114,80],[27,171],[64,87]],[[6346,870],[0,0]],[[3234,3925],[19,46],[-12,37],[67,53],[5,100],[-88,69],[-108,143],[-46,89],[-51,153],[-48,36],[-6,85],[-288,61],[8,-9],[-109,-19],[-49,12],[14,63],[-59,36],[-84,-22],[-69,-57],[-100,-24],[11,-27],[-145,6],[-1,-53],[-76,19],[-59,-6],[-184,-69],[-85,9],[-111,-29],[-250,-23],[-17,-39],[16,-66],[-64,16],[-363,-27],[-82,19],[82,57],[75,94],[64,57],[-8,31],[30,51],[-28,21],[-72,-4],[17,43],[-7,44],[230,39],[39,34],[62,86],[15,62],[-16,31],[40,126]],[[3926,6292],[28,-59],[76,-75],[80,-112],[37,-85],[-1,-51],[101,-85],[33,-108],[116,-23],[-13,-49],[19,-70],[87,-83],[16,-44],[67,-37],[95,20]],[[4457,3598],[-135,-25],[0,-56],[-40,-37],[-52,3],[-38,-49],[-69,-10],[-165,-50],[-59,9],[-24,40],[36,35],[-34,9],[-37,45],[15,39],[-210,25],[-58,27],[-29,39],[-96,56],[-57,62],[-31,97],[-75,47],[-65,21]],[[4367,2803],[-123,-33],[13,-40],[-75,16],[-58,-13],[-27,-49],[35,-192],[-152,-37],[-93,-12],[-27,-17],[-87,-13],[21,-109],[69,-130]],[[3863,2174],[-152,-31],[-261,51],[-38,-137],[-73,32],[-57,40],[-103,33],[-183,-37],[-56,-43],[-48,38],[-57,87],[-89,106],[20,56],[-22,137],[-31,102],[43,73],[132,40],[80,61],[64,80],[8,51],[58,49],[9,75],[-49,72],[-234,116],[22,63],[4,329],[228,-22],[5,14],[76,-21],[-11,54],[11,60],[25,19],[25,85],[40,63],[-15,56]],[[4822,1610],[-107,-7],[-91,-134],[-84,-39],[-32,-53],[-3,-60],[18,-32],[8,-72],[-33,-15],[-25,50],[-56,0],[-63,88],[-112,91],[49,69],[-61,32],[30,23],[27,109],[-129,91],[-77,-32],[-23,66],[-45,48],[-93,10],[-123,30],[60,61],[47,138],[-41,102]]],"bbox":[6.824532711337518,58.122991560368554,9.362750716830512,59.67268507912778],"transform":{"scale":[0.0002538471852678261,0.0001549848503609588],"translate":[6.824532711337518,58.122991560368554]},"title":"Aust-Agder (2019)","version":"2.0.1","copyright":"Copyright (c) 2022 Highsoft AS, Based on data from Kartverket","copyrightShort":"Kartverket","copyrightUrl":"http://www.kartverket.no"}