{"type":"Topology","objects":{"default":{"type":"GeometryCollection","geometries":[{"type":"Polygon","arcs":[[0,1,2]],"id":"NO.BU.620","properties":{"hc-group":"admin2","hc-middle-x":0.47,"hc-middle-y":0.59,"hc-key":"no-bu-620","hc-a2":"HO","name":"Hol"}},{"type":"Polygon","arcs":[[3,4,5,6]],"id":"NO.BU.617","properties":{"hc-group":"admin2","hc-middle-x":0.47,"hc-middle-y":0.47,"hc-key":"no-bu-617","hc-a2":"GO","name":"Gol"}},{"type":"Polygon","arcs":[[7,8,9,10,11]],"id":"NO.BU.605","properties":{"hc-group":"admin2","hc-middle-x":0.36,"hc-middle-y":0.6,"hc-key":"no-bu-605","hc-a2":"RI","name":"Ringerike"}},{"type":"Polygon","arcs":[[12,-12,13,14,15,16]],"id":"NO.BU.615","properties":{"hc-group":"admin2","hc-middle-x":0.54,"hc-middle-y":0.58,"hc-key":"no-bu-615","hc-a2":"FL","name":"Flå"}},{"type":"Polygon","arcs":[[17,18,19,20]],"id":"NO.BU.627","properties":{"hc-group":"admin2","hc-middle-x":0.45,"hc-middle-y":0.49,"hc-key":"no-bu-627","hc-a2":"RØ","name":"Røyken"}},{"type":"Polygon","arcs":[[21,22,23]],"id":"NO.BU.604","properties":{"hc-group":"admin2","hc-middle-x":0.43,"hc-middle-y":0.53,"hc-key":"no-bu-604","hc-a2":"KO","name":"Kongsberg"}},{"type":"Polygon","arcs":[[-14,-11,24,25]],"id":"NO.BU.622","properties":{"hc-group":"admin2","hc-middle-x":0.42,"hc-middle-y":0.45,"hc-key":"no-bu-622","hc-a2":"KR","name":"Krødsherad"}},{"type":"Polygon","arcs":[[-25,-10,26,27,28,29]],"id":"NO.BU.623","properties":{"hc-group":"admin2","hc-middle-x":0.44,"hc-middle-y":0.7,"hc-key":"no-bu-623","hc-a2":"MO","name":"Modum"}},{"type":"Polygon","arcs":[[30,31,32]],"id":"NO.BU.602","properties":{"hc-group":"admin2","hc-middle-x":0.49,"hc-middle-y":0.62,"hc-key":"no-bu-602","hc-a2":"DR","name":"Drammen"}},{"type":"Polygon","arcs":[[-15,-26,-30,33,34,35,36]],"id":"NO.BU.621","properties":{"hc-group":"admin2","hc-middle-x":0.44,"hc-middle-y":0.55,"hc-key":"no-bu-621","hc-a2":"SI","name":"Sigdal"}},{"type":"Polygon","arcs":[[-28,37,38,-19,39,-33,40]],"id":"NO.BU.626","properties":{"hc-group":"admin2","hc-middle-y":0.36,"hc-key":"no-bu-626","hc-a2":"LI","name":"Lier"}},{"type":"Polygon","arcs":[[-27,-9,41,-38]],"id":"NO.BU.612","properties":{"hc-group":"admin2","hc-middle-x":0.46,"hc-middle-y":0.51,"hc-key":"no-bu-612","hc-a2":"HO","name":"Hole"}},{"type":"Polygon","arcs":[[42,-7,43]],"id":"NO.BU.618","properties":{"hc-group":"admin2","hc-middle-x":0.49,"hc-middle-y":0.62,"hc-key":"no-bu-618","hc-a2":"HE","name":"Hemsedal"}},{"type":"Polygon","arcs":[[-34,-29,44,45,-24,46]],"id":"NO.BU.624","properties":{"hc-group":"admin2","hc-middle-x":0.52,"hc-key":"no-bu-624","hc-a2":"ØE","name":"Øvre Eiker"}},{"type":"Polygon","arcs":[[47,48,-36,49]],"id":"NO.BU.632","properties":{"hc-group":"admin2","hc-middle-y":0.55,"hc-key":"no-bu-632","hc-a2":"RO","name":"Rollag"}},{"type":"Polygon","arcs":[[-21,50]],"id":"NO.BU.628","properties":{"hc-group":"admin2","hc-middle-x":0.53,"hc-key":"no-bu-628","hc-a2":"HU","name":"Hurum"}},{"type":"Polygon","arcs":[[-50,-35,-47,-23,51]],"id":"NO.BU.631","properties":{"hc-group":"admin2","hc-middle-x":0.65,"hc-middle-y":0.53,"hc-key":"no-bu-631","hc-a2":"FL","name":"Flesberg"}},{"type":"Polygon","arcs":[[-16,-37,-49,52,-3,53,54]],"id":"NO.BU.633","properties":{"hc-group":"admin2","hc-middle-x":0.68,"hc-middle-y":0.43,"hc-key":"no-bu-633","hc-a2":"NO","name":"Nore og Uvdal"}},{"type":"Polygon","arcs":[[-5,55,-17,-55,56]],"id":"NO.BU.616","properties":{"hc-group":"admin2","hc-middle-x":0.48,"hc-middle-y":0.44,"hc-key":"no-bu-616","hc-a2":"NE","name":"Nes"}},{"type":"Polygon","arcs":[[-57,-54,-2,57,-44,-6]],"id":"NO.BU.619","properties":{"hc-group":"admin2","hc-middle-x":0.59,"hc-middle-y":0.43,"hc-key":"no-bu-619","hc-a2":"ÅL","name":"Ål"}},{"type":"Polygon","arcs":[[58,-45,-41,-32]],"id":"NO.BU.625","properties":{"hc-group":"admin2","hc-key":"no-bu-625","hc-a2":"NE","name":"Nedre Eiker"}}],"hc-recommended-transform":{"default":{"crs":"+proj=utm +zone=32 +datum=WGS84 +units=m +no_defs","scale":0.00373245248568,"jsonres":15.5,"jsonmarginX":-999,"jsonmarginY":9851,"xoffset":414668.066974,"yoffset":6773200.20906}}}},"arcs":[[[797,5966],[7,82],[119,562],[-185,97],[-106,132],[-56,217],[44,219],[-282,145],[-338,16],[97,92],[456,407],[222,-72],[61,42],[69,131],[-15,172],[-53,16],[42,93],[181,347]],[[1060,8664],[145,-158],[227,-63],[38,66],[38,-25],[8,-76],[54,-100],[141,-31],[39,-22],[18,-73],[41,13],[-3,-89],[111,-79],[29,29],[50,-66],[-56,3],[70,-72],[62,6],[42,-50],[-13,-47],[33,-61],[87,8],[103,-84],[67,-27],[78,1],[102,-19],[14,-148],[63,-39],[190,-58],[47,-47],[85,-115],[82,-43],[28,-34],[18,-148],[-32,-34],[10,-46],[-39,1],[-56,-91],[38,-13],[6,-88],[-133,-39],[-38,-233],[60,-61],[67,-102],[33,38],[233,52]],[[3247,6400],[77,-49],[63,15],[87,-17],[106,-80],[74,-84],[73,-42],[-67,-68],[-59,-17],[-30,-143],[-113,-27],[-66,20],[-64,-8],[-68,-43],[-120,-50],[-445,-118],[15,-25],[-152,-43],[-109,-8],[-66,-43],[-140,-14],[-33,-14],[-77,55],[48,64],[-56,20],[-110,-34],[-72,-78],[-61,91],[63,76],[-13,29],[-330,97],[-318,-67],[-182,-73],[-223,81],[-72,50],[26,47],[-36,66]],[[4660,8643],[59,-16],[172,-102],[21,-2],[283,-159],[99,-17],[84,-40],[59,-48],[89,-50],[2,-28],[68,-89],[131,-18],[106,-34],[42,-100],[86,-89],[-10,-128],[-34,-56]],[[5917,7667],[-66,10],[4,-22],[-115,-47],[-107,-82],[-139,-60],[-115,-67],[-1,50],[-35,-6],[-110,-62],[-72,-100],[-47,-1],[-38,68],[8,57],[-71,78],[-48,-28],[-38,65],[-147,-22],[-290,-109],[-25,-94],[-43,-30]],[[4422,7265],[2,35],[-53,88],[-134,160],[-14,59],[-7,149],[-97,147],[-58,19],[-31,134]],[[4030,8056],[13,31],[131,148],[72,144],[32,92],[42,80],[68,55],[-15,84],[67,0],[220,-47]],[[7531,6227],[-18,224],[-35,58],[11,131],[-21,71],[-1,107],[69,141],[34,41],[32,-113],[86,96],[198,114],[28,47],[-102,54],[-53,85],[188,21],[229,-35],[92,-143],[92,-287],[48,-22],[-7,-38],[56,-83],[93,-64],[28,-149],[41,-130],[-10,-36],[28,-224],[23,-103],[31,-243],[122,-203],[30,-93],[102,-191],[125,-181],[-31,-55],[1,-51],[52,-54],[15,-46],[83,-70],[54,42],[141,-94],[101,-94],[80,-49],[57,-66],[95,-5],[63,-41],[48,3],[36,-76],[52,-18],[38,-108],[-87,-87],[60,-136],[17,-99],[-52,-6],[-289,-351],[-36,90]],[[9568,3708],[-33,82],[-1,69],[-137,-35],[-51,-3],[-12,95],[-180,23],[-29,24],[43,85],[-11,37],[-56,15],[-26,161],[-87,4],[-77,-60],[-53,-16],[-78,35],[0,-25],[-80,-3],[-21,-67],[-49,-34],[-77,-6],[-96,-311]],[[8457,3778],[-125,-83],[-103,54],[-138,7],[-25,38],[-13,83],[-97,-3],[4,47],[-29,23],[-19,201],[35,47],[-46,123],[5,88],[39,63],[-166,65],[-99,-44]],[[7680,4487],[-13,89],[-54,45],[-43,4],[-99,91],[-75,-3],[-54,51],[-34,153],[-47,35],[-12,57],[14,58],[59,35],[-20,36],[-71,53],[-35,50],[-48,28],[-8,110]],[[7140,5379],[128,18],[158,67],[46,189],[72,54],[-31,19],[-76,-86],[-100,-64],[-86,57],[266,195],[-64,167],[105,91],[15,43],[-36,22],[-6,76]],[[6208,6912],[20,-142],[100,-24],[95,-81],[71,-16],[68,29],[176,12],[89,26],[41,-185],[-31,-37],[216,-112],[385,-169],[93,14]],[[7140,5379],[-102,1],[-366,-74],[-100,16],[-212,-44]],[[6360,5278],[-139,78],[-171,147],[-114,44],[-157,36],[-89,60],[-81,-5],[-93,41],[-132,-1]],[[5384,5678],[-87,101],[-80,72]],[[5217,5851],[67,12],[89,39],[154,97],[133,73],[15,41],[90,114],[-15,10],[152,239],[18,92],[66,119],[20,161],[15,21],[76,-10],[52,43],[59,10]],[[9348,1576],[-32,88],[-84,111],[-33,25],[-89,3],[-60,66]],[[9050,1869],[20,21],[6,142],[-12,80],[-20,31],[66,77],[-30,71],[63,2]],[[9143,2293],[51,-39],[72,-21],[61,17],[32,-36],[68,-21],[64,13],[-1,-25],[100,51],[4,-154],[16,-158],[35,-133],[58,-123]],[[9703,1664],[-31,-4],[-65,-64],[-105,-27],[-13,57],[-141,-50]],[[7798,1037],[90,-92],[141,-216],[114,-109],[58,-97],[52,-136],[-118,-51],[-37,-35],[-39,50],[-62,-5],[-107,12],[-25,-53],[-51,-22],[-145,27],[-68,-11],[-24,32],[-83,33],[-138,-72],[-53,7],[41,-124],[21,-150],[-234,-2],[-137,-23],[-112,102],[-10,80],[-109,72],[-25,68],[18,26],[-102,123],[-52,-21],[-38,13],[-163,-21],[-10,72],[147,260],[-137,114],[-33,121],[-78,211],[-43,166],[-55,104],[0,153],[-227,48],[67,152],[-49,8],[22,92],[-6,132],[74,143]],[[6073,2218],[65,-32],[112,-104],[48,-14],[74,-127],[68,-32],[137,2],[160,27],[70,-101],[140,85]],[[6947,1922],[40,-40],[27,-191],[34,-47],[46,-17],[46,-76],[194,-91],[116,-19],[108,-99],[76,-142],[164,-163]],[[7680,4487],[-3,-75],[15,-139],[-41,-17],[-47,-77],[-105,-90],[-83,-37],[-113,-115]],[[7303,3937],[-18,45],[-149,96],[-97,45],[-106,71],[-75,10],[-109,81],[-80,86],[-79,50],[-64,7],[-63,73],[9,89],[45,69],[-22,251],[-46,158],[-89,210]],[[8457,3778],[266,-141],[266,-272]],[[8989,3365],[-142,-42],[-96,9],[-84,-44],[-20,-99],[-126,-15],[-99,7],[-35,-15],[45,-63],[0,-73],[27,-110],[-127,-68],[-41,-65],[3,-56],[-35,-31]],[[8259,2700],[-104,-22],[-19,73],[-126,-11],[-66,23],[-104,4],[-57,46],[-60,-63],[19,-115],[-29,-11],[-11,58],[-46,10],[-17,31],[-90,-11],[-39,30],[-45,69],[-80,9],[-13,48],[-56,-9],[-76,49]],[[7240,2908],[-22,75],[-48,91],[-7,53],[72,34],[55,51],[-6,37],[56,33],[99,-17],[21,-58],[62,58],[8,-35],[89,77],[-27,81],[-136,202],[-61,139],[-61,112],[-31,96]],[[8862,1968],[-46,-3],[-46,-88],[43,-30],[61,-106],[85,-32],[102,-59],[-43,-104],[-131,34],[-56,-9],[-15,-35],[-43,29],[-7,-36],[-99,37],[-117,-27],[-57,28],[-65,-6],[-13,-59],[-41,-28],[-30,-81],[-116,9],[-46,-20],[-40,79],[-61,62]],[[8081,1523],[24,52],[64,12],[119,73],[17,100],[25,58],[-18,88],[70,10],[29,115],[-8,198],[4,130],[-31,56]],[[8376,2415],[25,9],[46,-48],[151,-126],[-8,-61],[43,-20],[18,-52],[61,3],[21,-47],[40,-20],[49,-80],[40,-5]],[[7240,2908],[-22,-8],[-97,58]],[[7121,2958],[-52,88],[-84,17],[31,37],[-93,35],[-66,38],[-41,45],[-45,87],[8,30],[-87,9],[-86,-13],[-6,25],[-78,11],[-6,82],[-23,-14],[-154,66],[-15,-12]],[[6324,3489],[-40,51],[-20,66],[-80,126],[-27,0],[-23,94],[-46,25],[-9,38],[-50,62],[-116,72],[-127,23],[-185,376]],[[5601,4422],[-57,89],[-12,64],[-68,197],[-19,163],[11,123],[-8,138],[-34,84],[-64,52],[-13,90],[13,195],[34,61]],[[8989,3365],[38,-75],[47,24],[50,-2],[10,-53],[31,4]],[[9165,3263],[17,-94],[53,-70],[17,-110],[-47,-35],[0,-74],[-31,-38],[-1,-55],[-74,-19],[15,-152],[53,-54],[2,-101],[18,-107],[-44,-61]],[[9050,1869],[-52,56],[-93,46],[-43,-3]],[[8376,2415],[-52,129],[1,76],[-66,80]],[[9568,3708],[-133,-14],[-3,-98],[-55,-32],[17,-121],[-61,-50],[-44,17],[-57,-64],[-41,-20],[-26,-63]],[[1896,8820],[306,473],[50,56],[49,-24],[45,-54],[123,-6],[31,157],[-37,30],[24,56],[91,-3],[79,148],[-135,96],[-80,26],[118,118],[57,45],[123,61],[160,-220],[20,-38],[184,-114],[56,-47],[80,-15],[40,18],[91,-19],[10,-34],[96,-18],[51,-37],[31,-52],[36,-5],[86,-69],[58,-65],[20,-57],[-37,-58],[114,-76],[-10,-19],[124,-63],[124,-34],[257,-113],[240,-23],[23,-83],[43,-39],[23,-76]],[[4030,8056],[-4,16],[-147,21],[-79,-17],[-164,73],[-55,34],[-43,69],[-53,37],[-245,-116],[6,96],[-32,68],[18,18],[-196,119],[-106,-20],[-96,20],[-1,179],[-126,41],[-200,-6],[-236,20],[-375,112]],[[8259,2700],[-108,-126],[-22,17],[-66,-119],[-2,-68],[-116,-252],[-53,-71],[37,-19],[3,-47],[65,-42],[-30,-28],[6,-112],[60,-168],[24,-17],[13,-69],[-12,-59]],[[8058,1520],[5,-44],[-53,-77],[10,-29],[-36,-37],[20,-86],[-114,-50],[-37,-33],[28,-100],[-83,-27]],[[6947,1922],[242,65],[-26,25],[-3,100],[16,94],[-1,170],[-25,8],[-10,94],[14,134],[-50,213],[-81,102],[58,-10],[30,-28],[10,69]],[[5498,2800],[11,104],[-45,19],[58,99],[-42,73],[-126,60],[-86,67],[-24,50],[-144,18],[-14,44],[-58,31],[-52,56],[-84,-19],[-16,58],[48,38],[-41,94],[-21,143],[-14,188],[-25,59]],[[4823,3982],[131,-8],[91,-33],[133,5],[25,22],[40,120],[67,123],[291,211]],[[6324,3489],[59,-51],[-86,-41],[-58,-90],[-21,-123],[-61,-58],[-54,-31],[15,-62],[-72,-16],[-26,-25],[-115,-60],[-136,-46],[-109,-59],[-162,-27]],[[9703,1664],[61,-77],[73,-31],[62,-47],[51,-107],[36,-123],[13,-92],[-67,-222],[-159,-207],[-186,-125],[-148,23],[-41,92],[-4,120],[21,260],[-67,448]],[[6073,2218],[-51,14],[-69,61],[-123,55],[-84,20],[-33,42],[-55,-11],[-105,52],[-52,38],[8,88],[-31,141],[20,82]],[[4823,3982],[-40,116],[-41,15],[-273,229],[-81,62],[-73,19],[-127,103],[-146,78],[-197,-67],[-299,32],[-249,-51],[-88,8],[-232,66],[-248,-39],[-67,3],[-238,78],[-131,-11],[62,-78],[-51,3],[-53,64],[-156,-4],[-95,-90],[-52,-30],[-430,-158],[-340,-204],[-152,78],[-374,65],[-497,-166],[299,457],[84,406],[201,298],[58,702]],[[3247,6400],[76,35],[81,11],[224,98],[121,-54],[55,45],[109,22]],[[3913,6557],[224,-112],[199,-88],[176,-96],[181,-61],[152,-64],[115,-61],[197,-177],[60,-47]],[[5917,7667],[4,-102],[28,-41],[77,-46],[42,-114],[-18,-53],[66,-115],[58,-31],[68,-9],[43,-79],[-76,-99],[-1,-66]],[[3913,6557],[59,110],[17,80],[71,34],[19,46],[-56,16],[-42,58],[59,46],[217,84],[113,126],[52,108]],[[1060,8664],[86,177],[153,138],[87,24],[107,-85],[70,-73],[142,26],[191,-51]],[[8081,1523],[-3,1],[-20,-4]]],"bbox":[7.438838917868095,59.40787066412738,10.614573502497569,61.091719259374926],"transform":{"scale":[0.0003176052189848459,0.00016840169969472413],"translate":[7.438838917868095,59.40787066412738]},"title":"Buskerud (2019)","version":"2.0.1","copyright":"Copyright (c) 2022 Highsoft AS, Based on data from Kartverket","copyrightShort":"Kartverket","copyrightUrl":"http://www.kartverket.no"}