{"type":"Topology","objects":{"default":{"type":"GeometryCollection","geometries":[{"type":"MultiPolygon","arcs":[[[0,1,2,3,4,5,6,7,8,9,10]],[[11,12]]],"id":"NO.HO.1251","properties":{"hc-group":"admin2","hc-middle-x":0.55,"hc-middle-y":0.28,"hc-key":"no-ho-1251","hc-a2":"VA","name":"Vaksdal"}},{"type":"MultiPolygon","arcs":[[[13,14,15,16,17,18,19,20]],[[21,22,23,24,25,26]],[[27,28,29]]],"id":"NO.HO.1231","properties":{"hc-group":"admin2","hc-middle-x":0.51,"hc-middle-y":0.46,"hc-key":"no-ho-1231","hc-a2":"UL","name":"Ullensvang"}},{"type":"MultiPolygon","arcs":[[[30,31]],[[-28,32,33,34,35,36]],[[37,-27]]],"id":"NO.HO.1233","properties":{"hc-group":"admin2","hc-middle-x":0.28,"hc-middle-y":0.48,"hc-key":"no-ho-1233","hc-a2":"UL","name":"Ulvik"}},{"type":"Polygon","arcs":[[38,39,40,-21,41,42,43,44,45]],"id":"NO.HO.1227","properties":{"hc-group":"admin2","hc-middle-x":0.58,"hc-middle-y":0.4,"hc-key":"no-ho-1227","hc-a2":"JO","name":"Jondal"}},{"type":"Polygon","arcs":[[46,47,48,49,50,51,52,53,54,55,56,57,58,59,60,61,62,63]],"id":"NO.HO.1241","properties":{"hc-group":"admin2","hc-middle-x":0.6,"hc-middle-y":0.27,"hc-key":"no-ho-1241","hc-a2":"FU","name":"Fusa"}},{"type":"MultiPolygon","arcs":[[[64,-57,65]],[[66,15,67]],[[68,-40]],[[69,-46]],[[70,-54,71,-3,72,73]]],"id":"NO.HO.1238","properties":{"hc-group":"admin2","hc-middle-x":0.32,"hc-middle-y":0.33,"hc-key":"no-ho-1238","hc-a2":"KV","name":"Kvam"}},{"type":"Polygon","arcs":[[74,75,76,77,-11]],"id":"NO.HO.1252","properties":{"hc-group":"admin2","hc-middle-x":0.51,"hc-middle-y":0.51,"hc-key":"no-ho-1252","hc-a2":"MO","name":"Modalen"}},{"type":"MultiPolygon","arcs":[[[78,79,80,81,82]],[[-50,83,84]],[[85,-48]],[[86,-64]],[[87,-62]],[[88,89]]],"id":"NO.HO.1243","properties":{"hc-group":"admin2","hc-middle-x":0.39,"hc-middle-y":0.61,"hc-key":"no-ho-1243","hc-a2":"OS","name":"Os"}},{"type":"MultiPolygon","arcs":[[[90,91,92]],[[93,94]]],"id":"NO.HO.1245","properties":{"hc-group":"admin2","hc-middle-y":0.69,"hc-key":"no-ho-1245","hc-a2":"SU","name":"Sund"}},{"type":"MultiPolygon","arcs":[[[-93,95,96,97,98,99,100,101,102,103,-5,104,-82,105]],[[106,107]]],"id":"NO.HO.1201","properties":{"hc-group":"admin2","hc-middle-x":0.35,"hc-middle-y":0.56,"hc-key":"no-ho-1201","hc-a2":"BE","name":"Bergen"}},{"type":"MultiPolygon","arcs":[[[108,109,-98]],[[-92,110,-96]],[[111,-95]]],"id":"NO.HO.1246","properties":{"hc-group":"admin2","hc-middle-x":0.26,"hc-middle-y":0.49,"hc-key":"no-ho-1246","hc-a2":"FJ","name":"Fjell"}},{"type":"MultiPolygon","arcs":[[[112,-89]],[[113]],[[114]],[[115]]],"id":"NO.HO.1244","properties":{"hc-group":"admin2","hc-middle-x":0.85,"hc-middle-y":0.61,"hc-key":"no-ho-1244","hc-a2":"AU","name":"Austevoll"}},{"type":"MultiPolygon","arcs":[[[-83,-105,-4,-72,-53,116]],[[-85,117,-51]],[[118,-80]]],"id":"NO.HO.1242","properties":{"hc-group":"admin2","hc-middle-x":0.52,"hc-middle-y":0.53,"hc-key":"no-ho-1242","hc-a2":"SA","name":"Samnanger"}},{"type":"MultiPolygon","arcs":[[[119,120,121,122,123,-13,124,-108,125,126]],[[127,-9]],[[128,-7]]],"id":"NO.HO.1253","properties":{"hc-group":"admin2","hc-middle-x":0.52,"hc-middle-y":0.68,"hc-key":"no-ho-1253","hc-a2":"OS","name":"Osterøy"}},{"type":"MultiPolygon","arcs":[[[129,130,131,132,133,134]],[[135,136,137]],[[138,139]]],"id":"NO.HO.1222","properties":{"hc-group":"admin2","hc-middle-x":0.38,"hc-middle-y":0.48,"hc-key":"no-ho-1222","hc-a2":"FI","name":"Fitjar"}},{"type":"MultiPolygon","arcs":[[[140,-132,141]],[[142,-135,143]],[[144,145]],[[146,147]],[[148]]],"id":"NO.HO.1219","properties":{"hc-group":"admin2","hc-middle-x":0.28,"hc-middle-y":0.22,"hc-key":"no-ho-1219","hc-a2":"BØ","name":"Bømlo"}},{"type":"MultiPolygon","arcs":[[[149,-44]],[[150,151]],[[152,153]],[[154,155,156,157,158,159,-42,-20,160,161,162]],[[163,-59,164]]],"id":"NO.HO.1224","properties":{"hc-group":"admin2","hc-middle-x":0.52,"hc-middle-y":0.59,"hc-key":"no-ho-1224","hc-a2":"KV","name":"Kvinnherad"}},{"type":"MultiPolygon","arcs":[[[-154,165,-152,166,-162,167,168]],[[169,-155]]],"id":"NO.HO.1211","properties":{"hc-group":"admin2","hc-middle-x":0.3,"hc-middle-y":0.82,"hc-key":"no-ho-1211","hc-a2":"ET","name":"Etne"}},{"type":"MultiPolygon","arcs":[[[-137,170,-139,171,172]],[[-164,173,-60]],[[174,-159]]],"id":"NO.HO.1223","properties":{"hc-group":"admin2","hc-middle-x":0.4,"hc-middle-y":0.45,"hc-key":"no-ho-1223","hc-a2":"TY","name":"Tysnes"}},{"type":"Polygon","arcs":[[175,176,177,-148,178,-146]],"id":"NO.HO.1216","properties":{"hc-group":"admin2","hc-middle-x":0.47,"hc-middle-y":0.67,"hc-key":"no-ho-1216","hc-a2":"SV","name":"Sveio"}},{"type":"MultiPolygon","arcs":[[[179,-17,-16]],[[180,-74,181,-33,-30]]],"id":"NO.HO.1234","properties":{"hc-group":"admin2","hc-middle-x":0.64,"hc-middle-y":0.39,"hc-key":"no-ho-1234","hc-a2":"GR","name":"Granvin"}},{"type":"MultiPolygon","arcs":[[[-110,182,-99]],[[183,-103]],[[184,-101]],[[185]]],"id":"NO.HO.1247","properties":{"hc-group":"admin2","hc-middle-x":0.49,"hc-middle-y":0.48,"hc-key":"no-ho-1247","hc-a2":"AS","name":"Askøy"}},{"type":"Polygon","arcs":[[186,-32,187,-36,188,-23]],"id":"NO.HO.1232","properties":{"hc-group":"admin2","hc-middle-x":0.57,"hc-middle-y":0.39,"hc-key":"no-ho-1232","hc-a2":"EI","name":"Eidfjord"}},{"type":"MultiPolygon","arcs":[[[-144,-134,189]],[[-173,190,-138]],[[191,-157]],[[192,-177]],[[193]]],"id":"NO.HO.1221","properties":{"hc-group":"admin2","hc-middle-x":0.29,"hc-middle-y":0.59,"hc-key":"no-ho-1221","hc-a2":"ST","name":"Stord"}},{"type":"MultiPolygon","arcs":[[[194,195]],[[196,-123]],[[197,-121]],[[198,-127]],[[199,200,201,202,-76,203,204]]],"id":"NO.HO.1263","properties":{"hc-group":"admin2","hc-middle-x":0.3,"hc-middle-y":0.49,"hc-key":"no-ho-1263","hc-a2":"LI","name":"Lindås"}},{"type":"Polygon","arcs":[[205,-196,206,-77,-203]],"id":"NO.HO.1266","properties":{"hc-group":"admin2","hc-middle-x":0.7,"hc-middle-y":0.28,"hc-key":"no-ho-1266","hc-a2":"MA","name":"Masfjorden"}},{"type":"Polygon","arcs":[[207,-25,208,-168,-161,-19]],"id":"NO.HO.1228","properties":{"hc-group":"admin2","hc-middle-x":0.47,"hc-middle-y":0.48,"hc-key":"no-ho-1228","hc-a2":"OD","name":"Odda"}},{"type":"Polygon","arcs":[[209,-34,-182,-73,-2]],"id":"NO.HO.1235","properties":{"hc-group":"admin2","hc-key":"no-ho-1235","hc-a2":"VO","name":"Voss"}},{"type":"MultiPolygon","arcs":[[[210]],[[211]]],"id":"NO.HO.1259","properties":{"hc-group":"admin2","hc-middle-x":0.28,"hc-middle-y":0.32,"hc-key":"no-ho-1259","hc-a2":"ØY","name":"Øygarden"}},{"type":"Polygon","arcs":[[212,-205]],"id":"NO.HO.1260","properties":{"hc-group":"admin2","hc-middle-x":0.25,"hc-middle-y":0.14,"hc-key":"no-ho-1260","hc-a2":"RA","name":"Radøy"}},{"type":"Polygon","arcs":[[213]],"id":"NO.HO.1265","properties":{"hc-group":"admin2","hc-middle-x":0.52,"hc-middle-y":0.49,"hc-key":"no-ho-1265","hc-a2":"FE","name":"Fedje"}},{"type":"Polygon","arcs":[[214,-201]],"id":"NO.HO.1264","properties":{"hc-group":"admin2","hc-middle-x":0.32,"hc-middle-y":0.07,"hc-key":"no-ho-1264","hc-a2":"AU","name":"Austrheim"}}],"hc-recommended-transform":{"default":{"crs":"+proj=utm +zone=32 +datum=WGS84 +units=m +no_defs","scale":0.00408124442483,"jsonres":15.5,"jsonmarginX":-999,"jsonmarginY":9851,"xoffset":265204.407085,"yoffset":6770382.50627}}}},"arcs":[[[5005,9219],[171,-125],[137,-86]],[[5313,9008],[-67,-168],[99,-90],[-17,-74],[8,-85],[-39,-6],[4,42],[-48,-2],[-123,-85],[-82,-30],[-3,-56],[-35,-59],[49,-121],[-72,17],[-63,120],[-54,-92],[-185,-57],[-41,9],[-12,-58],[-70,-101],[-62,2],[15,-80],[-31,-76],[-26,2],[-97,149],[-3,59],[-60,2],[-36,-56],[-193,-48],[-66,-86],[-19,-187],[-60,-155],[-59,-70],[-48,-1],[-7,-143],[77,-27],[128,14],[-29,-48],[14,-145],[85,-77],[54,-9],[86,-83],[79,47],[143,16],[48,-16],[71,41],[4,-193],[-10,-33],[17,-109],[-23,-19],[19,-58]],[[4573,6725],[-108,-20],[-55,-63],[-91,-14],[-34,-41]],[[4285,6587],[-56,36],[-28,53],[-161,61],[-56,-98],[-56,-66],[-10,-124],[-136,-95],[-120,-24],[-32,-25],[-4,-59],[-68,28],[-91,-39],[0,-36],[-182,-45]],[[3285,6154],[-66,43],[-51,4]],[[3168,6201],[-4,31],[56,55],[83,41]],[[3303,6328],[34,-19],[61,26],[7,131],[-42,300],[-6,-1]],[[3357,6765],[-4,204],[12,259],[35,233],[70,110],[-64,70],[8,118],[79,206],[-71,-74],[-64,-25],[-139,8]],[[3219,7874],[-11,18]],[[3208,7892],[-4,28],[66,184]],[[3270,8104],[36,16],[24,-101],[26,-16],[82,19],[30,112],[93,48],[18,54],[102,139],[40,25],[56,107],[79,60],[40,-57],[65,36],[105,17],[70,-31],[75,72],[42,61],[31,-24],[78,19],[76,64],[99,104],[51,14],[48,75],[77,63],[46,87],[65,4],[81,121],[100,27]],[[3206,7780],[83,-81],[0,-416],[-6,-101],[-39,-316],[1,-78]],[[3245,6788],[-88,27],[-49,-12],[-105,166],[-41,80],[67,54],[35,-29],[52,49],[98,33],[32,44],[-8,127],[-82,7],[-64,102],[48,93],[28,8],[32,86],[-51,41],[57,116]],[[5570,5776],[115,36],[79,42],[98,161]],[[5862,6015],[130,113]],[[5992,6128],[0,-1]],[[5992,6127],[2,1]],[[5994,6128],[85,16],[120,-14],[217,-100],[-159,-338],[-66,-211],[21,-154],[-35,-83],[-101,-138],[-21,-65],[-29,-489],[-5,-42]],[[6021,4510],[-32,102],[-151,23]],[[5838,4635],[31,64]],[[5869,4699],[-70,137],[-55,43],[2,54],[-36,19],[-2,86],[26,29],[86,15],[-62,121],[-77,57],[76,82],[135,-72],[78,-20],[-57,77],[-4,37],[140,94],[3,131],[-170,6],[-27,-90],[-48,60],[-50,-10],[-83,113],[-97,4],[-7,104]],[[7017,6411],[94,25]],[[7111,6436],[-24,-169],[74,-51],[66,8],[28,-96],[62,-107],[137,-3],[174,16],[91,-49],[-60,-134],[7,-40],[-26,-56],[-107,-37],[6,-124],[316,-12],[54,50],[69,-7],[26,-91],[-23,-64],[-38,-36],[48,-56],[54,-139],[161,-109],[163,-25],[27,-26],[8,-109],[-99,41],[-82,-8],[-83,23],[6,-102],[42,-59],[-59,-100],[69,-119],[137,-45],[40,-219],[-47,-165],[352,-57],[133,-4],[254,-67],[44,-46],[87,-50]],[[9198,3993],[-149,-266],[-20,-244],[-197,-124]],[[8832,3359],[-140,59],[-259,-56],[-81,6],[-185,89],[-198,59],[-110,102],[66,48],[-127,299],[-261,88],[-80,-13],[-35,18],[-107,-27],[-584,485],[-35,-33],[-172,6],[-248,-75],[-119,-10],[-7,50],[-60,31]],[[6090,4485],[23,47],[100,269],[8,152],[-31,154],[82,144],[111,401],[77,160],[58,52],[99,58],[45,65],[108,236],[51,71],[119,93]],[[6940,6387],[12,-23],[65,47]],[[6779,6472],[19,14],[101,2]],[[6899,6488],[-50,-16],[-119,-90],[-202,-220],[-146,-38],[-80,17],[-42,74]],[[6260,6215],[42,-1],[42,90],[10,65],[39,16],[14,-33],[73,2],[34,-29],[123,35],[60,78],[82,34]],[[7132,6442],[214,58]],[[7346,6500],[-25,-48],[-114,-31],[-75,21]],[[6779,6472],[91,119],[111,68],[-1,129],[20,40],[36,230],[-59,88],[100,26],[-44,34],[-43,72],[86,66],[-18,40]],[[7058,7384],[50,32],[14,140],[23,36],[-82,93],[212,35],[50,-14],[55,154],[37,-29],[10,98],[50,100],[3,78],[69,4]],[[7549,8111],[3,-139],[28,-20],[58,17],[42,-53],[229,-12],[118,-102],[118,-4],[52,60],[138,-1],[303,-71],[54,-27],[446,-67],[-101,-100],[352,-16],[294,-157],[-46,-236],[58,-235],[111,-142],[193,-105]],[[9999,6701],[-444,110],[-487,56],[-546,290],[-70,-31],[-111,-8],[-21,-154],[7,-109],[-39,-53],[-166,-1],[-284,-76],[-160,10],[-135,-67],[-1,-34],[-71,-31]],[[7471,6603],[-202,1],[1,40],[80,37],[24,98],[99,39],[180,312],[-96,10],[-124,-93],[-121,-141],[-85,-127],[-104,-192],[-53,-46],[-171,-53]],[[6940,6387],[8,5],[69,19]],[[5014,5194],[1,2],[-39,86]],[[4976,5282],[1,1]],[[4977,5283],[186,53],[61,34],[106,156],[78,31],[25,105],[36,58],[101,56]],[[5869,4699],[-194,52],[-122,-35],[-17,9],[-89,-73],[-17,36],[-64,24],[-87,-22],[-48,4],[-207,-238],[-72,-151],[26,-8],[13,-65],[-38,-80]],[[4953,4152],[-39,-22]],[[4914,4130],[-77,-22],[-156,61],[-14,29]],[[4667,4198],[0,22],[-76,221],[-31,191],[222,110],[53,100]],[[4835,4842],[22,-3],[170,331],[-13,24]],[[2918,4996],[1,5],[4,5]],[[2923,5006],[58,67]],[[2981,5073],[2,1]],[[2983,5074],[79,51],[29,68]],[[3091,5193],[39,188]],[[3130,5381],[4,7]],[[3134,5388],[82,-6],[75,98],[20,-40],[92,9],[30,51],[30,110],[78,-44],[-1,-125],[21,-12],[49,41],[29,-27],[133,26],[28,-17],[214,-5]],[[4014,5447],[78,-52],[89,-149],[-5,-203],[-40,-42],[-57,-192],[-52,-93],[30,-77],[-105,-64],[-108,-114],[15,-55]],[[3859,4406],[-32,-86],[17,-146]],[[3844,4174],[4,-88]],[[3848,4086],[21,-33]],[[3869,4053],[15,-69]],[[3884,3984],[-30,-55],[-116,-150],[-3,-30],[-69,-131],[-56,-36],[-49,30],[-37,-36],[-22,60],[-60,29],[-87,-58]],[[3355,3607],[-11,55],[12,115]],[[3356,3777],[91,-31],[68,1],[63,33],[49,71],[22,114],[-134,0],[-46,-74],[-70,7],[-37,91],[-31,37],[83,92],[11,91],[-77,179],[8,102],[55,67],[216,112],[0,45],[-107,-7],[-129,-49],[-124,-75],[-90,-92],[-10,-129],[-43,-55],[-67,15],[-78,-74],[-67,18],[-62,59],[-34,78],[54,28],[46,62],[13,72],[-38,47]],[[2891,4612],[13,59]],[[2904,4671],[98,10],[230,135],[125,32],[-1,41],[-274,-9],[-86,-31],[95,131],[36,73],[-17,55],[-60,-3],[-98,-171]],[[2952,4934],[-31,39],[-3,23]],[[3844,4174],[25,-121]],[[3848,4086],[-10,48],[6,40]],[[5862,6015],[23,39],[79,69],[28,5]],[[5992,6127],[-130,-112]],[[4976,5282],[0,1],[1,0]],[[4835,4842],[74,177],[92,116],[13,59]],[[5930,6236],[-31,-6],[-182,-87],[-100,-21],[-86,-39],[-167,-181],[-75,-50],[-87,6],[-79,55],[-69,91],[-56,118],[-43,216],[-21,43],[-37,0],[5,-140],[107,-277],[96,-117],[-5,-56],[-46,-33],[-109,61],[-88,-63],[-107,-3],[-45,-33],[50,-39],[178,-44],[-29,-98],[-94,-120],[-36,-93],[67,-131],[-29,-119],[-39,-85],[-49,-49],[-64,-10],[-70,36],[-154,121],[-68,18],[-66,-48],[-35,-93],[-55,-213],[-114,-170],[-90,-180],[-55,-18],[-94,21]],[[4014,5447],[60,54],[19,93],[-57,194],[7,179],[22,74],[59,87],[48,161],[56,55],[54,167],[3,76]],[[4573,6725],[36,-47],[157,47],[80,38],[96,-43],[53,3],[12,47],[102,-13],[19,25],[48,-46],[-25,-32],[19,-82],[29,-31],[182,-1],[151,37],[42,-112],[-9,-27],[63,-37],[1,-73],[28,-21],[125,70],[42,-65],[73,10],[59,40]],[[5956,6412],[83,-59],[-38,-53],[-74,-21],[3,-43]],[[3270,8104],[44,80],[-64,36],[-51,-92]],[[3199,8128],[-33,103],[44,19],[35,117],[35,69],[80,91],[13,98],[-15,66],[8,111],[-22,22]],[[3344,8824],[94,97],[31,-19],[103,92],[23,40],[9,-51],[29,5],[86,88],[37,155],[40,44],[39,3],[37,186]],[[3872,9464],[68,-1],[48,188],[93,199],[42,-19],[166,91],[82,77],[104,-48],[89,-181],[57,-40],[105,-20],[78,-42],[-28,-77],[-16,-213],[68,-105],[177,-54]],[[2951,5356],[-2,-7],[-4,-25]],[[2945,5324],[-29,-40],[7,-76]],[[2923,5208],[-26,-41],[-126,-334],[-10,-80],[-34,-25],[-136,-168],[-120,-96],[-37,-61],[-32,-153],[-25,-48],[-75,86],[-115,71],[67,44],[0,47],[-171,77],[-53,55],[68,94],[89,38],[-1,39],[-61,18]],[[2125,4771],[54,30],[52,-20],[85,128],[99,52],[5,-35],[53,77],[27,1],[62,58],[82,149],[97,-58],[20,47],[-5,64],[59,82],[1,50],[44,54],[64,23]],[[2924,5473],[30,-9],[-3,-108]],[[2983,5074],[18,14],[48,120]],[[3049,5208],[2,0],[40,-15]],[[2923,5006],[35,51],[23,16]],[[2952,4934],[-44,-46],[10,108]],[[2891,4612],[-8,57],[21,2]],[[1979,4291],[-3,6]],[[1976,4297],[-15,51],[69,38],[78,106],[68,-75],[-31,-138],[-29,-29],[-91,94],[-46,-53]],[[1649,5133],[-57,14],[-27,32],[4,113]],[[1569,5292],[49,-38],[37,-39]],[[1655,5215],[-6,-82]],[[1265,5085],[91,-113],[32,-141],[11,-186],[-28,-62],[-62,-11],[-89,29],[-10,96],[-25,103],[-35,85],[-42,47],[-19,-157],[-79,29],[-94,116],[-55,100],[-40,171],[19,37],[175,35]],[[1015,5263],[36,-42],[-14,-73],[78,-127],[54,-32],[46,52],[52,14],[-2,30]],[[1655,5215],[44,206],[-4,7]],[[1695,5428],[87,-10],[-55,77],[-42,35],[-87,14]],[[1598,5544],[-11,167],[4,97]],[[1591,5808],[66,42]],[[1657,5850],[246,-8],[106,57],[-72,75]],[[1937,5974],[15,9],[-72,236]],[[1880,6219],[16,31],[-54,93]],[[1842,6343],[-12,39],[-14,117]],[[1816,6499],[136,211],[84,38],[99,-90],[95,-123],[106,-87],[169,-227],[90,-71],[169,-93],[149,-36],[147,15],[118,86],[-10,79]],[[3285,6154],[1,-63],[-102,-47],[-43,-101],[-117,-36],[-91,-126],[27,-19],[-13,-104],[23,-33],[2,-74],[-48,-78]],[[2125,4771],[-40,11],[-230,-92],[-92,23],[245,245],[42,106],[-110,-5],[-291,74]],[[2719,6157],[-39,5],[-52,47],[-44,69]],[[2584,6278],[61,-74],[74,-47]],[[1598,5544],[-83,20],[-21,49],[19,107],[74,94]],[[1587,5814],[4,-6]],[[1569,5292],[23,102],[35,32],[68,2]],[[1015,5263],[42,-8],[50,-60],[46,175],[-54,-37],[-162,161],[-34,226],[37,103],[-41,87],[-49,209],[14,57],[64,30],[45,-46],[66,-235],[225,-336],[76,-176],[12,-141],[-48,-81],[-107,4],[27,-70],[41,-40]],[[1979,4291],[-1,-3],[-2,9]],[[1496,3141],[-62,14],[-74,107],[-8,46],[29,36],[92,62],[67,19],[76,44],[55,-17],[72,-174],[-49,-71],[-163,-44],[-35,-22]],[[1948,3440],[-34,-113],[-50,-11],[-26,71],[-89,27],[-47,48],[-21,115],[-79,78],[-4,51],[25,91],[77,129],[44,-172],[23,-123],[26,-11],[49,70],[-59,101],[-25,117],[-19,21],[-35,118],[2,65],[40,7],[100,-127],[38,-148],[43,53],[56,-61],[33,-151],[-9,-149],[-59,-96]],[[1164,4224],[104,48],[53,-4],[-4,-89],[-88,-37],[22,-66],[-93,32],[6,116]],[[3134,5388],[65,203],[23,45],[54,47],[116,53],[44,54],[14,84],[-61,-17],[-98,-89],[-91,-58],[-68,-121],[-22,131],[-53,-88],[-59,-133],[-47,-143]],[[3049,5208],[75,163],[6,10]],[[2945,5324],[-16,-108],[-6,-8]],[[2104,6873],[34,23]],[[2138,6896],[7,4]],[[2145,6900],[154,7],[76,31],[83,127],[134,105],[153,77],[70,73],[87,49],[47,72]],[[2949,7441],[85,156],[-20,36],[41,60],[-38,66]],[[3017,7759],[103,42],[86,-21]],[[3245,6788],[23,-340],[-18,-56],[-42,-18],[-87,7],[-40,-27],[-50,-148],[-262,-57],[-50,8]],[[2584,6278],[-45,73],[-78,65],[-139,228],[-222,218]],[[2100,6862],[4,11]],[[3219,7874],[-8,0],[-3,18]],[[3303,6328],[54,53],[19,85],[0,94],[-19,205]],[[2002,2263],[-8,29]],[[1994,2292],[-13,82]],[[1981,2374],[-12,2]],[[1969,2376],[-40,97],[-56,83],[18,131],[-38,91],[123,183],[32,85],[-72,55],[94,115],[72,-7],[62,-80],[142,-40],[107,-124],[83,-174],[34,-88]],[[2530,2703],[-44,-78],[-45,-44],[15,-28],[-40,-24],[-36,-162],[-45,-65],[-69,26],[-84,-63],[-11,-131],[-86,-7]],[[2085,2127],[-53,86],[-30,50]],[[2634,2852],[-6,56]],[[2628,2908],[42,-38]],[[2670,2870],[-36,-18]],[[2285,3175],[167,-121]],[[2452,3054],[-74,34],[-93,87]],[[1994,2292],[-25,84]],[[1981,2374],[10,-68],[3,-14]],[[2114,1956],[-51,54],[-61,253]],[[2085,2127],[29,-171]],[[2384,1367],[83,121],[51,58]],[[2518,1546],[-134,-179]],[[1647,252],[-6,-1],[7,18]],[[1648,269],[-1,-17]],[[1541,741],[-101,190],[-29,94],[-12,105],[16,214],[48,168],[79,149],[107,151],[-142,-7],[-65,28],[-21,110],[-44,-74],[-51,-34],[-44,26],[-18,105],[18,76],[70,94],[4,117],[65,-48],[32,75],[59,-27],[-24,85],[-112,178],[77,42],[84,-3],[19,-93],[28,-64],[85,-105],[85,-45],[23,-124],[108,-30],[64,-158],[45,-87],[80,-78],[55,-198],[35,-73],[-115,-128],[-63,-42],[-68,-4],[1,43],[35,11],[96,77],[-25,97],[-15,115],[-28,87],[-64,12],[12,-108],[-43,-7],[-63,56],[-51,81],[-49,-13],[-55,-53],[-13,-55],[13,-144],[-20,-72],[-91,-129],[-20,-82],[20,-93],[48,42],[59,89],[51,45],[-67,-175],[44,-143],[-24,-75],[25,-45],[-52,-82],[-101,-64]],[[4914,4130],[-52,-33],[-122,-40],[-80,-9],[7,150]],[[4479,1758],[358,291]],[[4837,2049],[11,-19],[-91,-47],[-160,-230],[-118,5]],[[3964,1801],[3,31],[32,18]],[[3999,1850],[-35,-49]],[[4219,1819],[-113,141],[-8,-1]],[[4098,1959],[1,84],[70,75],[19,65],[-13,158],[5,60],[32,68],[-73,-35],[-40,-91],[-20,-121],[-4,-127],[-42,-73],[-96,-65],[-106,-45],[-69,-13],[-74,38],[-62,71],[-101,176],[-79,78],[-67,18],[-25,42],[47,146],[-132,-125],[-71,-10],[-33,68]],[[3165,2401],[-2,25]],[[3163,2426],[69,9],[86,41],[153,128],[-9,161]],[[3462,2765],[34,60]],[[3496,2825],[70,90],[154,89],[134,41],[346,36],[39,64],[18,94],[-114,105],[204,384],[289,221],[633,191],[1,48],[-81,-10],[-16,65],[5,91],[-21,69],[-31,-9],[-87,-97],[-66,-133],[-20,-12]],[[5838,4635],[-32,-65],[93,-121],[-51,-364],[-50,-72],[-201,-232],[-192,-304]],[[5405,3477],[-76,-151],[-27,-213],[-22,-70],[-105,-165],[-15,-74],[-101,59],[-45,-37],[45,-60],[-46,-86],[-10,-57],[-206,-129],[-54,-7],[-29,-53],[6,-62],[38,-60],[-35,-36],[2,-69],[46,-64]],[[4771,2143],[-57,-36],[-278,-256],[-115,-40],[-102,8]],[[3394,3379],[-27,63],[13,86],[-25,79]],[[3884,3984],[12,-63],[3,-235],[-58,-174],[-103,-102],[-133,-18],[22,91],[-62,27],[-51,-210],[-55,24],[-65,55]],[[3999,1850],[28,-15],[70,-111],[170,-59],[172,61],[40,32]],[[4837,2049],[59,64],[68,25],[57,115],[251,82],[65,90],[-221,-69],[-345,-213]],[[5405,3477],[300,-237],[108,-168],[72,-48],[46,-75],[25,-81],[-24,-44],[46,-72],[-9,-152],[26,-25],[44,-218],[-1,-38]],[[6038,2319],[-126,-111],[-147,-90],[-54,-106],[-320,-53],[-9,-60],[-75,-31],[-25,-67],[-69,-108],[-13,-65],[-5,-172],[-143,-72],[10,-52],[-31,-46],[-17,-134],[-46,-96],[-17,21],[-52,-188],[35,-55],[-19,-129],[-213,-5],[-95,63],[-99,20],[-55,-46],[-112,27],[-12,-65],[-115,-39],[0,119],[-21,22],[-128,57],[-56,-13],[-25,24],[-26,90],[-189,38],[-37,58],[5,49],[-91,-15],[-55,38],[31,29],[102,16],[195,-21],[0,135],[-298,-106],[-51,9],[-24,206],[103,106],[55,121],[199,40],[60,67],[1,72]],[[4219,1819],[-85,40],[-36,100]],[[2628,2908],[-15,155],[-16,59],[-34,-14],[-40,-63],[-71,9]],[[2285,3175],[-31,42],[-35,113],[44,46],[244,16],[13,29],[-45,146],[15,56],[57,76],[74,-42],[94,89],[214,40],[54,-42],[53,86],[119,44],[33,-9],[11,-79],[1,-318],[-26,-103],[-155,-248],[2,-75],[53,-76],[58,-148],[-57,-28],[-101,74],[-66,2],[-143,-136],[-22,-6]],[[2743,2724],[-73,146]],[[3394,3379],[-44,38],[-37,139],[-44,58],[23,136],[36,37],[28,-10]],[[3462,2765],[0,17],[34,43]],[[2518,1546],[89,99]],[[2607,1645],[26,16]],[[2633,1661],[-20,-73],[67,-87],[12,-112],[-4,-134],[-22,-136],[-57,-188],[28,-218],[-11,-113],[-78,-62],[-36,-88],[-89,0],[-23,-22],[-30,-135],[1,-76],[29,-33],[80,87],[212,96],[34,39],[35,93],[34,147],[10,138],[-45,60],[-10,65],[35,146],[34,96],[-21,-255],[43,-323],[-102,-154],[-31,-122],[-47,-34],[-78,26],[-41,-37],[6,-108],[-92,-7],[-146,-41],[39,-44],[-91,6],[-10,66],[-53,-28],[-7,-38],[-132,-58],[-72,76],[-98,51],[-56,56],[-29,-4],[-154,73]],[[1648,269],[85,56],[96,-6],[-1,39],[-134,48],[0,44],[68,35],[51,51],[172,264],[45,175],[57,65],[75,60],[76,32],[61,-21],[24,-73],[28,-208],[37,-70],[8,107],[41,88],[-3,68],[-31,88],[-53,73],[-6,58],[40,125]],[[5992,6128],[2,0]],[[6260,6215],[31,129],[234,226],[70,118],[-155,-38],[-282,-321],[-158,-79],[-70,-14]],[[5956,6412],[100,105],[131,0],[66,188],[65,28],[-23,69],[49,42],[23,114],[32,9],[-41,93],[-53,26],[64,106],[33,110],[14,109],[40,55],[78,11],[51,-28],[103,13],[106,-6],[-15,-29],[46,-16],[48,27],[69,-37],[42,24],[74,-41]],[[1587,5814],[29,38],[41,-2]],[[1842,6343],[-32,55],[6,101]],[[1937,5974],[-84,149],[27,96]],[[1119,6714],[406,-138],[145,-195],[34,-141],[-1,-111],[-40,-83],[-171,-109],[-50,3],[-22,69],[-8,96],[12,47],[44,54],[-177,76],[-48,60],[46,40],[-1,43],[-48,-8],[-32,163],[-32,28],[-125,-51],[-50,49],[-42,116],[-56,229],[70,-45],[146,-192]],[[7111,6436],[21,6]],[[7346,6500],[60,17],[297,-93],[152,10],[89,169],[-473,0]],[[9999,6701],[-125,-607],[-67,-847],[-210,-322],[-87,-439],[-312,-493]],[[2530,2703],[38,-99],[69,-135],[11,-240],[18,-130],[-53,-100],[-196,-185],[-106,-2],[-87,34],[-16,52],[39,16],[97,-21],[22,49],[-15,53],[-79,36],[-38,-79],[-46,-18],[-74,22]],[[2743,2724],[-44,-11],[-62,106],[-3,33]],[[3165,2401],[-13,24],[11,1]],[[2607,1645],[30,35],[-4,-19]],[[3001,2509],[53,-92],[-55,-85],[-5,-99],[-21,-46],[-62,5],[-18,121],[-28,33],[-20,93],[7,42],[113,64],[36,-36]],[[2341,7900],[-57,32],[-42,72]],[[2242,8004],[99,-104]],[[2949,7441],[12,39],[13,219],[43,60]],[[2138,6896],[6,4],[1,0]],[[2100,6862],[-4,5],[8,6]],[[1401,7598],[36,-4],[110,-72],[217,-217],[17,39],[-218,313],[-252,265],[54,1],[148,-49],[-68,131],[-101,31],[-111,11],[-104,87]],[[1129,8134],[-14,41],[66,35],[-162,167],[-23,65],[23,15],[75,-63],[40,43]],[[1134,8437],[83,-82],[174,-33],[130,-148],[91,-58],[339,-127],[79,-63],[0,-91],[20,-140],[53,-132],[71,-96],[80,-30],[-51,62],[-17,113],[71,-56],[128,-136],[71,-28],[-52,93],[-90,105],[-64,95],[26,62],[49,-22],[107,-114],[24,0],[-9,70],[-68,96],[8,98]],[[2387,7875],[83,47],[37,-22],[84,40],[28,49],[31,1],[7,121],[-64,101],[60,10],[-49,67],[-5,76],[80,56],[33,52],[169,-61],[137,162],[28,57],[100,41],[95,129],[16,-25],[87,48]],[[3199,8128],[-42,-105],[-91,-76],[-93,-113],[-45,-11],[-145,11],[-34,-69],[42,-303],[-31,-70],[-72,-10],[-202,-80],[-232,-220],[-237,-126],[-83,-10],[-80,27],[-91,69],[-85,97]],[[1678,7139],[42,59],[-58,146],[-222,185],[-39,69]],[[2387,7875],[-46,25]],[[2242,8004],[-20,112],[-25,20],[-148,-1],[-84,20],[-90,81],[-59,23],[-10,78],[90,106],[69,44],[148,42],[74,46],[-45,170],[60,85],[244,105],[167,-50],[96,30],[85,61],[-99,10],[-88,47],[-30,74],[83,89],[-80,-17],[-237,-162],[-167,-27],[-72,-63],[-30,-151],[-79,-140],[-176,-36],[-171,68],[-66,173],[-11,-152],[-49,-103],[-60,-18],[-14,87],[45,76],[-27,143],[71,45],[44,100],[-26,63],[16,50],[42,38],[64,17],[99,111],[42,-16],[123,32],[42,48],[-32,35],[79,6],[28,-37],[-5,-50],[63,-107],[70,19],[48,-24],[80,18],[97,89],[135,43],[55,-4],[19,-79],[54,10],[99,49],[78,73],[84,104],[132,121],[96,15],[63,-105],[124,-45],[28,65],[50,37],[227,85],[35,-57],[158,-157],[24,-2]],[[6021,4510],[-33,-283],[0,-161],[22,-188],[23,-1],[1,349],[17,185],[39,74]],[[8832,3359],[-79,-25],[-107,-65],[-114,16],[-72,-40],[-14,-40],[-86,-84],[-212,-381],[-70,-148],[37,-70],[-55,-101],[44,-51],[11,-111],[-52,-38],[11,-68],[-162,-186],[-391,-69],[-198,-125],[-331,-192],[-138,-93],[-8,-36],[-108,-17],[-95,-39],[-171,51],[-18,105],[56,155],[3,36],[66,138],[-39,78],[28,215],[22,50],[-25,49],[-96,90],[-29,-24],[-149,-49],[-108,-9],[-23,34],[-80,37],[-42,-33]],[[5313,9008],[141,150],[129,162],[89,-37],[85,-4],[69,61],[60,95],[70,-18],[20,-107],[23,-38],[-45,-79],[75,-37],[63,-78],[101,23],[92,137],[128,22],[91,87],[-33,167],[108,-17],[60,-86],[37,-92],[101,32],[-16,-71],[18,-83],[66,8],[76,76],[47,-24],[-11,-37],[56,-13],[13,-99],[-20,-27],[-217,-106],[-66,-135],[-42,-13],[25,-88],[54,-29],[29,16],[75,-37],[103,39],[73,2],[110,121],[278,-96],[-46,-93],[-179,-5],[47,-62],[-10,-112],[-37,-139],[-29,-58],[104,12],[62,31],[208,-38],[-28,-37],[29,-143]],[[754,6522],[-74,110],[-6,-85],[-47,4],[-25,107],[-37,17],[-15,110],[-29,55],[93,110],[27,8],[9,-58],[41,-87],[49,-66],[-20,-60],[42,-40],[31,-62],[-39,-63]],[[444,7108],[-125,53],[-11,37],[38,12],[-17,73],[30,24],[-29,212],[17,113],[34,6],[62,-69],[32,-104],[-10,-56],[61,-21],[20,-90],[-36,-47],[10,-109],[-76,-34]],[[1678,7139],[-120,166],[-205,218],[-42,88],[90,-13]],[[55,8171],[17,44],[-34,46],[3,55],[-41,90],[16,15],[68,-56],[10,42],[57,-32],[48,-124],[-10,-43],[-42,-37],[-92,0]],[[1129,8134],[-146,227],[-90,90],[-102,40],[83,56],[97,0],[95,-45],[68,-65]]],"bbox":[4.685565427118631,59.47613528456175,7.7321039908875,61.03524110065184],"transform":{"scale":[0.0003046843248093678,0.0001559261742264315],"translate":[4.685565427118631,59.47613528456175]},"title":"Hordaland (2019)","version":"2.0.1","copyright":"Copyright (c) 2022 Highsoft AS, Based on data from Kartverket","copyrightShort":"Kartverket","copyrightUrl":"http://www.kartverket.no"}