{"type":"Topology","objects":{"default":{"type":"GeometryCollection","geometries":[{"type":"Polygon","arcs":[[0,1,2,3]],"id":"NO.HE.441","properties":{"hc-group":"admin2","hc-middle-x":0.36,"hc-middle-y":0.31,"hc-key":"no-he-441","hc-a2":"OS","name":"Os"}},{"type":"Polygon","arcs":[[4,5,6,7]],"id":"NO.HE.439","properties":{"hc-group":"admin2","hc-middle-x":0.54,"hc-middle-y":0.41,"hc-key":"no-he-439","hc-a2":"FO","name":"Folldal"}},{"type":"Polygon","arcs":[[-7,8,9,10]],"id":"NO.HE.438","properties":{"hc-group":"admin2","hc-middle-x":0.46,"hc-middle-y":0.58,"hc-key":"no-he-438","hc-a2":"AL","name":"Alvdal"}},{"type":"Polygon","arcs":[[-9,-6,11,-4,12,13]],"id":"NO.HE.437","properties":{"hc-group":"admin2","hc-middle-x":0.41,"hc-middle-y":0.51,"hc-key":"no-he-437","hc-a2":"TY","name":"Tynset"}},{"type":"Polygon","arcs":[[-13,-3,14,15]],"id":"NO.HE.436","properties":{"hc-group":"admin2","hc-middle-x":0.6,"hc-middle-y":0.64,"hc-key":"no-he-436","hc-a2":"TO","name":"Tolga"}},{"type":"Polygon","arcs":[[-15,-2,16,17,18]],"id":"NO.HE.434","properties":{"hc-group":"admin2","hc-middle-x":0.51,"hc-middle-y":0.42,"hc-key":"no-he-434","hc-a2":"EN","name":"Engerdal"}},{"type":"Polygon","arcs":[[-11,19,20,21,22,-8]],"id":"NO.HE.430","properties":{"hc-group":"admin2","hc-middle-x":0.67,"hc-middle-y":0.62,"hc-key":"no-he-430","hc-a2":"SE","name":"Stor-Elvdal"}},{"type":"Polygon","arcs":[[-18,23,24,25,26,27]],"id":"NO.HE.428","properties":{"hc-group":"admin2","hc-middle-x":0.46,"hc-middle-y":0.53,"hc-key":"no-he-428","hc-a2":"TR","name":"Trysil"}},{"type":"Polygon","arcs":[[28,29,30,31,32]],"id":"NO.HE.423","properties":{"hc-group":"admin2","hc-middle-x":0.45,"hc-middle-y":0.4,"hc-key":"no-he-423","hc-a2":"GR","name":"Grue"}},{"type":"Polygon","arcs":[[-28,33,-20,-10,-14,-16,-19]],"id":"NO.HE.432","properties":{"hc-group":"admin2","hc-middle-x":0.58,"hc-middle-y":0.46,"hc-key":"no-he-432","hc-a2":"RE","name":"Rendalen"}},{"type":"Polygon","arcs":[[-30,34,35,36]],"id":"NO.HE.402","properties":{"hc-group":"admin2","hc-middle-x":0.56,"hc-middle-y":0.4,"hc-key":"no-he-402","hc-a2":"KO","name":"Kongsvinger"}},{"type":"Polygon","arcs":[[-26,37,38,39]],"id":"NO.HE.427","properties":{"hc-group":"admin2","hc-middle-x":0.48,"hc-middle-y":0.49,"hc-key":"no-he-427","hc-a2":"EL","name":"Elverum"}},{"type":"Polygon","arcs":[[40,41,42,43]],"id":"NO.HE.403","properties":{"hc-group":"admin2","hc-middle-x":0.69,"hc-middle-y":0.82,"hc-key":"no-he-403","hc-a2":"HA","name":"Hamar"}},{"type":"Polygon","arcs":[[-41,44,-21,-34,-27,-40,45]],"id":"NO.HE.429","properties":{"hc-group":"admin2","hc-middle-x":0.57,"hc-key":"no-he-429","hc-a2":"ÅM","name":"Åmot"}},{"type":"Polygon","arcs":[[-46,-39,46,47,-42]],"id":"NO.HE.415","properties":{"hc-group":"admin2","hc-middle-x":0.37,"hc-middle-y":0.62,"hc-key":"no-he-415","hc-a2":"LØ","name":"Løten"}},{"type":"Polygon","arcs":[[-36,48,49]],"id":"NO.HE.420","properties":{"hc-group":"admin2","hc-middle-x":0.48,"hc-middle-y":0.55,"hc-key":"no-he-420","hc-a2":"EI","name":"Eidskog"}},{"type":"Polygon","arcs":[[-43,-48,50,51,52,53,54]],"id":"NO.HE.417","properties":{"hc-group":"admin2","hc-middle-x":0.44,"hc-middle-y":0.44,"hc-key":"no-he-417","hc-a2":"ST","name":"Stange"}},{"type":"Polygon","arcs":[[-52,55,56,-33,57]],"id":"NO.HE.425","properties":{"hc-group":"admin2","hc-middle-x":0.54,"hc-key":"no-he-425","hc-a2":"ÅS","name":"Åsnes"}},{"type":"Polygon","arcs":[[-22,-45,-44,-55,58]],"id":"NO.HE.412","properties":{"hc-group":"admin2","hc-middle-x":0.61,"hc-middle-y":0.45,"hc-key":"no-he-412","hc-a2":"RI","name":"Ringsaker"}},{"type":"Polygon","arcs":[[-25,59,-56,-51,-47,-38]],"id":"NO.HE.426","properties":{"hc-group":"admin2","hc-middle-x":0.23,"hc-middle-y":0.8,"hc-key":"no-he-426","hc-a2":"VÅ","name":"Våler"}},{"type":"Polygon","arcs":[[-58,-32,60,61,-53]],"id":"NO.HE.418","properties":{"hc-group":"admin2","hc-key":"no-he-418","hc-a2":"NO","name":"Nord-Odal"}},{"type":"Polygon","arcs":[[-50,62,-61,-31,-37]],"id":"NO.HE.419","properties":{"hc-group":"admin2","hc-middle-x":0.57,"hc-key":"no-he-419","hc-a2":"SO","name":"Sør-Odal"}}],"hc-recommended-transform":{"default":{"crs":"+proj=utm +zone=32 +datum=WGS84 +units=m +no_defs","scale":0.00221422804884,"jsonres":15.5,"jsonmarginX":-999,"jsonmarginY":9851,"xoffset":530393.775792,"yoffset":6953227.7359}}}},"arcs":[[[3518,9818],[159,118],[179,48],[233,12],[352,-102],[245,-19],[32,-45],[77,-5],[20,-118],[91,-69],[-2,-81],[112,0],[58,-65],[-22,-29],[30,-40],[109,-11],[23,-25],[129,-27],[93,-72],[177,-49],[54,-35],[44,-58],[91,-56],[76,-88],[47,-78],[74,-65],[29,-2],[322,39],[54,-56],[8,-57],[112,-4],[114,117],[216,-26]],[[6854,8870],[60,-58],[-80,-14],[-23,-51],[-63,-38],[-16,-53],[147,-149],[17,-172],[-8,-109],[17,-168],[-77,-26],[-146,113],[-257,38]],[[6425,8183],[-134,96],[-135,66],[-169,45],[-116,166],[-370,131],[-38,28],[-92,-2],[10,124],[-35,22],[-16,83],[-56,61],[-132,61],[-252,3],[-71,-42],[-131,2],[-43,42],[32,57],[-66,41],[-126,-7],[-138,81],[1,33],[-68,-1],[-74,-42],[-80,45],[-48,77],[-57,46],[-125,51],[-165,78],[-12,25],[-163,61],[-43,3],[-53,43]],[[3460,9660],[98,58],[-40,100]],[[1527,7232],[-105,23],[-33,-18],[-82,7],[6,-89],[-292,61],[-217,6],[68,160],[-60,110],[-36,114],[114,95],[151,21],[-44,79],[-138,90],[-307,99],[-349,57],[-136,98],[-67,61],[86,49],[97,-6],[112,73],[121,140],[83,54],[75,18],[166,72],[39,56],[-16,52],[56,0],[-94,50],[53,62],[185,-61],[103,37],[58,92],[-6,55],[445,107]],[[1563,9056],[24,-95],[182,10],[2,-43],[96,-8],[130,-45],[-53,-186],[172,-36],[181,-84],[14,-30]],[[2311,8539],[1,-64],[-45,-19],[15,-52],[44,-52],[67,-7],[11,-62],[26,-26],[-126,-96],[-126,-133],[-58,-40],[-44,-58],[-140,-68],[-167,-157],[-105,-156],[-26,-89],[113,-42],[-10,-42]],[[1741,7376],[-75,6],[-18,-62],[-121,-88]],[[2311,8539],[148,-24],[99,-77],[85,56],[56,-67],[150,-53],[66,-42],[249,-3],[66,-13],[94,12],[126,-3],[13,-55],[30,-16],[-76,-89],[118,-227],[180,-163],[29,-36],[62,-10],[146,-90]],[[3952,7639],[138,-140],[13,-75],[-100,-27],[-10,-40],[-38,58],[24,62],[-82,-20],[-67,-46],[-29,27],[-191,-5],[-95,-56],[-470,-121],[-117,176],[-297,0]],[[2631,7432],[-177,-11],[-127,-27],[-134,-139],[-109,11],[-36,40],[-67,5],[-160,65],[-80,0]],[[1563,9056],[-180,265],[-99,192],[99,34],[-36,62],[92,51],[53,6],[36,82],[48,40],[53,96],[86,43],[37,52],[50,20],[65,-33],[126,27],[261,0],[362,-47],[452,-63],[174,44],[70,-5],[118,-32],[20,-55],[68,-17]],[[3460,9660],[-101,-59],[-85,-115],[-78,2],[-150,-45],[-154,9],[-139,-53],[-45,-89],[227,-74],[114,-74],[77,-76],[82,-7],[59,-92],[79,-43],[66,18],[216,-69],[241,-108],[29,-56],[42,44],[56,-5],[133,14],[98,-19],[57,-78],[80,-299],[9,-59],[240,-32],[65,-54],[87,37],[88,-18],[87,38],[29,-38]],[[4969,8260],[-29,-46],[-144,-40],[38,-54],[-78,-41],[-119,45],[-98,-66],[-130,-8],[-120,-21],[-49,-22],[-44,-96],[-26,-14],[-17,-82],[10,-63],[33,-15],[26,-61],[-270,-37]],[[6425,8183],[-94,-90],[-268,-15],[-204,-16]],[[5859,8062],[-115,72],[-347,-18],[-111,105],[-168,-4],[-70,36],[-79,7]],[[6854,8870],[458,-53],[216,-45],[156,-103],[63,-25],[109,10],[78,50],[55,14],[65,-12],[70,11],[136,-221],[-117,-461],[-50,-173],[-182,-729],[-142,-541],[419,-293]],[[8188,6299],[-177,-50],[-309,-31],[-106,-27],[-128,-16],[-168,-7],[-50,59],[-207,279],[-80,-77],[-57,-147],[26,-19],[-51,-27],[24,-58],[-6,-96],[-26,-12]],[[6873,6070],[-64,22],[-27,57],[-51,50],[-124,23],[-87,84],[-56,14],[4,46],[-93,41],[-136,196],[-7,68],[-34,96],[70,40],[58,9],[90,62],[32,1],[3,53],[42,21],[10,49],[39,25],[-24,38],[-5,113],[-80,191],[-296,312],[-16,85],[-114,193],[-148,103]],[[2631,7432],[43,-61],[44,-26],[50,-95],[98,-74],[-15,-41],[270,-105],[102,-27],[139,-78],[48,-62],[215,-119],[74,-47],[53,-1],[3,-51],[94,9],[78,43],[152,51],[165,-23],[31,-83],[118,-110],[98,-67],[66,-109],[132,-136],[58,-77],[-4,-59],[-53,-55],[143,-163],[149,-151],[132,-183],[56,-28]],[[5170,5504],[108,-150],[3,-38],[73,-97],[35,-78],[58,-80],[-74,-10],[-82,-49],[-45,-4],[87,-76],[13,-110],[-63,-13],[-71,-39],[-78,36],[-225,-39],[-91,26],[-51,123],[1,40],[-405,-26],[-184,35]],[[4179,4955],[-183,137],[-148,-103]],[[3848,4989],[-290,486],[-222,234],[75,105],[-102,199],[-52,146],[-46,378],[-187,126],[-271,-85],[-25,-37],[-81,-21],[-151,-123],[-345,158],[-298,23],[-428,112],[228,289],[115,166],[-123,10],[-118,77]],[[8188,6299],[199,-89],[239,-181],[82,14],[373,7],[717,-576],[201,-168],[-113,-343],[-133,-215],[-254,-188],[-73,-287],[-44,-22],[-177,-30],[-373,18],[-121,-3],[-624,-108],[-57,-24]],[[8030,4104],[-76,68],[-114,102]],[[7840,4274],[-68,55],[-168,46],[-91,-40],[-22,-53],[-110,10],[-68,24],[-114,-66],[-242,168],[0,33],[-163,173],[-244,150]],[[6550,4774],[84,18],[198,83],[63,48],[200,77],[-65,108],[-42,94],[-336,632]],[[6652,5834],[221,221],[0,15]],[[9169,2398],[26,-45],[-2,-374],[-185,-205],[-141,-83],[21,-165]],[[8888,1526],[-15,23],[-86,42],[-21,50],[-55,66],[4,29],[-50,67],[-15,66],[-48,-36],[-75,-28],[-88,64],[-78,-26],[0,54],[-58,53],[-167,-11],[61,-67],[33,-91],[-174,-23],[36,-34],[-35,-16],[-2,-65],[-50,55],[-103,61],[-19,-21],[-53,24],[-3,39],[-68,9],[-231,54],[-27,-19],[-91,4],[-270,-62],[-70,-10],[-84,21],[-42,-12],[-61,26],[-48,-15]],[[6835,1797],[-25,8],[-30,6]],[[6780,1811],[-27,88],[59,19],[-4,33],[46,59],[-2,38],[-115,69],[1,144]],[[6738,2261],[99,7],[325,70],[0,20],[102,-16],[240,-6],[-34,74],[72,71],[181,3],[102,-39],[39,35],[57,5],[215,-35],[27,-61],[89,6],[127,28],[-8,19],[137,-2],[69,40],[91,-15],[149,-64],[352,-3]],[[6652,5834],[-358,-113],[-536,-129],[-102,1],[-349,-55],[-137,-34]],[[8888,1526],[58,-186],[51,-106],[-125,-330],[-61,-91],[-97,-119],[-162,-82],[-112,-119]],[[8440,493],[-107,116],[26,33],[-74,72],[19,39],[-92,3],[-131,59],[-8,37],[85,4],[40,31],[-32,92],[-80,59],[-201,6],[-95,-14],[-56,14],[11,-33],[-157,-71],[-30,-52],[-36,-12],[-162,-8],[-135,4],[-66,-28],[-63,23]],[[7096,867],[-61,58],[43,-3],[-44,123],[52,10],[5,61],[25,36],[-101,59],[-27,42],[100,37],[-49,112],[91,34],[28,47],[-85,113],[-9,44],[-175,111],[-54,46]],[[7840,4274],[-117,-36],[-71,-44],[43,-60],[72,-63],[-28,-96],[-58,-3],[-6,-47],[45,-70],[5,-58],[-102,45],[-57,42],[-123,-18],[-96,31],[-35,-194],[30,-55],[-127,-69],[134,-77],[-124,-40],[-42,-43],[-61,-26],[-53,6],[-339,-82],[21,-49],[-25,-40],[-68,-3],[-50,-54],[-102,9],[-222,4],[-77,-32]],[[6207,3152],[-129,95],[-202,64],[-50,61],[-34,172],[-97,82],[-28,118],[-265,223],[-60,65],[-124,79]],[[5218,4111],[159,26],[112,37],[27,-32],[192,39],[166,97],[227,188],[116,-55],[22,11],[-83,88],[316,103],[78,161]],[[4257,4885],[125,-112],[135,-149],[170,-160],[86,-69],[241,-127],[17,-17]],[[5031,4251],[-29,-68],[-26,-321],[85,-109],[79,-132],[19,-83],[-15,-56],[-43,-67],[-71,-14],[12,-86]],[[5042,3315],[-115,-60],[-74,-5],[-41,19],[19,30],[-107,28],[-96,4],[-48,-25],[-188,-36]],[[4392,3270],[-104,122],[-38,29],[139,11],[48,26],[67,-41],[18,47],[46,5],[-15,57],[60,23],[53,68],[-42,63],[-57,12],[-9,277],[91,128],[11,49],[-40,48],[-212,222],[-151,469]],[[4257,4885],[-78,70]],[[5218,4111],[-119,75],[-68,65]],[[6207,3152],[33,-36],[-61,-61],[84,-71],[-79,-62]],[[6184,2922],[-122,63],[-171,24],[-91,62],[-78,32],[-50,0],[-7,43],[-66,17],[-84,74],[-52,-23],[-140,5],[-1,58],[-45,34],[-100,-9],[-61,18],[-74,-5]],[[8440,493],[-52,-56],[-336,-133],[-173,-133],[-58,-10],[-88,25],[-221,-28],[-208,52],[-184,-61],[-30,-38],[-92,-4],[13,-43],[-149,-64],[-12,78],[-46,37],[6,67],[-31,-1],[-30,95],[57,37],[-39,59],[-47,30],[53,117],[73,31],[14,64],[-60,26],[9,100]],[[6809,740],[24,48],[102,19],[151,-1],[10,61]],[[6184,2922],[37,-206],[53,-128]],[[6274,2588],[-10,-25],[34,-27]],[[6298,2536],[-119,66],[-234,-60],[-3,-103],[34,-69],[-119,-4],[-176,-36],[-306,42],[-26,-208]],[[5349,2164],[-137,34],[-69,57],[-98,48],[-99,22],[29,131],[-14,75],[-208,166],[-53,75],[-110,90],[-149,61]],[[4441,2923],[47,85],[-29,173],[-67,89]],[[6274,2588],[195,-52],[203,7],[99,29],[119,18],[216,122],[-19,27],[65,43],[-26,47],[22,54],[-78,33],[-5,83],[72,-15],[66,13],[31,89],[0,42],[45,55],[173,57],[93,69],[128,2],[-80,57],[74,56],[89,3],[80,46],[129,33],[-163,133],[65,37],[56,-47],[148,-29],[178,-56],[81,-44],[48,12]],[[8378,3512],[34,-92],[140,-293],[200,-170],[151,-151],[16,-148],[200,-172],[50,-88]],[[6738,2261],[-34,4],[-72,-56],[-77,116],[-108,84],[-27,70],[-58,-11],[-64,68]],[[4441,2923],[-420,185],[-123,74],[-69,20],[-192,30],[-134,58],[-122,143],[-2,28],[71,90],[15,52],[-52,67],[-61,35],[-94,185],[-54,53],[-110,59],[-97,38],[-152,34],[-145,76],[-63,72],[-24,55],[204,8],[187,73],[185,159],[76,111],[144,116],[55,23],[64,119],[320,103]],[[8030,4104],[332,-430],[16,-162]],[[6780,1811],[-32,27],[-64,7],[-79,32],[-6,-38],[-79,-44],[-52,21],[-132,-3],[-161,43],[-21,-11],[57,-145],[-4,-59],[-35,-23],[-110,35],[-171,-61]],[[5891,1592],[-141,128],[-67,2],[-60,25],[-43,98],[-48,31],[-46,91],[-137,197]],[[6809,740],[-18,22],[-76,-37],[-40,147],[-131,22],[-114,53],[-130,38],[-88,52],[-113,87],[-27,44],[-61,25],[73,79],[-10,117],[44,38],[21,66],[-127,43],[-121,56]]],"bbox":[9.583828897697728,59.84078482307571,12.871071154921657,62.69702689055057],"transform":{"scale":[0.00032875710143253614,0.0002856527720246884],"translate":[9.583828897697728,59.84078482307571]},"title":"Hedmark (2019)","version":"2.0.1","copyright":"Copyright (c) 2022 Highsoft AS, Based on data from Kartverket","copyrightShort":"Kartverket","copyrightUrl":"http://www.kartverket.no"}