{"type":"Topology","objects":{"default":{"type":"GeometryCollection","geometries":[{"type":"MultiPolygon","arcs":[[[0]],[[1,2]]],"id":"NO.NT.1749","properties":{"hc-group":"admin2","hc-middle-x":0.73,"hc-middle-y":0.6,"hc-key":"no-nt-1749","hc-a2":"FL","name":"Flatanger"}},{"type":"Polygon","arcs":[[3]],"id":"NO.NT.1755","properties":{"hc-group":"admin2","hc-key":"no-nt-1755","hc-a2":"LE","name":"Leka"}},{"type":"MultiPolygon","arcs":[[[4]],[[5,6]],[[7,8,9,10]],[[11,12]],[[13,14,15]]],"id":"NO.NT.1703","properties":{"hc-group":"admin2","hc-middle-x":0.52,"hc-middle-y":0.73,"hc-key":"no-nt-1703","hc-a2":"NA","name":"Namsos"}},{"type":"MultiPolygon","arcs":[[[16]],[[17]],[[18]],[[19]],[[20,21]]],"id":"NO.NT.1750","properties":{"hc-group":"admin2","hc-middle-x":0.71,"hc-middle-y":0.55,"hc-key":"no-nt-1750","hc-a2":"VI","name":"Vikna"}},{"type":"MultiPolygon","arcs":[[[22]],[[23,24,25,26,27,28,29,30]]],"id":"NO.NT.1719","properties":{"hc-group":"admin2","hc-middle-y":0.64,"hc-key":"no-nt-1719","hc-a2":"LE","name":"Levanger"}},{"type":"MultiPolygon","arcs":[[[31]],[[32,33,34,35,-15]],[[36,-7]]],"id":"NO.NT.1748","properties":{"hc-group":"admin2","hc-middle-x":0.69,"hc-middle-y":0.46,"hc-key":"no-nt-1748","hc-a2":"FO","name":"Fosnes"}},{"type":"Polygon","arcs":[[37,-16,-36,38,39,40,41,-9]],"id":"NO.NT.1744","properties":{"hc-group":"admin2","hc-middle-x":0.42,"hc-middle-y":0.62,"hc-key":"no-nt-1744","hc-a2":"OV","name":"Overhalla"}},{"type":"Polygon","arcs":[[42,43,44]],"id":"NO.NT.1718","properties":{"hc-group":"admin2","hc-middle-x":0.56,"hc-middle-y":0.41,"hc-key":"no-nt-1718","hc-a2":"LE","name":"Leksvik"}},{"type":"MultiPolygon","arcs":[[[-44,45,46,47,48,49]],[[50,51,52]],[[53,54]]],"id":"NO.NT.1724","properties":{"hc-group":"admin2","hc-middle-x":0.63,"hc-middle-y":0.28,"hc-key":"no-nt-1724","hc-a2":"VE","name":"Verran"}},{"type":"Polygon","arcs":[[55,-48,56,-10,-42,57,58,59,60,-52,61]],"id":"NO.NT.1702","properties":{"hc-group":"admin2","hc-middle-x":0.42,"hc-middle-y":0.55,"hc-key":"no-nt-1702","hc-a2":"ST","name":"Steinkjer"}},{"type":"Polygon","arcs":[[62,-11,-57,-47,63,-3,64,-13]],"id":"NO.NT.1725","properties":{"hc-group":"admin2","hc-middle-x":0.56,"hc-middle-y":0.66,"hc-key":"no-nt-1725","hc-a2":"NA","name":"Namdalseid"}},{"type":"Polygon","arcs":[[65,66,-59,67,68,69,-25]],"id":"NO.NT.1721","properties":{"hc-group":"admin2","hc-middle-x":0.43,"hc-middle-y":0.52,"hc-key":"no-nt-1721","hc-a2":"VE","name":"Verdal"}},{"type":"Polygon","arcs":[[-58,-41,70,71,72,-68]],"id":"NO.NT.1736","properties":{"hc-group":"admin2","hc-middle-x":0.55,"hc-middle-y":0.45,"hc-key":"no-nt-1736","hc-a2":"SN","name":"Snåsa"}},{"type":"Polygon","arcs":[[73,74,75,76]],"id":"NO.NT.1740","properties":{"hc-group":"admin2","hc-middle-x":0.45,"hc-middle-y":0.36,"hc-key":"no-nt-1740","hc-a2":"NA","name":"Namsskogan"}},{"type":"Polygon","arcs":[[77,-77,78,-39,-35,79]],"id":"NO.NT.1743","properties":{"hc-group":"admin2","hc-middle-x":0.48,"hc-middle-y":0.42,"hc-key":"no-nt-1743","hc-a2":"HØ","name":"Høylandet"}},{"type":"Polygon","arcs":[[80,81,-75]],"id":"NO.NT.1739","properties":{"hc-group":"admin2","hc-middle-x":0.56,"hc-middle-y":0.29,"hc-key":"no-nt-1739","hc-a2":"RØ","name":"Røyrvik"}},{"type":"Polygon","arcs":[[-71,-40,-79,-76,82]],"id":"NO.NT.1742","properties":{"hc-group":"admin2","hc-middle-x":0.46,"hc-middle-y":0.56,"hc-key":"no-nt-1742","hc-a2":"GR","name":"Grong"}},{"type":"Polygon","arcs":[[83,-29,84,85,25,86]],"id":"NO.NT.1714","properties":{"hc-group":"admin2","hc-middle-x":0.47,"hc-middle-y":0.49,"hc-key":"no-nt-1714","hc-a2":"ST","name":"Stjørdal"}},{"type":"Polygon","arcs":[[-83,-82,87,-72]],"id":"NO.NT.1738","properties":{"hc-group":"admin2","hc-middle-x":0.51,"hc-middle-y":0.58,"hc-key":"no-nt-1738","hc-a2":"LI","name":"Lierne"}},{"type":"Polygon","arcs":[[88,-87,-26,-70]],"id":"NO.NT.1711","properties":{"hc-group":"admin2","hc-middle-x":0.49,"hc-middle-y":0.45,"hc-key":"no-nt-1711","hc-a2":"ME","name":"Meråker"}},{"type":"Polygon","arcs":[[89,-31]],"id":"NO.NT.1717","properties":{"hc-group":"admin2","hc-middle-x":0.59,"hc-middle-y":0.48,"hc-key":"no-nt-1717","hc-a2":"FR","name":"Frosta"}},{"type":"MultiPolygon","arcs":[[[90,-55,91,-45,-50]],[[-67,92,-60]]],"id":"NO.NT.1756","properties":{"hc-group":"admin2","hc-middle-x":0.26,"hc-middle-y":0.58,"hc-key":"no-nt-1756","hc-a2":"IN","name":"Inderøy"}},{"type":"Polygon","arcs":[[-80,-34,93,-22,94]],"id":"NO.NT.1751","properties":{"hc-group":"admin2","hc-middle-x":0.56,"hc-middle-y":0.6,"hc-key":"no-nt-1751","hc-a2":"NÆ","name":"Nærøy"}}],"hc-recommended-transform":{"default":{"crs":"+proj=utm +zone=33 +datum=WGS84 +units=m +no_defs","scale":0.00323546685672,"jsonres":15.5,"jsonmarginX":-999,"jsonmarginY":9851,"xoffset":258597.582505,"yoffset":7225786.77199}}}},"arcs":[[[1687,6830],[-15,-17],[-121,15],[-26,84],[42,46],[120,-128]],[[1893,5614],[-59,3],[-211,68],[-105,89],[-61,12],[-52,99],[-58,65],[9,46],[54,32],[-71,104],[-93,-29],[-59,-3],[-62,106],[-123,65],[-107,107],[84,-20],[131,-122],[70,-23],[-13,65],[-89,122],[45,91],[100,-86],[47,-88],[131,1],[26,-13],[31,-92],[167,-140],[47,-6],[48,44],[-132,118],[-31,53],[44,49],[-20,59],[-53,49],[-52,20],[-174,-35],[-56,36],[86,112],[55,23],[89,-34],[23,73],[73,1],[82,-67],[34,-7],[-11,87],[-87,126],[58,20],[56,-33],[105,-155],[58,95],[69,-47],[26,15],[-71,77],[4,58],[86,-30],[-34,66],[16,162],[-41,71],[-56,49],[1,36],[81,37],[15,66],[34,-2],[58,-51],[135,-65],[28,-69],[-8,-89]],[[2210,6985],[-67,-30],[-6,-81],[12,-71],[-50,-103],[13,-79],[61,-94],[71,-58],[-107,-77],[-11,-102],[91,11],[50,27],[29,-61],[-7,-151],[16,-67],[-49,-36],[-121,17],[-48,-74],[-32,-126],[-162,-216]],[[3920,9850],[-29,-40],[-133,-105],[-85,-51],[65,-35],[-6,-38],[-69,-64],[-42,5],[-5,98],[-111,-86],[-106,-31],[-95,64],[29,156],[117,125],[195,44],[64,-1],[89,-58],[85,64],[36,-4],[1,-43]],[[2471,7114],[131,-23],[-79,132],[-256,-37],[-99,60],[-13,74],[13,81],[57,108],[46,3],[134,-108],[208,-101],[95,-97],[41,-170],[62,-96],[271,-1],[61,-127],[-30,-41],[-53,-175],[-61,51],[-180,27],[-37,46],[-39,83],[-88,11],[-159,-40],[-123,246],[31,80],[67,14]],[[3179,7172],[33,-151],[-36,-24],[-66,-6],[-11,-39],[-112,53],[-83,59],[-16,48],[23,69],[35,39]],[[2946,7220],[63,-4],[-2,-40],[50,-18],[44,-51],[64,7],[14,58]],[[2743,5996],[39,77],[185,137],[28,41],[-65,31],[84,177],[30,32],[59,-57],[45,-5],[57,62],[102,53],[220,36],[69,35]],[[3596,6615],[-24,-149],[27,-32],[-13,-130],[39,-4],[33,-91],[-8,-26],[-10,-268],[-12,-96],[249,-189]],[[3877,5630],[-231,-166],[-287,-90]],[[3359,5374],[-78,17],[-9,83],[-112,133],[-18,45],[-39,-46],[-57,28],[-34,44],[-77,-24],[-85,43],[-52,112],[23,107],[-84,43],[6,37]],[[2873,6353],[-43,-135],[-32,-42]],[[2798,6176],[-120,18],[-45,45],[23,63],[217,51]],[[3588,6628],[-477,-66],[23,56],[10,99],[21,75],[35,31],[110,6],[43,15],[0,35],[-51,25],[-29,78],[161,39],[-63,-73],[55,-22],[206,165],[224,82],[70,57],[-286,-13],[-58,-60],[-26,51],[21,104],[-11,57],[-42,23],[-53,-29],[-86,-101],[47,-35],[53,3],[-43,-112],[-70,-35],[-73,25],[-81,124]],[[3218,7232],[32,57],[69,56],[32,72],[46,40],[218,15],[329,-42],[1,-19],[225,15]],[[4170,7426],[73,-246],[-55,-99],[-142,-53],[-18,-35],[-177,-36],[-70,4],[-13,53],[-47,-77],[-41,-10],[-32,-90],[-45,-3],[-62,-37],[6,-37],[-42,-6],[66,-35],[-8,-59],[25,-32]],[[1423,8371],[-31,-40],[-36,43],[31,22],[36,-25]],[[1653,8561],[626,474],[65,4],[59,-49],[62,-22],[61,-68],[34,-76],[140,-54],[-16,-38],[-100,-129],[-97,-88],[-105,-50],[-123,-15],[16,72],[-47,24],[-52,-23],[0,38],[82,89],[28,75],[-2,60],[-24,-16],[-181,1],[-155,-121],[-80,-88],[-67,-30],[-123,-8],[-1,38]],[[2317,9123],[-334,-250],[-158,-53],[-137,-158],[-58,-45],[-188,-94],[16,69],[-81,1],[46,43],[48,162],[36,74],[44,28],[160,6],[49,13],[126,72],[93,80],[165,79],[2,78],[61,11],[79,-34],[54,-55],[-23,-27]],[[1726,9230],[83,26],[27,-15],[-10,-49],[53,78],[24,-34],[71,-4],[-61,-23],[46,-20],[-20,-53],[-70,5],[-100,-50],[-28,32],[28,63],[-67,-56],[18,-32],[-83,-87],[-37,-8],[19,67],[-42,8],[-5,93],[-23,-47],[-116,-3],[82,71],[-17,42],[75,-10],[54,26],[1,-50],[46,11],[40,64],[33,-7],[-21,-38]],[[2668,8564],[36,60],[135,113]],[[2839,8737],[-102,-90],[-20,-65],[-49,-18]],[[2577,3151],[-46,-22],[-114,13],[-227,-201],[-32,-59],[-79,-16],[0,73],[57,79],[16,84],[52,54],[36,-9],[324,98],[48,-50],[-35,-44]],[[1816,2529],[25,43],[305,177],[56,-16],[62,-58],[87,-1],[89,34],[64,45],[53,70],[86,161],[57,47],[170,50],[170,7]],[[3040,3088],[71,-29],[41,-75],[-1,-122],[133,9],[49,-80],[83,5],[43,-188],[15,-179],[203,-209],[126,-113]],[[3803,2107],[-1,-1]],[[3802,2106],[0,1]],[[3802,2107],[-1,0],[-64,-20]],[[3737,2087],[-200,38],[-15,-36],[-84,-25],[-38,24],[2,35],[-67,7],[-38,-50],[-223,-95],[-129,48],[-399,-36],[-100,-22],[-86,3],[-159,-20],[-105,23],[-214,-47]],[[1882,1934],[0,13],[-108,12],[-49,25],[11,48],[121,50],[24,71],[-111,-15]],[[1770,2138],[63,59],[-14,57],[120,77],[-77,110],[-46,88]],[[2903,7509],[-26,-158],[-66,-106],[-77,61],[-82,141],[-60,-30],[-113,20],[-7,37],[27,66],[-32,11],[42,71],[282,94],[31,-12],[-1,-45],[63,-16],[31,-54],[-12,-80]],[[3218,7232],[-94,153],[-55,47],[9,76],[-53,61],[-14,114],[58,2],[9,50],[-67,56],[60,36],[140,29],[110,115]],[[3321,7971],[249,-99],[123,-7],[20,52],[57,32],[126,100],[138,16],[149,28],[40,47],[166,38],[77,93],[-19,40],[19,41],[102,39],[101,-3],[62,58],[71,-36],[117,-117]],[[4919,8293],[-63,-35],[113,-77],[-44,-71],[5,-61],[-56,-101],[-22,-83],[-344,-222]],[[4508,7643],[-165,-106],[-173,-111]],[[2946,7220],[-18,168],[12,34],[60,-120],[4,76],[23,-16],[98,-139],[54,-51]],[[3596,6615],[35,19],[-43,-6]],[[4508,7643],[70,-288],[38,-8],[64,-110],[-23,-32],[24,-43],[4,-109],[31,-69],[32,-22],[17,37],[70,12],[23,-70],[71,-74],[66,10]],[[4995,6877],[-120,-76],[-68,38],[-6,-48],[-48,6],[8,-58],[-33,-56],[-74,-18],[-34,-43],[18,-54],[78,0],[36,-27],[15,-80],[-53,-119],[37,-61],[69,-68],[19,-107],[-85,-226]],[[4754,5880],[-80,-18],[-160,-62],[-68,-16],[-101,-70]],[[4345,5714],[-52,155],[-190,-99],[-226,-140]],[[1689,2772],[-74,-18],[-167,-152],[-165,-18],[-69,-47],[-74,-191],[-107,-76],[-89,-30],[-272,-204],[-116,-32],[-111,-56],[-188,-1],[-88,-90],[-91,-38],[-27,19],[-31,89],[20,70],[-40,44],[90,121],[39,95],[41,30],[24,101],[87,99],[173,97],[95,65],[190,206]],[[739,2855],[66,58],[123,80],[132,64],[79,54],[114,17]],[[1253,3128],[150,-69],[5,-47],[133,26],[30,-55],[100,-50],[19,-88],[-1,-73]],[[739,2855],[-19,166],[-48,56],[48,32],[38,-94],[172,365],[114,137],[95,196],[239,166],[79,126],[22,62],[40,29],[29,118],[-50,65],[7,56],[119,128],[20,51],[-11,86],[29,42],[119,41]],[[1781,4683],[435,243],[119,-28],[69,7],[9,-41],[47,11]],[[2460,4875],[36,-36],[6,-46],[41,-25],[59,18],[30,-38],[83,-18],[102,20]],[[2817,4750],[-35,-20],[-179,-180],[-52,-228],[-67,-103],[-507,-302],[-63,-59],[-105,-147],[-50,-53],[-79,-51],[-282,-89],[-75,-49],[-101,-137],[-121,-67],[-51,-57],[47,-1],[90,38],[73,65]],[[1260,3310],[-61,-67],[54,-115]],[[2880,4710],[-6,-24],[-30,-33]],[[2844,4653],[-48,-23]],[[2796,4630],[84,80]],[[1598,3477],[230,168],[23,5]],[[1851,3650],[-242,-169],[-11,-4]],[[2880,4710],[50,70],[-113,-30]],[[2460,4875],[53,20],[89,0],[62,69],[96,19],[22,20],[133,26],[31,29],[5,88],[113,82],[74,21],[93,67],[64,9],[64,49]],[[4345,5714],[18,-240],[-7,-114],[39,-60],[50,8],[29,-75],[34,-205],[-17,-67],[45,15],[-12,-77],[32,-105],[41,-71],[264,-44],[-34,-68],[-47,-145],[319,-169],[254,-334]],[[5353,3963],[-355,-44],[-234,-121],[-300,-72],[-620,-33],[-231,-101],[-87,0],[4,-33],[-167,-85],[-46,-1]],[[3317,3473],[-16,46],[-63,25],[-61,-1],[-29,-44],[-55,61],[6,81],[-90,-20],[-7,-23],[-120,-8],[-1,150],[80,153],[6,110],[-11,52]],[[2956,4055],[152,41],[119,121],[27,72],[-104,-17],[-67,58],[-143,-8],[-249,46],[-48,78],[-3,49],[156,135]],[[2844,4653],[36,57]],[[2798,6176],[-91,-122],[-105,-225],[54,16],[87,151]],[[1781,4683],[-32,76],[-193,8],[-108,320],[341,154],[66,114],[38,259]],[[2210,6985],[38,-129],[60,-12],[157,-163],[25,-55],[-4,-67],[-32,-100],[54,-21],[144,53],[116,-15],[113,-89],[-8,-34]],[[3040,3088],[83,2],[34,20],[15,61],[-34,87],[-60,17],[33,70],[-14,18]],[[3097,3363],[63,57],[157,53]],[[5353,3963],[623,76],[106,12]],[[6082,4051],[-347,-571],[-138,-222],[-357,-530],[-74,-219],[-173,-210],[-185,-189]],[[4808,2110],[-411,37],[-392,163],[-170,-178],[-32,-25]],[[4754,5880],[152,41],[131,17],[144,-2],[39,65],[26,-12],[96,56],[91,109],[22,46],[96,-69],[223,18],[91,91],[244,75],[893,82]],[[7002,6397],[136,-413],[217,-205],[73,-305],[-56,-437],[-31,-368]],[[7341,4669],[-679,-190],[-580,-428]],[[6157,9046],[78,-50],[49,-10],[55,65],[-40,113],[315,-7],[66,53],[32,79],[-88,87],[-7,61],[52,49],[90,-30],[68,181],[137,28],[77,185],[160,30],[361,-71],[255,-15],[283,91],[237,-60]],[[8337,9825],[-41,-77],[-64,-19],[-109,-93],[-266,-128],[-1,-98],[-26,-54],[-153,-444],[-428,-725],[20,-173],[-253,30],[-86,-21],[12,-17],[97,-429],[87,-108],[-73,-718]],[[7053,6751],[-576,781],[8,65],[-66,4],[-90,50],[21,58],[-73,2],[-38,32],[-125,-67],[-65,54],[-148,82],[51,79],[-269,-21]],[[5683,7870],[34,287],[-16,109],[148,133],[-158,134],[47,54],[188,14],[138,62],[106,15],[-18,155],[48,110],[-43,103]],[[5837,9222],[15,-125],[99,-118],[61,33],[145,34]],[[5683,7870],[139,-46],[-90,-83],[-26,-73],[-75,-50],[-24,-89],[-62,-52],[105,-65],[-121,-94],[-123,-127],[-6,-34],[-73,-2],[-50,-49],[-29,-74],[-239,-95],[-14,-60]],[[4919,8293],[43,45],[65,-13],[-16,59],[17,87],[80,24],[-2,93],[31,103],[53,89],[46,159],[129,-52],[69,-81],[48,42],[197,125],[158,249]],[[8337,9825],[193,38],[168,-10],[128,39],[233,2],[41,41],[151,15],[124,-39],[238,88],[66,-41],[145,1],[17,-39],[43,1],[45,-46],[70,20],[-235,-358],[-232,-358],[-126,-203],[-348,-596]],[[9058,8380],[-457,-114],[-234,-83],[-211,-85],[-63,-7],[-358,-199],[19,-149],[-77,-74],[-45,-81],[-158,-401],[-52,-21],[-9,-33],[-74,-103],[-286,-279]],[[7053,6751],[-17,-118],[-34,-236]],[[3150,743],[-410,80],[-223,30],[-118,-39],[-231,2],[-121,-23],[-66,-34],[-261,76],[-25,56],[40,127],[3,103],[-16,82],[9,54],[-30,89],[69,8],[77,52],[19,54],[-224,47],[-106,59],[-45,153],[52,110],[120,58],[218,23],[1,24]],[[3737,2087],[65,20]],[[3802,2107],[1,0]],[[3802,2106],[-110,-151],[-92,-109],[-85,-150],[-188,-241],[-48,-274],[-129,-438]],[[9058,8380],[-539,-930],[-122,-304],[565,-374],[463,-147],[69,-81],[73,-910],[29,-455],[-345,-739],[-107,-217],[-601,196],[-424,98],[-380,73],[-398,79]],[[4808,2110],[151,-589],[-173,-347],[-134,-282],[-261,-440],[186,-438],[-291,58],[-715,-72],[-193,425],[-228,318]],[[1770,2138],[-59,-7],[-80,-37],[-118,-86],[-90,-11],[-67,-73],[-74,-45],[-35,30],[38,18],[32,99],[46,32],[22,78],[98,133],[77,49],[135,48],[47,38],[74,125]],[[1260,3310],[92,70],[166,38],[80,59]],[[1851,3650],[60,13],[157,-106],[70,-28],[62,-55],[42,-129],[-105,-64],[-91,-110],[-33,-175],[-161,-187],[-163,-37]],[[3097,3363],[-41,55],[-144,-11],[-65,25],[-60,51],[-60,23],[-60,-1],[-335,-91],[-36,44],[0,161],[192,101],[56,53],[54,131],[184,103],[174,48]],[[3321,7971],[82,2],[67,-31],[66,20],[-52,38],[2,55],[-101,46],[566,82],[79,52],[44,6],[0,38],[-245,0],[16,35],[-70,10],[-109,49],[-66,10],[81,48],[262,19],[-17,73],[18,38],[-163,-83],[-85,-22],[-81,31],[141,77],[42,94],[96,65],[115,30],[244,153],[179,26],[141,138],[30,13],[385,-104],[-92,103],[-101,50],[-216,18],[-48,-16],[-122,-85],[-169,-19],[-412,-298],[-290,-109],[-21,-40],[33,-95],[-178,-121],[-126,-24],[-39,-21],[-123,-207],[-115,-91],[-281,-92],[-53,30],[30,26],[140,55],[121,78],[145,188],[20,40],[-198,-56],[-105,86],[-114,-28],[-55,32],[50,77],[69,35],[577,91],[337,157],[76,97],[-58,0],[-169,-108],[-833,-168]],[[2839,8737],[185,154],[51,16],[64,-15],[149,-122],[50,-14],[50,17],[97,98],[-41,21],[-68,-73],[-65,0],[-106,125],[42,42],[155,62],[47,-1],[99,-43],[35,7],[-48,72],[31,31],[82,-65],[114,21],[133,70],[23,29],[104,23],[36,28],[-73,61],[-7,46],[30,53],[139,122],[84,37],[85,68],[84,33],[81,-68],[-6,-100],[13,-32],[51,73],[31,-148],[38,-12],[47,-65],[68,22],[43,-27],[-29,71],[35,45],[37,-15],[28,-63],[53,-62],[-7,-61],[58,-51],[78,-22],[23,17],[69,-59],[268,160],[46,8],[104,-24],[134,-56],[32,6],[95,62],[47,-17]]],"bbox":[10.133825665407624,63.18069816149313,14.325811844494579,65.13923281659174],"transform":{"scale":[0.0004192405419628918,0.00019587305281514253],"translate":[10.133825665407624,63.18069816149313]},"title":"Nord-Trøndelag (2019)","version":"2.0.1","copyright":"Copyright (c) 2022 Highsoft AS, Based on data from Kartverket","copyrightShort":"Kartverket","copyrightUrl":"http://www.kartverket.no"}