{"type":"Topology","objects":{"default":{"type":"GeometryCollection","geometries":[{"type":"MultiPolygon","arcs":[[[0]],[[1,2,3,4]]],"id":"NO.OF.101","properties":{"hc-group":"admin2","hc-middle-x":0.63,"hc-middle-y":0.42,"hc-key":"no-of-101","hc-a2":"HA","name":"Halden"}},{"type":"MultiPolygon","arcs":[[[5]],[[6]],[[7]]],"id":"NO.OF.111","properties":{"hc-group":"admin2","hc-middle-x":0.77,"hc-middle-y":0.63,"hc-key":"no-of-111","hc-a2":"HV","name":"Hvaler"}},{"type":"MultiPolygon","arcs":[[[8]],[[9,10,11]]],"id":"NO.OF.104","properties":{"hc-group":"admin2","hc-middle-x":0.65,"hc-middle-y":0.61,"hc-key":"no-of-104","hc-a2":"MO","name":"Moss"}},{"type":"Polygon","arcs":[[12,13,14,15,16,17,18,-12]],"id":"NO.OF.137","properties":{"hc-group":"admin2","hc-middle-x":0.45,"hc-middle-y":0.56,"hc-key":"no-of-137","hc-a2":"VÅ","name":"Våler"}},{"type":"Polygon","arcs":[[-19,19,20,21,22,23,-10]],"id":"NO.OF.136","properties":{"hc-group":"admin2","hc-middle-x":0.43,"hc-middle-y":0.44,"hc-key":"no-of-136","hc-a2":"RY","name":"Rygge"}},{"type":"MultiPolygon","arcs":[[[-23,24,25]],[[-18,26,27,28,-20]]],"id":"NO.OF.135","properties":{"hc-group":"admin2","hc-middle-x":0.53,"hc-middle-y":0.59,"hc-key":"no-of-135","hc-a2":"RÅ","name":"Råde"}},{"type":"Polygon","arcs":[[-14,29,30]],"id":"NO.OF.138","properties":{"hc-group":"admin2","hc-middle-x":0.56,"hc-middle-y":0.61,"hc-key":"no-of-138","hc-a2":"HO","name":"Hobøl"}},{"type":"Polygon","arcs":[[31,32,33,34]],"id":"NO.OF.122","properties":{"hc-group":"admin2","hc-middle-x":0.43,"hc-middle-y":0.58,"hc-key":"no-of-122","hc-a2":"TR","name":"Trøgstad"}},{"type":"Polygon","arcs":[[-15,-31,35,-35,36,37]],"id":"NO.OF.123","properties":{"hc-group":"admin2","hc-middle-x":0.32,"hc-middle-y":0.57,"hc-key":"no-of-123","hc-a2":"SP","name":"Spydeberg"}},{"type":"Polygon","arcs":[[-37,-34,38,39]],"id":"NO.OF.124","properties":{"hc-group":"admin2","hc-middle-x":0.52,"hc-middle-y":0.52,"hc-key":"no-of-124","hc-a2":"AS","name":"Askim"}},{"type":"Polygon","arcs":[[-39,-33,40,41,42,43]],"id":"NO.OF.125","properties":{"hc-group":"admin2","hc-middle-x":0.46,"hc-middle-y":0.46,"hc-key":"no-of-125","hc-a2":"EI","name":"Eidsberg"}},{"type":"Polygon","arcs":[[-40,-44,44,45,-16,-38]],"id":"NO.OF.127","properties":{"hc-group":"admin2","hc-middle-x":0.53,"hc-middle-y":0.42,"hc-key":"no-of-127","hc-a2":"SK","name":"Skiptvet"}},{"type":"Polygon","arcs":[[-45,-43,46,47,-4,48]],"id":"NO.OF.128","properties":{"hc-group":"admin2","hc-middle-x":0.6,"hc-middle-y":0.42,"hc-key":"no-of-128","hc-a2":"RA","name":"Rakkestad"}},{"type":"Polygon","arcs":[[49,-28,50]],"id":"NO.OF.106","properties":{"hc-group":"admin2","hc-middle-x":0.49,"hc-middle-y":0.52,"hc-key":"no-of-106","hc-a2":"FR","name":"Fredrikstad"}},{"type":"Polygon","arcs":[[51,52]],"id":"NO.OF.121","properties":{"hc-group":"admin2","hc-middle-x":0.52,"hc-middle-y":0.42,"hc-key":"no-of-121","hc-a2":"RØ","name":"Rømskog"}},{"type":"Polygon","arcs":[[53,54,-47,-42,55,-53]],"id":"NO.OF.119","properties":{"hc-group":"admin2","hc-middle-x":0.44,"hc-middle-y":0.49,"hc-key":"no-of-119","hc-a2":"MA","name":"Marker"}},{"type":"Polygon","arcs":[[-3,56,-51,-27,-17,-46,-49]],"id":"NO.OF.105","properties":{"hc-group":"admin2","hc-middle-x":0.47,"hc-middle-y":0.34,"hc-key":"no-of-105","hc-a2":"SA","name":"Sarpsborg"}},{"type":"Polygon","arcs":[[-48,-55,57,-5]],"id":"NO.OF.118","properties":{"hc-group":"admin2","hc-middle-x":0.52,"hc-middle-y":0.3,"hc-key":"no-of-118","hc-a2":"AR","name":"Aremark"}}],"hc-recommended-transform":{"default":{"crs":"+proj=utm +zone=32 +datum=WGS84 +units=m +no_defs","scale":0.0068211886684,"jsonres":15.5,"jsonmarginX":-999,"jsonmarginY":9851,"xoffset":590293.615228,"yoffset":6631716.53621}}}},"arcs":[[[4816,2358],[-141,-53],[-123,-21],[88,49],[176,25]],[[8260,1716],[-37,-201],[-54,-166],[-104,-137],[59,-27],[-1,-82],[-55,-36],[16,-50],[10,-157],[-49,-55],[5,-33],[-64,-71],[17,-66],[-75,0],[-49,-30],[20,-50],[-31,-8],[-39,-226],[-158,26],[-32,-34],[-264,-162],[-93,74],[-39,-105],[-85,90],[-55,31],[-62,-54],[-20,-62],[-61,-38],[27,-17],[-4,-64],[-33,19],[-50,-25],[-193,137],[-62,-3],[-65,25],[-164,-20],[-24,-13],[-9,309],[55,182],[-29,210],[19,225],[-63,136],[80,62],[-162,245],[-85,157],[-125,129],[-154,344],[-30,106],[-140,217],[-151,94],[-73,63],[-62,-22],[-131,24],[-718,-52],[-98,24]],[[4516,2579],[142,178],[104,113],[33,82],[-21,99],[58,172],[57,6],[51,52],[31,83],[61,80],[79,177],[121,56],[130,142],[-33,34],[102,108],[34,-7],[35,118],[26,23],[20,79]],[[5546,4174],[139,-82],[95,12],[114,-83],[46,-17],[66,-70],[40,70],[103,55],[150,-105],[131,151],[117,56],[144,-74],[130,35],[77,-65],[236,131]],[[7134,4188],[-32,-91],[60,-12],[68,-58],[15,-46],[-92,-9],[50,-41],[36,-106],[40,-45],[0,-73],[90,-61],[-29,-17],[19,-66],[-43,-70],[61,-100],[30,-7],[102,-117],[79,-159],[107,-101],[5,-78],[-31,-47],[7,-100],[129,-104],[45,-10],[22,-154],[123,-75],[40,-342],[-69,-84],[-11,-56],[57,-18],[32,-65],[90,-44],[126,-116]],[[2660,2278],[33,-25],[35,-178],[-6,-143],[25,-48],[18,-115],[-100,-15],[-52,-75],[-52,62],[8,86],[-37,-7],[-23,48],[42,14],[-67,14],[-46,87],[44,58],[21,84],[63,139],[94,14]],[[3309,2161],[58,-13],[169,19],[-2,48],[39,12],[55,-34],[-5,-103],[-51,-102],[-78,-78],[-98,-58],[-9,-42],[33,-70],[-63,-100],[-117,-65],[-90,-16],[-36,25],[-33,83],[-61,4],[-69,44],[1,145],[14,170],[-1,156],[74,108],[130,52],[100,-26],[43,-86],[-3,-73]],[[1949,2468],[12,-37],[108,81],[191,100],[94,10],[25,-54],[4,-118],[-54,-112],[-172,-201],[-47,-10],[-20,48],[-36,16],[-104,-32],[-75,17],[-122,259],[25,55],[170,120],[72,13],[20,-37],[-22,-46],[-69,-72]],[[605,6768],[-77,102],[-60,161],[31,-23],[59,-163],[47,-77]],[[1330,5929],[-64,-10],[-52,-36],[-56,-75],[-80,37],[-109,18],[-42,52],[63,77],[102,80],[53,59],[-29,24],[-85,-30],[-190,-91],[-33,30],[-111,-44],[-42,-115],[-266,19],[-54,-34]],[[335,5890],[-303,94],[-32,76],[70,213],[195,314],[125,157],[89,52],[47,-100],[-13,-169],[-90,-323],[99,-65],[95,32],[72,103],[41,142],[-1,191],[-48,88],[66,20],[25,32],[90,-33],[41,-137],[89,-66],[74,43],[56,66],[69,32],[-41,82],[223,33]],[[1373,6767],[1,-52],[60,-47],[-35,-146],[-89,-52],[-24,-70],[10,-128],[83,-10],[55,-36],[-7,-61],[-75,-69],[-28,-128],[6,-39]],[[1373,6767],[-40,164],[50,115]],[[1383,7046],[103,-43],[39,-36],[22,73],[52,15],[31,93],[91,64],[101,-74],[21,31],[105,-4],[103,23],[-11,-63],[166,42],[132,67],[176,-16],[237,53],[110,8],[60,-17]],[[2921,7262],[22,-78],[-61,-45],[-22,-95],[10,-96],[-23,-93],[43,-8],[118,27],[41,43],[69,30],[224,-80],[95,-1]],[[3437,6866],[56,-60],[-5,-91],[72,-121],[9,-84],[44,-52],[-18,-45],[248,-173],[22,-50],[85,-61],[34,-68],[-38,-36],[48,-37],[38,-101]],[[4032,5887],[-133,20],[-75,-132],[-106,-42],[-111,-102],[-208,-6],[-156,37],[-210,24],[-41,23],[-73,1],[-92,-39]],[[2827,5671],[-177,-12],[-170,39],[-185,19],[-99,111],[-57,17],[-48,-32],[18,-73],[46,-83],[-78,-52],[-92,-21],[-96,0],[-198,99]],[[1691,5683],[-110,54],[-102,27],[-149,165]],[[1691,5683],[-73,-63],[-64,-93],[-133,-85],[-4,-45],[-73,-89],[10,-58],[-15,-95],[-102,12],[-19,-56],[-137,-76],[-42,-42]],[[1039,4993],[-59,-37],[-30,-54]],[[950,4902],[-48,-50]],[[902,4852],[-12,-58]],[[890,4794],[-24,-43],[-61,-47],[-197,98],[-64,226],[-40,252],[-126,171],[98,161],[26,115],[-48,87],[-119,76]],[[902,4852],[11,12],[37,38]],[[950,4902],[-60,-108]],[[2827,5671],[24,-56],[-8,-165],[-31,-73],[-74,-74],[14,-59],[85,-18],[-45,-44],[-46,-107],[-74,-22],[10,-89],[-43,-49],[-9,-57]],[[2630,4858],[-179,-67],[-100,-76],[45,-56],[46,-16],[52,-130],[-78,-55],[5,47],[-41,108],[-76,75],[-40,-25],[-68,86],[-28,-32],[-91,-49],[-12,-76],[-66,-29],[-212,-47],[-44,72],[-150,12],[-32,-14],[-70,25],[43,64],[-75,-35],[4,-43],[48,-28],[-43,-53],[-30,26],[-37,-22],[-85,27],[-98,-65]],[[1218,4482],[37,77],[129,213],[-116,26],[-79,80],[-64,86],[-86,29]],[[1383,7046],[10,68],[46,93],[-46,99],[31,28],[-86,22],[-11,28],[192,94],[60,46],[49,-27],[53,4],[37,34],[74,4],[91,42],[-13,59],[59,28],[-86,14],[-30,43],[57,43],[74,-7],[27,68],[89,36],[-39,99],[18,31],[115,-33],[61,41],[-19,37],[-53,18],[-15,60],[45,1],[34,46],[120,-29],[31,35],[-3,53],[38,34],[37,-47],[80,30],[30,33],[-27,69],[31,1],[16,87],[97,23],[40,-32],[-16,-39],[45,-81],[34,92],[55,72],[32,10],[53,103],[-98,7],[5,70],[-141,56],[10,83],[33,90],[66,78],[18,98],[148,1],[30,-23],[129,-28],[55,-46],[103,-44],[74,-2],[45,28],[24,48],[93,-6],[44,18]],[[3538,9007],[-27,-104],[-48,-70],[-51,-33],[-108,0],[-85,-59],[66,-57],[58,-21],[46,-51],[-18,-108],[-84,-13],[-14,-98],[129,-58],[20,-117],[-24,1],[-7,-108],[-28,52],[-94,2],[-14,-40],[-83,3],[-34,-138],[-3,-71],[102,-23],[-12,-100],[12,-33],[-63,13],[-32,-90],[-201,-24],[-55,-59],[-28,-3],[50,-137],[21,-23],[18,-102],[-26,-76]],[[4715,8819],[-15,109],[4,140],[26,164],[26,106],[43,87],[13,91],[-46,115],[80,53],[45,91],[89,-61],[99,-33],[70,-4],[138,-32],[51,8],[96,-19],[35,-31],[82,2],[1,-62],[53,-49],[68,-29],[32,-92],[65,-66],[-10,-55],[-48,-102],[17,-160],[170,-122],[51,-7],[34,-41],[135,-97],[132,-21],[115,8],[94,-77],[67,-87],[47,-112],[150,-140],[14,-105],[-50,-23],[-149,12],[13,-276]],[[6552,7902],[-157,-1],[-84,18],[-85,-65],[-70,62],[-191,74],[-9,-25],[52,-67],[-5,-53],[-50,-36],[27,-32],[-33,-52],[-49,35],[24,103],[-23,21],[-85,0],[-87,-54],[-47,52],[-78,-31],[-57,-75],[-127,-81],[5,-42],[-99,-54],[-78,1],[-114,58],[-77,88],[-70,53],[30,34],[161,-11],[19,22],[-48,88],[-83,49],[-132,-45],[-83,-13]],[[4849,7923],[0,72],[-155,171],[-68,51],[-1,68],[-62,51],[1,58],[-109,28],[-40,28],[-28,76]],[[4387,8526],[411,78],[-58,104],[-25,111]],[[3538,9007],[132,-1],[98,38],[19,-9],[-32,-81],[24,-40],[194,116],[58,-24],[92,-155],[166,-35],[144,30],[43,-31],[122,10],[117,-6]],[[4387,8526],[-62,-18],[-125,-112],[-82,-127],[-28,-81],[-89,-106],[-89,-63],[-67,-22],[-148,-98],[-13,-32],[17,-84],[101,-209],[58,-37],[138,-153],[20,-36]],[[4018,7348],[-80,-13],[12,-38],[-38,-19],[21,-38],[-78,-68],[-46,48],[-75,-74],[-40,-88],[-87,-34],[-93,-100],[-77,-58]],[[4849,7923],[92,-97],[-61,-15],[-14,-41],[-96,-65],[13,-37],[-91,-28],[-26,-60],[-107,-56],[60,-67],[-84,1],[-38,-39],[-62,-2],[20,-103],[-42,-4],[-25,-55]],[[4388,7255],[-99,26],[-57,-45],[-168,69],[-46,43]],[[6552,7902],[31,-1],[70,-57]],[[6653,7844],[55,-127],[9,-60],[68,-82],[187,-51],[29,-39],[-11,-132],[20,-62],[-42,-95],[-27,-103],[-73,-123],[43,-58],[36,-151],[24,-45],[112,-76],[-7,-159]],[[7076,6481],[-295,30],[-173,44],[-257,46],[-251,33],[-86,-9],[-66,14],[-46,-15],[-2,-145],[-57,-29],[11,-37],[-48,-4],[-137,80],[11,18],[-67,45],[-58,1],[-57,38],[-96,-120],[41,-57],[-48,-33],[32,-65],[-32,-16],[-66,16],[-23,-42],[-56,43],[-24,82],[-35,45],[-57,1],[-19,39],[-111,4],[-40,-35],[-80,-5],[-103,29],[-66,52]],[[4715,6529],[77,212],[-56,89],[-102,93],[-43,82],[-130,128],[-73,122]],[[4715,6529],[-46,-73],[-122,-241],[0,-25],[-144,-222],[19,-101],[-17,-83]],[[4405,5784],[-22,-52],[-122,-36],[-92,-49],[-105,201],[-32,39]],[[7076,6481],[76,-173],[49,-166],[91,-109],[33,-67],[18,-95],[82,-121],[-66,-99],[22,-16],[3,-95],[-78,-223],[-56,-95],[-19,-93],[19,-110],[-12,-20],[-67,27],[12,-35],[78,-80],[22,-44]],[[7283,4867],[-20,-100],[84,-121],[14,-79],[-117,-54],[-68,-80],[-64,-208],[22,-37]],[[5546,4174],[38,209],[-55,25],[-109,95],[-16,120],[-164,248],[-26,10],[28,74],[-161,118],[-31,38],[-120,89],[53,72],[-82,69],[-33,93],[40,74],[-50,81],[-52,44],[-70,-101],[-64,77],[-6,40],[-59,83],[-54,-6],[-59,66],[-89,-8]],[[3889,2908],[-84,88],[-142,274],[70,-298],[13,-156],[-59,-68],[-433,0],[55,172],[-97,89],[-140,79],[-70,145],[-65,37],[-303,84],[-90,-2],[63,-200],[-5,-171],[-74,-97],[-131,19],[-62,84],[-53,155],[-23,185],[33,175],[-142,-101],[-76,-35],[-164,-45],[-17,-151],[-51,-56],[-134,27],[-154,272],[-170,7],[37,184],[-131,279],[48,223],[-81,-78],[-92,-231],[-84,-79],[-36,266],[78,296],[95,202]],[[2630,4858],[98,33],[132,-192],[57,-37],[103,-33],[29,-70],[69,-85],[48,-84],[15,-68],[78,-119],[53,6],[132,53],[194,10],[70,38],[90,-73],[36,7],[38,-52],[13,-82],[94,-44],[-69,-74],[-46,-99],[-40,57],[-53,-34],[6,-42],[-43,-26],[-132,-173],[-59,-35],[25,-176],[20,-50],[56,-58],[80,-24],[64,-122],[23,-77],[62,-29],[-28,-34],[46,-105],[-2,-57]],[[7818,8706],[87,146],[56,45],[-6,76],[114,114],[71,43],[29,46],[70,50],[-48,48],[-36,120],[-123,71],[173,62],[146,89],[23,52],[46,-29],[173,30],[93,64],[-30,68],[84,21],[40,48],[84,44],[160,21],[219,14],[257,-59],[127,25],[80,-18],[49,65],[103,37],[2,-104],[30,-89],[17,-137],[-13,-39],[-66,-72],[18,-51],[56,-65],[23,-143],[7,-286],[66,-4],[-46,-60],[-373,-16],[-82,-114],[-22,-112],[-36,-109],[-58,-108],[-50,-48],[-567,-59],[-130,-62],[-301,-129],[-14,-18]],[[8320,8174],[-11,6],[14,324],[30,72],[-114,48],[-121,34],[-300,48]],[[8320,8174],[-152,-165],[-51,-210],[278,-858],[134,-218],[46,-129],[50,-233],[7,-324],[98,-156],[42,-305],[90,-140],[-16,-28],[137,-188],[58,-100],[39,-361],[-2,-148]],[[9078,4611],[-131,76],[-70,55],[-181,192],[-97,68],[-39,-17],[-182,-8],[-40,22],[-127,-33],[-38,59],[-105,15],[-68,-13],[-233,17],[-93,-102],[-60,-135],[-142,29],[-73,-21],[-38,-36],[-78,88]],[[6653,7844],[85,49],[119,40],[-7,32],[70,66],[-5,65],[127,16],[-42,154],[-57,73],[114,61],[113,3],[34,-24],[165,77],[66,67],[203,110],[15,34],[-32,92],[105,-24],[58,9],[34,-38]],[[4516,2579],[-154,37],[-91,205],[33,68],[63,22],[131,-7],[44,37],[-39,75],[-58,55],[-27,-25],[-85,107],[-16,80],[34,172],[-33,96],[-72,-51],[-231,-99],[108,-87],[22,-138],[-42,-138],[-88,-84],[-126,4]],[[9078,4611],[33,-360],[30,-250],[-28,-51],[-103,-64],[-97,-88],[-119,-196],[9,-112],[-56,-199],[-13,-77],[15,-56],[-4,-218],[13,-104],[-64,-102],[-41,-134],[34,-15],[93,-158],[-31,-11],[-13,-123],[-135,-139],[-58,-74],[-99,-184],[-101,-123],[-83,-57]]],"bbox":[10.591645464032487,58.87690999408848,11.946003153935273,59.79058551159467],"transform":{"scale":[0.00013544931392167075,0.00009137668941956117],"translate":[10.591645464032487,58.87690999408848]},"title":"Østfold (2019)","version":"2.0.1","copyright":"Copyright (c) 2022 Highsoft AS, Based on data from Kartverket","copyrightShort":"Kartverket","copyrightUrl":"http://www.kartverket.no"}