{"type":"Topology","objects":{"default":{"type":"GeometryCollection","geometries":[{"type":"MultiPolygon","arcs":[[[0]],[[1,2]],[[3,4]],[[5,6]],[[7,8,9,10,11,12]],[[13,14]],[[15]]],"id":"NO.SF.1428","properties":{"hc-group":"admin2","hc-middle-x":0.66,"hc-middle-y":0.41,"hc-key":"no-sf-1428","hc-a2":"AS","name":"Askvoll"}},{"type":"MultiPolygon","arcs":[[[16,17,-13]],[[-15,18,19,20,21,22]],[[23,-9]]],"id":"NO.SF.1429","properties":{"hc-group":"admin2","hc-middle-x":0.72,"hc-middle-y":0.53,"hc-key":"no-sf-1429","hc-a2":"FJ","name":"Fjaler"}},{"type":"Polygon","arcs":[[-17,-12,24,25,26,-20,27]],"id":"NO.SF.1430","properties":{"hc-group":"admin2","hc-middle-x":0.33,"hc-middle-y":0.44,"hc-key":"no-sf-1430","hc-a2":"GA","name":"Gaular"}},{"type":"MultiPolygon","arcs":[[[28,29,30,31,32,33,34,35,36,37]],[[38,39,40]],[[41,42]],[[43,44]]],"id":"NO.SF.1420","properties":{"hc-group":"admin2","hc-middle-x":0.28,"hc-middle-y":0.34,"hc-key":"no-sf-1420","hc-a2":"SO","name":"Sogndal"}},{"type":"Polygon","arcs":[[45,-45,46,-43,47,-41,48,49,50,51]],"id":"NO.SF.1422","properties":{"hc-group":"admin2","hc-middle-x":0.63,"hc-middle-y":0.54,"hc-key":"no-sf-1422","hc-a2":"LÆ","name":"Lærdal"}},{"type":"MultiPolygon","arcs":[[[52,53]],[[54,55,56,57,58,59]]],"id":"NO.SF.1445","properties":{"hc-group":"admin2","hc-middle-y":0.52,"hc-key":"no-sf-1445","hc-a2":"GL","name":"Gloppen"}},{"type":"MultiPolygon","arcs":[[[-40,60,61]],[[62,-30]],[[63,64,65,-38,66,67]]],"id":"NO.SF.1426","properties":{"hc-group":"admin2","hc-middle-x":0.37,"hc-middle-y":0.41,"hc-key":"no-sf-1426","hc-a2":"LU","name":"Luster"}},{"type":"Polygon","arcs":[[-62,68,-65,69,-49]],"id":"NO.SF.1424","properties":{"hc-group":"admin2","hc-middle-x":0.56,"hc-middle-y":0.42,"hc-key":"no-sf-1424","hc-a2":"ÅR","name":"Årdal"}},{"type":"Polygon","arcs":[[-54,70,71,72,73,74,75]],"id":"NO.SF.1443","properties":{"hc-group":"admin2","hc-middle-x":0.6,"hc-middle-y":0.44,"hc-key":"no-sf-1443","hc-a2":"EI","name":"Eid"}},{"type":"MultiPolygon","arcs":[[[-26,76,-35,77,78]],[[79,-33,80]]],"id":"NO.SF.1418","properties":{"hc-group":"admin2","hc-middle-x":0.42,"hc-middle-y":0.79,"hc-key":"no-sf-1418","hc-a2":"BA","name":"Balestrand"}},{"type":"MultiPolygon","arcs":[[[81,-72,82,83]],[[84]]],"id":"NO.SF.1439","properties":{"hc-group":"admin2","hc-middle-x":0.82,"hc-middle-y":0.61,"hc-key":"no-sf-1439","hc-a2":"VÅ","name":"Vågsøy"}},{"type":"MultiPolygon","arcs":[[[85,86]],[[87]],[[88]],[[89]]],"id":"NO.SF.1412","properties":{"hc-group":"admin2","hc-middle-x":0.6,"hc-middle-y":0.37,"hc-key":"no-sf-1412","hc-a2":"SO","name":"Solund"}},{"type":"Polygon","arcs":[[-87,90,-22,91,92]],"id":"NO.SF.1413","properties":{"hc-group":"admin2","hc-middle-x":0.75,"hc-middle-y":0.57,"hc-key":"no-sf-1413","hc-a2":"HY","name":"Hyllestad"}},{"type":"MultiPolygon","arcs":[[[93,-52,94]],[[95,96,97,98]]],"id":"NO.SF.1417","properties":{"hc-group":"admin2","hc-middle-x":0.46,"hc-middle-y":0.55,"hc-key":"no-sf-1417","hc-a2":"VI","name":"Vik"}},{"type":"Polygon","arcs":[[-95,-51,99,-97,100]],"id":"NO.SF.1421","properties":{"hc-group":"admin2","hc-middle-x":0.62,"hc-middle-y":0.61,"hc-key":"no-sf-1421","hc-a2":"AU","name":"Aurland"}},{"type":"MultiPolygon","arcs":[[[101,102,103,104,105,106,107,-36,-77,-25,-11]],[[108,109]]],"id":"NO.SF.1432","properties":{"hc-group":"admin2","hc-middle-x":0.33,"hc-middle-y":0.59,"hc-key":"no-sf-1432","hc-a2":"FØ","name":"Førde"}},{"type":"MultiPolygon","arcs":[[[110,-110,111,-7,112,-5,113,-3,114,115,-58,116,-107]],[[117,-105]],[[118,-103]]],"id":"NO.SF.1433","properties":{"hc-group":"admin2","hc-middle-x":0.63,"hc-middle-y":0.37,"hc-key":"no-sf-1433","hc-a2":"NA","name":"Naustdal"}},{"type":"Polygon","arcs":[[-117,-57,119,-67,-37,-108]],"id":"NO.SF.1431","properties":{"hc-group":"admin2","hc-middle-x":0.62,"hc-middle-y":0.51,"hc-key":"no-sf-1431","hc-a2":"JØ","name":"Jølster"}},{"type":"MultiPolygon","arcs":[[[120]],[[121]],[[122]],[[123,124,-59,-116]]],"id":"NO.SF.1401","properties":{"hc-group":"admin2","hc-middle-x":0.77,"hc-middle-y":0.51,"hc-key":"no-sf-1401","hc-a2":"FL","name":"Flora"}},{"type":"Polygon","arcs":[[125,-84]],"id":"NO.SF.1441","properties":{"hc-group":"admin2","hc-middle-x":0.23,"hc-middle-y":0.22,"hc-key":"no-sf-1441","hc-a2":"SE","name":"Selje"}},{"type":"Polygon","arcs":[[126,127,-74]],"id":"NO.SF.1444","properties":{"hc-group":"admin2","hc-middle-x":0.48,"hc-key":"no-sf-1444","hc-a2":"HO","name":"Hornindal"}},{"type":"Polygon","arcs":[[-68,-120,-56,128,-75,-128,129]],"id":"NO.SF.1449","properties":{"hc-group":"admin2","hc-middle-x":0.6,"hc-middle-y":0.47,"hc-key":"no-sf-1449","hc-a2":"ST","name":"Stryn"}},{"type":"Polygon","arcs":[[130,-81,-32]],"id":"NO.SF.1419","properties":{"hc-group":"admin2","hc-middle-x":0.62,"hc-middle-y":0.46,"hc-key":"no-sf-1419","hc-a2":"LE","name":"Leikanger"}},{"type":"MultiPolygon","arcs":[[[131]],[[132,-60,-125]],[[133]]],"id":"NO.SF.1438","properties":{"hc-group":"admin2","hc-middle-x":0.65,"hc-middle-y":0.42,"hc-key":"no-sf-1438","hc-a2":"BR","name":"Bremanger"}},{"type":"MultiPolygon","arcs":[[[134]],[[135]],[[136,137]]],"id":"NO.SF.1411","properties":{"hc-group":"admin2","hc-middle-x":0.52,"hc-middle-y":0.34,"hc-key":"no-sf-1411","hc-a2":"GU","name":"Gulen"}},{"type":"MultiPolygon","arcs":[[[-79,138,-92,-21,-27]],[[139,-138,140,-99]]],"id":"NO.SF.1416","properties":{"hc-group":"admin2","hc-middle-x":0.63,"hc-middle-y":0.18,"hc-key":"no-sf-1416","hc-a2":"HØ","name":"Høyanger"}}],"hc-recommended-transform":{"default":{"crs":"+proj=utm +zone=32 +datum=WGS84 +units=m +no_defs","scale":0.00351956383962,"jsonres":15.5,"jsonmarginX":-999,"jsonmarginY":9851,"xoffset":264971.518782,"yoffset":6903968.15575}}}},"arcs":[[[572,4440],[21,-57],[-78,-98],[-27,60],[17,65],[67,30]],[[1921,5251],[-166,-27],[-54,55]],[[1701,5279],[81,-23],[139,-5]],[[2134,5235],[-22,10]],[[2112,5245],[20,-1],[2,-9]],[[2252,5053],[-33,-3],[-60,71]],[[2159,5121],[54,-23],[39,-45]],[[2025,4505],[-6,-1]],[[2019,4504],[-171,-9],[-37,-19]],[[1811,4476],[-398,-54],[-99,-106],[-94,-72],[-95,-35],[-60,32],[-29,73],[-53,51],[-29,94],[9,98],[34,95],[46,65],[43,8],[29,-64],[21,-119],[42,54],[0,177],[21,22],[89,19],[-19,93],[-51,-69],[-58,-20],[-115,-5],[-108,-34],[-112,-6],[0,41],[297,181],[289,42],[66,91],[-20,48],[102,-28],[131,-81],[122,-39],[72,100],[398,-215],[95,-11],[66,48]],[[2443,4950],[27,-3],[-2,-66]],[[2468,4881],[-109,-21],[-72,-41],[-32,17],[-140,-18],[-32,-74],[21,-67],[-3,-95]],[[2101,4582],[-42,-16],[-34,-61]],[[1420,4208],[30,105],[25,9]],[[1475,4322],[-18,-110],[-37,-4]],[[161,3969],[-41,80],[35,45],[-11,36],[52,55],[51,-30],[19,-85],[70,-33],[32,-58],[-58,-24],[-29,26],[-120,-12]],[[2101,4582],[95,-32],[158,0]],[[2354,4550],[-329,-45]],[[1475,4322],[39,12],[74,-20],[102,-71],[36,-48],[50,-131],[33,-222],[29,-95],[37,25],[8,83],[-8,120],[-37,196],[-41,71],[-92,67],[-42,61],[501,125],[335,-23]],[[2499,4472],[-46,-22],[29,-87],[-14,-45],[26,-90],[76,1],[24,-36],[50,1],[30,-89],[64,-57],[1,-53],[116,4],[-5,-94],[-28,-47],[52,-54],[55,2],[22,-99]],[[2951,3707],[-92,-89],[-85,-39],[-39,-58],[2,-59],[-40,-5],[-7,-130],[-50,-39],[-29,30],[-44,-41],[-108,103],[-170,70],[-111,4]],[[2178,3454],[-57,0],[-51,46],[-12,96],[-57,9],[-20,93],[-51,13],[-54,-70],[-77,27],[-37,75],[-98,79],[35,41],[-13,78],[-208,-81],[-2,-37],[-78,-19],[-69,84],[-81,25],[-51,-5],[-1,-152],[-72,-28],[-154,-17],[-8,-24]],[[962,3687],[-42,90],[-77,-27],[25,84],[43,63],[99,77],[157,55],[57,75],[121,-6],[54,32],[21,78]],[[2019,4504],[-208,-28]],[[2468,4881],[262,-52],[55,-30],[52,42],[105,-25],[32,-23],[67,49],[164,7],[20,-109],[35,-69],[50,-170],[48,9],[92,-80],[61,35],[145,7],[69,72],[68,25],[64,-90],[64,16],[64,184],[58,-4],[40,-44],[73,25],[81,2],[44,61],[36,-54],[56,-2],[62,66],[30,-50],[43,-6],[36,-60],[49,-37],[86,10],[36,-59],[-8,-115],[-20,-22],[122,-74]],[[4809,4316],[-14,-123],[-103,-55],[-94,-98]],[[4598,4040],[-281,-43],[-94,-95],[-59,-86],[-87,117],[9,63],[-135,5],[-112,-49],[-158,31],[-218,-20],[-29,-76],[-75,-50],[-20,9],[-31,-127],[-54,26],[-26,-77],[-46,8],[-45,-43],[-25,35],[-161,39]],[[2499,4472],[188,-13],[-91,92],[-122,15],[-120,-16]],[[7223,3727],[24,-206],[34,-79]],[[7281,3442],[32,-56],[52,-60]],[[7365,3326],[-93,-130],[-38,-28],[-67,4],[-63,40],[-76,89],[-43,1],[-105,-52],[-37,-38],[-22,-100],[-44,-58],[-346,-107],[-99,-87],[-55,-26],[-49,19],[-49,141],[66,104],[104,93],[65,111],[-144,-107],[-77,-35],[-108,26]],[[6085,3186],[18,87],[90,72],[-30,116],[21,53],[-10,174],[87,65],[-21,92],[-29,28],[-74,-12],[11,165],[-54,63],[-180,-67],[-50,5],[-21,104],[-58,-8],[-42,29],[-112,-81],[27,-156],[-31,-109],[-91,46],[-30,-7],[-36,65],[-44,-30]],[[5426,3880],[-27,35],[-2,2]],[[5397,3917],[84,275],[94,156],[20,174],[36,125],[-3,62],[-47,-7],[-164,-583],[-65,-142]],[[5352,3977],[-17,17],[28,78],[-26,112],[17,166],[-43,51],[61,67],[-26,61],[15,94],[-41,22],[32,63],[50,13],[15,52],[-49,93],[-67,-24],[-61,10],[-27,38]],[[5213,4890],[84,15],[22,44],[78,58],[34,93]],[[5431,5100],[105,103],[41,107],[45,41],[57,235],[86,130],[119,97]],[[5884,5813],[31,-174],[135,-67],[-5,-150],[51,-67],[33,-112],[-22,-22],[6,-161],[17,-159],[-43,-26],[-26,-81],[50,-25],[47,17],[130,-27],[-37,-121],[9,-116],[188,-133],[28,-70],[11,-102],[35,-85],[65,-23],[41,-91],[81,-29],[27,24],[150,-44],[31,-89],[70,72],[21,-35],[215,-190]],[[7486,3180],[47,57],[24,57]],[[7557,3294],[16,0]],[[7573,3294],[-40,-82],[-47,-32]],[[6946,2964],[7,13]],[[6953,2977],[-2,-11],[-5,-2]],[[6405,2711],[0,1],[1,0]],[[6406,2712],[-1,-1]],[[6404,2696],[1,15]],[[6406,2712],[46,53],[115,38],[289,19],[90,142]],[[6953,2977],[57,43],[222,-66],[93,-118],[83,-48],[181,-23],[0,48],[-50,6],[-68,45],[-126,171],[37,61],[104,84]],[[7573,3294],[123,59],[52,-141],[-58,-147],[108,0],[140,-51],[65,4],[68,-123],[118,-67],[168,35],[257,27],[52,44],[-38,78],[-74,19],[-19,59],[138,96],[93,-4],[78,34],[39,56],[13,154],[119,39],[-45,66],[9,69],[85,39],[78,-4]],[[9142,3635],[2,-34],[65,-48],[59,-14],[-6,-55],[26,-120],[-45,-82],[12,-41],[74,34],[20,-114],[119,-256],[46,-85],[189,-116],[105,-116],[-101,-129],[69,-29],[116,-106],[-69,-161],[-77,3],[-21,-61],[32,-33],[-27,-171],[-107,6],[-81,85],[-43,-61],[-265,-517],[-165,55],[-122,-29],[-60,81],[-93,93],[-75,-27],[-131,-150],[-144,-357]],[[8444,1080],[-173,102],[-101,187],[-122,171],[-177,191],[-82,103],[-96,19],[-147,157],[-113,-55],[-68,33],[-29,153],[-32,102],[26,141],[-48,-19],[-31,-47],[-74,-21],[-212,78],[-84,163],[-103,1],[-139,-137],[-23,104],[-130,-7]],[[6486,2499],[-82,197]],[[3964,7623],[-56,16],[-30,28]],[[3878,7667],[43,-8],[43,-36]],[[3248,7590],[227,42],[50,-34],[14,-49],[-52,-357],[-74,-207],[-2,-79],[117,196],[33,120],[27,214],[24,72],[52,28],[49,-27],[132,-150],[108,-191],[68,-58],[156,-22],[-27,91],[-91,56],[-122,187],[-95,66],[0,48],[634,0],[28,-14]],[[4504,7522],[7,-24],[-28,-131],[67,-75],[104,-42],[33,28],[179,-39],[142,-12],[130,-46],[68,-46],[109,-12],[67,36],[146,157],[168,-34],[40,-48],[10,-62],[-30,-94],[-50,-20],[-71,-152],[40,-141],[6,-98]],[[5641,6667],[-39,-39],[-39,-115],[-109,-119],[-128,-50],[-33,-46],[10,-35],[-96,-26],[-56,114],[-35,-23],[-145,11],[-82,-32],[-49,5],[-67,-42],[14,-31],[-81,-217],[-63,13],[-94,56],[40,81],[-67,92],[5,34],[-79,7],[-44,-45]],[[4404,6260],[-78,1],[-79,60],[-218,-17],[-28,-53],[-116,-32],[-121,40],[-157,15],[-37,-55],[-234,-117],[-101,35],[-142,-67],[-49,-93],[-84,-54],[-46,-8]],[[2914,5915],[-136,21],[-29,153],[-27,31],[4,143],[144,321],[-5,49],[-101,117],[-67,177]],[[2697,6927],[141,1],[178,45],[98,-21],[152,138],[85,316],[-103,184]],[[7557,3294],[4,12]],[[7561,3306],[12,-12]],[[7281,3442],[101,-92],[-17,-24]],[[7526,7680],[28,-82],[186,-432],[64,-118],[-3,-214],[313,91],[151,9],[186,78],[243,-75],[180,-140],[-11,-276],[-24,-232],[102,-267],[27,-130],[12,-167],[187,-106],[277,-114],[211,162],[182,-90],[68,-289],[44,-67],[50,-151],[-128,-161],[-164,-6],[-61,56],[-114,-79]],[[9532,4880],[-449,19],[-157,94],[-75,73],[-76,38],[-75,-37],[-13,-69],[-106,-20],[-14,-65],[-94,12],[-59,-15],[-186,101],[-70,-34],[-81,-109],[125,-160],[6,-110],[-41,-38],[22,-47],[-144,-214],[45,-100],[-31,-44],[-60,4],[-14,53],[-66,24],[-135,8],[16,-110],[-51,-78],[-52,-23],[-51,-54],[8,-64],[-35,-150],[-50,-55],[42,-175],[-101,-54],[-72,-72]],[[7438,3409],[-58,35],[-35,103],[-28,343],[-64,85],[4,137],[114,116],[30,119],[10,146],[28,73],[111,115],[126,276],[117,60],[67,57],[60,85],[40,103],[-227,-162],[-388,-464],[-61,-20],[-104,55],[-59,9],[96,-141],[27,-67],[-10,-102],[-164,-260],[-14,-70],[54,-92],[59,-61],[46,-86],[8,-74]],[[5884,5813],[-8,87],[132,168]],[[6008,6068],[137,174],[89,50],[270,216],[457,736],[53,61],[161,81],[267,264],[84,30]],[[7561,3306],[79,54],[413,37],[133,55],[108,164],[-94,-15],[-74,-34],[-89,-80],[-411,-97],[-165,6],[-23,13]],[[9532,4880],[14,-182],[17,-73],[-9,-104],[59,-96],[61,-24],[28,16],[31,-81],[74,-25],[-20,-112],[-89,-111],[-91,3],[-102,-169],[-13,-66],[-186,-135],[-43,-100],[-121,14]],[[3878,7667],[-91,91],[-52,10],[-154,-10],[-149,77],[-95,-3],[-134,-88],[-50,-75],[-21,10],[-183,208],[0,48],[554,40],[77,45],[0,44],[-859,52],[-350,88],[-121,-57]],[[2250,8147],[120,158],[59,74]],[[2429,8379],[37,-31],[186,39],[164,50],[63,-34],[50,71],[76,1],[11,-45],[83,0],[49,-45],[110,48],[168,124],[60,26],[54,-56],[49,40],[68,-91],[59,-32],[68,-121],[74,78],[68,-45],[76,22],[69,55],[-27,88],[105,47],[31,107],[48,-21],[47,13],[110,-26],[-59,-89],[113,-95],[28,-1],[71,-80],[-7,-39],[101,26],[79,103],[76,46]],[[4787,8512],[42,-26],[24,-82],[8,-119],[108,-51],[12,-57]],[[4981,8177],[-64,-11],[-1,-80],[-27,-65],[14,-76],[-172,14],[-32,45],[-56,2],[-38,-53],[-90,14],[-60,-23],[-15,37],[-45,-19],[-6,-48],[17,-249]],[[4406,7665],[-18,7],[-424,-49]],[[4809,4316],[32,17],[69,116],[36,18],[43,76],[67,168],[157,179]],[[5352,3977],[-27,-57],[-105,-86],[-31,21],[-42,98],[-50,1],[-54,-141],[66,-197],[7,-128],[30,-53],[-181,45],[-16,-23],[91,-100],[25,-233],[-3,-61],[-59,-105],[-137,-105],[-168,-4],[-244,74],[-214,151],[-81,227],[-114,-149]],[[4045,3152],[-4,36],[187,296],[159,133],[207,63],[83,-31],[40,34],[24,-24],[61,110],[-101,64],[-45,61],[-40,11],[-18,48],[0,87]],[[5270,3522],[-68,46],[33,105],[100,108],[62,136]],[[5426,3880],[-60,-92],[47,-72],[101,65],[76,-3],[-162,-110],[-24,-55],[-71,-32],[-3,-43],[-60,-16]],[[2171,8438],[49,10],[40,66],[37,-40],[76,-29],[56,-66]],[[2250,8147],[-60,-28],[-63,83],[-212,-69],[-128,-91],[-68,-22],[-151,29],[-75,-13],[-62,-80],[-42,-26],[-55,34],[-100,99],[75,179],[38,177],[42,31],[49,-116],[28,8],[40,72]],[[1506,8414],[10,-76],[43,18],[47,-98],[70,-21],[63,-82],[62,12],[22,81],[130,214],[16,61],[74,17],[128,-102]],[[1343,8473],[-42,-201],[-29,-76],[-47,-62],[-54,-2],[-146,76],[-15,88],[56,59],[32,-56],[20,39],[-4,88],[-152,155],[-39,86],[3,159],[66,-21],[158,-142],[33,-16],[25,61],[85,65],[36,-38],[51,-143],[-37,-119]],[[1264,3070],[-137,64],[-41,34],[11,44]],[[1097,3212],[51,-31],[116,-111]],[[75,2129],[-20,101],[-44,50],[-11,219],[65,53],[30,74],[55,16],[40,-143],[-9,-78],[77,-133],[-1,-91],[-22,-90],[-66,-73],[-15,84],[20,118],[-55,-131],[-44,24]],[[1082,3125],[86,-160],[13,-134],[-18,-12],[-130,33],[-26,41],[-20,278],[22,13],[73,-59]],[[620,3373],[61,-373],[22,15],[7,100],[-15,97],[49,5],[44,44],[-40,89],[65,-6],[46,-84],[73,-375],[-6,-95],[-47,-83],[-112,-106],[-90,-129],[-49,219],[-47,74],[-8,-30],[-81,-112],[-28,-67],[-10,-96],[-23,-50],[-17,106],[-5,130],[4,232],[-18,179],[12,49],[66,12],[32,50],[57,-220],[32,-49],[24,96],[-5,88],[-69,307],[48,39],[28,-56]],[[1097,3212],[30,118],[161,-14],[284,-148],[-22,134],[97,0],[-145,176],[-79,65],[-77,24],[-323,-52],[-88,53],[54,30],[119,29],[33,77],[-90,-50],[-50,-9],[-39,42]],[[2178,3454],[-16,-114],[26,-64],[-12,-98],[-32,-50],[-9,-62],[56,-182],[-6,-45],[-63,-50],[-21,-163]],[[2101,2626],[-111,4],[-115,108],[-99,208],[-46,-84],[-57,-40],[-150,-17],[-30,-13],[-66,135],[-26,20],[27,70],[108,-6],[51,24],[-124,74],[-57,14],[-50,-66],[-92,13]],[[6473,2377],[-32,67],[-37,252]],[[6486,2499],[-19,-69],[6,-53]],[[4145,2824],[70,-38],[94,-21],[78,-48],[34,-108],[-12,-120],[-64,-79],[87,9],[101,134],[48,13],[81,-19],[30,-73],[-59,-169],[-27,-116],[93,0],[-8,91],[37,127],[81,144],[66,84],[75,61],[154,39],[65,49],[56,97],[53,154],[40,211],[34,-9],[97,-106],[375,-46],[136,-72],[53,-73],[16,-205],[50,-55],[160,22],[45,-22],[25,-51],[49,-219],[53,-140]],[[6411,2270],[-61,-84],[-165,-3],[-122,-11],[-110,-55],[-95,-13],[10,-26],[-79,-66],[7,-69],[31,-43],[-50,-59],[13,-36],[-69,-64],[4,-61]],[[5725,1680],[-82,-31],[-31,92],[-50,87],[-90,17],[27,-169],[-74,-88],[-106,-22],[-78,-139],[-83,-23],[-52,78],[-63,39],[38,79],[-35,148],[-59,17],[-49,-96],[-58,-62],[-70,4],[-74,37],[-107,-163],[-117,-152],[-112,87],[-145,130],[-144,52],[-56,106],[13,216],[23,79]],[[4091,2003],[30,85],[-20,181],[34,102],[6,73],[45,83],[-54,242],[13,55]],[[8444,1080],[-125,-318],[47,-18],[13,-189],[-59,-142],[-52,-46],[-192,79],[-395,-446],[-368,68],[-45,27],[-252,72],[-114,1],[-43,-61],[-98,4],[-97,103],[-191,12],[-34,54],[-71,4],[2,99],[-29,186],[24,38],[-173,37],[-52,-30],[-86,-12],[55,198],[9,113],[-40,64],[149,6],[38,93],[-231,98],[-90,-123],[-61,-2],[-86,-39],[-61,38],[-69,12],[-21,89],[35,13],[55,137],[180,108],[16,27],[-10,101],[-47,13],[9,38],[-40,24],[-62,-78],[-54,-8],[-16,84],[13,72]],[[6411,2270],[20,-104],[-18,-56],[-88,-121],[-86,-55],[-178,-234],[248,184],[125,36],[110,-43],[171,-163],[43,-82],[4,-95],[-70,-329],[70,89],[70,145],[38,172],[-27,175],[-165,55],[-50,100],[-104,337],[-51,96]],[[2443,4950],[-16,41]],[[2427,4991],[2,0],[4,9]],[[2433,5000],[47,31],[116,17],[54,36],[26,46]],[[2676,5130],[66,100],[59,34]],[[2801,5264],[103,9],[63,-17],[46,-57],[48,-134],[33,-29],[60,3],[0,45],[-62,50],[-95,177],[-65,37]],[[2932,5348],[112,-9],[50,39],[5,63],[86,-27],[47,20],[174,-28],[62,35],[17,69],[55,112],[83,-26],[98,119],[13,38],[41,0],[56,94],[226,11],[35,22],[78,-3],[45,31]],[[4215,5908],[-5,-74],[-62,-86],[18,-32],[-28,-47],[-121,-28],[-144,-105],[-36,-68],[-48,1],[-58,-78],[0,-116],[-82,-104],[-4,-56],[-41,-57],[107,-40],[42,-44],[154,100],[40,9],[142,-115],[47,-22],[74,76],[137,51],[66,-19],[75,86],[113,-22],[160,42],[43,-1],[70,104],[23,-6],[134,59],[97,-42],[102,-10],[44,-28],[58,76],[4,65],[64,-55],[43,-65],[-12,-157]],[[2924,5350],[-43,-1]],[[2881,5349],[6,4],[37,-3]],[[2932,5348],[-1,1],[-7,1]],[[2881,5349],[-107,-3],[-74,-26],[-70,-59],[-102,-133],[-138,-1],[-87,-70],[-51,-4]],[[2159,5121],[6,100],[-31,14]],[[2112,5245],[-64,27],[-127,-21]],[[1701,5279],[-29,28]],[[1672,5307],[17,96],[109,5],[183,39],[62,-23],[213,-6],[29,-17],[81,11],[40,28],[111,-7],[41,68],[36,-5],[12,52],[-35,23],[2,59],[33,-18],[94,24],[36,61],[144,43],[80,39],[-40,33],[-6,103]],[[4404,6260],[20,-101],[-3,-103],[-160,-70],[-46,-78]],[[2676,5130],[60,109],[65,25]],[[2427,4991],[-1,4],[7,5]],[[5641,6667],[54,-107],[-12,-97],[25,-41],[94,-16],[3,-135],[203,-203]],[[740,5478],[24,132],[100,-92],[35,-65],[48,26],[7,-57],[-60,-61],[-55,21],[-99,96]],[[399,5949],[113,93],[47,5],[-31,58],[-6,124],[37,48],[23,-176],[59,-29],[58,-92],[-37,-25],[-216,-61],[-46,12],[-1,43]],[[527,6653],[54,18],[32,80],[27,-17],[-8,-71],[72,-162],[-2,-153],[-10,44],[-42,32],[-50,-32],[-66,67],[-30,132],[23,62]],[[1672,5307],[-18,18],[-203,95],[-107,93],[21,104],[-17,91],[44,2],[122,-49],[122,47],[304,1],[0,44],[-73,2],[-433,157],[-69,63],[519,0],[-74,-40],[0,-44],[251,-13],[66,57],[-208,114],[-219,59],[136,84],[56,95],[-154,-6],[-148,-89],[-644,12],[-66,37],[-66,201],[-12,73],[17,59],[61,67],[-15,41]],[[865,6682],[61,-43],[56,8],[56,-26],[73,-101],[38,32],[61,-91],[39,17],[30,-30],[98,16],[-8,76],[80,-13],[20,-57],[46,39],[5,-67],[39,-28],[83,8],[60,61],[121,4],[38,38],[-1,54],[-51,31],[-53,150],[59,-25],[47,17],[61,-46],[91,55],[-15,53],[79,31],[26,72],[136,12],[163,104],[21,-54],[82,88],[46,-76],[145,-64]],[[1506,8414],[32,-12],[49,-68],[27,16],[32,118],[105,90],[35,66],[24,154],[77,-48],[103,-20],[64,26],[-39,90],[-38,18],[-84,0],[-36,47],[-81,158],[-243,220],[-270,46],[-48,87],[94,45],[-41,66],[-84,83],[-26,73],[58,45],[-38,88],[50,61],[136,-16],[0,89],[64,63],[32,-12],[77,-120],[85,-73],[54,-85],[37,-3],[6,-57],[-19,-161],[130,-191],[199,-118],[164,-173],[28,-356],[53,46],[55,-6],[5,-34],[-45,-62],[-40,-23],[-78,-133]],[[4787,8512],[-11,128],[73,71],[95,-28],[26,35],[56,-20],[21,35],[-17,118],[98,23],[15,92],[56,-16],[50,44],[83,-49],[63,14],[43,87],[35,26],[61,-53],[42,-95],[3,-51],[45,-50],[110,-201],[94,-140],[16,-72]],[[5844,8410],[-43,-30],[-9,-45],[-97,-33],[-89,-1],[-107,60],[-123,-27],[-98,-95],[-4,-48],[-39,-39],[-60,14],[-13,-41],[-46,35],[-68,-53],[-35,65],[-32,5]],[[4504,7522],[33,-14],[125,-125],[66,-29],[245,-18],[79,18],[50,44],[33,67],[47,156],[48,90],[58,55],[137,36],[75,-20],[145,-93],[70,-20],[84,-96],[112,184],[0,45],[-130,-39],[-77,45],[-129,38],[-30,77],[-73,-36],[-277,-73],[-46,-78],[-77,-200],[-92,-66],[-574,195]],[[5844,8410],[128,-42],[30,79],[119,43],[43,-45],[36,42],[94,47],[65,-48],[79,33],[72,-19],[59,33],[60,110],[-22,23],[224,39],[37,-21],[63,28],[27,63],[-24,29],[107,23],[18,-99],[192,-6],[47,-65],[142,-32],[34,-69],[15,-94],[-28,-292],[70,-270],[-5,-220]],[[6085,3186],[-197,102],[-395,88],[-223,146]],[[410,7260],[124,111],[22,-5],[90,-204],[-13,-110],[-89,-93],[9,128],[-52,87],[-86,53],[-5,33]],[[865,6682],[0,85],[27,50],[43,5],[-38,84],[78,82],[138,-4],[58,-50],[7,-68],[73,1],[58,-94],[55,-3],[58,51],[-88,120],[-25,54],[174,109],[-342,-60],[40,91],[67,76],[75,59],[308,148],[69,69],[-37,48],[107,36],[114,5],[-47,40],[-78,24],[14,110],[179,241],[88,36],[252,-21],[94,-58],[49,-13],[163,15],[99,-67],[107,-12],[42,-47],[68,-118],[73,-86],[-83,-51],[-102,-4],[-94,-31],[-57,-131],[74,2],[241,131],[282,54]],[[689,7482],[-187,46],[-71,49],[51,76],[67,58],[50,69],[1,106],[120,57],[118,-8],[734,-315],[-47,-94],[-79,-53],[-158,-30],[36,43],[15,127],[-30,56],[-97,-181],[-101,-126],[-110,-83],[-262,-97],[-73,27],[-48,101],[-3,83],[26,6],[53,-44],[73,132],[-78,-5]],[[755,1316],[-6,-64],[24,-62],[-29,-22],[-107,63],[-29,148],[-20,-21],[-71,69],[-5,85],[-21,79],[-22,-57],[-46,34],[-45,1],[-18,84],[49,57],[113,29],[18,-29],[-50,-56],[125,18],[36,-48],[-36,-11],[9,-40],[62,-67],[69,-190]],[[859,1452],[-15,244],[5,29],[58,-7],[43,-39],[32,-105],[71,-418],[3,-42],[-111,-18],[-28,21],[-48,129],[12,127],[-22,79]],[[2651,1961],[-109,-122],[-69,-106],[-65,-74],[-127,-60],[-15,80],[-45,5],[-112,-44],[-81,-90],[-66,-19],[-41,25],[-58,-20],[-51,109],[-19,87],[-66,-5],[27,-36],[-35,-48],[-101,-32],[-35,15],[-83,-112],[-52,-17],[-48,-90],[21,-63],[-37,-100],[-58,-47],[23,-145],[-74,2],[-127,-22],[-54,65],[-50,270],[-49,155],[-3,110],[-75,157],[24,75],[58,17],[122,-48],[55,-52],[15,-57],[-12,-226],[11,-113],[25,-71],[25,0],[11,96],[-23,301],[6,78],[42,71],[78,67],[-6,128],[-128,-117],[-42,-16],[-148,44],[-30,25],[-22,101],[-1,120],[11,114],[22,84],[142,176],[181,20],[183,-77],[215,-171],[84,-41],[173,-37],[123,17],[35,-16],[39,-203],[51,78],[-35,189],[16,88],[77,58],[105,107],[108,-25],[66,-34]],[[2573,2539],[-29,-55],[53,0],[17,-55],[-38,-34],[-19,-100],[34,-47],[-15,-61],[7,-115],[79,6],[-11,-117]],[[4045,3152],[-160,-82],[-162,10],[-143,88],[123,97],[58,65],[25,105],[-262,-223],[-180,-75],[-190,-17],[-58,60],[-1,205],[-53,-96],[-13,-117],[-25,-52],[-128,-2],[-20,-61],[-52,-24],[-322,-39],[-56,-33],[-168,-241],[-140,-94],[-17,0]],[[4091,2003],[-65,40],[-87,22],[-47,40],[-74,182],[-86,49],[-67,-77],[-138,-92],[-35,18],[-77,-201],[-40,-190],[-76,3],[-131,160],[-29,57],[-189,-87],[-40,-37],[-23,-65],[-103,45],[-52,106],[-81,-15]],[[2573,2539],[133,-41],[0,49],[-115,114],[12,19],[148,39],[48,-39],[60,70],[108,72],[104,29],[45,-62],[-27,-180],[0,-83],[100,146],[76,49],[-37,93],[86,59],[80,26],[228,-7],[93,-38],[53,-1],[185,49],[90,-23],[102,-55]]],"bbox":[4.64472542535715,60.67558015368749,8.322051585195421,62.214507951383645],"transform":{"scale":[0.00036776939292311944,0.00015390817058667404],"translate":[4.64472542535715,60.67558015368749]},"title":"Sogn og Fjordane (2019)","version":"2.0.1","copyright":"Copyright (c) 2022 Highsoft AS, Based on data from Kartverket","copyrightShort":"Kartverket","copyrightUrl":"http://www.kartverket.no"}