{"type":"Topology","objects":{"default":{"type":"GeometryCollection","geometries":[{"type":"MultiPolygon","arcs":[[[0]],[[1]],[[2,3,4]]],"id":"NO.VF.701","properties":{"hc-group":"admin2","hc-middle-x":0.4,"hc-middle-y":0.43,"hc-key":"no-vf-701","hc-a2":"HO","name":"Horten"}},{"type":"Polygon","arcs":[[5]],"id":"NO.VF.723","properties":{"hc-group":"admin2","hc-middle-x":0.62,"hc-middle-y":0.75,"hc-key":"no-vf-723","hc-a2":"TJ","name":"Tjøme"}},{"type":"MultiPolygon","arcs":[[[6]],[[7,8,9,10]]],"id":"NO.VF.706","properties":{"hc-group":"admin2","hc-middle-y":0.34,"hc-key":"no-vf-706","hc-a2":"SA","name":"Sandefjord"}},{"type":"MultiPolygon","arcs":[[[11]],[[12,13,14]],[[15,16]]],"id":"NO.VF.722","properties":{"hc-group":"admin2","hc-middle-x":0.95,"hc-middle-y":0.91,"hc-key":"no-vf-722","hc-a2":"NØ","name":"Nøtterøy"}},{"type":"MultiPolygon","arcs":[[[17]],[[18]],[[19,20]]],"id":"NO.VF.711","properties":{"hc-group":"admin2","hc-middle-x":0.51,"hc-middle-y":0.49,"hc-key":"no-vf-711","hc-a2":"SV","name":"Svelvik"}},{"type":"Polygon","arcs":[[21,22,23,-9],[-7]],"id":"NO.VF.709","properties":{"hc-group":"admin2","hc-middle-x":0.42,"hc-middle-y":0.6,"hc-key":"no-vf-709","hc-a2":"LA","name":"Larvik"}},{"type":"Polygon","arcs":[[24,25,26,27,28]],"id":"NO.VF.714","properties":{"hc-group":"admin2","hc-middle-x":0.56,"hc-middle-y":0.52,"hc-key":"no-vf-714","hc-a2":"HO","name":"Hof"}},{"type":"Polygon","arcs":[[29,-11,30,31,32]],"id":"NO.VF.720","properties":{"hc-group":"admin2","hc-middle-x":0.48,"hc-middle-y":0.51,"hc-key":"no-vf-720","hc-a2":"ST","name":"Stokke"}},{"type":"Polygon","arcs":[[33,-5,34,-32,35,36,-28,37],[-2]],"id":"NO.VF.716","properties":{"hc-group":"admin2","hc-middle-x":0.58,"hc-middle-y":0.53,"hc-key":"no-vf-716","hc-a2":"RE","name":"Re"}},{"type":"Polygon","arcs":[[-35,-4,38,-17,39,40,-15,41,-33]],"id":"NO.VF.704","properties":{"hc-group":"admin2","hc-middle-x":0.54,"hc-key":"no-vf-704","hc-a2":"TØ","name":"Tønsberg"}},{"type":"Polygon","arcs":[[-26,42,-20,43,44]],"id":"NO.VF.713","properties":{"hc-group":"admin2","hc-middle-x":0.55,"hc-middle-y":0.46,"hc-key":"no-vf-713","hc-a2":"SA","name":"Sande"}},{"type":"Polygon","arcs":[[-37,45,-23,46,-29]],"id":"NO.VF.728","properties":{"hc-group":"admin2","hc-middle-x":0.51,"hc-middle-y":0.37,"hc-key":"no-vf-728","hc-a2":"LA","name":"Lardal"}},{"type":"Polygon","arcs":[[-45,47,-38,-27]],"id":"NO.VF.702","properties":{"hc-group":"admin2","hc-middle-x":0.55,"hc-middle-y":0.59,"hc-key":"no-vf-702","hc-a2":"HO","name":"Holmestrand"}},{"type":"Polygon","arcs":[[-46,-36,-31,-10,-24]],"id":"NO.VF.719","properties":{"hc-group":"admin2","hc-middle-x":0.53,"hc-middle-y":0.45,"hc-key":"no-vf-719","hc-a2":"AN","name":"Andebu"}}],"hc-recommended-transform":{"default":{"crs":"+proj=utm +zone=32 +datum=WGS84 +units=m +no_defs","scale":0.00856391326219,"jsonres":15.5,"jsonmarginX":-999,"jsonmarginY":9851,"xoffset":542985.686739,"yoffset":6617158.15771}}}},"arcs":[[[9716,5732],[-60,-103],[-140,77],[-130,94],[69,81],[-11,95],[136,-62],[136,-46],[0,-136]],[[7854,5783],[13,-2],[-24,-2],[-6,3],[17,1]],[[7811,6808],[922,-163],[230,-154],[35,-241],[-103,-249],[-315,-399],[-28,-216],[40,-34]],[[8592,5352],[-47,6],[-24,59],[-160,-2],[-72,50],[-12,31],[-89,-17],[-60,-61],[-106,-23],[-140,9]],[[7882,5404],[-17,78],[25,82],[-66,1],[-34,102],[31,30],[51,-26],[-21,-52],[85,-12],[17,147],[-48,37],[-87,0],[-94,-44],[-24,105],[-24,20],[17,153],[23,50],[62,38],[-76,22],[3,-48],[-178,46],[-67,3],[-4,-50],[-102,-43],[-13,77],[-113,40],[16,72],[-72,2],[48,24],[-9,67],[72,18],[-75,21],[-10,147],[115,-10],[33,44],[-18,44],[45,75],[76,38],[185,3],[-4,31],[166,31],[15,41]],[[8430,1796],[52,-5],[80,85],[56,21],[33,-93],[0,-250],[-24,-61],[-81,-27],[-129,62],[-96,180],[-53,243],[31,146],[64,126],[67,-95],[4,-69],[-56,-132],[52,-131]],[[4526,2073],[92,34],[40,31],[103,-60],[2,-56],[65,-7],[-14,-63],[-191,26],[-126,3],[29,92]],[[6947,2927],[-24,-137],[-18,-269],[24,-161],[-296,91],[-35,-271],[110,-412],[136,-343],[-176,143],[-75,194],[-58,211],[-122,200],[-50,-269],[18,-642],[-87,-126],[-29,156],[-361,881],[-84,0],[-20,-184],[-125,-312],[-5,-55]],[[5670,1622],[-53,9],[-62,62],[-70,3],[-88,41],[7,78],[-48,144],[-141,-23],[-108,30],[-15,107],[-81,8],[-26,45],[-97,98],[-92,-1],[-70,-46],[-31,33],[84,73],[64,35],[-85,23],[-70,74],[-111,54],[-59,53],[33,11],[-36,61],[-8,70],[122,28],[1,41],[65,67],[-85,11],[18,48],[83,15],[78,63],[-8,79],[-127,130]],[[4654,3146],[147,-5],[-31,110],[23,51],[-11,60],[-67,15],[92,71],[79,-100],[134,-10],[17,25],[225,30]],[[5262,3393],[88,41],[39,-22],[119,-15],[91,15],[84,73],[44,-4],[0,50],[197,9],[103,-86],[85,-27],[-16,-38],[13,-92],[144,-45],[43,-31],[-8,-43],[162,-56],[75,-13],[48,-63],[84,-44],[156,-34],[134,-41]],[[9999,3562],[-6,-100],[-277,64],[66,90],[217,-54]],[[7914,4321],[3,-11],[3,-13]],[[7920,4297],[-83,19]],[[7837,4316],[77,5]],[[8457,4108],[-66,33]],[[8391,4141],[61,-10],[5,-23]],[[8129,9725],[-6,22],[6,-5],[0,-17]],[[8271,9148],[-44,144],[76,-122],[-32,-22]],[[7765,7941],[-74,87],[-103,2],[-41,43],[26,35],[-87,26],[-91,73],[37,40],[-49,54],[-75,23],[-26,110],[-103,308],[-34,176],[59,197],[9,119],[-60,82],[-27,80],[-81,103],[-27,113],[-73,58],[-161,35],[12,53]],[[6796,9758],[72,70],[15,94],[85,77],[537,-179],[238,-198],[144,-276],[49,-370],[-7,-339],[-51,-385],[-113,-311]],[[5670,1622],[-13,-103],[67,-105],[115,-119],[79,-135],[-55,-156],[-257,-171],[-398,-153],[-424,-73],[-327,70],[139,130],[448,178],[98,108],[-78,231],[-181,-10],[-383,-178],[-176,-44],[-339,-193],[-211,-43],[-72,65],[-251,112],[-207,36],[206,-551],[-230,-278],[-387,-168],[-326,-58],[-1379,-14],[-423,107],[332,115],[79,239],[-105,275],[-17,17],[10,172],[-193,136],[-97,12],[57,93],[92,24],[122,-73],[56,95],[-4,158],[39,97],[-46,134],[144,18],[52,192],[-8,35],[32,120],[-95,171],[-243,188],[-103,56],[102,127],[8,33],[-42,258],[67,53],[289,5],[168,39],[215,29],[135,107],[-85,147],[-56,73],[-201,161],[-76,100],[-69,47],[260,70],[-27,41],[-21,133],[-36,82],[4,95],[-28,76],[-112,54]],[[1304,4111],[265,105],[174,85],[-48,52],[10,62],[67,51],[94,-24],[115,115],[-71,48],[-78,-6],[-91,34],[-25,68],[55,24],[5,59],[-133,13],[-2,34],[107,19],[-50,117],[131,124],[67,-12],[32,-55],[56,5],[344,-37],[292,-10],[89,73],[79,-9],[171,6],[99,29],[156,-17]],[[3214,5064],[-6,-141],[59,-129],[-66,-62],[51,-190],[-97,-9],[-211,-268],[66,-73],[56,16],[42,-89],[-16,-44],[46,-60],[111,-25],[56,-95],[112,-85],[11,-86],[147,-13],[28,-68],[38,-26],[187,-7],[21,-56],[125,-154],[20,-70],[367,-37],[139,-46],[40,9],[114,-110]],[[3780,7085],[-84,140],[-93,89],[-27,83],[-230,226],[-60,32],[-251,160],[-137,59],[-163,129],[-394,368],[-244,166],[-112,47],[75,1],[104,51],[150,8],[-110,233],[145,76],[185,42],[78,31],[189,43],[-59,88],[-21,109],[142,88],[-40,66],[127,87],[42,66],[42,24],[-21,100],[80,10],[101,-63],[71,-22],[78,-60],[100,-99],[58,-84]],[[3501,9379],[41,-58],[86,-79],[141,-85],[73,-63],[132,-89],[210,-108],[65,-44],[71,-16],[99,-66],[71,-20],[305,-267]],[[4795,8484],[-8,-35],[-82,-135],[-119,-64],[77,-21],[120,-127],[67,-120],[29,-80],[105,-85],[-3,-104],[20,-87],[3,-232],[-46,-30],[-201,-12],[-51,24],[-96,-52],[-40,-95],[81,-87],[42,-79],[109,-117]],[[4802,6946],[49,-77],[-133,12],[7,-29],[151,-125],[-100,2],[-272,25],[-195,-18],[-28,53],[-123,5],[-79,33],[-267,5]],[[3812,6832],[17,50],[-24,164],[-25,39]],[[7495,4207],[23,-242],[-4,-100],[48,-163],[-34,-88],[-338,-65],[-55,-71],[-23,-101],[-140,-310],[-25,-140]],[[5262,3393],[-44,3],[-71,135],[1,32],[-93,46],[26,72],[-2,120],[-93,70],[-65,22],[-16,35],[-100,48],[-16,72],[89,117],[74,-12],[46,28],[58,-6],[20,-71],[147,22],[127,75],[44,5],[71,54],[-37,182],[13,91],[80,45],[73,-27],[102,55],[-14,40],[-63,59],[75,54],[-43,127],[49,53],[-32,87],[-14,113]],[[5654,5139],[125,-46],[84,7],[56,-51],[-7,-106],[-29,-36],[25,-56],[129,36],[143,-3],[11,45],[79,44],[77,-89],[25,-81],[108,-33]],[[6480,4770],[47,-42],[71,-3],[9,-54],[-27,-41],[-85,-21],[44,-17],[-7,-70],[44,-96],[183,-13],[119,21],[-30,-58],[26,-71],[-56,10],[-5,-60],[89,-1],[30,33],[151,2],[48,-172],[178,6],[49,48],[97,-35],[40,71]],[[7263,7254],[358,-412],[190,-34]],[[7882,5404],[7,-33],[-119,-16],[-57,-41],[3,-54],[-74,105],[-98,-29],[-112,35],[-30,-69],[95,-87],[15,-51],[-49,-36],[-118,0],[11,-141],[-228,-25],[-94,25],[-150,-10],[1,-67],[-90,-38],[-40,79],[-133,-7],[-30,-50],[15,-44],[-106,12],[6,-57],[-27,-35]],[[5654,5139],[-56,37],[-91,150],[-42,119],[-251,-48],[-6,83],[-33,60],[8,41],[-113,18],[-56,106],[-87,10],[-8,94],[33,119],[-59,-51],[-117,-46],[-79,-4],[-59,20],[-51,50],[-138,8],[-43,-21],[-241,-15],[-207,-34],[-134,25],[-259,-24]],[[3565,5836],[63,133],[69,55],[36,106],[21,110],[55,181],[-16,202],[19,209]],[[4802,6946],[225,20],[-64,103],[29,-6],[153,32],[-3,77],[140,-79],[86,-32],[29,20],[14,93],[112,40],[175,-17],[19,-123],[79,-60],[52,-98],[-20,-59],[51,-108],[131,16],[117,30],[-5,52],[125,-13],[-10,57],[44,-27],[80,2],[67,-21],[-43,46],[-4,52],[62,-1],[6,-68],[72,-61],[54,33],[104,8],[44,26],[80,-15],[-24,-48],[94,14],[25,-56],[100,32],[30,-19],[35,140],[-14,65],[61,1],[45,50],[91,32],[17,178]],[[8592,5352],[174,-147],[459,-218],[191,-232],[-116,-130],[-219,-127],[-118,-218],[-100,-279],[-227,15],[-179,92]],[[8391,4141],[-189,97],[-282,59]],[[7920,4297],[-6,24]],[[7837,4316],[-189,40],[-134,-33],[-19,-116]],[[3501,9379],[183,46],[456,-18],[120,185],[34,27],[127,36],[49,136],[257,14],[86,-35],[140,-27],[72,28],[74,-18],[99,22],[52,-18],[97,6],[68,41],[61,-3],[77,-33],[125,-26],[34,-42],[93,19],[26,83],[66,-6],[101,-63],[59,84],[94,20],[128,-2],[133,-40],[145,10],[65,-25],[174,-22]],[[7765,7941],[-208,-133],[-392,93],[-786,362],[-398,12],[131,-230],[99,-99]],[[6211,7946],[-58,-21],[-162,3],[-206,71],[-174,77],[-139,13],[-8,56],[-106,87],[-35,52],[-71,53],[-11,32],[-85,42],[-294,20],[-67,53]],[[3565,5836],[-31,-58],[9,-132],[-40,-87],[-60,-38],[-22,-75],[-184,-180],[-70,-110],[83,-72],[-36,-20]],[[1304,4111],[-276,189],[-24,31],[-318,141],[0,92],[-419,373],[-267,120],[200,243],[141,105],[-120,173],[-46,174],[16,40],[75,29],[32,132],[-15,296],[-54,195],[-30,152],[-160,287],[207,-17],[546,166],[160,-20],[122,-65],[42,9],[95,-72],[271,22],[138,-26],[299,-33],[131,-2],[202,52],[16,88],[83,35],[223,-5],[199,-25],[102,22],[140,-10],[38,-88],[121,-28],[141,32],[0,49],[214,40],[251,78]],[[6211,7946],[149,-148],[287,-199],[240,-80],[260,-132],[116,-133]]],"bbox":[9.75533664390517,58.95563351006675,10.561080008301435,59.685820309619835],"transform":{"scale":[0.0000805823946790943,0.0000730259825535642],"translate":[9.75533664390517,58.95563351006675]},"title":"Vestfold (2019)","version":"2.0.1","copyright":"Copyright (c) 2022 Highsoft AS, Based on data from Kartverket","copyrightShort":"Kartverket","copyrightUrl":"http://www.kartverket.no"}