{"type":"Topology","objects":{"default":{"type":"GeometryCollection","geometries":[{"type":"MultiPolygon","arcs":[[[0]],[[1,2,3,4]],[[5,6,7,8,9]]],"id":"NO.VA.1004","properties":{"hc-group":"admin2","hc-middle-x":0.68,"hc-middle-y":0.47,"hc-key":"no-va-1004","hc-a2":"FL","name":"Flekkefjord"}},{"type":"MultiPolygon","arcs":[[[10]],[[11,12,13,14]]],"id":"NO.VA.1001","properties":{"hc-group":"admin2","hc-middle-x":0.72,"hc-middle-y":0.27,"hc-key":"no-va-1001","hc-a2":"KR","name":"Kristiansand"}},{"type":"Polygon","arcs":[[15,-12,16,17]],"id":"NO.VA.1014","properties":{"hc-group":"admin2","hc-middle-x":0.36,"hc-middle-y":0.46,"hc-key":"no-va-1014","hc-a2":"VE","name":"Vennesla"}},{"type":"MultiPolygon","arcs":[[[18,19,20,21,22,23,24,25,26,27,28,29,30]],[[31,32]]],"id":"NO.VA.1032","properties":{"hc-group":"admin2","hc-middle-x":0.48,"hc-middle-y":0.42,"hc-key":"no-va-1032","hc-a2":"LY","name":"Lyngdal"}},{"type":"MultiPolygon","arcs":[[[-28,33,34,3,35,-10,36,37,38,39,40,41,42]],[[43,-7]]],"id":"NO.VA.1037","properties":{"hc-group":"admin2","hc-middle-x":0.55,"hc-middle-y":0.51,"hc-key":"no-va-1037","hc-a2":"KV","name":"Kvinesdal"}},{"type":"Polygon","arcs":[[-9,44,-40,45,-38,46]],"id":"NO.VA.1046","properties":{"hc-group":"admin2","hc-middle-x":0.55,"hc-middle-y":0.41,"hc-key":"no-va-1046","hc-a2":"SI","name":"Sirdal"}},{"type":"Polygon","arcs":[[-29,-43,47,48]],"id":"NO.VA.1034","properties":{"hc-group":"admin2","hc-middle-x":0.46,"hc-middle-y":0.55,"hc-key":"no-va-1034","hc-a2":"HÆ","name":"Hægebostad"}},{"type":"MultiPolygon","arcs":[[[49,-25]],[[50,51,-22]],[[52,-20]],[[-34,-27,53,-2]]],"id":"NO.VA.1003","properties":{"hc-group":"admin2","hc-middle-x":0.22,"hc-middle-y":0.59,"hc-key":"no-va-1003","hc-a2":"FA","name":"Farsund"}},{"type":"Polygon","arcs":[[54,55,56,-30,-49,57]],"id":"NO.VA.1027","properties":{"hc-group":"admin2","hc-middle-x":0.47,"hc-middle-y":0.53,"hc-key":"no-va-1027","hc-a2":"AU","name":"Audnedal"}},{"type":"Polygon","arcs":[[-42,58,-58,-48]],"id":"NO.VA.1026","properties":{"hc-group":"admin2","hc-middle-x":0.45,"hc-key":"no-va-1026","hc-a2":"ÅS","name":"Åseral"}},{"type":"Polygon","arcs":[[-56,59,-18,60,61,62,63]],"id":"NO.VA.1021","properties":{"hc-group":"admin2","hc-middle-x":0.4,"hc-middle-y":0.72,"hc-key":"no-va-1021","hc-a2":"MA","name":"Marnardal"}},{"type":"Polygon","arcs":[[-14,64,65,-62,66]],"id":"NO.VA.1018","properties":{"hc-group":"admin2","hc-middle-x":0.38,"hc-middle-y":0.46,"hc-key":"no-va-1018","hc-a2":"SØ","name":"Søgne"}},{"type":"Polygon","arcs":[[-63,-66,67,68]],"id":"NO.VA.1002","properties":{"hc-group":"admin2","hc-middle-x":0.61,"hc-key":"no-va-1002","hc-a2":"MA","name":"Mandal"}},{"type":"Polygon","arcs":[[-67,-61,-17,-15]],"id":"NO.VA.1017","properties":{"hc-group":"admin2","hc-middle-x":0.71,"hc-middle-y":0.67,"hc-key":"no-va-1017","hc-a2":"SO","name":"Songdalen"}},{"type":"Polygon","arcs":[[-57,-64,-69,69,-33,70,-31]],"id":"NO.VA.1029","properties":{"hc-group":"admin2","hc-middle-x":0.64,"hc-middle-y":0.53,"hc-key":"no-va-1029","hc-a2":"LI","name":"Lindesnes"}}],"hc-recommended-transform":{"default":{"crs":"+proj=utm +zone=32 +datum=WGS84 +units=m +no_defs","scale":0.00525495347586,"jsonres":15.5,"jsonmarginX":-999,"jsonmarginY":9851,"xoffset":346383.057147,"yoffset":6562893.75921}}}},"arcs":[[[1311,1985],[64,-86],[2,-78],[-20,-89],[-35,-35],[-44,49],[-136,-9],[-34,16],[-130,209],[-23,-10],[29,-81],[-48,-48],[-93,31],[-21,126],[-47,36],[-13,63],[26,19],[483,-67],[40,-46]],[[1914,1882],[-178,-55],[-194,-156],[-26,-5]],[[1516,1666],[94,121],[275,122]],[[1885,1909],[0,1]],[[1885,1910],[29,-28]],[[2112,2211],[-54,-29],[-140,-108]],[[1918,2074],[-42,18],[-58,-41],[23,-38]],[[1841,2013],[-103,-79],[-93,-13],[-70,71],[-160,272],[-31,90],[35,158],[88,75],[111,-5],[102,-85],[75,176],[-118,120],[-127,-31],[-127,-61],[-114,24],[-1,-457],[35,-166],[-349,-13],[-344,165],[-539,78],[-111,44],[324,111],[102,57],[137,49],[179,85],[149,49],[92,66],[86,143],[83,112],[53,42],[42,93],[-69,293],[-4,60],[78,118],[113,111],[11,64],[-67,49],[-47,143],[2,69],[-24,57],[-61,60],[-46,-32],[28,65],[1,77],[84,194],[-13,36],[41,37],[-8,45],[34,68],[-54,54]],[[1246,4751],[85,-7],[120,15],[109,-26],[88,63],[39,-55],[29,18],[47,-50],[-3,-114],[-33,-72],[-9,-97],[-40,-106],[-42,-65],[72,2],[250,-18],[194,33],[39,-14],[162,86],[90,7]],[[2443,4351],[8,-73],[218,-57],[63,-535],[-30,-133],[1,-65],[85,-176],[125,-70],[29,-201],[36,-72],[1,-45],[-35,-40],[-24,66],[-76,-58],[-208,-75],[-123,-52],[-75,0],[-109,23],[-13,150],[-104,-14],[-70,-56],[22,-149],[5,-172],[-9,-74],[14,-88],[-139,-10],[0,-37],[58,-70],[19,-57]],[[9928,1112],[-58,56],[-68,101],[89,-22],[17,-39],[49,-5],[-29,-91]],[[8084,2057],[193,94],[43,-74],[163,-78],[9,-86],[86,-8],[131,-38],[70,106],[-5,32],[25,151],[109,20],[1,57],[87,32],[-69,67],[58,12],[102,-17],[-93,41],[87,48]],[[9081,2416],[270,-6],[64,18],[51,-89],[25,-17],[163,114],[138,-79],[3,-42],[-87,-102],[152,-60],[139,-75],[-90,-111],[-32,-153],[-4,-69],[-158,-104],[-72,-166],[69,-30],[-14,-46],[42,-71],[-24,-63],[-116,-247],[-76,-108],[-72,12],[-62,41],[-179,16],[-72,24],[-30,31],[-122,202],[157,59],[77,46],[67,71],[-107,128],[-79,222],[-88,174],[-140,-15],[99,-169],[30,-164],[-29,-162],[-81,-161],[-295,-166],[-107,-128],[123,-134],[-136,-58]],[[8478,779],[-40,43],[-86,55],[-73,87]],[[8279,964],[26,39],[2,84],[-55,171],[87,45],[-40,92],[-103,183],[-75,0],[-44,49],[-34,102],[-33,33],[51,128],[0,106],[23,61]],[[7162,3750],[26,53],[27,123],[360,-66],[212,40],[57,-131],[-35,-122],[-32,-57],[-81,-79],[170,-39],[130,-13],[61,-62],[31,-86],[108,43],[178,-119],[-37,-140],[-41,-31],[84,-41],[-67,-90],[156,-118],[4,-23],[83,-91],[78,1],[34,-66],[46,20],[-11,94],[-25,41],[4,77],[45,69],[116,51],[126,173],[150,9],[-8,-71],[-36,-104],[98,-89],[0,-127],[-37,-108],[150,-54],[-176,-148],[-29,-53]],[[8084,2057],[-111,50],[-32,39],[-214,13],[-19,-201],[-90,-68],[-112,0],[-120,147],[6,62],[-28,60],[-199,82],[50,94],[142,152],[22,95],[-67,64],[4,70],[35,164],[-192,-41],[-67,-137],[-114,6],[-91,22],[34,35],[-41,90],[-66,9],[46,76],[-64,44],[45,157]],[[6841,3141],[49,119],[9,58],[132,271],[131,161]],[[4092,642],[61,136],[39,58],[0,57],[-108,-20],[-344,-163],[-72,-76],[-90,-56],[-347,-120]],[[3231,458],[59,73],[45,108],[-95,60],[21,32],[107,50],[26,32],[-58,29],[3,25]],[[3339,867],[26,27],[-28,14]],[[3337,908],[-1,15]],[[3336,923],[-19,-5]],[[3317,918],[-38,20],[-13,-14]],[[3266,924],[-32,-15],[-93,16],[16,42],[-101,-7],[-25,105]],[[3031,1065],[82,2],[135,50],[80,119],[-166,-8],[-299,-76],[-110,21]],[[2753,1173],[-88,93],[-7,54],[24,33],[65,17],[11,65],[45,33],[-24,33],[26,44],[180,-3],[-10,66],[43,70],[-26,55],[-27,-6],[-21,86],[-43,5],[-77,77]],[[2824,1895],[210,121],[100,30],[46,-42],[111,-16],[14,24],[164,56],[17,37],[144,-55],[65,147],[-92,55],[116,88],[41,60],[176,-3],[151,-30],[58,50]],[[4145,2417],[74,46],[123,119],[210,91],[4,-24],[-57,-111],[221,44]],[[4720,2582],[-22,-94],[157,-95],[76,-97],[-102,-139],[-46,-101],[14,-28]],[[4797,2028],[-23,-21],[-58,-122],[-32,0],[0,-74],[48,-92],[10,-55],[-41,-176],[-22,-47],[10,-159],[-25,-62],[-154,-144],[-110,-19],[-14,-80],[-92,-68],[2,-66],[-57,-143],[-71,-49],[-76,-9]],[[3487,10],[-65,-10],[-51,33],[34,120],[-23,161],[127,106],[172,77],[116,81],[69,69],[53,-18],[60,-60]],[[3979,569],[-147,-37],[-264,-193],[-23,-178],[-58,-151]],[[2824,1895],[-75,-19],[-22,41],[-142,36],[-186,-15],[-50,-30],[-170,-55],[-116,131],[-68,-24],[-81,-78]],[[1914,1882],[-29,27]],[[1885,1910],[221,205],[438,210],[-95,28],[-139,-36],[-198,-106]],[[2443,4351],[-35,181]],[[2408,4532],[3,142],[-70,129],[-24,68],[80,44],[-8,26],[69,169],[3,124],[105,216],[48,55],[-12,88],[-26,25],[30,131],[143,20],[-8,66],[99,75],[-88,55],[21,60],[64,43],[-13,68],[14,94],[163,62]],[[3001,6292],[-7,53],[23,70]],[[3017,6415],[-24,57],[-58,64],[-1,116],[22,23],[72,-27],[218,64],[48,-60],[210,73],[-32,80],[29,72],[64,45]],[[3565,6922],[114,-24],[503,34],[88,-19]],[[4270,6913],[-112,-174],[8,-240],[108,-87],[18,-204],[88,-1],[-10,-62],[18,-87],[-50,-56],[-10,-104],[-28,-71],[-42,-164]],[[4258,5663],[-363,-114],[-63,-61],[-5,-111],[28,-132],[0,-174],[-18,-135],[-58,-234],[-21,-169],[39,-46],[125,-386],[46,-67],[-11,-100],[66,-158],[80,-13],[2,-58],[-58,-6],[-92,-122],[-22,-60],[52,-161],[40,-16],[-65,-21],[13,-63],[63,-18],[-6,-75],[-42,-18],[-21,-115],[106,-16],[-102,-131],[52,-96],[-12,-116],[50,-43],[-14,-36],[31,-80],[67,-95]],[[1918,2074],[-77,-61]],[[1246,4751],[7,141],[-118,97],[41,113],[45,37],[60,142],[-176,-82],[-75,37],[-199,68],[-191,-149],[-78,111],[26,31],[-104,110],[-180,77],[81,118],[144,67],[164,-18],[264,68],[123,52],[127,28],[113,75],[4,66],[-34,94],[-56,97],[-179,123],[16,171],[-48,34],[-45,-21],[-151,38],[-74,-5],[104,278],[82,145],[5,64],[69,136],[58,60],[176,257],[-16,30],[-141,-19],[-68,37],[-36,202],[395,250],[177,381],[203,73],[20,63],[104,108],[172,144],[134,71],[35,104],[534,421],[100,86],[-27,68],[20,74],[-77,88],[-47,-3],[31,75],[71,75],[145,62],[-14,71],[91,58],[6,48],[37,13],[128,-7],[142,15],[55,-28],[540,-133],[393,-78],[110,-80],[42,-70],[-76,-9],[-28,-27],[-137,-36],[68,-103],[0,-29],[-79,-82],[2,-81],[-29,-111],[13,-71],[-15,-109],[-50,-126],[-8,-78],[61,-84],[105,-65],[34,-90],[-38,-20],[-21,-71],[-135,0],[-157,18],[-44,-57],[17,-71],[86,-113],[7,-34],[66,-6],[29,-38],[14,-93],[23,7],[41,-98],[35,-19],[-29,-50],[-26,-105],[24,-41],[-23,-79],[-64,-66],[-21,-46],[-54,-43],[-58,-4],[-262,-46],[-23,-42],[33,-16],[-23,-56],[99,5],[39,-28],[-41,-65],[11,-41],[-89,-73],[-105,-122],[-74,-32],[-39,-42]],[[3017,6415],[-16,-123]],[[2408,4532],[35,-180],[0,-1]],[[4258,5663],[71,-131],[131,-122],[60,-11],[45,-128],[116,-38],[51,6],[-13,-86],[77,-233],[7,-134],[30,-11],[-30,-62],[-45,-10],[15,-43],[106,-58],[76,-5],[27,-158],[42,6],[51,-54],[152,-54],[62,-3],[168,22]],[[5457,4356],[-97,-205],[-29,7],[-43,-80],[69,-110],[23,-86],[29,-41],[-117,-31],[-124,-66],[-107,-34],[94,-133],[-71,-8],[53,-244],[27,18],[9,-91],[-59,-40],[-8,-36],[-51,-35],[50,-245],[-131,-23],[-33,-74],[80,-136],[-64,-32],[-125,8],[-112,-57]],[[3266,924],[-297,-321],[-126,-108],[63,189],[4,95],[-27,115],[-66,-35],[-92,-102],[-69,-35],[-82,4],[-105,36],[-97,58],[-56,74],[241,126],[123,34],[351,11]],[[3337,908],[-20,10]],[[3317,918],[11,1],[8,4]],[[3231,458],[-70,-24],[-129,4],[94,105],[149,257],[64,67]],[[2753,1173],[-57,11],[-135,106],[-259,266],[-131,23],[192,-450],[-27,-64],[-276,-35],[-142,28],[-86,126],[64,87],[0,103],[-22,123],[-5,144],[-125,-444],[-62,-132],[84,-2],[39,-41],[64,-128],[58,-50],[112,-63],[162,-141],[-3,-37],[-102,-57],[-54,-3],[-111,51],[-61,14],[-569,20],[-123,63],[-295,266],[-62,108],[107,19],[98,75],[70,121],[26,158],[62,94],[306,12],[118,34],[-112,62],[20,26]],[[6223,4366],[21,-148],[21,-64],[-29,-73],[61,-68]],[[6297,4013],[-165,-59],[-155,-75],[-22,-24],[130,-74],[11,-66],[-10,-146],[10,-22],[-57,-29],[-102,-30],[-37,-30],[-48,-86],[-31,-123],[-120,19],[-20,-107],[53,-95],[-1,-46],[57,-123],[-101,-54],[41,-80],[-47,-88],[38,-54],[-71,-9],[-128,-45],[-27,-105],[128,-30],[91,-38],[-14,-113],[31,-34],[-18,-73],[-58,-73],[-13,-46],[-57,-3],[-12,-88]],[[5573,1964],[-96,23],[-80,-33],[-200,57],[21,76],[-2,68],[-259,-72],[-160,-55]],[[5457,4356],[126,-183],[55,-11],[69,21],[26,-41],[54,25],[162,153],[248,32],[26,14]],[[4270,6913],[-20,85],[21,49],[348,31],[155,37],[118,-11],[254,89],[83,8],[29,-25],[76,0],[2,69],[201,-9],[-15,36],[138,31],[95,74],[118,29],[82,-48],[-21,-82],[68,-15],[152,25],[-12,12],[400,-80],[9,-109],[66,-48],[27,-96],[45,-101],[49,-64],[13,-51],[151,-185],[122,-90],[-8,-129],[-91,-69],[16,-47],[-42,-81],[36,-52],[-55,-81],[-36,-109],[-33,-26],[-17,-79],[15,-68],[-104,26],[-8,-17],[-315,28],[-7,-426],[-29,-82],[324,-151],[17,-49],[51,-44],[-12,-96],[-81,-65],[-11,-65],[-89,-104],[-111,-79],[-183,-53],[-60,-93],[32,-97]],[[6297,4013],[63,-69],[80,-113],[67,-49],[78,55],[254,48],[142,-42],[79,-53],[102,-40]],[[6841,3141],[-113,-101],[-92,1],[-137,38],[-46,-122],[-50,-35],[62,-86],[3,-103],[-89,-24],[14,-28],[-44,-33],[28,-20],[-56,-35],[-49,2],[-3,-37],[109,-8],[9,-57],[-25,-11],[21,-68],[-12,-105],[-28,-46],[143,-1],[-16,-74],[118,-9],[146,-27],[-73,-92],[117,-21],[205,-60],[145,8],[92,-92],[96,-37],[86,-53],[-33,-82],[-17,-114],[-53,-24],[-30,-60],[-4,-67]],[[7265,1458],[-18,-210],[-287,29],[-10,51],[-37,-29],[-25,27],[-57,-2],[-97,-32],[-5,-67],[-67,3],[-132,-34]],[[6530,1194],[-104,145],[-17,-38],[-63,39],[-115,41],[-135,-76],[-117,0]],[[5979,1305],[-16,107],[-78,37],[-76,85],[-28,82],[83,36],[-90,103],[33,49],[-71,57],[-134,49],[-29,54]],[[8478,779],[-87,-37],[-877,-99],[-219,-79],[-104,-17],[-176,72],[-56,-22],[40,-159],[-56,1]],[[6943,439],[-52,42],[31,44],[-53,8],[-98,67],[85,-19],[32,152],[33,107],[-88,84],[-17,37],[-151,49],[-100,15],[39,86],[-74,83]],[[7265,1458],[128,19],[88,-140],[44,-31],[1,-83],[50,-2],[94,-38],[169,-42],[142,-54],[11,-23],[82,-33],[147,-23],[58,-44]],[[6943,439],[-88,17],[-43,38],[14,-175],[-80,-77],[-112,36],[-84,159],[-21,-112],[21,-122],[-1029,1],[-315,72]],[[5206,276],[-37,33],[-28,115],[101,4],[-38,72],[30,34],[106,-27],[135,70],[55,-10],[57,74],[86,34],[-15,56],[-128,27],[18,33],[52,14],[12,117],[38,62],[116,-20],[43,60],[74,26],[-44,51],[124,74],[-60,103],[76,27]],[[5206,276],[-357,81],[-78,65],[-19,124],[-325,-138],[-84,-90],[-48,124],[-59,36],[-397,-112],[-22,-36],[-15,-218],[-315,-102]],[[3979,569],[42,-22],[45,39],[26,56]]],"bbox":[6.380435302922354,57.99314988610251,8.209871945707258,59.1896882359316],"transform":{"scale":[0.00018296196047453783,0.00011966580156306537],"translate":[6.380435302922354,57.99314988610251]},"title":"Vest-Agder (2019)","version":"2.0.1","copyright":"Copyright (c) 2022 Highsoft AS, Based on data from Kartverket","copyrightShort":"Kartverket","copyrightUrl":"http://www.kartverket.no"}