{"type":"Topology","objects":{"default":{"type":"GeometryCollection","geometries":[{"type":"MultiPolygon","arcs":[[[0]],[[1]],[[2]],[[3,4,5]]],"id":"ET.BE","properties":{"hc-group":"admin1","hc-middle-x":0.51,"hc-middle-y":0.4,"hc-key":"et-be","hc-a2":"BE","labelrank":"3","hasc":"ET.BE","alt-name":"Benishangul|Beni Shangul|Bénishangul|Benishangul-Gumuz|Binshangul Gumuz","woe-id":"56013538","subregion":null,"fips":"ET47","postal-code":"BE","name":"Benshangul-Gumaz","country":"Ethiopia","type-en":"Administrative State","region":null,"longitude":"35.6017","woe-name":"Benshangul-Gumaz","latitude":"10.5396","woe-label":null,"type":"Kilil"}},{"type":"Polygon","arcs":[[6]],"id":"ET.2837","properties":{"hc-group":"admin1","hc-middle-x":0.56,"hc-middle-y":0.37,"hc-key":"et-2837","hc-a2":"AA","labelrank":"9","hasc":"ET.AA","alt-name":"?dd?s ?baba|Addis Abeba|Adis-Abeba|?d?s ?beba","woe-id":"56013543","subregion":null,"fips":"ET44","postal-code":null,"name":"Addis Ababa","country":"Ethiopia","type-en":"Administrative State","region":null,"longitude":"38.7815","woe-name":"Addis Ababa","latitude":"8.965999999999999","woe-label":"Addis Ababa, ET, Ethiopia","type":"Kilil"}},{"type":"Polygon","arcs":[[7]],"id":"ET.HA","properties":{"hc-group":"admin1","hc-middle-y":0.45,"hc-key":"et-ha","hc-a2":"HA","labelrank":"3","hasc":"ET.HA","alt-name":"Harari|Harer|Hareri Hizb","woe-id":"56013544","subregion":null,"fips":"ET50","postal-code":"HA","name":"Harari People","country":"Ethiopia","type-en":"Administrative State","region":null,"longitude":"42.1676","woe-name":"Harari People","latitude":"9.29063","woe-label":"Harari, ET, Ethiopia","type":"Kilil"}},{"type":"Polygon","arcs":[[8,9,10]],"id":"ET.SN","properties":{"hc-group":"admin1","hc-middle-x":0.52,"hc-middle-y":0.45,"hc-key":"et-sn","hc-a2":"SN","labelrank":"3","hasc":"ET.SN","alt-name":"Southern Nations, Nationalities, and People's Region","woe-id":"56013536","subregion":null,"fips":"ET54","postal-code":"SN","name":"Southern Nations, Nationalities and Peoples","country":"Ethiopia","type-en":"Administrative State","region":null,"longitude":"36.4494","woe-name":"Southern Nations, Nationalities and Peoples","latitude":"6.21467","woe-label":"Southern Nations Nationalities and People's Region, ET, Ethiopia","type":"Kilil"}},{"type":"Polygon","arcs":[[-10,11,12]],"id":"ET.GA","properties":{"hc-group":"admin1","hc-middle-x":0.52,"hc-middle-y":0.52,"hc-key":"et-ga","hc-a2":"GA","labelrank":"3","hasc":"ET.GA","alt-name":"Gambella|Gambela Hizboch","woe-id":"56013539","subregion":null,"fips":"ET49","postal-code":"GA","name":"Gambela Peoples","country":"Ethiopia","type-en":"Administrative State","region":null,"longitude":"34.1775","woe-name":"Gambela Peoples","latitude":"7.86869","woe-label":"Gambela, ET, Ethiopia","type":"Kilil"}},{"type":"Polygon","arcs":[[13,-11,-13,14,-4,15,16,17,18,19],[-1],[-2],[-3],[-7],[-8]],"id":"ET.AA","properties":{"hc-group":"admin1","hc-middle-x":0.32,"hc-middle-y":0.24,"hc-key":"et-aa","hc-a2":"AA","labelrank":"3","hasc":"ET.AA","alt-name":null,"woe-id":"56013545","subregion":null,"fips":"ET44","postal-code":"AA","name":"Oromiya","country":"Ethiopia","type-en":"Administrative State","region":null,"longitude":"40.2242","woe-name":"Addis Ababa","latitude":"7.55642","woe-label":"Oromia, ET, Ethiopia","type":"Kilil"}},{"type":"Polygon","arcs":[[-18,20,21,-20,22]],"id":"ET.SO","properties":{"hc-group":"admin1","hc-middle-x":0.57,"hc-middle-y":0.55,"hc-key":"et-so","hc-a2":"SO","labelrank":"3","hasc":"ET.SO","alt-name":"Sumale","woe-id":"56013540","subregion":null,"fips":"ET48","postal-code":"SO","name":"Somali","country":"Ethiopia","type-en":"Administrative State","region":null,"longitude":"43.5345","woe-name":"Somali","latitude":"7.09365","woe-label":null,"type":"Kilil"}},{"type":"Polygon","arcs":[[-19,-23]],"id":"ET.DD","properties":{"hc-group":"admin1","hc-middle-x":0.33,"hc-middle-y":0.7,"hc-key":"et-dd","hc-a2":"DD","labelrank":"9","hasc":"ET.DD","alt-name":null,"woe-id":"56013542","subregion":null,"fips":"ET48","postal-code":"DD","name":"Dire Dawa","country":"Ethiopia","type-en":"Administrative State","region":null,"longitude":"42.0364","woe-name":"Dire Dawa","latitude":"9.56155","woe-label":"Dire Dawa, ET, Ethiopia","type":"Kilil"}},{"type":"Polygon","arcs":[[23,24,25]],"id":"ET.TI","properties":{"hc-group":"admin1","hc-middle-x":0.66,"hc-middle-y":0.35,"hc-key":"et-ti","hc-a2":"TI","labelrank":"3","hasc":"ET.TI","alt-name":"Tegr?|Tigrai|Tigre|Tigr?|Tigré","woe-id":"2345312","subregion":null,"fips":"ET06","postal-code":"TI","name":"Tigray","country":"Ethiopia","type-en":"Administrative State","region":null,"longitude":"38.2158","woe-name":"Tigray","latitude":"14.1003","woe-label":"Tigray, ET, Ethiopia","type":"Kilil"}},{"type":"Polygon","arcs":[[-21,-17,26,-25,27]],"id":"ET.AF","properties":{"hc-group":"admin1","hc-middle-x":0.46,"hc-middle-y":0.41,"hc-key":"et-af","hc-a2":"AF","labelrank":"3","hasc":"ET.AF","alt-name":null,"woe-id":"56013537","subregion":null,"fips":"ET26","postal-code":"AF","name":"Afar","country":"Ethiopia","type-en":"Administrative State","region":null,"longitude":"41.0236","woe-name":"Afar","latitude":"12.1232","woe-label":null,"type":"Kilil"}},{"type":"Polygon","arcs":[[-27,-16,-6,28,-26]],"id":"ET.AM","properties":{"hc-group":"admin1","hc-middle-x":0.57,"hc-middle-y":0.42,"hc-key":"et-am","hc-a2":"AM","labelrank":"3","hasc":"ET.AM","alt-name":"Amara","woe-id":"56013541","subregion":null,"fips":"ET46","postal-code":"AM","name":"Amhara","country":"Ethiopia","type-en":"Administrative State","region":null,"longitude":"37.7222","woe-name":"Amhara","latitude":"11.6981","woe-label":"Amhara, ET, Ethiopia","type":"Kilil"}}],"hc-recommended-transform":{"default":{"crs":"+proj=utm +zone=37 +datum=WGS84 +units=m +no_defs","scale":0.000422429866896,"jsonres":15.5,"jsonmarginX":-999,"jsonmarginY":9851,"xoffset":-163631.772144,"yoffset":1645298.04098}}}},"arcs":[[[2205,4818],[-33,13],[29,41],[31,-32],[-27,-22]],[[2079,4896],[82,-50],[-9,-69],[20,-88],[-56,80],[-27,-30],[-68,11],[14,146],[44,0]],[[2303,5229],[-21,-58],[-24,86],[11,47],[46,23],[25,-40],[-37,-58]],[[2706,6010],[-27,-75],[-89,23],[-81,56],[-78,-46],[-15,-39],[-49,12],[21,100],[-45,-2],[-60,-70],[-58,-107],[-99,-81],[-32,10],[1,-234],[-8,-89],[97,-127],[-22,-180],[-98,-165],[-35,79],[-29,-1],[-40,93],[-89,21],[-24,112],[-37,-5],[-123,186],[-135,173],[-39,35],[-148,1],[-22,71],[-85,8],[18,-55],[-65,-218],[-75,-105],[-97,60],[-55,-19],[-14,-160],[-26,-152],[-59,-81],[-155,15]],[[730,5054],[-12,284],[21,130],[83,302],[55,76],[14,135],[-33,191],[2,67],[105,201],[101,73],[109,-118],[2,-52],[56,39],[16,51],[59,72],[-24,82],[44,167],[-22,104],[84,239],[-19,86],[2,107],[26,58],[86,51],[22,54]],[[1507,7453],[43,-97],[66,-55],[88,20],[115,122],[33,80],[109,-29],[71,-90],[49,-100],[15,-84],[39,4],[81,92],[20,-3],[0,-135],[70,-129],[-27,-50],[68,-79],[-31,-101],[-2,-78],[20,-55],[-99,-148],[-19,-74],[54,-46],[-43,-128],[14,-85],[29,-50],[86,-9],[22,-69],[107,-9],[221,-58]],[[3890,4947],[37,-4],[21,-81],[-34,-34],[13,-48],[-40,-51],[-86,80],[-22,64],[37,73],[74,1]],[[6182,5211],[-16,-167],[-113,32],[8,68],[36,66],[85,1]],[[2441,894],[-19,11],[-229,-6],[-157,5],[-68,56],[-13,98],[-91,126],[-21,78],[3,183],[33,88],[-19,54],[21,71],[-84,62],[-57,-9],[-60,48],[-52,3],[-73,-69],[-44,67],[4,76],[-108,96],[-13,67],[-64,123],[-19,98],[-2,111],[-72,146],[-8,92],[-32,77],[-33,170],[-66,81],[-74,19],[-15,120],[-42,39],[-95,30],[-66,84],[-1,28]],[[805,3217],[69,-42],[143,20],[77,-52],[59,14],[49,51],[103,16],[79,51],[62,-43],[115,16],[-5,53],[24,203],[-57,45],[-7,54]],[[1516,3603],[-13,119],[65,90],[11,54],[54,32],[64,4],[50,-61],[84,47],[46,60],[-51,63],[26,61],[61,-1],[32,-104],[-32,-88],[13,-32],[82,-66],[31,-74],[12,-87],[52,-10],[79,-64],[107,-50],[127,-39],[115,-99],[89,-30],[127,9],[181,116],[38,187],[-21,110],[1,90],[21,78],[-28,83],[61,18],[31,-45],[56,-1],[-17,83],[9,138],[-78,47],[-14,34],[33,93],[29,9],[31,-55],[168,-24],[126,40],[128,27],[35,-27],[21,-99],[53,7],[39,105],[56,51],[67,-41],[12,-113],[24,-25],[-15,-138],[-49,140],[-39,-17],[25,-57],[24,-130],[-18,-60],[-110,-226],[2,-144],[-59,-44],[-55,-146],[-91,-75],[-29,-47],[-3,-79],[52,-36],[62,18],[57,91],[127,-67],[39,17],[57,-114],[-17,-161],[138,-99],[61,-12],[104,-121],[24,-133],[-25,-92],[28,-89],[-95,-8],[-87,166],[-65,60],[-151,24],[-57,-24],[-17,-72],[6,-100],[-35,-36],[-58,-134],[64,-88],[-49,-42],[-57,-5],[-95,209],[4,62],[64,14],[-11,54],[20,64],[43,21],[15,67],[-24,29],[-60,-4],[-97,102],[-103,0],[-44,-94],[37,-103],[-14,-91],[-39,-106],[10,-98],[119,-59],[30,-113],[46,-51],[2,-42],[-100,-76],[3,-149],[-25,-76],[-4,-96],[-142,55],[-42,-43],[-146,-85],[-127,33],[-162,-15],[-34,-69],[-31,-129],[24,-107],[-22,-96],[-80,-145],[-23,-70],[-49,-42]],[[805,3217],[-19,68],[-24,-11],[-68,81],[-16,134],[-82,110],[-48,22],[-64,84],[-52,30],[-44,-6],[-73,56],[-69,-26],[-77,54],[-128,18],[-41,101],[86,162],[39,21],[-6,47],[27,63],[-32,44],[9,87],[52,48],[73,-22],[95,36],[64,-10],[64,-79],[40,-3],[46,44],[97,22],[66,77],[25,59]],[[745,4528],[37,-34],[56,39],[71,-43],[90,-106],[68,-44],[57,-85],[59,-22],[37,-62],[161,-4],[15,-32],[-121,-70],[33,-55],[-42,-77],[-10,-77],[81,-117],[26,-88],[76,-42],[-28,-55],[57,-20],[48,69]],[[4070,98],[-131,-4],[-157,71],[-109,25],[-70,-24],[-143,22],[-50,-8],[-84,99],[-576,485],[-65,77],[-114,53],[-130,0]],[[745,4528],[4,21],[-19,505]],[[2706,6010],[90,-35],[-5,-82],[24,-51],[59,-22],[11,-54],[35,35],[119,-57],[43,-74],[62,-60],[62,14],[63,58],[195,110],[43,56],[99,13],[25,26],[43,183],[156,10],[78,-17],[10,-44],[-28,-175],[-53,-43],[-52,0],[14,-44],[74,-62],[8,-93],[33,-74],[43,-27],[122,-32],[77,-44],[78,-153],[59,-9],[56,-92],[-84,-30],[-83,-5],[25,-108],[51,-22],[-7,-54],[-58,-122],[2,-80],[31,-65],[60,42],[85,-60],[124,79],[27,42],[-1,178],[29,30]],[[4550,4996],[72,-17],[21,-99],[51,-6],[8,-136],[78,109],[54,34],[16,73],[97,163],[82,91],[111,55]],[[5140,5263],[114,11],[30,-54],[-75,-1],[32,-76],[109,45],[148,120],[54,7],[121,-40],[95,48],[67,-35]],[[5835,5288],[116,3],[53,24],[58,-26],[47,59],[-9,65],[90,41],[48,49]],[[6238,5503],[27,-10],[3,-123],[67,-77],[43,-112],[49,-201],[54,-120],[101,-124],[-16,-116],[48,-102],[-5,-155],[-85,-41],[-44,-160],[-24,-36],[-42,38],[-28,87],[-20,146],[-19,36],[-118,41],[-36,72],[-44,-15],[-117,-149],[-2,-95],[-45,-92],[-20,-90],[-9,-211],[23,-107],[-51,-173],[17,-122],[204,-104],[13,-61],[-33,-165],[-68,-152],[2,-55],[-62,-175],[-83,-51],[-36,25],[-47,-48],[-76,-128],[-109,144],[-79,38],[-146,104],[-62,-31],[-72,-106],[-42,-100],[16,-136],[-11,-134],[15,-284],[22,-75],[-145,-116],[-105,-123],[-40,-19],[-199,-42],[-91,40],[-25,-14],[-64,-119],[-65,-203],[-33,-142],[-20,-169],[-105,-317],[-28,-52],[-36,-150],[7,-72],[-132,-294],[-140,-108]],[[5140,5263],[28,156],[60,119],[120,147],[-42,102],[95,475],[4,94],[74,101],[32,108],[27,24],[266,-2],[51,21]],[[5855,6608],[125,-41],[77,35],[215,21],[58,46],[91,28],[76,-22],[28,-60],[102,2],[-20,-69],[-50,-41],[-47,-84],[-33,-102],[-35,-23],[32,-95],[55,-86],[39,-189],[82,-81],[73,-168],[80,-35],[32,-166],[23,-55],[67,-73],[32,-115],[87,-67],[49,1],[242,-286],[25,-21],[995,-426],[938,-410],[39,-25],[667,0],[-1037,-1307],[-326,-436],[-663,-946],[-20,-10],[-629,47],[-82,-34],[-212,-64],[-273,-168],[-106,-115],[-61,-165],[-52,-36],[-329,-73],[-108,-2],[-45,-22],[-96,-91],[-4,-43],[-55,-62],[-91,41],[-180,-41],[-143,-12],[-67,23],[-73,109],[-79,60],[-82,113],[-42,-36],[-213,-107],[-11,-23],[-120,-55],[-225,-144],[-69,-179],[-114,-142],[-25,-81],[-67,49],[-171,14],[-59,35]],[[6238,5503],[-26,37],[-66,11],[-109,-128],[-80,42],[-104,-31],[-18,-146]],[[2302,9038],[12,37],[-15,150],[60,237],[27,25],[121,35],[133,-24],[38,-36],[46,19],[32,118],[115,32],[67,-93],[3,-42],[111,-161],[217,664],[78,-135],[72,-37],[76,-2],[64,-153],[68,-76],[120,16],[173,51],[85,80],[2,47],[52,-2],[56,-67],[33,-105],[41,40],[65,-3],[81,36],[18,39],[56,-50],[112,-5],[96,-72],[59,28]],[[4676,9629],[-24,-76],[-106,16],[-86,-45],[60,-46],[-46,-107],[43,-12],[-25,-39],[45,-33],[19,-115],[-15,-171],[21,-104],[-23,-53],[-25,15],[-22,-79],[12,-100],[-13,-88],[34,-62],[20,-107],[-25,-28],[-8,-126],[60,-39],[32,-77],[-10,-81],[-49,-89],[-10,-80],[12,-99],[-18,-31]],[[4529,7773],[-100,-19],[-60,-46],[-4,68],[-83,3],[-24,-28],[-67,11],[-54,308],[49,115],[-21,174],[-19,22],[-72,-16],[-56,9],[-12,98],[-166,216],[-28,16],[-19,85],[-48,6],[-96,-30],[17,64],[-15,44],[-55,-54],[-66,-11],[-97,10],[-52,-48],[-111,61],[-74,23],[-42,-16],[-43,-101],[-111,-61],[-126,7],[-70,54],[-93,-52],[-92,15],[-140,148],[-121,49],[-56,141]],[[4550,4996],[55,113],[1,41],[-65,67],[48,59],[15,128],[-27,117],[109,-12],[-2,67],[44,81],[0,71],[-49,43],[9,66],[71,-5],[-2,91],[38,255],[-14,157],[-28,56],[32,105],[-23,71],[45,101],[-5,88],[-38,108],[-43,61],[-10,120],[-49,152],[-64,96],[0,127],[-33,54],[-5,64],[-38,138],[7,97]],[[4676,9629],[70,9],[115,-52],[96,-115],[110,-69],[80,-18],[85,-59],[140,-204],[99,-223],[21,-26],[206,-168],[120,-127],[70,-117],[52,-144],[35,-63],[127,-90],[162,-267],[-61,-126],[-127,-220],[-108,-211],[-85,-79],[-40,-173],[24,-221],[-27,1],[-43,-90],[33,-70],[38,-10],[-13,-89]],[[1507,7453],[46,58],[24,106],[40,46],[10,59],[126,269],[74,86],[201,37],[46,-18],[30,119],[-20,89],[80,372],[99,182],[39,180]]],"bbox":[32.98979591215038,3.405656576597519,47.979166398881304,14.87952917323903],"transform":{"scale":[0.0014990869573688293,0.0011475020098651377],"translate":[32.98979591215038,3.405656576597519]},"title":"Ethiopia","version":"2.0.1","copyright":"Copyright (c) 2022 Highsoft AS, Based on data from Natural Earth","copyrightShort":"Natural Earth","copyrightUrl":"http://www.naturalearthdata.com"}