{"type":"Topology","objects":{"default":{"type":"GeometryCollection","geometries":[{"type":"Polygon","arcs":[[0,1,2,3]],"id":"CM.ES","properties":{"hc-group":"admin1","hc-middle-x":0.38,"hc-middle-y":0.41,"hc-key":"cm-es","hc-a2":"ES","labelrank":"5","hasc":"CM.ES","alt-name":"East","woe-id":"2345033","subregion":null,"fips":"CM04","postal-code":"ES","name":"Est","country":"Cameroon","type-en":"Province","region":null,"longitude":"14.1674","woe-name":"Est","latitude":"3.78379","woe-label":null,"type":"Province"}},{"type":"Polygon","arcs":[[4,-4,5,6,7,8,9]],"id":"CM.AD","properties":{"hc-group":"admin1","hc-middle-x":0.53,"hc-middle-y":0.61,"hc-key":"cm-ad","hc-a2":"AD","labelrank":"5","hasc":"CM.AD","alt-name":"Adamoua|Adamaua|Adamawa","woe-id":"2345038","subregion":null,"fips":"CM10","postal-code":"AD","name":"Adamaoua","country":"Cameroon","type-en":"Province","region":null,"longitude":"13.217","woe-name":"Adamaoua","latitude":"6.80472","woe-label":"Adamaoua, CM, Cameroon","type":"Province"}},{"type":"Polygon","arcs":[[10,-8,11,12]],"id":"CM.NW","properties":{"hc-group":"admin1","hc-middle-x":0.49,"hc-middle-y":0.49,"hc-key":"cm-nw","hc-a2":"NW","labelrank":"5","hasc":"CM.NW","alt-name":"North-West","woe-id":"2345035","subregion":null,"fips":"CM07","postal-code":"NW","name":"Nord-Ouest","country":"Cameroon","type-en":"Province","region":null,"longitude":"10.4002","woe-name":"Nord-Ouest","latitude":"6.34548","woe-label":"Nord-Ouest, CM, Cameroon","type":"Province"}},{"type":"Polygon","arcs":[[-10,13,14,15]],"id":"CM.NO","properties":{"hc-group":"admin1","hc-middle-x":0.51,"hc-middle-y":0.59,"hc-key":"cm-no","hc-a2":"NO","labelrank":"5","hasc":"CM.NO","alt-name":"North","woe-id":"2345041","subregion":null,"fips":"CM13","postal-code":"NO","name":"Nord","country":"Cameroon","type-en":"Province","region":null,"longitude":"13.8908","woe-name":"Nord","latitude":"8.90981","woe-label":"Nord, CM, Cameroon","type":"Province"}},{"type":"Polygon","arcs":[[-6,-3,16,17,18]],"id":"CM.CE","properties":{"hc-group":"admin1","hc-middle-x":0.55,"hc-middle-y":0.47,"hc-key":"cm-ce","hc-a2":"CE","labelrank":"5","hasc":"CM.CE","alt-name":"Central","woe-id":"2345039","subregion":null,"fips":"CM11","postal-code":"CE","name":"Centre","country":"Cameroon","type-en":"Province","region":null,"longitude":"11.7383","woe-name":"Centre","latitude":"4.73268","woe-label":"Centre, CM, Cameroon","type":"Province"}},{"type":"Polygon","arcs":[[-19,19,20,-12,-7]],"id":"CM.OU","properties":{"hc-group":"admin1","hc-middle-x":0.46,"hc-middle-y":0.66,"hc-key":"cm-ou","hc-a2":"OU","labelrank":"5","hasc":"CM.OU","alt-name":"West","woe-id":"2345036","subregion":null,"fips":"CM08","postal-code":"OU","name":"Ouest","country":"Cameroon","type-en":"Province","region":null,"longitude":"10.5889","woe-name":"Ouest","latitude":"5.36694","woe-label":"Ouest, CM, Cameroon","type":"Province"}},{"type":"Polygon","arcs":[[-15,21]],"id":"CM.EN","properties":{"hc-group":"admin1","hc-middle-x":0.49,"hc-middle-y":0.76,"hc-key":"cm-en","hc-a2":"EN","labelrank":"5","hasc":"CM.EN","alt-name":"Extreme-North","woe-id":"2345040","subregion":null,"fips":"CM12","postal-code":"EN","name":"Extrême-Nord","country":"Cameroon","type-en":"Province","region":null,"longitude":"14.5367","woe-name":"Extrême-Nord","latitude":"10.7227","woe-label":"Extreme-Nord, CM, Cameroon","type":"Province"}},{"type":"Polygon","arcs":[[-21,22,23,24,25,-13]],"id":"CM.SW","properties":{"hc-group":"admin1","hc-middle-x":0.49,"hc-middle-y":0.52,"hc-key":"cm-sw","hc-a2":"SW","labelrank":"5","hasc":"CM.SW","alt-name":"South-West","woe-id":"2345037","subregion":null,"fips":"CM09","postal-code":"SW","name":"Sud-Ouest","country":"Cameroon","type-en":"Province","region":null,"longitude":"9.244809999999999","woe-name":"Sud-Ouest","latitude":"5.12818","woe-label":"Sud-Ouest, CM, Cameroon","type":"Province"}},{"type":"MultiPolygon","arcs":[[[-20,-18,26,27,-23]],[[28,-25]]],"id":"CM.LT","properties":{"hc-group":"admin1","hc-middle-x":0.43,"hc-key":"cm-lt","hc-a2":"LT","labelrank":"5","hasc":"CM.LT","alt-name":"Litoral","woe-id":"2345034","subregion":null,"fips":"CM05","postal-code":"LT","name":"Littoral","country":"Cameroon","type-en":"Province","region":null,"longitude":"10.0932","woe-name":"Littoral","latitude":"4.1938","woe-label":"Littoral, CM, Cameroon","type":"Province"}},{"type":"Polygon","arcs":[[-2,29,-27,-17]],"id":"CM.SU","properties":{"hc-group":"admin1","hc-middle-x":0.49,"hc-middle-y":0.6,"hc-key":"cm-su","hc-a2":"SU","labelrank":"5","hasc":"CM.SU","alt-name":"South","woe-id":"2345042","subregion":null,"fips":"CM14","postal-code":"SU","name":"Sud","country":"Cameroon","type-en":"Province","region":null,"longitude":"11.731","woe-name":"Sud","latitude":"2.79256","woe-label":"Sud, CM, Cameroon","type":"Province"}}],"hc-recommended-transform":{"default":{"crs":"+proj=utm +zone=33 +datum=WGS84 +units=m +no_defs","scale":0.000554149161381,"jsonres":15.5,"jsonmarginX":-999,"jsonmarginY":9851,"xoffset":-221442.406493,"yoffset":1446108.02079}}}},"arcs":[[[7694,3872],[-46,-52],[109,-96],[134,12],[43,-52],[17,-110],[-50,-101],[34,-85],[-28,-100],[-100,-106],[26,-25],[109,-33],[51,-72],[-6,-127],[37,-77],[18,-83],[-13,-46],[34,-122],[82,-67],[205,-96],[81,-29],[94,-120],[24,-126],[54,-11],[77,-50],[-131,-31],[-85,8],[77,-122],[112,-111],[799,-570],[166,-9],[46,-33],[42,-73],[57,2],[87,-101],[-42,-67],[2,-73],[63,-2],[-26,-34],[27,-66],[-27,-67],[56,-128],[96,-123],[-63,-36],[-70,10],[-52,-188],[47,-41],[44,-76],[31,-97],[-57,-14],[-59,-56],[-62,60],[5,26],[-176,36],[-10,20],[-103,38],[-50,42],[-75,21],[-124,9],[-167,29],[-57,-5],[-117,-41],[-52,10],[-29,47],[-69,37],[-106,10],[-79,-50],[-81,9],[-63,33],[-23,-19],[-91,-4],[19,46],[-65,50],[-40,-39],[-80,-5],[-4,29],[-53,0],[-110,34],[-63,56],[-33,6],[-32,-40],[-136,-27],[-64,26],[-83,8],[-68,-16],[-786,4]],[[6693,440],[-42,601],[-12,55],[-153,-56],[2,-46],[-95,-4],[-85,36],[-46,-9],[-63,31],[16,-52],[-134,59],[-91,7],[-29,-17],[-191,22],[-151,26],[-49,20],[-44,48],[-4,98],[-33,82],[-82,85],[-90,58],[-67,77],[23,105]],[[5273,1666],[51,80],[4,88],[-94,41],[-44,41],[4,32],[69,37],[124,26],[180,100],[-35,62],[56,136],[-15,50],[59,45],[41,94],[32,31],[89,29],[171,-12],[103,3],[37,18],[36,197],[-66,96],[-183,56],[1,64],[-41,46],[-146,102],[-101,62],[147,9],[46,15],[61,71],[57,94],[4,36],[-92,128],[-157,179],[10,81]],[[5681,3803],[631,0],[509,3],[120,9],[136,35],[129,-17],[174,16],[208,28],[53,24],[53,-29]],[[8750,4911],[-29,-16],[-50,-80],[6,-50],[-56,-33],[-135,-237],[-143,-70],[-162,-247],[-33,-31],[0,-50],[-82,-69],[-186,-59],[-53,0],[-133,-97]],[[5681,3803],[-469,2],[-30,8],[-77,80],[-166,81],[-97,9],[-122,-32],[-103,8],[-117,70],[-47,-5],[-116,-48],[-78,-4],[-163,-85],[-61,-23],[-422,-67]],[[3613,3797],[27,53],[-38,107],[17,68],[-141,33]],[[3478,4058],[25,58],[-6,70]],[[3497,4186],[153,-1],[90,33],[36,86],[121,34],[68,88],[12,47],[-44,50],[31,47],[164,97],[69,9],[88,65],[69,3],[25,24],[-131,121],[-57,19],[60,37],[80,80],[158,103],[77,72],[-21,70],[59,94],[186,168],[-20,69],[8,55],[60,62]],[[4838,5718],[69,-60],[248,-151],[178,-26],[41,-38],[-18,-44],[27,-69],[132,-43],[104,-20],[208,-21],[129,-43],[203,7],[20,63],[36,24],[92,-12],[70,-42],[119,-46],[195,56],[81,-8],[148,22],[60,-10],[2,-39],[59,-21],[226,-17],[52,-65],[54,-27],[49,-59],[126,-79],[21,-28],[11,-92],[156,-3],[70,-25],[52,-57],[81,-10],[45,-32],[94,9],[95,41],[272,79],[130,20],[79,48],[96,11]],[[1538,4270],[99,210],[24,19],[112,-7],[317,181],[59,-5],[19,-65],[77,-38],[334,3],[6,33],[48,35],[8,67],[46,89],[30,-63],[300,-99],[58,-113],[42,-28],[121,-14],[69,-60],[6,-110],[47,-109],[56,-16],[81,6]],[[3478,4058],[-49,-34],[-76,-15],[-104,8],[-20,-118],[-37,-31],[-147,-39],[-21,-19],[-149,20],[-39,-6],[-65,-98],[-54,-58],[-132,-8],[-229,-29],[-47,-70],[-63,39],[-82,12],[-104,-47]],[[2060,3565],[-156,31],[-73,-26],[-197,54],[-57,46],[-64,1],[-91,68],[16,44],[-34,29],[25,25],[125,53],[31,26],[68,3],[30,116],[-93,191],[-52,44]],[[4838,5718],[-17,95],[8,79],[28,27],[122,13],[79,56],[-46,99],[73,-9],[75,20],[98,-15],[133,47],[77,85],[69,2],[43,64],[29,165],[-7,67],[85,113],[15,67],[-49,71],[77,24],[79,55],[91,27],[102,10],[84,22],[36,63],[24,115],[28,50],[-66,60],[45,90],[-21,63],[23,29],[187,33]],[[6342,7405],[75,-46],[135,10],[156,48],[-32,37],[40,43],[322,-17],[60,-16],[106,-79],[179,-31],[3,-69]],[[7386,7285],[-35,-27],[-105,-121],[-106,-62],[-77,-89],[115,-60],[370,-285],[38,-66],[577,-310],[67,-2],[122,-72],[20,-46],[99,-15],[103,-91],[95,-67],[209,-300],[81,-188],[44,-72],[62,-30],[97,-10],[-2,-90],[-52,-100],[-133,-122],[18,-41],[-39,-3],[-85,-56],[-119,-49]],[[5273,1666],[-104,94],[-240,-133],[-61,-49],[-45,-112],[-126,-22],[-10,45],[-285,93],[-51,-63],[-142,-53],[-72,-108],[-111,-38],[-94,-15],[-331,-2],[-84,-8],[-78,55],[-13,35],[-53,28],[-36,87],[-54,41],[-131,9],[-115,-8],[-36,54],[-137,-10],[-443,-87],[-111,-8],[-65,144],[12,28]],[[2257,1663],[54,-3],[58,33],[5,42],[62,136],[103,42],[102,-39],[67,-45],[42,6],[33,48],[1,110],[89,112],[119,23],[307,72],[93,45],[-153,98],[-63,73],[-43,73],[2,107],[-132,0],[-27,-13],[-36,-81],[-38,-26],[-49,34],[-115,-69],[-88,-3],[-124,45],[-70,2],[4,50],[108,95],[20,44],[-21,36],[-137,-43],[-13,54],[148,88],[24,38]],[[2589,2847],[136,-7],[179,57],[68,45],[88,-48],[104,7],[75,152],[103,45],[-5,96],[135,86],[-7,42],[42,56],[-26,95],[27,53],[81,43],[49,63],[-40,2],[-27,102],[42,61]],[[2589,2847],[-90,42],[-78,116],[-148,-8],[-27,-37],[-66,-33],[-48,-62],[-41,-1],[-62,64],[-18,45],[-49,18],[-33,49],[11,57],[-34,51],[-75,23],[-52,-14],[-22,18],[10,65]],[[1767,3240],[49,26],[54,90],[13,53],[135,91],[57,14],[-15,51]],[[6342,7405],[55,33],[24,41],[-10,39],[28,54],[45,165],[49,110],[35,51],[231,220],[13,75],[86,46],[69,85],[142,96],[90,-9],[92,-27],[55,3],[87,46],[61,10],[116,71],[101,25],[103,50],[88,24],[45,77],[-9,40],[-97,77],[58,56],[42,118],[2,45],[-26,54],[43,82],[41,38],[-23,23],[-46,-13],[-88,55],[-45,72],[-118,26],[-267,5],[-49,24],[-3,140],[-146,465],[326,2],[11,-20],[-67,1],[27,-34],[-60,-18],[60,-46],[-33,-51],[66,-15],[114,10],[33,47],[53,1],[38,32],[-15,-77],[75,-59],[0,-33],[48,-30],[43,11],[60,-38],[68,-12],[-4,-43],[38,21],[33,-38],[65,5],[59,-126],[-19,-34],[36,-8],[40,-105],[-14,-94],[7,-64],[81,-47],[61,13],[49,-21],[0,-63],[41,-35],[-37,-4],[-14,-57],[90,-104],[-36,-31],[-18,-76],[86,-114],[-99,-100],[-4,-108],[-37,-42],[-8,-54],[18,-165],[56,-84],[-16,-92],[109,-150],[-15,-88],[103,-31],[77,-81],[31,-72],[179,-110],[48,-46],[78,-46],[132,-44],[56,-34],[-314,-52],[-73,-1],[-218,47],[-137,-3],[-64,-28],[-75,-4],[-136,14],[-162,-34],[-53,1],[-379,64],[-318,-15]],[[1767,3240],[-45,-7],[-106,-62],[32,-68],[92,-98],[-9,-27],[-68,-23],[-30,-62],[36,-42],[-103,-78],[-7,-47],[-85,-74],[-8,-29],[-79,-9],[-72,-75],[-15,-74],[7,-56],[-90,-96],[-10,-47],[119,-22],[40,-47],[-77,-55]],[[1289,2142],[-31,9],[-33,-31]],[[1225,2120],[-79,-98],[-79,-37]],[[1067,1985],[-38,37],[31,59],[-32,-5],[-67,-58],[-51,3],[-1,39],[-112,9],[-198,72],[25,102],[-93,88],[-32,125],[54,81],[-46,-28],[5,45],[-84,61],[37,-86],[-90,50],[-5,-54],[-93,36],[-23,47],[-87,68],[62,-132],[39,-20],[-20,-33],[-162,-8],[22,35],[-48,-17],[-60,13],[55,76],[-48,-1],[8,38],[59,35],[15,94],[43,25],[-13,43],[138,137],[65,85],[53,21],[35,119],[-13,43],[45,77],[0,71],[63,50],[-7,45],[-97,71],[57,43],[-8,84],[84,49],[79,-8],[8,37],[192,136],[178,96],[71,84],[123,36],[40,51],[125,40],[69,63],[119,16]],[[2257,1663],[-74,43],[-73,-18],[-90,-71],[0,-62],[-52,-77],[-124,-65]],[[1844,1413],[-63,22],[-34,43],[-97,81],[-180,90],[61,15],[128,71],[-105,-32],[-88,-6],[5,36],[-39,61],[-87,101],[63,-54],[-6,45],[41,57],[77,-34],[13,22],[71,-36],[-9,36],[-80,42],[114,24],[1,18],[-130,-15],[-60,18],[28,43],[46,21],[56,58],[-51,1],[-66,-60],[-64,-17],[-92,36],[-8,42]],[[1225,2120],[40,-15],[63,-62],[-73,2],[-34,36],[-37,-21],[48,-32],[24,-49],[-109,-10],[-80,16]],[[6693,440],[-477,4],[4,48],[-73,47],[-141,12],[-65,-30],[-207,13],[-73,-17],[-78,16],[-76,-24],[-175,18],[-177,35],[-122,-10],[-65,21],[-172,-26],[-131,7],[-453,-5],[-106,34],[-68,-9],[-347,-8],[5,-31],[-44,-88],[-1729,0],[-153,40],[-81,47],[-13,67],[24,31],[6,163],[66,168],[5,111],[32,75],[53,48],[18,53],[-50,127],[14,36]]],"bbox":[8.510261527083001,1.6545512144935712,16.20748373164219,13.080228485208565],"transform":{"scale":[0.0007697992003759563,0.0011426819952710264],"translate":[8.510261527083001,1.6545512144935712]},"title":"Cameroon","version":"2.0.1","copyright":"Copyright (c) 2022 Highsoft AS, Based on data from Natural Earth","copyrightShort":"Natural Earth","copyrightUrl":"http://www.naturalearthdata.com"}