{"type":"Topology","objects":{"default":{"type":"GeometryCollection","geometries":[{"type":"MultiPolygon","arcs":[[[0]],[[1]]],"id":"AR.TF","properties":{"hc-group":"admin1","hc-middle-x":0.22,"hc-middle-y":0.73,"hc-key":"ar-tf","hc-a2":"TF","labelrank":"3","hasc":"AR.TF","alt-name":"Feuerland|Terra del Fuoco|Terre de Feu|Terra do Fogo|Tierra del Fuego|Antártida e Islas del Atlántico Sur","woe-id":"2344697","subregion":null,"fips":"AR23","postal-code":"TF","name":"Tierra del Fuego","country":"Argentina","type-en":"National Territory","region":null,"longitude":"-67.5329","woe-name":"Tierra del Fuego","latitude":"-54.3887","woe-label":"Tierra del Fuego, AR, Argentina","type":"Territorio Nacional|Provincia"}},{"type":"MultiPolygon","arcs":[[[2]],[[3]],[[4]],[[5,6,7,8,9,10,11,12]]],"id":"AR.BA","properties":{"hc-group":"admin1","hc-middle-x":0.4,"hc-middle-y":0.41,"hc-key":"ar-ba","hc-a2":"BA","labelrank":"3","hasc":"AR.BA","alt-name":null,"woe-id":"2344675","subregion":null,"fips":"AR01","postal-code":"BA","name":"Buenos Aires","country":"Argentina","type-en":"Federal District","region":null,"longitude":"-60.1133","woe-name":null,"latitude":"-36.6734","woe-label":"Buenos Aires","type":"Distrito Federal"}},{"type":"Polygon","arcs":[[13,14,15,16]],"id":"AR.SJ","properties":{"hc-group":"admin1","hc-middle-y":0.65,"hc-key":"ar-sj","hc-a2":"SJ","labelrank":"6","hasc":"AR.SJ","alt-name":null,"woe-id":"2344692","subregion":null,"fips":"AR18","postal-code":"SJ","name":"San Juan","country":"Argentina","type-en":"Province","region":null,"longitude":"-68.66119999999999","woe-name":"San Juan","latitude":"-30.97","woe-label":"San Juan, AR, Argentina","type":"Provincia"}},{"type":"Polygon","arcs":[[17,-17,18,19,20]],"id":"AR.MZ","properties":{"hc-group":"admin1","hc-middle-x":0.53,"hc-middle-y":0.51,"hc-key":"ar-mz","hc-a2":"MZ","labelrank":"6","hasc":"AR.MZ","alt-name":null,"woe-id":"2344687","subregion":null,"fips":"AR08","postal-code":"MZ","name":"Mendoza","country":"Argentina","type-en":"Province","region":null,"longitude":"-68.5423","woe-name":"Mendoza","latitude":"-34.8484","woe-label":"Mendoza, AR, Argentina","type":"Provincia"}},{"type":"Polygon","arcs":[[21,-21,22]],"id":"AR.NQ","properties":{"hc-group":"admin1","hc-middle-x":0.47,"hc-middle-y":0.51,"hc-key":"ar-nq","hc-a2":"NQ","labelrank":"3","hasc":"AR.NQ","alt-name":"Neuquém","woe-id":"2344689","subregion":null,"fips":"AR15","postal-code":"NQ","name":"Neuquén","country":"Argentina","type-en":"Province","region":null,"longitude":"-69.9833","woe-name":"Neuquén","latitude":"-38.3579","woe-label":"Neuquen, AR, Argentina","type":"Provincia"}},{"type":"Polygon","arcs":[[-20,23,24,-10,25]],"id":"AR.LP","properties":{"hc-group":"admin1","hc-middle-x":0.57,"hc-middle-y":0.54,"hc-key":"ar-lp","hc-a2":"LP","labelrank":"3","hasc":"AR.LP","alt-name":"El Pampa|Eva Perln","woe-id":"2344685","subregion":null,"fips":"AR11","postal-code":"LP","name":"La Pampa","country":"Argentina","type-en":"Province","region":null,"longitude":"-65.8386","woe-name":"La Pampa","latitude":"-37.3861","woe-label":"La Pampa, AR, Argentina","type":"Provincia"}},{"type":"Polygon","arcs":[[26,27,28,-23,-26,-9]],"id":"AR.RN","properties":{"hc-group":"admin1","hc-middle-x":0.56,"hc-middle-y":0.63,"hc-key":"ar-rn","hc-a2":"RN","labelrank":"3","hasc":"AR.RN","alt-name":null,"woe-id":"2344690","subregion":null,"fips":"AR16","postal-code":"RN","name":"Río Negro","country":"Argentina","type-en":"Province","region":null,"longitude":"-67.36409999999999","woe-name":"Río Negro","latitude":"-40.1261","woe-label":"Rio Negro, AR, Argentina","type":"Provincia"}},{"type":"Polygon","arcs":[[-19,-16,29,30,-24]],"id":"AR.SL","properties":{"hc-group":"admin1","hc-middle-y":0.35,"hc-key":"ar-sl","hc-a2":"SL","labelrank":"6","hasc":"AR.SL","alt-name":null,"woe-id":"2344693","subregion":null,"fips":"AR19","postal-code":"SL","name":"San Luis","country":"Argentina","type-en":"Province","region":null,"longitude":"-66.13500000000001","woe-name":"San Luis","latitude":"-33.9469","woe-label":"San Luis, AR, Argentina","type":"Provincia"}},{"type":"Polygon","arcs":[[-25,-31,31,32,33,34,-11]],"id":"AR.CB","properties":{"hc-group":"admin1","hc-middle-x":0.51,"hc-middle-y":0.51,"hc-key":"ar-cb","hc-a2":"CB","labelrank":"3","hasc":"AR.CB","alt-name":"Cordova","woe-id":"2344679","subregion":null,"fips":"AR05","postal-code":"CB","name":"Córdoba","country":"Argentina","type-en":"Province","region":null,"longitude":"-63.7501","woe-name":"Córdoba","latitude":"-32.3275","woe-label":"Cordoba, AR, Argentina","type":"Provincia"}},{"type":"Polygon","arcs":[[-33,35,36,37,38,39]],"id":"AR.CT","properties":{"hc-group":"admin1","hc-middle-x":0.45,"hc-middle-y":0.32,"hc-key":"ar-ct","hc-a2":"CT","labelrank":"6","hasc":"AR.CT","alt-name":null,"woe-id":"2344676","subregion":null,"fips":"AR02","postal-code":"CT","name":"Catamarca","country":"Argentina","type-en":"Province","region":null,"longitude":"-67.0086","woe-name":"Catamarca","latitude":"-26.7709","woe-label":"Catamarca, AR, Argentina","type":"Provincia"}},{"type":"Polygon","arcs":[[-30,-15,40,-36,-32]],"id":"AR.LR","properties":{"hc-group":"admin1","hc-middle-x":0.57,"hc-middle-y":0.36,"hc-key":"ar-lr","hc-a2":"LR","labelrank":"6","hasc":"AR.LR","alt-name":null,"woe-id":"2344686","subregion":null,"fips":"AR12","postal-code":"LR","name":"La Rioja","country":"Argentina","type-en":"Province","region":null,"longitude":"-67.5283","woe-name":"La Rioja","latitude":"-29.3762","woe-label":"La Rioja, AR, Argentina","type":"Provincia"}},{"type":"Polygon","arcs":[[-38,41,42,43,44,45,46,47]],"id":"AR.SA","properties":{"hc-group":"admin1","hc-middle-x":0.4,"hc-middle-y":0.67,"hc-key":"ar-sa","hc-a2":"SA","labelrank":"6","hasc":"AR.SA","alt-name":null,"woe-id":"2344691","subregion":null,"fips":"AR17","postal-code":"SA","name":"Salta","country":"Argentina","type-en":"Province","region":null,"longitude":"-64.47150000000001","woe-name":"Salta","latitude":"-25.0203","woe-label":"Salta, AR, Argentina","type":"Provincia"}},{"type":"Polygon","arcs":[[-40,48,-47,49,50,-34]],"id":"AR.SE","properties":{"hc-group":"admin1","hc-middle-x":0.51,"hc-middle-y":0.46,"hc-key":"ar-se","hc-a2":"SE","labelrank":"6","hasc":"AR.SE","alt-name":null,"woe-id":"2344696","subregion":null,"fips":"AR22","postal-code":"SE","name":"Santiago del Estero","country":"Argentina","type-en":"Province","region":null,"longitude":"-63.445","woe-name":"Santiago del Estero","latitude":"-27.6882","woe-label":"Santiago del Estero, AR, Argentina","type":"Provincia"}},{"type":"Polygon","arcs":[[-39,-48,-49]],"id":"AR.TM","properties":{"hc-group":"admin1","hc-middle-y":0.35,"hc-key":"ar-tm","hc-a2":"TM","labelrank":"3","hasc":"AR.TM","alt-name":"Tucumão","woe-id":"2344698","subregion":null,"fips":"AR24","postal-code":"TM","name":"Tucumán","country":"Argentina","type-en":"Province","region":null,"longitude":"-65.3387","woe-name":"Tucumán","latitude":"-26.9711","woe-label":"Tucuman, AR, Argentina","type":"Provincia"}},{"type":"Polygon","arcs":[[-46,51,52,53,54,-50]],"id":"AR.CC","properties":{"hc-group":"admin1","hc-middle-x":0.53,"hc-middle-y":0.59,"hc-key":"ar-cc","hc-a2":"CC","labelrank":"3","hasc":"AR.CC","alt-name":"El Chaco|Presidente Juan Per¢n","woe-id":"2344677","subregion":null,"fips":"AR03","postal-code":"CC","name":"Chaco","country":"Argentina","type-en":"Province","region":null,"longitude":"-60.8752","woe-name":"Chaco","latitude":"-26.509","woe-label":"Chaco, AR, Argentina","type":"Provincia"}},{"type":"Polygon","arcs":[[-45,55,-52]],"id":"AR.FM","properties":{"hc-group":"admin1","hc-middle-x":0.52,"hc-middle-y":0.56,"hc-key":"ar-fm","hc-a2":"FM","labelrank":"6","hasc":"AR.FM","alt-name":null,"woe-id":"2344683","subregion":null,"fips":"AR09","postal-code":"FM","name":"Formosa","country":"Argentina","type-en":"Province","region":null,"longitude":"-59.9494","woe-name":"Formosa","latitude":"-24.9146","woe-label":"Formosa, AR, Argentina","type":"Provincia"}},{"type":"Polygon","arcs":[[-54,56,57,58,59,60]],"id":"AR.CN","properties":{"hc-group":"admin1","hc-middle-x":0.43,"hc-middle-y":0.44,"hc-key":"ar-cn","hc-a2":"CN","labelrank":"6","hasc":"AR.CN","alt-name":null,"woe-id":"2344680","subregion":null,"fips":"AR06","postal-code":"CN","name":"Corrientes","country":"Argentina","type-en":"Province","region":null,"longitude":"-57.6482","woe-name":"Corrientes","latitude":"-28.8387","woe-label":"Corrientes, AR, Argentina","type":"Provincia"}},{"type":"Polygon","arcs":[[-60,61,-13,62]],"id":"AR.ER","properties":{"hc-group":"admin1","hc-middle-x":0.47,"hc-middle-y":0.47,"hc-key":"ar-er","hc-a2":"ER","labelrank":"3","hasc":"AR.ER","alt-name":"Entre-Rios","woe-id":"2344682","subregion":null,"fips":"AR08","postal-code":"ER","name":"Entre Ríos","country":"Argentina","type-en":"Province","region":null,"longitude":"-59.2824","woe-name":"Entre Ríos","latitude":"-32.0275","woe-label":"Entre Rios, AR, Argentina","type":"Provincia"}},{"type":"Polygon","arcs":[[63,-28,64,65]],"id":"AR.CH","properties":{"hc-group":"admin1","hc-middle-x":0.41,"hc-key":"ar-ch","hc-a2":"CH","labelrank":"3","hasc":"AR.CH","alt-name":null,"woe-id":"2344678","subregion":null,"fips":"AR04","postal-code":"CH","name":"Chubut","country":"Argentina","type-en":"Province","region":null,"longitude":"-67.8642","woe-name":"Chubut","latitude":"-43.9995","woe-label":"Chubut, AR, Argentina","type":"Provincia"}},{"type":"Polygon","arcs":[[-35,-51,-55,-61,-63,-12]],"id":"AR.SF","properties":{"hc-group":"admin1","hc-middle-x":0.45,"hc-middle-y":0.39,"hc-key":"ar-sf","hc-a2":"SF","labelrank":"6","hasc":"AR.SF","alt-name":"Santa Fé","woe-id":"2344695","subregion":null,"fips":"AR21","postal-code":"SF","name":"Santa Fe","country":"Argentina","type-en":"Province","region":null,"longitude":"-60.8593","woe-name":"Santa Fe","latitude":"-30.7764","woe-label":"Santa Fe, AR, Argentina","type":"Provincia"}},{"type":"Polygon","arcs":[[66,-58]],"id":"AR.MN","properties":{"hc-group":"admin1","hc-middle-x":0.56,"hc-middle-y":0.55,"hc-key":"ar-mn","hc-a2":"MN","labelrank":"3","hasc":"AR.MN","alt-name":"Missões","woe-id":"2344688","subregion":null,"fips":"AR14","postal-code":"MN","name":"Misiones","country":"Argentina","type-en":"Province","region":null,"longitude":"-54.8406","woe-name":"Misiones","latitude":"-27.1262","woe-label":"Misiones, AR, Argentina","type":"Provincia"}},{"type":"Polygon","arcs":[[67,-7]],"id":"AR.DF","properties":{"hc-group":"admin1","hc-middle-x":0.38,"hc-middle-y":0.48,"hc-key":"ar-df","hc-a2":"DF","labelrank":"3","hasc":"AR.DF","alt-name":"BUENOS AIRES D.F.|Capital Federal|Distretto Federale|Distrito Federal|Federal Capital","woe-id":"2344681","subregion":null,"fips":"AR07","postal-code":"DF","name":"Ciudad de Buenos Aires","country":"Argentina","type-en":"Federal District","region":null,"longitude":"-58.4527","woe-name":"Ciudad de Buenos Aires","latitude":"-34.6202","woe-label":"Buenos Aires, AR, Argentina","type":"Distrito Federal"}},{"type":"Polygon","arcs":[[68,-66]],"id":"AR.SC","properties":{"hc-group":"admin1","hc-middle-x":0.47,"hc-middle-y":0.45,"hc-key":"ar-sc","hc-a2":"SC","labelrank":"3","hasc":"AR.SC","alt-name":null,"woe-id":"2344694","subregion":null,"fips":"AR20","postal-code":"SC","name":"Santa Cruz","country":"Argentina","type-en":"Province","region":null,"longitude":"-69.6596","woe-name":"Santa Cruz","latitude":"-49.0428","woe-label":"Santa Cruz, AR, Argentina","type":"Provincia"}},{"type":"Polygon","arcs":[[69,-43]],"id":"AR.JY","properties":{"hc-group":"admin1","hc-middle-x":0.43,"hc-middle-y":0.36,"hc-key":"ar-jy","hc-a2":"JY","labelrank":"3","hasc":"AR.JY","alt-name":null,"woe-id":"2344684","subregion":null,"fips":"AR10","postal-code":"JY","name":"Jujuy","country":"Argentina","type-en":"Province","region":null,"longitude":"-65.7054","woe-name":"Jujuy","latitude":"-23.1764","woe-label":"Jujuy, AR, Argentina","type":"Provincia"}}],"hc-recommended-transform":{"default":{"crs":"+proj=tmerc +lat_0=-90 +lon_0=-66 +k=1 +x_0=3500000 +y_0=0 +ellps=GRS80 +towgs84=0,0,0,0,0,0,0 +units=m +no_defs","scale":0.000189588229007,"jsonres":15.5,"jsonmarginX":-999,"jsonmarginY":9851,"xoffset":2951044.94643,"yoffset":7591131.55463}}}},"arcs":[[[4640,100],[266,-3],[-78,-26],[-7,17],[-139,-23],[-25,17],[-183,-38],[-41,22],[207,34]],[[2512,59],[-29,1],[8,665],[171,-91],[0,-22],[-120,-32],[-14,-35],[50,-18],[171,-13],[63,-78],[95,-38],[120,-33],[-7,-21],[136,-44],[267,-59],[142,-65],[322,-55],[72,-5],[195,12],[77,-4],[-88,-82],[-48,9],[-130,-26],[-16,18],[-133,-1],[-6,-18],[-160,-7],[-112,-17],[-133,33],[-114,11],[-526,18],[-112,16],[-13,-16],[-128,-3]],[[5798,4380],[-36,-25],[-66,16],[33,41],[69,-32]],[[5810,4426],[-61,45],[7,15],[53,-14],[1,-46]],[[5857,4780],[26,-26],[-68,13],[-49,32],[91,-19]],[[7600,6326],[34,-53],[-97,-31],[59,-23],[-10,-47]],[[7586,6172],[-33,-14],[-1,-43],[50,-19],[65,35]],[[7667,6131],[79,-28],[143,-24],[175,-55],[138,-70],[58,-51],[-6,-20],[-105,-74],[-6,-77],[59,-56],[161,-58],[80,6],[35,-16],[17,-136],[-11,-23],[-102,-71],[-85,-75],[-127,-70],[-101,-68],[-12,-64],[-29,-21],[-283,-83],[-454,-79],[-415,-43],[-490,-42],[-139,-7],[-143,5],[-46,-9],[-255,22],[-66,38],[-116,-1],[33,-44],[-18,-42],[52,-46],[116,-33],[-17,-14],[-70,32],[-44,-2],[113,-41],[-27,-112],[-96,3],[-31,-121],[-62,-29],[38,-46],[46,-12],[46,-47],[-54,-64],[-197,-51],[-36,-1]],[[5413,4211],[-29,32],[-128,58],[-136,11],[-1,415]],[[5119,4727],[0,1005],[2,296]],[[5121,6028],[6,177],[16,9],[245,0]],[[5388,6214],[574,1],[374,211],[28,34],[116,-4],[68,-19],[38,9],[26,43],[68,49],[-7,14]],[[6673,6552],[87,-41],[131,-39],[44,-26],[85,-21],[41,7],[64,-24],[66,3],[50,-31],[64,0],[178,-61],[117,7]],[[1672,6836],[-34,10],[-24,75],[64,21],[-36,24],[-57,4],[-82,95],[11,75],[46,61],[50,-7],[56,29],[-36,27],[10,41],[74,130],[72,-9],[64,25],[27,56],[-63,11],[26,46],[-3,66],[-58,107],[7,26],[58,40],[56,13],[-3,42],[36,45],[-2,51],[32,24],[12,48]],[[1975,8012],[159,-25],[87,-41],[30,-48],[90,-63],[-39,-39],[29,-55],[-36,-61],[19,-39],[138,10],[188,-28],[114,-52],[87,-51],[147,-63],[35,-40],[191,-104],[53,-53],[-21,-32],[30,-22],[-23,-82],[28,-51],[93,-31],[16,-38],[52,-37]],[[3442,6967],[-129,-4],[-180,13],[-22,-15],[-3,-110]],[[3108,6851],[-36,14],[-183,-7],[-96,52],[-187,-25],[-148,-55],[-107,2],[-10,76],[-51,-1],[-61,35],[-70,-27],[-82,-1],[-82,-21],[-10,-33],[-175,-22],[-138,-2]],[[1585,5689],[25,24],[-20,54],[32,16],[-34,47],[8,46],[-68,90],[78,12],[16,64],[40,47],[24,64],[85,57],[10,36],[103,10],[-11,78],[-27,8],[7,89],[54,84],[-59,43],[-53,-18],[-45,34],[-6,44],[57,49],[-71,32],[-16,91],[-42,46]],[[3108,6851],[68,-118],[34,-32],[-17,-46],[42,-162],[61,-49],[45,-67],[93,-67],[-38,-50],[5,-47],[36,-69],[83,-72],[33,-86],[-9,-113],[-52,-130],[7,-15]],[[3499,5728],[-818,0],[-23,-39],[17,-45],[4,-384]],[[2679,5260],[-89,5],[-50,30],[-115,20],[-132,9],[-36,41],[-85,16],[-110,-7],[-73,7],[-92,43],[9,44],[-67,25],[-72,50],[-54,13],[-49,62],[-39,-3],[-3,49],[-37,25]],[[862,4221],[10,22],[-53,66],[41,22],[34,66],[64,25],[-73,39],[12,40],[59,-6],[31,62],[-47,50],[18,47],[80,-13],[-11,24],[40,31],[29,59],[-6,90],[93,38],[179,36],[12,48],[-63,31],[-20,49],[3,60],[-89,108],[31,79],[-41,45],[58,57],[-52,79],[24,46],[36,-3],[16,64],[77,25],[86,-4],[8,47],[66,36],[71,3]],[[2679,5260],[-1,-332],[102,-73],[9,-20],[-115,-8],[-31,10],[-127,-43],[-118,-61],[-77,-55],[-152,-32],[-50,-36],[-89,-33],[-69,1],[-144,-45],[-60,-134],[-64,-36],[-116,-8],[-67,12],[-71,-22],[-126,-12],[-81,-43],[51,-44],[-59,-37],[-105,-12],[-99,17],[-158,7]],[[3499,5728],[767,0],[0,300]],[[4266,6028],[567,0],[288,0]],[[5119,4727],[-45,3],[-117,35],[-141,57],[-241,48],[-175,13],[-148,2],[-125,-11],[-113,18],[-51,-12],[-135,23],[-128,7],[-89,-4],[-84,9],[-44,44],[-211,44],[-55,57],[-190,-12],[-74,48],[-71,13],[-1,45],[68,38],[-18,34],[-51,21],[-201,13]],[[5413,4211],[-148,-33],[-342,-1],[-143,47],[-54,-2],[-123,29],[-159,25],[-19,27],[-59,10],[-117,-38],[-27,-54],[58,-131],[34,-32],[-22,-34],[17,-38],[-27,-66]],[[4282,3920],[-35,4],[-3335,0]],[[912,3924],[-13,40],[-65,73],[36,17],[-26,60],[18,107]],[[3442,6967],[64,-11],[194,-3],[81,16],[148,-4]],[[3929,6965],[85,-9],[169,-60],[28,-62],[137,6],[26,-74],[-79,-170],[-51,-28],[22,-228],[0,-312]],[[3929,6965],[-5,237],[124,208],[61,79]],[[4109,7489],[131,24],[98,55],[-8,81],[38,16]],[[4368,7665],[297,40],[119,-14],[4,-17],[121,-37],[173,-2],[51,-36],[538,0],[23,-9],[78,-106]],[[5772,7484],[-19,-90],[136,-83],[-134,-263],[-50,-29],[18,-76],[-16,-54],[73,-35],[30,-40],[49,-23],[43,-65],[49,-45],[-16,-52],[-78,-33],[-469,-382]],[[4109,7489],[-84,90],[-81,102],[-32,76],[-165,84],[-107,28],[-2,43],[-68,36],[-55,63],[-196,41],[-62,-22],[-81,-5],[-223,5],[-60,-12],[-44,38],[-11,40],[-77,-10],[-180,53],[6,70],[-209,-14],[-143,6]],[[2235,8201],[61,97],[41,16],[66,85],[107,-15],[34,27],[95,9],[5,52],[-127,97],[-2,74],[78,37],[-40,127],[-29,28],[-23,68],[53,83]],[[2554,8986],[347,-37],[605,5],[26,-3],[42,-60],[-23,-46],[-112,-13],[-36,-16],[13,-51],[81,-60],[44,-49],[56,-35],[31,3],[67,59],[86,-25]],[[3781,8658],[-50,-73],[151,-69],[-10,-58],[-161,-121],[106,-22],[27,-78],[54,-46],[61,-5],[17,-37],[54,-33],[28,27],[85,30],[83,-13]],[[4226,8160],[45,-110],[-1,-62],[-50,-50],[39,-14],[34,-180],[75,-79]],[[1975,8012],[116,57],[59,64],[65,22],[20,46]],[[2554,8986],[60,7],[-50,72],[-48,39],[36,48],[130,68],[443,106],[55,90]],[[3180,9416],[80,-28],[118,-71],[92,-42],[86,-11],[76,59],[7,95],[-33,51],[25,56],[92,-16],[92,-37],[-19,-70],[12,-49],[121,-40],[0,-24],[86,-75],[157,-29],[50,14],[72,-33],[65,-9],[44,41],[95,-47],[61,40],[94,20],[80,69],[-15,202],[-81,2],[-44,-34],[-111,49],[-110,-10],[-43,57],[-40,14],[2,75],[-78,7],[-37,41],[-1,64],[-38,13],[52,79],[26,68]],[[4215,9907],[85,0],[217,-35],[7,-38],[73,-60],[-13,-31],[44,-26],[12,-40],[46,97],[46,30],[106,130],[105,-13],[51,17],[418,-3],[8,-33],[86,-42],[-8,-12],[146,-54]],[[5644,9794],[2,-325],[-1,-170]],[[5645,9299],[3,-85],[-534,-378]],[[5114,8836],[-263,3],[-145,14],[-108,-127],[-29,-58]],[[4569,8668],[-142,2],[-99,-17],[-153,32],[-22,26],[-65,-13],[-111,13],[-24,-66],[-172,13]],[[4226,8160],[50,7],[35,32],[-36,47],[50,32],[-47,13],[93,50],[75,96],[25,51],[46,39],[41,2],[-8,71],[19,68]],[[5114,8836],[826,0],[15,-25],[6,-155],[1,-524]],[[5962,8132],[-77,-275],[-113,-373]],[[5645,9299],[146,-26],[74,-33],[64,-8],[58,-40],[46,-4],[59,-39],[95,-8],[59,-24],[25,-45],[229,-88],[70,-12],[69,-46],[92,-91],[72,-11],[87,-37],[95,-57],[1,-31],[129,-23],[14,-29],[51,-17],[68,14],[97,-32],[46,-30],[144,-55],[112,-60]],[[7647,8467],[-53,-12],[-26,-40],[-73,-29],[26,-48]],[[7521,8338],[-142,-48],[35,-89],[-23,-68]],[[7391,8133],[-945,-1],[-484,0]],[[5644,9794],[55,-25],[32,-48],[107,-95],[56,-19],[51,-42],[69,-16],[57,-38],[98,-20],[94,-38],[52,-59],[85,-20],[121,-11],[9,-11],[126,-22],[147,3],[288,-105],[60,-39],[171,-47],[96,-41],[169,-22],[80,-43],[45,17],[121,-41],[47,-1],[67,-31],[99,-83],[-33,-47],[-66,-17],[-23,-48],[-53,-41],[17,-13],[-108,-35],[-41,-43],[-40,-147],[-52,-39]],[[7521,8338],[47,12],[245,5],[162,-22],[82,-22],[101,-1],[77,-23],[140,20],[65,-26],[115,15],[89,-37],[43,57],[78,27],[80,-9]],[[8845,8334],[-25,-37],[72,-79],[18,-57],[50,-48],[58,-24]],[[9018,8089],[-75,-26],[54,-29],[-22,-24],[-68,18],[-28,-34],[-57,-11],[-6,-26],[-81,-48],[-50,-10],[-8,-31],[-58,-51],[-101,-34],[-29,-45],[-210,-132],[-99,-19],[-17,-50],[-92,-49],[-68,-14],[-5,-42],[-98,-47],[-18,-31],[38,-47]],[[7920,7307],[-89,43],[-41,55],[-96,57],[-185,24],[-125,-23],[-64,7],[-119,-42],[-74,12],[-137,-10]],[[6990,7430],[32,98],[-34,40],[37,79],[2,61],[38,62],[76,19],[82,36],[2,31],[47,77],[18,79],[-8,73],[66,14],[43,34]],[[7920,7307],[0,-49],[-52,-12],[28,-33],[-24,-55],[-86,-70],[44,-24],[-35,-77],[-56,-10],[11,-66],[-20,-26],[43,-48],[-59,-54],[36,-169],[-47,-13],[-71,6],[-15,-68],[-54,-45],[-14,-70],[40,-47],[11,-51]],[[6673,6552],[-101,41],[-91,83],[-45,91],[27,110],[22,39],[-28,30],[38,69],[117,13],[161,97],[217,186],[21,86],[-21,33]],[[972,2722],[-7,34],[-68,43],[18,51],[118,15],[10,34],[99,32],[-139,97],[-86,14],[-66,-5],[-90,14],[12,44],[97,-10],[179,14],[82,-17],[48,16],[-1,27],[60,38],[-45,31],[-115,8],[-193,-1],[9,54],[-26,35],[47,13],[51,41],[-71,60],[50,17],[-9,24],[-76,16],[-32,25],[17,40],[77,8],[3,31],[-133,22],[-69,36],[17,41],[-18,82],[53,30],[-41,69],[43,35],[46,-7],[106,26],[-17,25]],[[4282,3920],[101,-55],[182,-16],[-56,-52],[80,-7],[159,4],[39,18],[-10,31],[-114,3],[245,56],[51,-19],[59,-62],[5,-76],[-20,-47],[-59,-22],[-187,-18],[-70,33],[27,39],[-123,41],[-87,-2],[-167,-42],[-26,-39],[177,-43],[107,-15],[59,8],[-66,-35],[-161,-25],[-133,-45],[1,-24],[-152,-89],[7,-47],[53,-92],[-47,-31],[46,-37],[-59,-29],[-32,-40],[-73,-7],[-73,-29],[-14,-47],[71,-8],[-21,-50],[-67,12],[-109,-6],[-117,15],[-195,-44],[32,-23],[-172,-6],[-99,-34],[-134,-79],[-22,-55],[-40,-9],[-64,-53]],[[3014,2721],[-395,0],[-1647,1]],[[8845,8334],[106,-34],[82,35],[-4,48],[68,21],[16,31],[75,18],[73,-6],[6,28],[76,22],[36,39],[55,4],[1,35],[42,26],[35,74],[-12,65],[37,50],[-28,37],[21,35],[71,-20],[29,15],[148,27],[-9,-16],[108,-23],[36,-53],[6,-50],[80,-74],[-29,-47],[-11,-96],[18,-53],[-65,-88],[-62,3],[-65,-39],[-43,12],[-55,-56],[-30,11],[-93,-28],[-183,-41],[-8,-34],[-83,-12],[27,-19],[-146,-22],[-62,-50],[-91,-20]],[[7586,6172],[47,-15],[34,-26]],[[3014,2721],[-20,-49],[52,-82],[49,-39],[146,-43],[172,-90],[294,-25],[112,8],[117,-42],[6,-92],[-57,-70],[-4,-41],[-57,-51],[32,-9],[-115,-17],[-83,-35],[-21,-30],[-155,-24],[-109,-47],[-124,-25],[-41,-44],[-106,-26],[-74,-34],[-28,-48],[-103,-65],[45,1],[45,43],[-47,-161],[-51,-52],[-122,-40],[-127,-10],[-98,55],[-67,54],[28,-64],[127,-53],[-45,-16],[-221,-39],[-99,-69],[-37,-54],[6,-49],[-127,-44],[110,21],[54,-103],[48,-54],[-7,-21],[-70,-10],[-82,13],[-168,-19],[157,10],[185,-16],[126,-108],[161,-91],[-229,19],[-196,32],[-137,1],[-234,38],[-987,5],[-20,37],[-58,27],[-104,23],[-36,35],[-50,9],[50,24],[46,74],[-68,41],[50,19],[16,58],[-36,23],[17,33],[-103,15],[-55,-20],[-82,14],[-159,-46],[-41,7],[-41,58],[-31,87],[-105,38],[26,36],[-48,27],[54,52],[-60,69],[64,67],[158,1],[-18,20],[85,74],[134,24],[76,36],[8,102],[141,35],[-25,79],[-100,48],[99,93],[9,53],[80,6],[72,41],[82,31],[-69,38],[33,73],[125,32],[0,52],[-39,83],[-75,27],[71,13],[61,34]],[[3180,9416],[120,220],[-91,53],[79,50],[2,40],[125,29],[24,61],[180,29],[40,23],[28,78],[73,-12],[25,-26],[58,-7],[94,-52],[83,8],[195,-3]]],"bbox":[-73.58670175561608,-55.051054199679385,-53.667098843181485,-21.79241435033222],"transform":{"scale":[0.0019921595071941784,0.0033261966045951756],"translate":[-73.58670175561608,-55.051054199679385]},"title":"Argentina","version":"2.0.1","copyright":"Copyright (c) 2022 Highsoft AS, Based on data from Natural Earth","copyrightShort":"Natural Earth","copyrightUrl":"http://www.naturalearthdata.com"}