{"type":"Topology","objects":{"default":{"type":"GeometryCollection","geometries":[{"type":"MultiPolygon","arcs":[[[0]],[[1]],[[2]],[[3]],[[4,5,6,7,8,9,10,11,12,13,14],[15]]],"id":"DE.NI","properties":{"hc-group":"admin1","hc-middle-x":0.56,"hc-middle-y":0.36,"hc-key":"de-ni","hc-a2":"NI","labelrank":"3","hasc":"DE.NI","alt-name":"Lower Saxony","woe-id":"2345486","subregion":null,"fips":"GM06","postal-code":"NI","name":"Niedersachsen","country":"Germany","type-en":"State","region":null,"longitude":"8.861840000000001","woe-name":"Niedersachsen","latitude":"52.775","woe-label":"Lower Saxony, DE, Germany","type":"Land"}},{"type":"MultiPolygon","arcs":[[[16]],[[17]],[[18]],[[19]],[[20]],[[-9,21,22,23]],[[24]],[[25]]],"id":"DE.SH","properties":{"hc-group":"admin1","hc-middle-x":0.49,"hc-middle-y":0.51,"hc-key":"de-sh","hc-a2":"SH","labelrank":"3","hasc":"DE.SH","alt-name":null,"woe-id":"2345490","subregion":null,"fips":"GM10","postal-code":"SH","name":"Schleswig-Holstein","country":"Germany","type-en":"State","region":null,"longitude":"9.84605","woe-name":"Schleswig-Holstein","latitude":"54.1315","woe-label":"Schleswig-Holstein, DE, Germany","type":"Land"}},{"type":"Polygon","arcs":[[26]],"id":"DE.BE","properties":{"hc-group":"admin1","hc-middle-x":0.53,"hc-middle-y":0.47,"hc-key":"de-be","hc-a2":"BE","labelrank":"9","hasc":"DE.BE","alt-name":null,"woe-id":"2345496","subregion":null,"fips":"GM16","postal-code":"BE","name":"Berlin","country":"Germany","type-en":"State","region":null,"longitude":"13.4213","woe-name":"Berlin","latitude":"52.5131","woe-label":"Berlin, DE, Germany","type":"Land"}},{"type":"MultiPolygon","arcs":[[[-10,-24,27,28,29,30],[31]],[[32]],[[33]],[[34]]],"id":"DE.MV","properties":{"hc-group":"admin1","hc-middle-x":0.47,"hc-middle-y":0.61,"hc-key":"de-mv","hc-a2":"MV","labelrank":"3","hasc":"DE.MV","alt-name":"Mecklenburg-West Pomerania","woe-id":"2345492","subregion":null,"fips":"GM12","postal-code":"MV","name":"Mecklenburg-Vorpommern","country":"Germany","type-en":"State","region":null,"longitude":"12.5647","woe-name":"Mecklenburg-Vorpommern","latitude":"53.7528","woe-label":"Mecklenburg-Vorpommern, DE, Germany","type":"Land"}},{"type":"MultiPolygon","arcs":[[[-16]],[[35,-6]]],"id":"DE.HB","properties":{"hc-group":"admin1","hc-middle-x":0.73,"hc-middle-y":0.86,"hc-key":"de-hb","hc-a2":"HB","labelrank":"9","hasc":"DE.HB","alt-name":null,"woe-id":"2345483","subregion":null,"fips":"GM03","postal-code":"HB","name":"Bremen","country":"Germany","type-en":"State","region":null,"longitude":"8.742990000000001","woe-name":"Bremen","latitude":"53.1211","woe-label":"Bremen, DE, Germany","type":"Land"}},{"type":"Polygon","arcs":[[36,37]],"id":"DE.SL","properties":{"hc-group":"admin1","hc-middle-x":0.6,"hc-middle-y":0.48,"hc-key":"de-sl","hc-a2":"SL","labelrank":"3","hasc":"DE.SL","alt-name":null,"woe-id":"2345489","subregion":null,"fips":"GM09","postal-code":"SL","name":"Saarland","country":"Germany","type-en":"State","region":null,"longitude":"6.86625","woe-name":"Saarland","latitude":"49.4026","woe-label":"Saarland, DE, Germany","type":"Land"}},{"type":"Polygon","arcs":[[38,39,40,41,42]],"id":"DE.BY","properties":{"hc-group":"admin1","hc-middle-x":0.47,"hc-middle-y":0.45,"hc-key":"de-by","hc-a2":"BY","labelrank":"3","hasc":"DE.BY","alt-name":"Bavaria","woe-id":"2345482","subregion":null,"fips":"GM02","postal-code":"BY","name":"Bayern","country":"Germany","type-en":"State","region":null,"longitude":"11.3966","woe-name":"Bayern","latitude":"49.0056","woe-label":"Bavaria, DE, Germany","type":"Land"}},{"type":"Polygon","arcs":[[-42,43,-13,44,45]],"id":"DE.TH","properties":{"hc-group":"admin1","hc-middle-x":0.47,"hc-middle-y":0.62,"hc-key":"de-th","hc-a2":"TH","labelrank":"3","hasc":"DE.TH","alt-name":"Thuringia","woe-id":"2345495","subregion":null,"fips":"GM15","postal-code":"TH","name":"Thüringen","country":"Germany","type-en":"State","region":null,"longitude":"11.0976","woe-name":"Thüringen","latitude":"50.9052","woe-label":"Thuringia, DE, Germany","type":"Land"}},{"type":"Polygon","arcs":[[-45,-12,46,47]],"id":"DE.ST","properties":{"hc-group":"admin1","hc-middle-x":0.36,"hc-middle-y":0.3,"hc-key":"de-st","hc-a2":"ST","labelrank":"3","hasc":"DE.ST","alt-name":"Saxony-Anhalt","woe-id":"2345494","subregion":null,"fips":"GM14","postal-code":"ST","name":"Sachsen-Anhalt","country":"Germany","type-en":"State","region":null,"longitude":"11.6796","woe-name":"Sachsen-Anhalt","latitude":"51.9338","woe-label":"Saxony-Anhalt, DE, Germany","type":"Land"}},{"type":"Polygon","arcs":[[-43,-46,-48,48,49]],"id":"DE.SN","properties":{"hc-group":"admin1","hc-middle-x":0.48,"hc-middle-y":0.42,"hc-key":"de-sn","hc-a2":"SN","labelrank":"3","hasc":"DE.SN","alt-name":"Saxony","woe-id":"2345493","subregion":null,"fips":"GM13","postal-code":"SN","name":"Sachsen","country":"Germany","type-en":"State","region":null,"longitude":"13.4596","woe-name":"Sachsen","latitude":"51.0053","woe-label":"Saxony, DE, Germany","type":"Land"}},{"type":"Polygon","arcs":[[-47,-11,-31,50,-29,51,-49],[-27]],"id":"DE.BB","properties":{"hc-group":"admin1","hc-middle-x":0.7,"hc-middle-y":0.72,"hc-key":"de-bb","hc-a2":"BB","labelrank":"3","hasc":"DE.BB","alt-name":null,"woe-id":"2345491","subregion":null,"fips":"GM11","postal-code":"BB","name":"Brandenburg","country":"Germany","type-en":"State","region":null,"longitude":"12.9206","woe-name":"Brandenburg","latitude":"52.8156","woe-label":"Brandenburg, DE, Germany","type":"Land"}},{"type":"Polygon","arcs":[[52,-15,53,54]],"id":"DE.NW","properties":{"hc-group":"admin1","hc-middle-x":0.51,"hc-middle-y":0.45,"hc-key":"de-nw","hc-a2":"NW","labelrank":"3","hasc":"DE.NW","alt-name":"North Rhine-Westphalia","woe-id":"2345487","subregion":null,"fips":"GM07","postal-code":"NW","name":"Nordrhein-Westfalen","country":"Germany","type-en":"State","region":null,"longitude":"7.65708","woe-name":"Nordrhein-Westfalen","latitude":"51.6146","woe-label":"North Rhine-Westphalia, DE, Germany","type":"Land"}},{"type":"Polygon","arcs":[[55,56,57,-40]],"id":"DE.BW","properties":{"hc-group":"admin1","hc-middle-x":0.52,"hc-middle-y":0.57,"hc-key":"de-bw","hc-a2":"BW","labelrank":"3","hasc":"DE.BW","alt-name":null,"woe-id":"2345481","subregion":null,"fips":"GM01","postal-code":"BW","name":"Baden-Württemberg","country":"Germany","type-en":"State","region":null,"longitude":"9.00328","woe-name":"Baden-Württemberg","latitude":"48.59","woe-label":"Baden-Wurttemberg, DE, Germany","type":"Land"}},{"type":"Polygon","arcs":[[-58,58,-54,-14,-44,-41]],"id":"DE.HE","properties":{"hc-group":"admin1","hc-middle-x":0.49,"hc-middle-y":0.43,"hc-key":"de-he","hc-a2":"HE","labelrank":"3","hasc":"DE.HE","alt-name":"Hesse","woe-id":"2345485","subregion":null,"fips":"GM05","postal-code":"HE","name":"Hessen","country":"Germany","type-en":"State","region":null,"longitude":"8.958729999999999","woe-name":"Hessen","latitude":"50.6098","woe-label":"Hesse, DE, Germany","type":"Land"}},{"type":"Polygon","arcs":[[-8,59,-22]],"id":"DE.HH","properties":{"hc-group":"admin1","hc-middle-x":0.47,"hc-middle-y":0.57,"hc-key":"de-hh","hc-a2":"HH","labelrank":"9","hasc":"DE.HH","alt-name":null,"woe-id":"2345484","subregion":null,"fips":"GM04","postal-code":"HH","name":"Hamburg","country":"Germany","type-en":"State","region":null,"longitude":"10.0344","woe-name":"Hamburg","latitude":"53.559","woe-label":"Hamburg, DE, Germany","type":"Land"}},{"type":"Polygon","arcs":[[-57,60,-38,61,-55,-59]],"id":"DE.RP","properties":{"hc-group":"admin1","hc-middle-x":0.57,"hc-middle-y":0.52,"hc-key":"de-rp","hc-a2":"RP","labelrank":"3","hasc":"DE.RP","alt-name":"Rhineland-Palatinate","woe-id":"2345488","subregion":null,"fips":"GM08","postal-code":"RP","name":"Rheinland-Pfalz","country":"Germany","type-en":"State","region":null,"longitude":"7.36974","woe-name":"Rheinland-Pfalz","latitude":"49.8685","woe-label":"Rhineland-Palatinate, DE, Germany","type":"Land"}}],"hc-recommended-transform":{"default":{"crs":"+proj=lcc +lat_1=48.66666666666666 +lat_2=53.66666666666666 +lat_0=51 +lon_0=10.5 +x_0=0 +y_0=0 +ellps=GRS80 +towgs84=0,0,0,0,0,0,0 +units=m +no_defs","scale":0.000808796077032,"jsonres":15.5,"jsonmarginX":-999,"jsonmarginY":9851,"xoffset":-325419.299339,"yoffset":450908.217886}},"hc-recommended-mapview":{"projection":{"name":"LambertConformalConic","parallels":[48.66666666666666,53.66666666666666],"rotation":[-10.5]}}}},"arcs":[[[970,8123],[-51,-10],[-39,37],[136,27],[-46,-54]],[[1629,8310],[-189,-29],[-44,9],[109,27],[124,-7]],[[1935,8346],[-124,-8],[-29,21],[131,2],[22,-15]],[[2122,8378],[-55,-20],[-58,11],[37,22],[76,-13]],[[1280,6398],[-16,60],[40,103],[-82,111],[-79,-25],[-174,28],[-50,27],[-26,85],[79,24],[-46,77],[75,27],[215,-5],[75,14],[18,184],[29,83],[113,144],[13,86],[-25,119],[24,154],[81,101],[107,-27],[-69,39],[-249,6],[-56,50],[-1,96],[40,91],[90,20],[-60,64],[152,103],[86,24],[168,13],[48,-22],[161,24],[328,32],[86,-18],[25,-92],[124,-108],[-13,-34],[-106,-31],[45,-71],[58,3],[57,-50],[47,-3],[48,42],[31,88],[-97,20],[28,102],[100,12],[43,-47],[136,-28],[43,-24],[-50,-36],[-25,-66],[22,-128],[-7,151],[65,57]],[[2949,8047],[50,-37],[39,34],[-15,114],[-123,15]],[[2900,8173],[-27,64],[5,62],[88,184],[38,31],[84,9],[65,-44],[127,-31],[277,44],[175,0],[139,-158],[90,-67],[89,-117],[141,-55],[74,-11]],[[4265,8084],[5,-51],[97,-97],[140,-23],[105,46],[113,-60],[155,36]],[[4880,7935],[64,-11],[154,-66],[80,-1]],[[5178,7857],[81,2],[61,-28],[9,-56],[208,-103],[174,-108],[59,37],[55,-41],[33,15],[54,-46]],[[5912,7529],[58,-57],[97,10],[179,-49]],[[6246,7433],[-20,-42],[-60,-12],[-5,-72],[-98,-49],[-179,-37],[-39,25],[-217,18],[-58,-59],[-82,-23],[-134,-12],[-6,-67],[47,-83],[40,-15],[91,-117],[63,-8],[-27,-87],[52,-61],[-55,-8],[-13,-39],[78,-75],[68,-41],[-80,-37],[17,-71],[75,-80],[-71,-50],[39,-24],[-18,-47],[-98,-45],[22,-42],[-128,-18],[-216,-10],[-34,-42],[-56,-4],[81,-62],[-34,-44],[29,-52],[-65,-50],[5,-87],[87,-91],[36,-89]],[[5283,5624],[-96,-84],[-104,-22],[-100,47],[-52,-8],[-11,-56],[-136,-91],[-49,10],[-50,-61],[-113,0],[-105,-65]],[[4467,5294],[-50,45],[-206,-68],[52,-71],[-55,-22],[-31,30],[-125,35],[14,73],[55,2],[7,87],[-46,56],[52,77],[46,1],[-69,74],[-139,3],[-60,22]],[[3912,5638],[-73,-2],[18,106],[51,52],[20,126],[-145,-14],[14,63],[-87,22],[34,64],[-126,18],[30,43],[-10,71],[-59,73],[-151,3],[-10,70],[66,10],[24,53],[-94,35],[37,99],[61,10],[60,76],[-21,56],[25,32],[-55,27],[-90,-45],[-41,-69],[-146,-26],[-132,24],[-3,94],[-79,56],[-146,-22],[-54,-67],[-88,-18],[-72,14],[36,-69],[103,-40],[35,-81],[3,-128],[37,-20],[-114,-100],[-138,28],[-93,-65],[-173,-21],[-58,-36],[-62,22],[-22,44],[107,43],[30,65],[-77,8],[-51,36],[80,134],[-74,85],[-83,-19],[-138,64],[-25,64],[-78,17],[-7,-78],[-45,-56],[-52,-2],[-106,-72],[-126,-55],[-195,-12],[-104,-30]],[[2953,7652],[-71,15],[19,-31],[107,-26],[29,-64],[70,-65],[0,-37],[178,-5],[54,-29],[63,35],[3,107],[-46,36],[-23,-30],[-182,67],[-59,-4],[-142,31]],[[3309,9269],[-47,-2],[-35,45],[36,24],[129,4],[-83,-71]],[[5891,9282],[65,-83],[-138,15],[-82,-13],[-15,46],[-73,-5],[-29,27],[30,53],[96,34],[93,-27],[53,-47]],[[3072,9312],[-56,-12],[-18,48],[106,38],[-32,-74]],[[2967,9560],[-132,0],[-63,26],[76,53],[97,-1],[45,-34],[-23,-44]],[[2765,9818],[53,-9],[237,8],[-27,-15],[-137,5],[-62,-25],[-119,14],[-40,-19],[-12,-151],[-14,48],[13,140],[92,185],[61,-6],[-84,-82],[3,-69],[36,-24]],[[4880,7935],[-16,30],[-138,90],[-15,62],[41,13],[14,64],[-64,66],[33,49],[-111,-4],[-31,-50],[-77,-38],[-73,-8],[-108,-62],[-65,41],[-30,-72]],[[4240,8116],[-93,15],[-115,64],[-20,99],[-105,49],[-43,106],[-191,77],[-232,1],[-101,59],[-90,127],[89,9],[90,-17],[23,87],[-44,62],[-127,-26],[-53,71],[29,96],[90,25],[45,55],[-245,-31],[-94,-24],[-58,82],[105,26],[-72,38],[132,33],[121,0],[156,67],[8,52],[-173,146],[-53,88],[-126,61],[6,32],[-50,75],[14,100],[77,-8],[101,20],[403,-70],[35,-58],[115,-3],[58,20],[72,-11],[140,72],[4,-47],[120,-15],[119,-45],[23,-34],[99,44],[61,-37],[53,-79],[-97,-35],[113,-1],[-15,-164],[-104,-68],[-92,-14],[47,-26],[263,44],[87,-45],[-14,-83],[-53,-32],[41,-39],[40,82],[98,46],[58,0],[90,-45],[173,-52],[97,-63],[95,-2],[172,83],[91,8],[17,-23],[110,23],[-62,-57],[18,-150],[-31,-53],[-126,-57],[-44,-40],[-119,-21],[-53,-62],[30,-44],[93,-15],[45,-48]],[[5511,8616],[-3,-38],[-153,-86],[-3,-152],[50,-7],[64,-53],[79,-20],[18,-152],[-138,1],[-8,-68],[-202,-89],[-37,-95]],[[2706,9558],[52,-69],[-31,-26],[-67,62],[46,33]],[[2706,9558],[-2,1],[30,21],[-28,-22]],[[8340,6919],[3,-43],[71,-61],[85,-30],[-23,-68],[43,4],[93,-50],[-50,-99],[-66,-41],[-8,44],[-195,52],[-35,-46],[-143,44],[-88,3],[-63,-26],[-68,27],[52,137],[17,97],[55,-17],[14,50],[89,40],[27,-41],[58,2],[96,47],[36,-25]],[[5511,8616],[161,61],[131,13],[78,-52],[-4,-42],[100,20],[135,-71],[37,124],[139,97],[43,83],[76,22],[92,-12],[259,38],[56,-7],[93,89],[170,78],[105,119],[69,100],[97,-28],[315,-4],[44,-19],[-54,-22],[-192,22],[-77,-15],[-106,-65],[-79,26],[-33,-61],[-68,-45],[8,-52],[47,-23],[15,49],[57,55],[216,77],[44,28],[8,-42],[69,14],[38,-46],[59,11],[30,45],[70,38],[72,6],[6,-54],[61,-25],[-20,-26],[40,-93],[191,-59],[36,-51],[68,-21],[88,-103],[16,34],[134,18],[118,45],[-15,-26],[119,-62],[0,15],[-59,47],[69,25],[72,-91],[147,-54],[210,-157],[-37,-41],[28,-37],[-167,2],[-56,-34],[-132,-12],[-34,16],[20,-19],[133,-87],[132,-39],[88,-5],[44,24],[36,-39],[-51,-26],[56,-10],[-4,-57],[39,-75],[9,-115],[61,-82],[34,-142]],[[9311,7809],[-75,-33],[-80,-64],[-160,17],[1,25],[92,44],[56,72],[3,58],[-110,16],[-49,-26],[-191,10],[-56,105],[-79,44],[13,-74],[-110,-13],[-111,-82],[-73,-19],[-50,-100],[-96,-57],[-134,17],[-57,-71],[-83,34],[-168,-118],[-55,36],[-91,-13],[-134,17],[-4,34]],[[7510,7668],[-112,35],[-136,26]],[[7262,7729],[-90,-5],[-99,61],[-122,35],[-44,34],[-135,-18],[-56,-72],[-58,-28],[-156,-36],[25,-30],[-103,-14],[-47,42],[-110,-14],[-70,-42],[21,-76],[-58,-34],[-112,18],[-5,-33],[-131,12]],[[8674,8799],[-67,-86],[101,-65],[11,-39],[62,-17],[-17,-38],[-78,-45],[14,-13],[109,40],[8,38],[-38,86],[75,-8],[17,-36],[65,-26],[-11,104],[-26,-8],[-74,66],[-54,-70],[-44,-13],[17,59],[-106,-32],[38,67],[-2,36]],[[6156,8695],[-33,-67],[-100,15],[16,29],[84,34],[33,-11]],[[7965,9437],[-41,-16],[-19,-73],[-42,-32],[50,126],[52,-5]],[[8219,9504],[5,-59],[79,-36],[141,18],[48,-7],[40,-58],[-111,-88],[37,-75],[97,-28],[74,-60],[-60,-54],[-65,0],[66,36],[-68,27],[-163,-10],[-150,-105],[59,4],[7,-43],[-121,23],[25,42],[-73,-34],[-167,105],[36,50],[112,12],[-12,43],[-91,9],[27,33],[86,20],[-30,62],[-52,-11],[-20,53],[84,9],[49,-20],[89,57],[-23,-78],[44,24],[45,-65],[84,-5],[-8,88],[-63,1],[-80,70],[-104,-65],[-26,19],[44,91],[-71,-16],[32,39],[148,31],[60,-19],[-60,-30]],[[2949,8047],[10,35],[-59,91]],[[1656,2441],[-112,-78],[-124,11],[-76,35],[-70,-30],[-12,81],[-92,31],[-100,6],[6,-60],[-33,-23],[-118,35],[-66,127],[-99,86],[27,31],[-87,95],[-100,38],[-63,-13],[4,90]],[[541,2903],[154,11],[125,-4],[118,26],[160,57],[84,42],[68,2],[80,-33],[66,-2],[95,-50],[51,20],[46,-120],[-68,-50],[59,-80],[93,-19],[2,-42],[-78,-110],[-24,-60],[84,-50]],[[6814,3919],[9,-65],[-33,-27],[112,-93],[-3,-67],[74,-95],[240,-96],[-5,-50],[67,-34],[-79,-162],[-75,-47],[39,-54],[85,-39],[6,-65],[56,-46],[44,-89],[32,-7],[22,-104],[93,-49],[75,-81],[137,6],[84,-49],[194,-227],[132,-31],[80,-72],[12,-58],[107,-72],[22,37],[116,-25],[51,-83],[76,-20],[99,-129],[-33,-54],[35,-38],[-17,-107],[-93,-116],[-100,56],[-113,25],[-88,-31],[18,-69],[-56,-168],[-143,-90],[-151,-20],[-113,-36],[-108,-70],[-60,-9],[-145,-105],[16,-72],[77,-64],[25,-58],[84,-58],[66,-101],[-108,-158],[78,-24],[62,10],[47,-50],[9,-66],[-37,-50],[0,-118],[-31,-29],[-73,1],[-178,108],[36,74],[-55,70],[-119,12],[-108,-51],[-63,-9],[-78,81],[-202,-16],[3,68],[-71,-34],[28,-98],[-40,-34],[-251,9],[-92,-14],[-34,-31],[-218,18],[-75,-97],[-152,-11],[-51,-46],[20,-32],[-85,-12],[-52,-45],[-97,30],[-93,-44],[-113,0],[-22,55],[-118,78],[7,48],[-74,-18],[-199,59],[-90,-44],[-120,58],[5,-103],[35,-70],[-44,-74],[-50,-26],[-65,-76],[-73,-31],[-87,-9],[54,107],[-19,32],[-129,-18],[-2,95],[-53,63],[-31,-14],[-49,61],[-148,23],[-6,44],[-60,8],[-38,-46],[-120,47]],[[4095,402],[117,28],[163,90],[96,-20],[114,25],[20,-37],[60,49],[-18,102],[-37,25],[54,38],[-34,80],[12,76],[-24,30],[47,96],[6,93],[-29,53],[-60,202],[-81,98],[95,117],[72,19],[21,-28],[177,85],[-2,99],[-46,94],[29,28],[81,-49],[57,48],[9,-38],[68,34],[-68,86],[29,87],[0,137],[-114,121],[-87,22],[-11,98],[-129,101],[-14,87],[28,3],[-41,121],[54,20],[-62,72],[15,91],[-47,43],[-72,-83],[-90,2],[-25,125],[-81,-36],[47,75],[-53,56],[-45,90],[-71,-45],[-19,41],[-35,-37],[-51,11],[16,109],[-48,-16],[-121,31],[-151,-13],[-42,-69],[124,-31],[-25,-87],[-31,14],[-98,-31],[-36,-63],[-155,-3]],[[3553,2968],[-42,45],[42,38],[-13,60],[37,12],[9,118],[-77,55],[-48,99],[1,175],[-55,13],[36,56],[107,37],[48,-17],[83,41],[110,-6],[85,-60],[108,20],[24,78],[-32,10],[14,77],[110,-16],[53,14],[21,57],[74,34],[21,124],[100,-4],[155,64],[58,88]],[[4582,4180],[78,59],[68,-17],[54,-51],[87,-23],[198,-178],[57,7],[43,-43],[28,-130],[119,-19],[6,42],[119,-1],[-3,38],[-134,65],[12,50],[69,33],[169,2],[48,-49],[135,20],[25,-72],[63,-49],[68,4],[27,108],[-34,147],[107,60],[87,-8],[-6,-90],[61,-20],[60,-63],[289,45],[34,-28],[84,30]],[[6600,4049],[83,-38],[5,-44],[126,-48]],[[4582,4180],[-9,114],[33,22],[-27,61],[-110,-9],[-9,-45],[-71,20],[38,63],[41,159],[75,20],[40,66],[-53,50],[-36,-20],[-19,46],[93,-1],[-19,54],[29,31],[149,-14],[6,63],[-55,14],[28,77],[-46,27],[52,11],[24,-38],[37,89],[-162,50],[-34,69],[-112,35],[-26,72],[28,28]],[[5283,5624],[116,-7],[154,-49],[-37,-30],[65,-131],[-7,-53],[38,-25],[214,-15],[130,-18],[57,-33],[93,-111],[-33,-36],[-96,-35],[94,-73],[8,-78],[285,-9],[48,-96],[139,7],[77,-32],[81,-63],[168,4],[45,-32],[81,106],[-31,29],[20,67]],[[6992,4911],[69,5],[169,-39],[68,-112],[61,-24],[50,-68],[-40,-38],[-90,8],[-113,-67],[-51,4],[-130,-45],[29,-30],[-48,-61],[41,-54],[47,-7],[-75,-62],[-71,0],[-46,-82],[-70,-2],[-35,-38],[-65,19],[-70,-74],[24,-34],[-46,-61]],[[6246,7433],[108,-39],[16,-36],[75,14],[75,-86],[146,-56],[139,8],[19,-31],[101,-2],[33,-63],[-40,-44],[-7,-56],[40,-63],[-25,-63],[-46,-7],[-41,-104],[27,-45],[65,27],[85,-73],[-43,-54],[-14,-124],[-27,-86],[42,-35],[-53,-75],[67,-84],[174,-151],[50,13],[104,-64],[50,-8],[64,37],[224,-105],[86,-8],[126,-70],[186,4],[-80,-86],[20,-103],[-34,-46],[-98,-74]],[[7860,5595],[-91,16],[-126,52],[-88,-53],[-72,14],[-57,-47],[-239,0],[-14,-37],[-137,-26],[-76,12],[-44,-43],[-5,-75],[-37,-27],[28,-160],[-54,-43],[39,-121],[-16,-36],[75,-104],[46,-6]],[[7860,5595],[120,-64],[43,-96],[-23,-19],[-2,-117],[71,0],[173,46],[120,-70],[267,-25],[223,15],[79,89],[26,59],[100,68],[121,7],[75,-29],[186,60],[95,8],[121,-28]],[[9655,5499],[27,-32],[195,-60],[37,-26],[21,-156],[60,-73],[4,-44],[-68,-171],[-5,-52],[-104,-190],[-55,-51],[-38,-83],[-81,5],[-95,38],[23,81],[-91,4],[26,81],[-88,54],[-105,-5],[-121,31],[-53,-71],[71,-15],[17,-43],[69,-21],[-39,-52],[-125,-1],[-45,-41],[-171,-58],[-81,-1],[-74,-28],[-10,-48],[-52,-25],[-254,-14],[-94,-28],[8,-36],[-82,-84],[-73,36],[-105,-73],[-57,17],[-79,-110],[-164,-5],[-14,-76],[-85,-37],[-101,47],[-79,-8],[-82,-54],[-183,-6],[-45,-55],[-77,-40],[-68,-72],[-57,-125],[-56,125],[-60,13],[-11,44],[-72,14]],[[7262,7729],[248,-61]],[[9311,7809],[20,-80],[34,-27],[-70,-96],[14,-58],[-51,-107],[-97,-61],[-120,-53],[19,-107],[-41,-34],[100,-43],[181,-102],[118,-113],[66,-18],[103,-77],[-39,-76],[26,-27],[-101,-97],[6,-51],[66,-137],[99,-29],[17,-49],[-29,-120],[82,-58],[-68,-109],[-4,-78],[-46,-68],[-63,-46],[-10,-51],[52,-44],[17,-67],[76,-53],[27,-89],[-40,-85]],[[567,3930],[-38,59],[14,84],[-15,61],[-150,12],[-42,69],[96,91],[-75,1],[-108,127],[-76,-7],[-42,94],[31,63],[49,18],[20,81],[-70,28],[4,58],[-140,-11],[-25,100],[74,-17],[68,58],[179,99],[-13,41],[-56,-27],[-32,34],[12,55],[91,111],[38,23],[27,67],[-16,157],[-117,110],[13,63],[-98,47],[15,37],[-90,29],[27,57],[-40,39],[171,61],[78,-15],[-69,56],[37,14],[107,-44],[172,-45],[-4,42],[69,-15],[203,63],[126,15],[72,66],[-35,53],[-112,43],[98,95],[71,6],[60,60],[68,30],[86,72]],[[3912,5638],[-117,-54],[24,-18],[-64,-97],[-78,-39],[-11,-37],[-116,-20],[-26,51],[-75,34],[-119,-37],[31,-115],[-272,-36],[-117,-112],[28,-43],[123,37],[37,-127],[-100,-108],[-146,6],[22,-94],[-110,-134],[-88,-71],[-70,25],[-174,-124],[39,-55],[-45,-74]],[[2488,4396],[-85,9],[-81,106],[-13,82],[-30,-7],[-106,64],[16,53],[-64,13],[-48,-28],[11,-96],[-100,-35],[25,-36],[-109,-62],[-231,-38],[-16,-79],[-97,-30],[-94,22],[-46,-45],[-113,-14],[-122,-46],[-59,-42],[3,-59],[-74,12],[-66,-20],[38,-147],[-83,-18],[-59,26],[-48,-15],[-37,35],[-140,-47],[-65,54],[30,-65],[-58,-13]],[[4095,402],[-60,13],[-49,63],[-115,43],[-88,8],[-104,56],[-56,52],[-112,65],[0,-37],[97,-53],[49,-95],[-207,8],[-121,-34],[-74,37],[-44,50],[-88,-33],[4,68],[-69,53],[-54,-34],[-7,42],[-149,-40],[-68,-72],[-11,-54],[73,-33],[119,30],[-8,-95],[-42,42],[-80,-49],[-103,-4],[-71,45],[-121,0],[-99,-62],[-191,-9],[-16,35],[-85,10],[-57,-51],[-92,-16],[-51,27],[26,41],[-80,-15],[4,30],[-75,80],[17,79],[-13,66],[40,73],[-4,50],[67,160],[-48,66],[-4,53],[45,109],[69,76],[28,94],[54,56],[-15,66],[41,119],[41,27],[-3,123],[46,56],[104,69],[24,58],[144,82],[50,107],[57,70],[91,67]],[[2651,2240],[80,128],[33,157],[101,84],[-22,23],[42,80],[-5,85],[-33,29],[-60,116],[9,31]],[[2796,2973],[89,-8],[74,-60],[56,26],[-17,82],[75,16],[52,-105],[188,-45],[-45,-30],[-40,-102],[36,-10],[109,76],[13,62],[182,16],[-49,75],[34,2]],[[2796,2973],[-61,110],[20,58],[104,61],[-55,13],[-92,159],[-5,88],[-117,102],[-58,10],[-138,-36],[-141,-57],[-44,-2],[-32,50],[-85,54],[78,45],[13,36],[74,-9],[-27,59],[27,58],[77,36],[32,-16],[26,61],[83,19],[-80,121],[-75,31],[42,76],[-16,85],[41,31],[72,-24],[62,77],[-47,77],[14,50]],[[4265,8084],[60,11],[-85,21]],[[2651,2240],[-91,-66],[-120,26],[-172,71],[-82,-3],[-92,21],[-136,-16],[-43,34],[-96,27],[-54,58],[6,29],[-115,20]],[[541,2903],[2,53],[73,94],[1,39],[80,40],[9,121],[-93,14],[-209,105],[-54,89],[-12,-17],[-72,136],[30,150],[44,22],[-19,41],[116,55],[51,67],[79,18]]],"bbox":[5.852475352483505,47.271119288750604,15.02260271238934,55.03497669922907],"transform":{"scale":[0.000917104446435227,0.0007764633873865853],"translate":[5.852475352483505,47.271119288750604]},"title":"Germany","version":"2.0.1","copyright":"Copyright (c) 2022 Highsoft AS, Based on data from Natural Earth","copyrightShort":"Natural Earth","copyrightUrl":"http://www.naturalearthdata.com"}