{"type":"Topology","objects":{"default":{"type":"GeometryCollection","geometries":[{"type":"MultiPolygon","arcs":[[[0]],[[1,2,3,4,5,6]]],"id":"DE.BB.12065000","properties":{"hc-group":"admin2","hc-middle-x":0.62,"hc-middle-y":0.53,"hc-key":"de-bb-12065000","hc-a2":"OB","name":"Oberhavel","bundesland":"DE.BB"}},{"type":"Polygon","arcs":[[7]],"id":"DE.BB.12052000","properties":{"hc-group":"admin2","hc-middle-x":0.32,"hc-middle-y":0.52,"hc-key":"de-bb-12052000","hc-a2":"CO","name":"Cottbus","bundesland":"DE.BB"}},{"type":"Polygon","arcs":[[8,9,10,11]],"id":"DE.BB.12062000","properties":{"hc-group":"admin2","hc-middle-x":0.51,"hc-middle-y":0.58,"hc-key":"de-bb-12062000","hc-a2":"EE","name":"Elbe-Elster","bundesland":"DE.BB"}},{"type":"Polygon","arcs":[[12,13,14]],"id":"DE.BB.12053000","properties":{"hc-group":"admin2","hc-middle-x":0.51,"hc-key":"de-bb-12053000","hc-a2":"F(","name":"Frankfurt (Oder)","bundesland":"DE.BB"}},{"type":"Polygon","arcs":[[-10,15,16,17,18]],"id":"DE.BB.12072000","properties":{"hc-group":"admin2","hc-middle-x":0.55,"hc-middle-y":0.62,"hc-key":"de-bb-12072000","hc-a2":"TF","name":"Teltow-Fläming","bundesland":"DE.BB"}},{"type":"Polygon","arcs":[[19,20,21,22,23,24,25,26,27,28,-4]],"id":"DE.BB.12063000","properties":{"hc-group":"admin2","hc-middle-x":0.41,"hc-middle-y":0.46,"hc-key":"de-bb-12063000","hc-a2":"HA","name":"Havelland","bundesland":"DE.BB"}},{"type":"Polygon","arcs":[[29,30,31,-2,32],[-1]],"id":"DE.BB.12060000","properties":{"hc-group":"admin2","hc-middle-x":0.42,"hc-middle-y":0.46,"hc-key":"de-bb-12060000","hc-a2":"BA","name":"Barnim","bundesland":"DE.BB"}},{"type":"Polygon","arcs":[[33,-12,34,35]],"id":"DE.BB.12066000","properties":{"hc-group":"admin2","hc-middle-x":0.64,"hc-middle-y":0.49,"hc-key":"de-bb-12066000","hc-a2":"OL","name":"Oberspreewald-Lausitz","bundesland":"DE.BB"}},{"type":"Polygon","arcs":[[36,-5,-29,37,38]],"id":"DE.BB.12068000","properties":{"hc-group":"admin2","hc-middle-x":0.62,"hc-middle-y":0.54,"hc-key":"de-bb-12068000","hc-a2":"OR","name":"Ostprignitz-Ruppin","bundesland":"DE.BB"}},{"type":"Polygon","arcs":[[39,40,-21]],"id":"DE.BB.12054000","properties":{"hc-group":"admin2","hc-middle-x":0.46,"hc-middle-y":0.57,"hc-key":"de-bb-12054000","hc-a2":"PO","name":"Potsdam","bundesland":"DE.BB"}},{"type":"Polygon","arcs":[[41,42,43,-35,-11,-19]],"id":"DE.BB.12061000","properties":{"hc-group":"admin2","hc-middle-x":0.35,"hc-middle-y":0.66,"hc-key":"de-bb-12061000","hc-a2":"DS","name":"Dahme-Spreewald","bundesland":"DE.BB"}},{"type":"MultiPolygon","arcs":[[[-26,44]],[[23,45]],[[-23,46]]],"id":"DE.BB.12051000","properties":{"hc-group":"admin2","hc-middle-x":0.4,"hc-middle-y":0.62,"hc-key":"de-bb-12051000","hc-a2":"BA","name":"Brandenburg an der Havel","bundesland":"DE.BB"}},{"type":"Polygon","arcs":[[47,48,-43,49,50,-14]],"id":"DE.BB.12067000","properties":{"hc-group":"admin2","hc-middle-x":0.55,"hc-middle-y":0.53,"hc-key":"de-bb-12067000","hc-a2":"OS","name":"Oder-Spree","bundesland":"DE.BB"}},{"type":"Polygon","arcs":[[51,-36,-44,-49],[-8]],"id":"DE.BB.12071000","properties":{"hc-group":"admin2","hc-middle-x":0.59,"hc-middle-y":0.75,"hc-key":"de-bb-12071000","hc-a2":"SN","name":"Spree-Neiße","bundesland":"DE.BB"}},{"type":"Polygon","arcs":[[-39,52]],"id":"DE.BB.12070000","properties":{"hc-group":"admin2","hc-middle-x":0.58,"hc-middle-y":0.57,"hc-key":"de-bb-12070000","hc-a2":"PR","name":"Prignitz","bundesland":"DE.BB"}},{"type":"Polygon","arcs":[[-25,45,-47,-22,-41,53,-17,54,-27,-45]],"id":"DE.BB.12069000","properties":{"hc-group":"admin2","hc-middle-x":0.37,"hc-middle-y":0.64,"hc-key":"de-bb-12069000","hc-a2":"PM","name":"Potsdam-Mittelmark","bundesland":"DE.BB"}},{"type":"Polygon","arcs":[[-33,-7,55]],"id":"DE.BB.12073000","properties":{"hc-group":"admin2","hc-middle-x":0.53,"hc-middle-y":0.55,"hc-key":"de-bb-12073000","hc-a2":"UC","name":"Uckermark","bundesland":"DE.BB"}},{"type":"Polygon","arcs":[[56,-15,-51,57,-31]],"id":"DE.BB.12064000","properties":{"hc-group":"admin2","hc-middle-x":0.52,"hc-middle-y":0.55,"hc-key":"de-bb-12064000","hc-a2":"MO","name":"Märkisch-Oderland","bundesland":"DE.BB"}}],"hc-recommended-transform":{"default":{"crs":"+proj=utm +zone=33 +datum=WGS84 +units=m +no_defs","scale":0.00286654806256,"jsonres":15.5,"jsonmarginX":-999,"jsonmarginY":9851,"xoffset":250148.19306,"yoffset":5934943.85921}}}},"arcs":[[[6122,7177],[-4,-13],[-6,12],[8,7],[2,-6]],[[6435,7410],[-13,-63],[-86,-52],[-20,15],[-55,-4],[-45,-29],[-34,-48],[-68,-34],[-23,-38],[17,-16],[65,-1],[-36,26],[65,-4],[-22,-37],[-52,-13],[3,-62],[49,-27],[3,43],[40,-14],[29,12],[-24,23],[78,3],[0,-54],[39,-7],[-27,-48],[-34,-11],[-10,-30],[124,-43],[-37,-15],[-50,24],[-14,-34],[44,-80],[102,-20],[-44,-51],[-26,19],[11,-49],[-17,-78],[-43,-23],[-32,19],[-42,-32],[-89,-7],[24,-67],[-69,-41],[-4,-47],[27,-86],[-50,-29],[34,1],[-8,-30],[52,-16],[-49,-59],[33,-9],[6,-53],[-47,5],[13,-57],[-35,-37],[24,-3],[-4,-63],[55,-21],[-26,-7],[-41,-52],[-3,-39]],[[6093,5860],[-27,-49],[-45,-42],[-40,-21],[-65,-5],[-80,33],[-15,32],[15,32],[-23,44],[20,26],[-70,7],[-1,-89],[-58,-2],[5,-63],[-124,6],[-52,-108],[45,-52],[-33,-29],[-121,55]],[[5424,5635],[-31,8],[-16,34],[33,41],[-9,52],[-54,15],[-28,-6],[-46,18],[-61,165],[17,31],[-25,9],[-115,-49],[-96,11],[26,82],[-89,16],[12,23],[-75,16],[23,43],[-33,11],[-6,33],[-99,22],[-16,-27],[-148,-46],[-12,-22],[-110,-43]],[[4466,6072],[-12,58],[63,-10],[53,24],[45,36],[-46,18],[128,100],[33,1],[3,115],[-34,10],[25,103],[13,-20],[42,16],[-2,46],[121,63],[17,48],[-97,25],[7,16],[92,-5],[1,35],[-33,56],[-1,27],[46,4],[5,-27],[36,3],[-19,34],[48,1],[26,-39],[42,-10],[0,102],[-44,5],[-19,126],[83,52],[15,83],[-8,43],[22,50],[-26,101],[9,56],[-68,-4],[-14,30],[-45,13],[13,53],[62,61],[-26,35],[5,182],[-40,13],[-111,-8],[-24,63],[-61,17],[-14,63],[40,22],[-7,39],[29,26],[11,44],[79,-15],[62,69],[42,12],[-65,17],[6,21],[-51,9],[-12,33]],[[4911,8213],[101,48],[-4,44],[23,-1],[45,52],[103,34],[25,52],[54,0],[6,46],[-14,46],[19,21],[66,-13],[12,33],[42,29],[81,0],[29,-72],[35,-59],[76,-25],[35,71]],[[5645,8519],[32,-57],[-30,-30],[14,-33],[78,-14],[10,-31],[38,-16],[-21,-28],[84,-43],[-55,-83],[27,-17],[-45,-68],[28,-58],[68,-70],[1,-41],[42,-27],[34,-2],[40,-40],[25,-50],[-6,-34],[41,-6],[19,-34],[70,-19],[-34,-113],[11,-28],[63,-11],[45,30],[47,-96],[72,2],[3,-31],[39,-22],[-27,-46],[77,7]],[[8890,2166],[-18,-27],[20,-39],[38,-10],[42,-90],[65,11],[49,56],[28,-61],[31,-8],[77,28],[-14,-32],[36,-95],[-31,-16],[-10,22],[-71,-60],[26,-40],[-43,5],[13,-36],[-33,-16],[-95,33],[-69,-6],[10,-50],[45,-20],[23,-35],[47,-6],[43,-34],[-21,-83],[-66,6],[-47,-8],[-56,48],[-31,-49],[7,-26],[-121,-5],[-89,29],[17,21],[7,76],[-70,20],[15,27],[-45,19],[0,44],[28,16],[-29,73],[36,17],[-41,111],[2,36],[73,28],[35,55],[-23,13],[3,55],[-22,47],[18,80],[52,-7],[-5,-24],[46,-16],[-4,-17],[122,21],[45,-9],[-23,-57],[-22,-15]],[[6930,58],[-25,-29],[-41,39],[-20,-32],[-84,-3],[-42,11],[-66,-7],[-12,68],[-57,6],[-55,-29],[-23,-45],[-14,54],[-41,-1],[-6,96],[-165,44],[6,45],[-45,7],[-11,37],[-70,-44],[18,33],[-19,41],[-45,37],[-10,37],[-39,-29],[-17,-54],[-26,9],[28,-45],[-18,-16],[-52,43],[-58,-21],[-14,37],[-37,0],[23,-49],[-49,-20],[-6,-21],[-68,-33],[3,-50],[-76,4],[29,-45],[-4,-26],[-59,44],[-87,3],[-39,85],[-1,72],[-29,29],[-14,-44],[-37,4],[-1,26],[48,18],[35,91],[-57,56],[8,81],[57,82],[3,89],[-18,5],[-33,64],[-13,85],[-70,4],[-7,23],[-34,-3],[-16,35],[59,96],[-19,36],[-32,-11],[-65,96],[-78,-59],[-123,190],[296,178],[23,23],[-24,86],[46,-12],[-13,43],[62,-8],[-22,68],[-72,64],[17,46],[-30,21],[-6,33],[38,45],[-8,54],[14,62],[-26,60],[-34,25],[1,25],[-51,112],[-3,32],[78,8]],[[5386,2269],[35,6],[-9,59],[7,46],[60,10],[38,-13],[16,-31],[80,8],[8,-43],[-24,-11],[-12,-43],[21,-88],[57,-70],[64,-10],[24,27],[70,-33],[21,55],[91,-13],[34,21],[51,-25],[54,-45],[49,-4],[35,18],[6,-39],[61,-19],[57,-64],[32,27],[16,-28],[76,-6]],[[6404,1961],[35,-44],[-2,-34],[26,-58],[24,-6],[38,-68],[84,48],[24,-30],[41,-7],[-11,-21],[33,-12],[38,20],[25,-13],[85,22],[10,-65],[86,-27],[2,64],[66,43],[30,41],[70,-25],[62,25],[22,-22],[-1,-90],[44,9]],[[7235,1711],[20,-76],[27,-34],[-17,-17],[1,-63],[50,0],[25,-58],[3,-66],[79,-40],[11,-29],[54,-30],[8,-128],[-32,-35],[4,-35],[-38,-54],[41,-64],[-15,-48],[-73,-15],[-99,-66],[-53,-50],[-84,-21],[-14,41],[-35,-25],[-46,-3],[-20,-57],[-49,-20],[-59,10],[-11,34],[-90,1],[13,-104],[-70,-7],[43,-35],[90,-38],[35,-40],[2,-79],[45,-13],[23,-40],[14,-83],[-19,-70],[-48,39],[-10,-71],[-28,14],[38,-78],[9,-60],[-30,-40]],[[9339,4707],[47,-84],[7,-122],[28,-53],[-7,-34],[39,-36],[31,-81],[-27,-36],[0,-40],[71,-74]],[[9528,4147],[-8,-20],[-47,43],[-38,-4],[-51,-39],[8,-22],[-57,2],[5,-34],[-35,23],[-59,9],[14,-36],[-42,-9],[-36,42],[-2,40],[-34,23],[-101,-25],[-106,-8],[27,115],[-23,22],[5,41],[111,159],[-82,50],[45,92]],[[9022,4611],[20,90],[68,20],[64,-1],[97,-28],[68,15]],[[5386,2269],[-4,58],[-21,1],[-28,46],[-38,1],[-1,-27],[-64,-18],[-32,5],[-14,-30],[-117,16],[-29,46],[30,6],[-6,39],[32,4],[-10,40],[-64,12],[-3,-29],[-34,28],[-71,5],[-35,-14],[11,86],[-59,13],[13,55],[-120,20],[-3,-30],[-77,-19],[-6,28],[-102,2],[-7,107],[-18,41],[-61,-18],[-83,-6],[-50,13],[1,52],[-19,12]],[[4297,2814],[2,13],[130,35],[-4,16],[86,19],[26,101],[30,17],[34,-17],[50,35],[31,37],[39,-13],[66,5],[60,-40],[35,-6],[-19,59],[-30,26],[8,101],[28,4],[5,48],[43,81],[26,0],[-58,89],[8,45],[-45,31],[-32,59],[63,12],[70,42],[245,194],[18,63],[65,119],[-21,28],[37,63],[19,-7],[28,37],[57,25],[24,35],[-43,62],[3,20],[78,31],[-42,42],[9,30],[52,16],[19,29],[34,7],[60,-25],[82,35],[0,86],[56,18],[55,67],[15,54],[31,4],[17,81]],[[5847,4727],[88,56],[0,-19],[83,-62],[-5,-25],[48,1],[4,-49],[93,-7]],[[6158,4622],[0,-53],[60,-9],[-1,-46],[55,-55],[109,-18],[-46,-65],[41,-68],[-4,-42],[-26,1],[-11,-56],[70,-20],[11,-67],[-62,-28],[-53,5],[-57,-27],[26,-73],[33,-27],[60,-3],[23,33],[48,11],[57,-9],[44,-31],[31,-70],[34,-37],[15,-73],[-101,-7],[14,-49],[-17,-42],[12,-93],[23,-22],[-23,-46],[1,-88],[-24,-97],[35,-26],[70,-5],[80,-57],[67,-29],[42,-47],[26,-59],[-45,-60],[11,-50],[-18,-19],[35,-27],[-12,-17],[-57,1],[-92,-26],[3,-17],[-88,-11],[0,-16],[-99,-35],[-65,-85],[-33,-14],[-72,26],[-102,26],[-46,-4],[-11,-55],[26,-10],[-4,-93],[-19,-52],[55,-24],[68,11],[77,26],[27,-24],[80,11],[91,-40],[-15,-71],[101,-65],[-68,-23],[-14,-33],[-30,-2],[-10,-61],[26,-13],[-1,-87],[9,-33],[-41,-50],[55,-17],[38,-50],[-35,-2],[-63,-47],[-78,-35]],[[5424,5635],[-44,-34],[-56,-18],[8,-35],[50,16],[10,-48],[-26,-94],[-38,20],[-31,-116],[-6,-64],[72,12],[68,-43],[-37,-38]],[[5394,5193],[-43,3],[-50,-52],[-66,15],[-7,-109],[-75,-41],[-26,-2],[-43,36],[-14,52],[-31,4],[-74,153],[-23,-22],[-172,-45],[-11,-62],[-44,-25],[3,-30],[-62,-28],[-5,-34]],[[4651,5006],[-6,-48],[-72,43],[-32,5],[-109,58],[-11,-36],[-98,-15],[-45,15],[-22,-32],[-29,0],[-8,86],[49,17],[-14,39],[-58,38],[44,52],[-65,60],[-30,11]],[[4145,5299],[2,59]],[[4147,5358],[1,3],[18,5]],[[4166,5366],[-95,47],[-52,-59],[-61,23],[-118,-25],[-19,-18],[-79,-26],[-81,17],[-30,34],[-64,-18],[-40,14],[-13,36],[-42,31],[20,20],[-68,-8],[-10,-17],[-92,14],[2,-67],[-46,13],[-18,-16],[22,-32],[35,-16],[2,-77],[-37,-7],[28,-37],[-37,-30],[36,-11],[-28,-76],[61,-1],[40,15],[-5,-31],[-55,-64]],[[3322,4994],[-15,-15],[-49,10],[-36,-40],[-92,-24]],[[3130,4925],[-95,-15],[-31,66]],[[3004,4976],[-6,29],[30,20],[15,62],[-42,-17],[-22,25],[13,43],[41,7],[7,26],[-53,-28],[-37,24],[-77,-39],[-26,36],[22,26],[-29,16],[-9,65],[-59,22],[-34,-65],[-8,-41],[-26,12],[-20,-22],[-59,-10],[-40,50],[-9,36],[61,79],[-42,29],[-91,-48],[52,155],[59,60],[-21,31],[-10,116],[15,47],[-10,36],[90,-33],[17,25],[62,25],[0,46],[20,27],[-16,36],[20,83],[-63,118],[18,21],[-56,51],[-16,33],[31,66],[39,21],[-15,58],[-24,1],[-10,37],[26,13],[-7,40],[23,5],[8,63],[57,-3],[16,23]],[[2809,6514],[59,40],[36,-20],[38,19],[124,-17],[60,5],[50,35],[56,-13],[-1,-43],[24,-33],[-72,-71],[44,8],[18,-25],[5,-58],[28,-9],[30,22],[106,-1],[76,21],[131,-46],[38,8],[11,46],[-27,9],[33,30],[-21,43],[-31,1],[-2,52],[22,-3],[0,47],[27,-5],[-7,43],[98,-10],[55,-33],[26,-52],[99,55],[1,-42],[31,-5],[38,-42],[7,-58],[43,-25],[95,-36],[-13,-37],[18,-21],[-29,-26],[-13,-41],[57,-28],[36,-88],[74,-39],[188,-52],[-9,53]],[[8223,7286],[-14,-44],[15,-38],[-5,-46],[40,-172]],[[8259,6986],[-76,-29],[-14,64],[-84,-3],[-38,-53],[-8,44],[-56,-66],[4,-77],[55,19],[47,-23],[-7,-55],[-40,5],[-38,-20],[-54,7],[-77,-33],[-14,24],[-49,11],[-38,-15],[-21,-39],[-10,-81],[-43,10],[-56,-13],[0,-78],[-50,-59],[-55,-22],[-115,-10],[-1,-23],[38,-14],[-38,-28],[-5,-66],[-71,-16],[-106,-49],[-19,22],[-83,-26],[-92,-45],[56,-44],[23,-35],[-9,-24],[70,-201],[100,51],[52,47],[45,23],[25,-40],[-25,-25],[-2,-90],[-32,-29],[21,-36],[-34,-36],[-12,-58],[-26,16],[-108,-21],[-150,-51],[-4,-48],[-44,-16],[5,-50],[-41,14],[-43,-91],[-31,0],[-46,-29],[1,27],[-50,-6],[-72,-33],[-14,-78]],[[6700,5386],[-73,19],[5,38],[-16,64],[-40,13],[-58,66],[-71,22],[-41,-3],[-32,59],[26,94],[34,18],[16,71],[-30,1],[-79,61],[8,53],[-35,-20],[-1,39],[-27,-35],[-43,-21],[65,-39],[-39,-26],[-54,4],[-21,-51],[-27,-11],[-74,58]],[[6435,7410],[70,8],[36,-9],[121,36],[84,32],[129,-11],[55,48],[-6,14],[-67,-2],[-4,15],[51,55],[-17,35],[16,26],[82,-38],[67,44],[50,-20],[42,23],[72,20],[63,-15],[6,50],[94,7],[105,-28],[-38,-54],[-33,-5],[-20,-33],[-4,-68],[-60,14],[-20,-147],[79,-10],[29,-56],[49,16],[61,-18],[35,22],[-22,22],[77,-13],[31,-64],[25,-23],[-27,-25],[51,-1],[45,56],[46,-27],[-40,-57],[34,-70],[70,-8],[38,111],[62,-5],[1,-22],[65,-4],[3,46],[43,15],[55,-10],[8,23],[38,1],[58,-20]],[[8278,819],[-76,10],[-20,-43],[37,-51],[-99,-4],[-21,-35],[-13,-73],[-64,-25],[44,-60],[-47,-33],[-97,36],[-9,-38],[57,-49],[-8,-38],[30,-32],[-74,-50],[21,-72],[-49,-48],[-33,-14],[35,-42],[-55,10],[-33,-59],[10,-57],[-87,14],[6,83],[-46,15],[-80,-49],[-57,-15],[4,-18],[-77,-19],[-56,30],[-80,2],[-46,-57],[-33,17],[-77,-20],[-11,-31],[-40,16],[-15,27],[-52,-47],[-34,16],[-40,-5],[-63,47]],[[7235,1711],[56,25],[38,-4],[37,-29],[32,76],[-12,30],[-57,-4],[-26,74],[-45,53],[92,18],[-12,70],[14,31],[-29,33],[36,14],[33,66],[-48,44],[19,11],[-41,22],[15,56],[39,48],[48,11],[-2,61],[93,9],[118,35],[125,-9],[138,-69],[77,-19],[91,-10]],[[8064,2354],[-25,-41],[3,-60],[-14,-38],[-2,-98],[73,2],[43,-50],[0,-58],[25,-18],[-59,-156],[-10,-48],[31,-66],[41,-12],[38,15],[15,-62],[-21,-64],[-36,-32],[-22,21],[-42,-135],[-27,-28],[38,-46],[33,3],[21,-50],[-12,-15],[24,-51],[26,-15],[83,16],[39,-15],[-6,-45],[26,16],[60,-57],[-52,-86],[-30,13],[-11,-50],[-51,6],[-33,-80],[16,-53],[34,-11],[-2,-87]],[[3026,8925],[81,-41],[33,-28],[81,-19],[15,-34],[-19,-44],[19,-22],[85,-23],[10,-57],[39,-58],[62,29],[87,-4],[14,31],[78,12],[58,-12],[160,-81],[32,32],[108,18],[59,-41],[-27,-22],[0,-46],[142,-32],[19,-12],[100,11],[-23,-81],[-29,-31],[57,-21],[12,-26],[89,3],[36,33],[22,-24],[28,23],[67,19],[30,-57],[61,-40],[27,2],[7,35],[30,24],[65,12],[-15,-43],[70,17],[-21,19],[29,22],[80,-4],[12,-35],[-92,-55],[-8,-28],[49,25],[25,-56],[41,-2]],[[2809,6514],[25,59],[-40,72],[-32,131],[0,52],[-86,34],[-16,44],[-70,-61],[-139,-49],[27,54],[-36,45],[18,66]],[[2460,6961],[180,55],[28,51],[133,-2],[109,26],[-50,135],[37,34],[31,-15],[45,4],[37,72],[15,101],[92,-1],[61,36],[49,2],[62,24],[-3,55],[-25,61],[32,12],[1,42],[-27,49],[-42,-48],[-33,-18],[10,-23],[-34,-47],[-42,39],[-30,-11],[36,-47],[-32,-18],[-29,48],[-109,114],[-31,15],[-7,36],[25,78],[36,42],[51,-20],[5,83],[32,9],[-137,79],[19,26],[-25,49],[74,82],[45,35],[-29,60],[18,60],[-58,17],[-30,56],[36,14],[107,133],[19,-5],[-57,64],[-55,99],[-2,88],[-33,52],[45,23],[16,59]],[[5394,5193],[-81,-98],[-21,-6],[-21,-59],[-4,-70],[40,-51],[-53,-70],[-47,-20],[26,-47],[41,17],[2,-41],[36,-33],[24,12],[92,-23]],[[5428,4704],[-28,-14],[-23,-42],[-2,-94],[-26,-1],[-4,-47],[-87,19],[-11,42],[-27,-45],[-59,-1],[-57,16],[-11,-15],[36,-25],[-16,-23],[-118,32],[-61,71],[-30,-6],[-31,39],[36,64],[-64,-10],[-32,31],[-43,-6],[-3,121],[17,69],[25,44],[-13,43],[-58,27],[-87,13]],[[6158,4622],[19,47],[-26,106],[124,48],[18,-5],[33,-107],[101,25],[66,-3],[-7,-54],[83,-3],[80,27],[40,-87],[60,30],[44,-19],[7,-56],[-22,-25],[0,-72],[29,-25],[64,126],[60,8],[23,46]],[[6954,4629],[23,52],[61,-16],[34,-66],[-37,-22],[24,-36],[56,-27],[-7,-37],[-40,-48],[16,-14],[-29,-34],[50,-39],[74,37],[65,-27],[16,15],[34,-34],[60,5],[0,-44],[-52,-74],[93,9],[-7,-20],[30,-46],[-35,-30],[21,-37],[-54,10],[2,-35],[-41,-55],[11,-48],[71,-48],[-33,-16],[37,-82],[-24,-12],[-32,-57],[47,-11],[14,29],[64,-33],[44,9],[-14,-66],[-84,12],[-28,-34],[32,-64],[40,-15],[-48,-74],[-36,7],[-2,-50],[74,-16],[52,23],[52,-2],[60,17],[30,51],[82,-8],[31,-18],[20,-50],[60,-16],[7,-36],[63,3],[37,21],[-3,-45],[51,16],[9,-32],[67,-22],[4,-24],[66,-19],[5,-70],[34,-23],[9,-69],[30,-12],[58,37],[99,2],[28,74],[3,58],[34,-38],[29,32],[25,-4],[-43,-68],[-25,-17],[22,-109],[62,-8],[-4,-23],[63,-14],[69,36],[39,-15],[-13,36],[27,53],[74,56],[66,18],[41,-18],[93,-69],[13,-115],[28,-16],[88,9]],[[9086,3029],[22,-55],[-68,-26],[-106,-3],[-66,-35],[18,-128],[49,-168],[-38,-14],[-88,2],[-84,12],[-192,-124],[-83,-18],[6,-72],[-30,-86],[-97,-23],[-22,-33],[-78,38],[-33,28],[-118,13],[-14,17]],[[3322,4994],[-21,-41],[1,-68],[37,-21],[-11,-62],[24,46],[26,-4],[-8,130],[64,-17],[24,44],[46,43],[63,27],[-17,-30],[26,-71],[123,-25],[14,19],[2,114],[83,15],[30,61],[52,-17],[55,4],[29,-21],[12,49],[134,73],[-35,-32],[-15,-56],[-43,17],[-63,-65],[-43,23],[-29,-26],[-56,13],[-18,-31],[-50,-12],[-23,-52],[1,-84],[49,6],[14,22],[78,32],[47,-37],[53,22],[37,-34],[44,4],[6,-19],[43,13],[-6,-22],[-65,-4],[-22,-14],[13,-53],[34,-39],[-10,-34],[-48,-9],[-32,-81],[-12,21],[-113,-14],[-34,-123],[-18,-41],[0,-41],[-93,-3],[-30,27],[-41,2],[-34,-33],[-14,-40],[-24,0],[-17,-68],[-67,18],[-20,-37],[-92,-10],[-67,-21],[-6,96],[16,10],[-77,126],[9,75],[-22,45],[11,53],[-19,15],[-4,73],[6,66],[-37,-10],[0,-28],[-30,10],[-12,67]],[[4166,5366],[-19,-8]],[[4145,5299],[-29,-10],[18,62],[13,7]],[[9528,4147],[46,-2],[85,-40],[125,-28],[69,-90],[-8,-81],[-19,-50],[-47,-42],[-1,-43],[49,-73],[-6,-41],[-60,-74],[-9,-28],[19,-148],[41,-52],[69,-21],[49,-37],[48,-82],[-3,-30],[-34,-31],[9,-99],[-22,-43],[-40,-40],[-29,-58]],[[9859,2914],[-49,26],[27,28],[-77,-40],[-38,4],[-7,47],[-48,52],[-96,7],[-73,26],[-36,-19],[-43,-51],[-15,-62],[-97,24],[-64,-13],[-26,39],[1,58],[-26,38],[-1,93],[-52,-49],[-54,-32],[1,-61]],[[6954,4629],[-38,27],[86,71],[51,12],[11,25],[-25,42],[24,79],[47,34],[-4,28],[-68,13],[-79,80],[12,-48],[-20,-11],[-5,40],[-41,10],[-45,37]],[[6860,5068],[32,91],[39,39],[55,-1],[0,-42],[88,-34],[-2,-85],[96,-6],[-34,-37],[5,-50],[115,-14],[-5,-20],[63,3],[77,82],[3,-23],[75,19],[22,50],[36,27],[108,1],[37,12],[40,-52],[41,12],[39,-29],[1,-28],[41,-40],[39,49],[21,60],[129,44],[27,-66],[-17,-57],[36,-12],[23,57],[42,-16],[69,28],[90,2],[43,37],[-3,44],[20,67],[65,-13],[52,-26],[57,-84],[74,-43],[-8,-51],[35,-121],[-21,-17],[10,-54],[62,-25],[70,-2],[-36,-95],[100,-37],[34,53],[26,7],[122,-55],[29,-6]],[[9859,2914],[13,-23],[-22,-72],[-20,-5],[3,-62],[38,-58],[-3,-45],[-47,-56],[6,-30],[-40,-73],[9,-28],[-60,-57],[-30,5],[-29,-73],[-85,-76],[-33,-1],[-16,-75],[-44,-11],[2,-85],[48,-75],[67,-8],[42,-34],[25,-94],[-11,-56],[37,-19],[-19,-22],[-2,-54],[33,-66],[22,-10],[42,-70],[31,-17],[66,-65],[32,-7],[3,-43],[28,-15],[32,-73],[-19,-39],[14,-26],[-6,-87],[33,-68],[-10,-39],[-57,-47],[-35,-51],[-64,71],[-31,-3],[28,-92],[-31,-8],[-20,-69],[-42,-40],[-28,17],[-74,-2],[-19,-15],[-62,-3],[-17,23],[-13,75],[-46,14],[-39,29],[-26,-35],[-45,1],[8,-45],[-91,-43],[-45,23],[-141,-16],[-8,-62],[-18,11],[-92,-33],[-63,20],[-2,-35],[-30,-4],[-36,-39],[-57,-29],[-15,-56],[-38,5],[-6,56],[-85,26],[-55,34],[-48,0],[-28,-21],[-98,54],[-40,-6],[-102,12]],[[2460,6961],[-6,16],[-34,-81],[-90,6],[-17,42],[-149,18],[-49,-14],[-2,-25],[-37,0],[-31,-26],[-63,18],[-36,39],[-53,16],[-89,6],[-68,68],[-89,4],[-39,16],[-17,35],[20,46],[49,43],[1,49],[-52,30],[-50,-1],[-72,18],[-57,86],[-67,40],[-33,-2],[-82,-47],[-27,1],[-30,41],[4,54],[-22,43],[-90,-14],[-56,42],[14,45],[33,38],[-31,40],[-94,-26],[-42,0],[-58,28],[-31,42],[-35,2],[-53,-24],[-66,23],[-106,110],[-64,10],[-103,-25],[-140,-80],[-31,-2],[-41,29],[-48,70],[-71,51],[-55,77],[-5,81],[49,-3],[21,-20],[58,-3],[22,17],[56,-29],[61,12],[34,-22],[65,-5],[14,27],[-19,60],[10,48],[31,-15],[48,17],[45,-17],[62,17],[37,-27],[0,-33],[174,-9],[39,25],[22,37],[-17,55],[16,9],[39,78],[-19,26],[13,30],[-26,11],[7,82],[-26,26],[31,19],[70,9],[48,58],[39,13],[33,55],[32,-17],[62,21],[84,-6],[27,10],[20,-45],[58,-10],[3,-68],[76,22],[39,25],[72,-5],[99,10],[8,28],[-41,48],[-39,6],[-23,31],[60,4],[129,-28],[15,39],[51,36],[22,65],[74,-25],[102,2],[33,52],[24,64],[35,2],[30,-26],[28,28],[48,18],[-14,52],[10,26],[-22,60],[69,49],[54,19],[-17,80],[-18,19],[90,-8],[15,-105],[78,-11],[-2,27],[74,-6],[19,48],[31,11],[13,-54],[35,-47],[52,18],[12,49],[60,-4],[49,23],[16,-64],[30,-50],[75,-41],[27,16],[85,-1],[40,-27]],[[5428,4704],[-18,39],[104,56],[76,24],[67,1],[11,-72],[73,2],[60,51],[46,-78]],[[4297,2814],[-41,33],[-69,9],[-89,64],[-51,3],[-27,39],[-54,2],[-26,-81],[-87,-12],[3,-43],[-36,-6],[-181,17],[-9,83],[-107,27],[-43,47],[-9,64],[-56,7],[-31,-84],[-66,15],[-51,43],[-56,65],[-92,22],[-26,51],[-55,47],[-42,107],[-109,51],[-37,129],[-45,22],[-46,78],[8,37],[-50,33],[34,72],[56,-8],[-17,54],[33,43],[-25,9],[44,41],[52,3],[51,54],[-61,33],[-41,45],[-46,9],[28,63],[-10,48],[34,103],[60,120],[18,7],[51,99],[-70,89],[12,25],[37,6],[14,33],[-39,36],[32,55],[-11,49],[-30,-4],[-41,36],[65,38],[-23,28],[34,13],[13,82],[33,12]],[[5645,8519],[18,111],[42,32],[36,6],[12,28],[53,45],[112,-35],[67,21],[28,-74],[53,-86],[42,14],[17,79],[33,29],[25,62],[36,15],[-25,17],[14,44],[52,-11],[10,-39],[70,16],[36,47],[28,69],[47,10],[-11,93],[16,47],[-25,5],[27,65],[50,-10],[37,57],[-16,16],[11,57],[-14,29],[40,8],[20,27],[113,32],[42,-20],[31,65],[-20,39],[33,69],[30,-16],[35,66],[113,70],[36,39],[58,-4],[16,20],[39,-36],[68,-17],[66,18],[71,94],[-57,14],[-16,-16],[-25,58],[-40,11],[-6,81],[23,94],[41,25],[-1,-53],[62,-92],[4,-34],[76,-17],[89,-46],[-15,-62],[30,-24],[-26,-54],[122,-80],[-2,-42],[-31,-7],[16,-30],[-26,-29],[43,-48],[81,42],[47,0],[109,19],[16,-21],[111,-4],[17,-74],[88,11],[33,30],[33,1],[47,88],[43,-3],[114,-83],[78,3],[59,48],[48,-54],[-13,-35],[18,-72],[-2,-43],[-55,-140],[-40,-60],[-78,-86],[-116,-104],[-78,-81],[-31,-51],[-12,-58],[73,-8],[102,35],[44,-26],[70,-2],[31,-31],[118,10],[39,12],[-11,77],[113,43],[42,120],[93,-11],[35,34],[44,-5],[13,32],[51,29],[38,-1],[9,-24],[-25,-71],[23,-32],[19,-116],[68,-8],[12,-68],[-43,-53],[-2,-26],[-72,-86],[-7,-56],[-82,-42],[-8,-63],[-24,-72],[21,-81],[41,-51],[-13,-28],[-15,-115],[-22,-32],[-12,-115],[-39,-94],[-42,-55],[-73,-51],[-59,-70],[-97,-80],[-63,-42],[-75,-23],[-118,-71],[-17,-34],[-52,-17]],[[8259,6986],[15,-34],[-9,-54],[-82,-107],[-20,-40],[20,-71],[65,-19],[185,-33],[36,-54],[67,-72],[77,-71],[70,-38],[48,-12],[87,-55],[25,-45],[36,-18],[29,-51],[61,-65],[24,-48],[30,-20],[33,-74],[50,-13],[29,-67],[120,-87],[64,-28],[78,-50],[49,-20],[69,-52],[34,-50],[16,-59],[69,-55],[4,-26],[-59,-54],[-39,-97],[1,-36],[30,-89],[45,-29],[0,-61],[-56,-63],[-5,-43],[-93,-110],[-64,-16],[-28,-40],[1,-80],[-32,-73]],[[6860,5068],[-75,23],[-42,-25],[-1,-25],[-40,10],[10,46],[45,61],[-17,5],[24,76],[73,63],[-6,19],[-88,2],[27,52],[-70,11]]],"bbox":[11.265728186856105,51.36120258815793,14.76555308631705,53.557339549776174],"transform":{"scale":[0.00035001749169526403,0.00021963565972779714],"translate":[11.265728186856105,51.36120258815793]},"title":"Brandenburg","version":"2.0.1","copyright":"Copyright (c) 2022 Highsoft AS, Based on data from GeoBasis-DE / BKG 2014","copyrightShort":"GeoBasis-DE / BKG 2014","copyrightUrl":"http://www.bkg.bund.de"}