{"type":"Topology","objects":{"default":{"type":"GeometryCollection","geometries":[{"type":"MultiPolygon","arcs":[[[0]],[[1,2,3,4,5]]],"id":"DE.BW.08136000","properties":{"hc-group":"admin2","hc-middle-x":0.56,"hc-key":"de-bw-08136000","hc-a2":"OS","name":"Ostalbkreis","bundesland":"DE.BW"}},{"type":"MultiPolygon","arcs":[[[6]],[[7,8,9,10,11]]],"id":"DE.BW.08116000","properties":{"hc-group":"admin2","hc-middle-x":0.55,"hc-key":"de-bw-08116000","hc-a2":"ES","name":"Esslingen","bundesland":"DE.BW"}},{"type":"MultiPolygon","arcs":[[[12]],[[13]],[[14,-9,15,16,17,18,19,20],[-7]]],"id":"DE.BW.08415000","properties":{"hc-group":"admin2","hc-middle-x":0.52,"hc-middle-y":0.49,"hc-key":"de-bw-08415000","hc-a2":"RE","name":"Reutlingen","bundesland":"DE.BW"}},{"type":"Polygon","arcs":[[-15,21,22,23,24,25,-10]],"id":"DE.BW.08115000","properties":{"hc-group":"admin2","hc-middle-x":0.49,"hc-middle-y":0.47,"hc-key":"de-bw-08115000","hc-a2":"BÖ","name":"Böblingen","bundesland":"DE.BW"}},{"type":"Polygon","arcs":[[-16,-8,26,-4,27,28],[-1]],"id":"DE.BW.08117000","properties":{"hc-group":"admin2","hc-middle-x":0.41,"hc-middle-y":0.42,"hc-key":"de-bw-08117000","hc-a2":"GÖ","name":"Göppingen","bundesland":"DE.BW"}},{"type":"Polygon","arcs":[[29,30,31,32,33,34,-17,-29,35]],"id":"DE.BW.08425000","properties":{"hc-group":"admin2","hc-middle-x":0.35,"hc-middle-y":0.48,"hc-key":"de-bw-08425000","hc-a2":"AD","name":"Alb-Donau-Kreis","bundesland":"DE.BW"}},{"type":"MultiPolygon","arcs":[[[36,37]],[[38,39,40,41,42,43,44,45]]],"id":"DE.BW.08226000","properties":{"hc-group":"admin2","hc-middle-x":0.62,"hc-middle-y":0.73,"hc-key":"de-bw-08226000","hc-a2":"RN","name":"Rhein-Neckar-Kreis","bundesland":"DE.BW"}},{"type":"Polygon","arcs":[[46,47,48,49,50,51,-24]],"id":"DE.BW.08236000","properties":{"hc-group":"admin2","hc-middle-x":0.77,"hc-middle-y":0.39,"hc-key":"de-bw-08236000","hc-a2":"EN","name":"Enzkreis","bundesland":"DE.BW"}},{"type":"Polygon","arcs":[[-47,-23,52,53,54,55,56,57,-49,58]],"id":"DE.BW.08235000","properties":{"hc-group":"admin2","hc-middle-x":0.49,"hc-middle-y":0.4,"hc-key":"de-bw-08235000","hc-a2":"CA","name":"Calw","bundesland":"DE.BW"}},{"type":"Polygon","arcs":[[-59,-48]],"id":"DE.BW.08231000","properties":{"hc-group":"admin2","hc-middle-x":0.47,"hc-middle-y":0.51,"hc-key":"de-bw-08231000","hc-a2":"PF","name":"Pforzheim","bundesland":"DE.BW"}},{"type":"Polygon","arcs":[[-51,59,-45,60,61,62,63,64,65,66],[67]],"id":"DE.BW.08125000","properties":{"hc-group":"admin2","hc-middle-x":0.64,"hc-middle-y":0.37,"hc-key":"de-bw-08125000","hc-a2":"HE","name":"Heilbronn","bundesland":"DE.BW"}},{"type":"MultiPolygon","arcs":[[[68,69,70,-46,-60,-50,-58,71]],[[-56,72]]],"id":"DE.BW.08215000","properties":{"hc-group":"admin2","hc-middle-x":0.49,"hc-middle-y":0.35,"hc-key":"de-bw-08215000","hc-a2":"KA","name":"Karlsruhe","bundesland":"DE.BW"}},{"type":"Polygon","arcs":[[-26,73,74,-11]],"id":"DE.BW.08111000","properties":{"hc-group":"admin2","hc-middle-x":0.43,"hc-middle-y":0.44,"hc-key":"de-bw-08111000","hc-a2":"ST","name":"Stuttgart","bundesland":"DE.BW"}},{"type":"Polygon","arcs":[[75,-40,76,-42]],"id":"DE.BW.08222000","properties":{"hc-group":"admin2","hc-middle-x":0.32,"hc-middle-y":0.39,"hc-key":"de-bw-08222000","hc-a2":"MA","name":"Mannheim","bundesland":"DE.BW"}},{"type":"Polygon","arcs":[[-76,-41]],"id":"DE.BW.08221000","properties":{"hc-group":"admin2","hc-middle-x":0.52,"hc-middle-y":0.54,"hc-key":"de-bw-08221000","hc-a2":"HE","name":"Heidelberg","bundesland":"DE.BW"}},{"type":"Polygon","arcs":[[77,-70]],"id":"DE.BW.08212000","properties":{"hc-group":"admin2","hc-middle-x":0.44,"hc-middle-y":0.56,"hc-key":"de-bw-08212000","hc-a2":"KA","name":"Karlsruhe","bundesland":"DE.BW"}},{"type":"Polygon","arcs":[[-57,-73,-55,78,79,80,-72],[81]],"id":"DE.BW.08216000","properties":{"hc-group":"admin2","hc-middle-x":0.53,"hc-middle-y":0.22,"hc-key":"de-bw-08216000","hc-a2":"RA","name":"Rastatt","bundesland":"DE.BW"}},{"type":"MultiPolygon","arcs":[[[82,-65]],[[83,-74,-25,-52,-67]]],"id":"DE.BW.08118000","properties":{"hc-group":"admin2","hc-middle-x":0.43,"hc-middle-y":0.42,"hc-key":"de-bw-08118000","hc-a2":"LU","name":"Ludwigsburg","bundesland":"DE.BW"}},{"type":"Polygon","arcs":[[-83,-64,84,-5,-27,-12,-75,-84,-66]],"id":"DE.BW.08119000","properties":{"hc-group":"admin2","hc-middle-y":0.58,"hc-key":"de-bw-08119000","hc-a2":"RM","name":"Rems-Murr-Kreis","bundesland":"DE.BW"}},{"type":"Polygon","arcs":[[85,86]],"id":"DE.BW.08311000","properties":{"hc-group":"admin2","hc-middle-x":0.65,"hc-middle-y":0.41,"hc-key":"de-bw-08311000","hc-a2":"FI","name":"Freiburg im Breisgau","bundesland":"DE.BW"}},{"type":"Polygon","arcs":[[-86,87,88,89,90,91]],"id":"DE.BW.08316000","properties":{"hc-group":"admin2","hc-middle-x":0.47,"hc-middle-y":0.47,"hc-key":"de-bw-08316000","hc-a2":"EM","name":"Emmendingen","bundesland":"DE.BW"}},{"type":"MultiPolygon","arcs":[[[92,-31]],[[93,-36,-28,-3]]],"id":"DE.BW.08135000","properties":{"hc-group":"admin2","hc-middle-x":0.36,"hc-middle-y":0.36,"hc-key":"de-bw-08135000","hc-a2":"HE","name":"Heidenheim","bundesland":"DE.BW"}},{"type":"Polygon","arcs":[[94,95,-20,96,97,98]],"id":"DE.BW.08417000","properties":{"hc-group":"admin2","hc-middle-y":0.44,"hc-key":"de-bw-08417000","hc-a2":"ZO","name":"Zollernalbkreis","bundesland":"DE.BW"}},{"type":"Polygon","arcs":[[-95,99,100,-79,-54,101]],"id":"DE.BW.08237000","properties":{"hc-group":"admin2","hc-middle-x":0.4,"hc-middle-y":0.43,"hc-key":"de-bw-08237000","hc-a2":"FR","name":"Freudenstadt","bundesland":"DE.BW"}},{"type":"Polygon","arcs":[[102,-38,103,104,105,-61,-44]],"id":"DE.BW.08225000","properties":{"hc-group":"admin2","hc-middle-x":0.52,"hc-middle-y":0.52,"hc-key":"de-bw-08225000","hc-a2":"NO","name":"Neckar-Odenwald-Kreis","bundesland":"DE.BW"}},{"type":"Polygon","arcs":[[106,107,108,-105]],"id":"DE.BW.08128000","properties":{"hc-group":"admin2","hc-middle-x":0.49,"hc-middle-y":0.57,"hc-key":"de-bw-08128000","hc-a2":"MT","name":"Main-Tauber-Kreis","bundesland":"DE.BW"}},{"type":"Polygon","arcs":[[109,110,111,112]],"id":"DE.BW.08435000","properties":{"hc-group":"admin2","hc-middle-x":0.42,"hc-middle-y":0.45,"hc-key":"de-bw-08435000","hc-a2":"BO","name":"Bodenseekreis","bundesland":"DE.BW"}},{"type":"Polygon","arcs":[[113,-6,-85,-63,114,-108]],"id":"DE.BW.08127000","properties":{"hc-group":"admin2","hc-middle-x":0.46,"hc-middle-y":0.63,"hc-key":"de-bw-08127000","hc-a2":"SH","name":"Schwäbisch Hall","bundesland":"DE.BW"}},{"type":"MultiPolygon","arcs":[[[115]],[[116,117,118,119,-111]]],"id":"DE.BW.08335000","properties":{"hc-group":"admin2","hc-middle-x":0.46,"hc-middle-y":0.49,"hc-key":"de-bw-08335000","hc-a2":"KO","name":"Konstanz","bundesland":"DE.BW"}},{"type":"Polygon","arcs":[[120,-80,-101,121,122,-90]],"id":"DE.BW.08317000","properties":{"hc-group":"admin2","hc-middle-x":0.51,"hc-middle-y":0.47,"hc-key":"de-bw-08317000","hc-a2":"OR","name":"Ortenaukreis","bundesland":"DE.BW"}},{"type":"Polygon","arcs":[[123,124,125]],"id":"DE.BW.08336000","properties":{"hc-group":"admin2","hc-middle-x":0.46,"hc-middle-y":0.56,"hc-key":"de-bw-08336000","hc-a2":"LÖ","name":"Lörrach","bundesland":"DE.BW"}},{"type":"Polygon","arcs":[[126,127,128,-91,-123,129,130,-118]],"id":"DE.BW.08326000","properties":{"hc-group":"admin2","hc-middle-x":0.56,"hc-middle-y":0.39,"hc-key":"de-bw-08326000","hc-a2":"SB","name":"Schwarzwald-Baar-Kreis","bundesland":"DE.BW"}},{"type":"Polygon","arcs":[[131,-126,132,-128]],"id":"DE.BW.08337000","properties":{"hc-group":"admin2","hc-middle-x":0.42,"hc-middle-y":0.55,"hc-key":"de-bw-08337000","hc-a2":"WA","name":"Waldshut","bundesland":"DE.BW"}},{"type":"Polygon","arcs":[[133,-113,134,135]],"id":"DE.BW.08436000","properties":{"hc-group":"admin2","hc-middle-x":0.64,"hc-middle-y":0.44,"hc-key":"de-bw-08436000","hc-a2":"RA","name":"Ravensburg","bundesland":"DE.BW"}},{"type":"Polygon","arcs":[[-19,136,-135,-112,-120,137,-97]],"id":"DE.BW.08437000","properties":{"hc-group":"admin2","hc-middle-x":0.39,"hc-middle-y":0.52,"hc-key":"de-bw-08437000","hc-a2":"SI","name":"Sigmaringen","bundesland":"DE.BW"}},{"type":"Polygon","arcs":[[138,-136,-137,-18,-35]],"id":"DE.BW.08426000","properties":{"hc-group":"admin2","hc-middle-x":0.57,"hc-middle-y":0.6,"hc-key":"de-bw-08426000","hc-a2":"BI","name":"Biberach","bundesland":"DE.BW"}},{"type":"Polygon","arcs":[[139,-33]],"id":"DE.BW.08421000","properties":{"hc-group":"admin2","hc-middle-x":0.64,"hc-middle-y":0.66,"hc-key":"de-bw-08421000","hc-a2":"UL","name":"Ulm","bundesland":"DE.BW"}},{"type":"Polygon","arcs":[[140,-88,-87,-92,-129,-133,-125]],"id":"DE.BW.08315000","properties":{"hc-group":"admin2","hc-middle-x":0.66,"hc-middle-y":0.54,"hc-key":"de-bw-08315000","hc-a2":"BH","name":"Breisgau-Hochschwarzwald","bundesland":"DE.BW"}},{"type":"Polygon","arcs":[[-68]],"id":"DE.BW.08121000","properties":{"hc-group":"admin2","hc-middle-x":0.59,"hc-middle-y":0.59,"hc-key":"de-bw-08121000","hc-a2":"HE","name":"Heilbronn","bundesland":"DE.BW"}},{"type":"Polygon","arcs":[[-21,-96,-102,-53,-22],[-13],[-14]],"id":"DE.BW.08416000","properties":{"hc-group":"admin2","hc-middle-x":0.6,"hc-middle-y":0.54,"hc-key":"de-bw-08416000","hc-a2":"TÜ","name":"Tübingen","bundesland":"DE.BW"}},{"type":"Polygon","arcs":[[-82]],"id":"DE.BW.08211000","properties":{"hc-group":"admin2","hc-middle-x":0.64,"hc-middle-y":0.59,"hc-key":"de-bw-08211000","hc-a2":"BB","name":"Baden-Baden","bundesland":"DE.BW"}},{"type":"Polygon","arcs":[[-130,-122,-100,-99,141]],"id":"DE.BW.08325000","properties":{"hc-group":"admin2","hc-middle-x":0.47,"hc-middle-y":0.48,"hc-key":"de-bw-08325000","hc-a2":"RO","name":"Rottweil","bundesland":"DE.BW"}},{"type":"Polygon","arcs":[[-119,-131,-142,-98,-138]],"id":"DE.BW.08327000","properties":{"hc-group":"admin2","hc-middle-x":0.57,"hc-middle-y":0.51,"hc-key":"de-bw-08327000","hc-a2":"TU","name":"Tuttlingen","bundesland":"DE.BW"}},{"type":"Polygon","arcs":[[-109,-115,-62,-106]],"id":"DE.BW.08126000","properties":{"hc-group":"admin2","hc-middle-x":0.51,"hc-middle-y":0.44,"hc-key":"de-bw-08126000","hc-a2":"HO","name":"Hohenlohekreis","bundesland":"DE.BW"}}],"hc-recommended-transform":{"default":{"crs":"+proj=utm +zone=32 +datum=WGS84 +units=m +no_defs","scale":0.00279493223924,"jsonres":15.5,"jsonmarginX":-999,"jsonmarginY":9851,"xoffset":388323.35855,"yoffset":5515648.53875}}}},"arcs":[[[7585,5281],[-32,11],[40,23],[11,-20],[-19,-14]],[[9198,6759],[-13,-91],[82,15],[25,-26],[31,27],[29,-50],[60,-25],[99,12],[-15,-52],[36,-18],[-14,-30],[100,-30],[-1,-47],[43,8],[31,-43],[0,-60],[50,7],[53,-107],[29,6],[28,-37],[-46,-17],[48,-31],[16,-41],[-44,-38],[-64,-5],[15,-29],[70,-35],[10,-38],[-28,-19],[26,-30],[-14,-55],[15,-42],[-79,-29],[-10,-36],[73,-22],[-4,-85],[-43,-51],[-43,-7],[44,-44],[-23,-14],[1,-59],[-33,-2],[-4,-34],[35,-30],[-37,-45],[25,-16]],[[9757,5364],[-42,-16],[-85,34],[4,-34],[-38,-14],[-39,27],[-19,-60],[-39,15],[-91,-1],[42,24],[-78,2],[-55,34],[-14,38],[-70,5],[-54,26],[-4,37],[-77,2],[-20,53],[-69,-26],[-70,-2],[-14,-126],[-39,32],[4,68],[-50,5],[5,66],[-53,-51],[-8,-44],[-49,-5],[-23,-24],[-37,17],[-16,-43],[-34,17],[-50,-44],[-78,-1],[-2,47],[-30,34],[-49,1],[-37,-34],[20,-94],[-8,-16],[-94,-25]],[[8297,5288],[-59,-10],[-94,41],[-30,-19],[-3,48],[-93,28],[-47,-13],[-27,30],[1,-58],[20,11],[13,-53],[51,-14],[-17,-41],[-29,18],[-27,-24],[-95,51],[-67,17],[-108,-29],[2,-30],[-48,16],[6,46],[-41,65],[-96,28],[-2,40],[-29,61],[-34,-26],[-64,16],[-15,30],[-91,-9],[-83,-29],[-105,17]],[[7086,5496],[-25,24],[4,37],[81,43],[19,52],[-32,46],[49,-10],[13,34],[120,0],[53,13],[31,-63],[109,40],[55,44],[-14,54],[-38,15],[24,31],[-33,63],[-31,18],[32,18],[-3,34],[-45,23],[32,10],[-18,37],[-79,61],[-36,-26],[-31,35],[12,50],[-47,-9],[-33,78],[63,10],[-26,27],[18,51]],[[7310,6336],[31,1],[36,-36],[39,85],[38,-19],[42,-63],[103,-21],[59,17],[-2,-54],[160,-39],[4,-18],[-58,-20],[23,-37],[97,27],[50,-23],[49,60],[-4,34],[29,13],[-32,25],[88,88],[46,-45],[55,38],[-16,29],[79,22],[143,7],[17,28],[-44,20],[-32,123],[-57,4],[33,73],[-32,16],[22,22],[36,-14],[-18,-32],[34,-6],[31,40],[37,9],[9,38],[27,-28],[67,-22],[73,16],[103,-4],[57,-30],[12,41],[87,-18],[5,39],[63,34],[52,5],[25,-26],[-7,-41],[33,-18],[77,32],[45,-8],[40,59],[34,0]],[[5553,4742],[9,-24],[-13,6],[-11,20],[15,-2]],[[6673,5406],[25,-15],[-79,-105],[23,-66],[-33,-20],[25,-19],[-11,-71],[24,-77],[42,-30],[3,-29],[108,18],[46,-22],[-14,-56],[19,-10],[-72,-25],[12,-20],[72,0],[59,-23],[62,-62],[-27,-29],[28,-61],[-23,-86],[-37,3],[-59,-89],[73,-57]],[[6939,4455],[-56,-3],[-21,-29],[-62,-25],[-37,2],[2,-58],[-75,45],[-22,-49],[-14,40],[-22,-19],[-80,-3],[76,63],[-129,68],[-38,-28],[-31,17],[-40,-34],[-33,9],[-53,-32],[-30,21],[-49,-5],[-19,31],[-82,35],[-25,-39],[-58,24],[21,47],[-30,33],[37,47],[-39,27],[-44,-31],[-9,-37],[-121,3],[-73,54],[-42,-56],[-60,31],[4,36],[-35,32],[26,22],[-9,49],[-49,-28],[-28,33],[-96,-6]],[[5494,4742],[-25,62],[81,33],[-8,36],[29,0],[-50,66],[-16,41],[-104,66],[15,17],[-98,11],[-38,-24],[0,44],[81,34],[-33,60],[10,20]],[[5338,5208],[116,-4],[109,-25],[85,-53],[66,-2],[95,19],[-24,74],[-28,-5],[-57,74],[6,20],[86,30],[12,25],[58,0],[50,117],[41,-6],[45,30],[40,-5]],[[6038,5497],[73,-39],[57,18],[114,3],[-12,50],[26,29],[57,-42],[36,-83],[38,21],[20,47],[73,0],[19,-21],[32,19],[45,-41],[23,7],[34,-59]],[[5396,4639],[-15,5],[4,6],[15,0],[-4,-11]],[[5489,4482],[-11,-5],[-6,15],[14,1],[3,-11]],[[5420,4731],[27,-1],[47,12]],[[6939,4455],[2,-1],[7,-9]],[[6948,4445],[-9,-34],[30,-76],[-26,-97],[25,-13],[10,-51],[68,-22],[59,-124],[16,-107],[-36,-3],[-16,-98],[-95,11],[-40,-16],[31,-44],[-26,-32],[71,-13],[-47,-39],[6,-68],[-53,-92],[-61,14],[-25,-56],[-53,-7],[6,-27],[64,-26],[-4,-64],[-40,-1],[-121,-59],[2,-41],[61,-2],[6,-64],[-122,-54],[1,-42]],[[6630,3098],[30,-41],[-4,-48],[-38,-39],[-63,-31],[-11,55],[-79,-18],[-10,-45],[-46,3],[-10,32],[-60,-20],[-56,0],[-68,121],[-63,62]],[[6152,3129],[-57,74],[-68,12],[-31,38],[-32,78],[-57,-2],[-42,-56],[-138,-16],[-4,50],[-62,37],[-47,-32]],[[5614,3312],[-52,84],[-37,29],[4,28],[164,-24],[20,41],[-13,73],[-79,21],[-5,23],[-45,6],[-24,40],[37,29],[4,34],[-167,23]],[[5421,3719],[-27,70],[11,37],[68,41],[2,29],[-96,64],[9,77],[52,47],[12,56],[-61,20],[16,42],[95,52],[-58,52],[7,76],[61,18],[21,-18],[37,22],[6,50],[-20,52],[-61,-12],[-38,67],[-49,16],[12,154]],[[5420,4731],[-62,17],[22,38],[-32,39],[-41,-4],[-17,-45],[-31,0],[28,-38],[-39,-22],[5,-41],[-32,20],[-60,0],[-37,-27],[-20,-46],[-97,52],[-40,-19],[-53,30],[-101,-22],[3,-26],[-44,-13],[32,-43],[-44,-14],[-27,29],[-43,5],[-35,-34],[-37,0],[-9,-100],[-122,-21],[31,-46],[-18,-17],[35,-29],[-67,-32],[5,-40],[-168,45],[-22,44],[-70,8]],[[4213,4379],[-31,16],[19,100],[-24,34],[8,37],[-19,91],[-29,51],[8,38],[155,-46],[-1,59],[22,15],[-35,120],[38,24],[-11,66],[67,26],[59,83],[50,7],[40,55],[-26,42],[29,14],[1,41],[47,25],[-80,44],[-85,8],[17,82],[-56,49],[-62,33],[17,18]],[[4331,5511],[91,87],[37,9],[17,-30],[68,-1],[64,44],[26,-17],[-12,64],[12,33],[-58,1],[28,44],[-44,31],[75,41],[35,68],[79,20]],[[4749,5905],[18,4],[85,-69],[-7,-47],[36,-56],[91,16],[16,-19],[88,3],[56,-34],[11,-28],[-55,-67],[44,-45],[-4,-26],[32,-88],[44,-36]],[[5204,5413],[-5,-30],[-53,-4],[-28,-29],[45,-4],[28,-49],[59,-24],[18,-39],[70,-26]],[[6673,5406],[45,37],[84,-46],[20,-50],[65,50],[47,-8],[26,75],[-28,-12],[-31,33],[10,37],[48,4],[87,-52],[40,22]],[[8297,5288],[22,-57],[-7,-40],[-42,10],[-26,-48],[-27,6],[18,-66],[-3,-51],[-80,-40],[-43,21],[-17,-30],[14,-39],[-33,-14],[1,-51],[80,-8],[-4,-16]],[[8150,4865],[-66,-8],[-30,-34],[-79,1],[-6,-52],[-67,-92],[-62,-31],[-42,13],[-9,-48],[-74,-76],[-152,8],[-129,16],[-38,-28],[4,-52],[-73,-22],[-54,-69],[22,-20],[-75,20],[-24,-23],[-89,78],[-58,0],[-14,19],[-87,-20]],[[9111,4328],[-9,-24],[22,1]],[[9124,4305],[9,-22]],[[9133,4283],[13,-37],[-79,-15],[-110,-54],[-44,-82],[-37,4],[-89,-17],[-56,59],[1,32],[-43,9],[-59,-62],[-92,-34],[-70,18],[-20,-11]],[[8448,4093],[-40,31],[-131,-6],[-42,-21],[-41,-51],[-54,21],[-59,-43],[-29,4],[-22,-73],[33,-24],[65,52],[-17,-49],[30,-60],[-39,14],[-59,-9],[-37,-59],[-89,-4],[-4,-61],[-37,-12],[-58,-50],[12,-60],[79,-11],[45,10],[18,-53],[35,31],[84,-32],[-7,-71],[-59,-24],[49,-33],[106,9],[132,60],[-17,33],[-41,-11],[0,29],[51,55],[25,-6]],[[8330,3619],[36,-27],[13,-60],[36,-29],[67,-105],[-1,-28],[77,-54],[-11,-41],[22,-83],[-28,-60],[59,-88],[18,-48],[7,-121],[32,-80]],[[8657,2795],[-58,-33],[-9,-24],[-84,-40],[-139,41],[88,7],[-5,24],[47,30],[-10,73],[80,35],[-36,31],[-45,-13],[-25,28],[12,49],[-25,29],[25,46],[-21,20],[-42,-11],[-27,81],[-77,-21],[-17,21],[12,62],[-37,1],[-66,32],[-108,-5],[-3,57],[-27,30],[-25,-19],[-46,40],[-47,4],[-25,-78],[-90,-71],[-10,-62],[-54,30],[-118,-35],[19,-30],[-41,-2],[27,-28],[-102,-22],[4,-65],[-77,-33],[11,-53],[-29,-24],[24,-49],[-64,-22],[-38,27],[-34,-17],[-11,28],[-41,-2],[-64,-49],[-29,-49],[-3,55],[-56,85],[-51,-5],[-13,55],[-93,30],[-58,-60],[-109,-13],[-4,49],[-59,31],[-12,65],[-112,42]],[[8150,4865],[9,-34],[76,-39],[-27,-51],[12,-38],[94,7],[-5,30],[163,15],[39,-67],[72,-36],[85,-25],[35,-43],[15,-54],[27,13],[112,-33],[6,22],[39,-29],[40,7],[36,-46],[32,7],[32,-29],[10,-84],[59,-30]],[[5282,8924],[-53,74],[19,42],[16,-58],[55,-5]],[[5319,8977],[-10,-43],[-27,-10]],[[3269,7780],[0,51],[-30,29],[-66,21],[-27,38],[12,41],[86,67],[41,50],[30,84],[-2,56],[-76,-62],[-47,14],[6,40],[103,66],[3,42]],[[3302,8317],[93,29],[-1,-22],[52,-5],[15,25],[97,-8]],[[3558,8336],[5,-14],[96,-16],[26,-16],[65,36],[17,-95],[39,-16],[-52,-7],[-26,-27],[-57,-17],[-20,-49],[78,-30],[-13,-22],[45,-8],[21,78],[59,-36],[-24,-36],[49,0],[29,35],[113,-20],[55,1],[20,47],[35,31],[94,19],[-19,31],[35,15],[15,56],[53,13],[-22,122],[-69,21],[-16,58],[20,16],[-44,24],[-41,-9],[13,-46],[-112,18],[-10,-22],[-92,-11],[-121,-30],[-60,27],[-61,-82],[-60,21],[-31,-13]],[[3590,8383],[16,32],[-32,51],[40,64],[-73,20],[-23,36],[-52,23],[28,57],[68,15],[44,35],[-23,33],[1,47]],[[3584,8796],[34,7],[17,42],[36,-10],[20,56],[27,17],[-44,112],[-16,102],[-31,-2],[-15,51],[14,29],[190,44],[7,-11],[85,33],[53,-29],[-50,-24],[65,-62],[-7,-35],[-42,-10],[2,-86],[25,-65],[41,-25],[21,-79],[189,-77],[18,14],[89,-27],[-1,29],[45,37],[39,-14],[-21,-73],[44,-56],[62,34],[125,17],[46,-10],[-1,-85],[-77,-79],[-45,0],[12,35],[-49,40],[-85,-63],[27,-84],[6,-89],[-20,-31],[-80,-18],[-10,-69],[61,-38],[34,58],[44,-50],[31,-2],[60,68],[68,41],[28,99],[28,-25],[52,16],[14,38],[72,23],[-62,69],[39,67],[47,43],[-19,45],[38,-18],[47,8],[29,30],[22,-30],[66,-4],[3,-18],[99,3],[0,35],[28,56],[47,44],[62,-16]],[[5267,8824],[-21,-13],[-24,-64],[52,-41],[-40,-41],[-72,-36],[-30,-30],[-63,-17],[80,-115],[-98,-84],[17,-22],[-26,-30],[-50,10],[-12,35],[-45,-22],[17,-87],[-59,-31],[-26,21],[-55,-14],[-33,-29],[16,-72],[32,-5],[53,-50],[-8,-54],[43,-32],[50,9],[5,-28],[57,-1],[74,-69],[45,19],[-3,-65],[34,-18],[-25,-56]],[[5152,7792],[-95,9],[22,-44],[34,4],[16,-34],[-36,-39],[-42,-17],[-13,-45],[-59,43],[1,-51],[43,-20],[-22,-34],[-46,-16],[-44,-40],[-40,-2],[-27,-68],[-203,-45],[-34,-1],[32,-91],[-109,-33],[-117,81],[-35,7]],[[4378,7356],[-82,28],[-32,-12],[-104,37],[-23,77],[-56,19],[-14,41],[-81,-47],[-21,21],[-37,-13],[-83,22],[-40,31],[-16,-23],[-54,36],[-40,-6],[-146,56],[14,33],[-90,33],[-18,-31],[-57,12],[-19,50],[-110,60]],[[4331,5511],[-44,10],[-30,-25],[-52,15],[-37,61],[-60,49],[-27,-19],[-48,84],[-2,49],[-58,39]],[[3973,5774],[65,-30],[18,-50],[67,16],[26,35],[-49,37],[15,29],[21,-36],[79,-12],[0,57],[39,31],[86,19],[-37,35],[-9,108],[-56,-22],[0,28],[-64,32],[27,78],[-63,48],[-71,9],[-33,-27],[-72,-7],[-54,-47],[-45,-10],[-56,47],[-54,-25],[5,-68],[34,-31],[16,-52],[-3,-66],[-60,-50],[17,-40],[83,-45],[51,23],[56,-22]],[[3952,5766],[23,-29],[-7,-54],[-60,1],[-32,-26],[-50,5],[-77,51],[-61,17],[-11,-75],[-39,-13],[-32,48],[-95,-36],[-36,-97],[-62,-14],[-45,54],[54,29],[-44,40],[-49,4],[-38,28]],[[3291,5699],[-33,17],[-56,93],[65,16],[102,75],[34,62],[-37,35],[7,54],[53,18],[32,64],[33,10],[2,33],[-61,-4],[20,38],[-15,35],[11,43],[28,0],[34,47],[-7,28],[42,32],[24,54],[65,-17],[110,36],[62,-13],[1,50],[39,22],[42,-61],[88,12],[48,-33],[74,26],[15,32],[-31,64],[9,49],[38,20],[38,59],[15,-18],[64,22],[60,-3],[54,-53],[87,21],[-12,52],[23,39],[-21,15],[107,-3],[33,-13]],[[4577,6754],[-21,-37],[15,-66]],[[4571,6651],[89,-55],[57,-64],[-9,-13],[56,-65],[-42,-13],[33,-73],[49,-42],[4,-80],[-56,-32],[-42,24],[-47,-13],[16,-81],[61,-4],[-11,-25],[-51,-15],[33,-121],[38,-74]],[[4213,4379],[-11,-41],[-34,-38]],[[4168,4300],[-54,1],[7,-41],[-25,-35],[-59,-11],[-75,13],[-50,55],[-17,45],[-59,-21],[-117,-17],[-9,24],[-44,-10],[-25,32],[19,55],[86,61],[-116,72],[-27,-44],[-93,23],[5,25],[52,28],[-1,72],[-45,-40],[-64,74],[-44,31],[-98,6],[-30,45],[-69,34],[-12,-28],[-80,83],[-35,10],[-36,41],[-45,16]],[[3008,4899],[26,30],[43,-7],[20,50],[26,9],[16,121],[-31,43],[35,22],[58,1],[-29,75],[45,11],[10,64],[33,100],[-65,34],[-75,-32],[0,-20],[-69,-39],[-4,47],[42,70],[-31,79],[-83,65],[-30,5],[20,29],[40,-7],[-15,60],[-82,38]],[[2908,5747],[4,9],[3,2]],[[2915,5758],[35,9],[40,-23],[42,23]],[[3032,5767],[13,-28],[74,-65],[1,21],[52,15],[75,-18],[44,7]],[[3952,5766],[-2,15],[23,-7]],[[4577,6754],[-4,49],[-40,9],[9,25],[80,18],[7,15],[-11,135],[-41,14],[-27,60],[-35,-26],[-102,-3],[24,103],[21,7],[-47,50],[-40,0],[27,73],[4,56],[-24,17]],[[5152,7792],[3,-29],[71,-36],[121,4],[45,-33],[99,12],[9,47],[-56,7],[-18,33],[81,5],[23,149],[38,-24],[65,18],[44,-15],[50,-73],[34,11],[37,-57],[67,39],[2,55],[23,54],[61,-3],[23,78],[70,42],[-16,22],[0,69],[23,29],[51,15],[72,-65],[3,-28],[67,-14],[80,13],[94,-41],[55,32]],[[6473,8108],[72,-41],[21,-137],[24,-25],[78,-24],[49,2],[-5,-43],[-79,-24],[-47,8],[-45,-46],[-60,9],[-18,-44],[-26,5],[-34,-95],[13,-30],[-41,-38],[48,-87],[41,3],[39,-30],[-30,-10],[-107,-108],[-34,18],[-86,-13],[-38,-49],[18,-16],[-88,-43],[94,-21],[44,-70],[59,-19],[99,24],[19,-35],[-50,-22],[-4,-55],[36,18],[54,-53],[-32,-11],[-8,-84],[69,39],[2,33],[72,-16],[38,30],[-25,63],[30,43],[55,-27],[28,-86],[37,-25]],[[6755,6976],[-86,-26],[-3,-105]],[[6666,6845],[-116,-33],[-38,10],[-66,-60],[17,-34],[-28,-21],[-24,20],[-29,-22]],[[6382,6705],[-24,65],[-57,-17],[-29,-51],[59,12],[-5,-24]],[[6326,6690],[1,-14],[-1,-11]],[[6326,6665],[-72,-3],[-11,17],[-65,-20],[-44,22],[-96,-35],[-63,-9],[-40,51],[-52,-58],[-103,-45],[-51,60],[-22,-23],[-98,8],[-52,53],[14,38],[-71,28],[-58,-9],[-58,41],[-63,-11],[24,-46],[-126,-21],[-37,-39],[7,-56],[-87,-7],[-59,20],[-30,-30],[-68,31],[6,40],[-87,14],[-117,-18],[-142,35],[-34,-42]],[[5427,7050],[69,-61],[-6,-41],[39,-41],[44,6],[4,46],[49,-5],[39,39],[51,-21],[121,-18],[-1,20],[106,32],[52,-4],[-12,23],[-68,8],[5,70],[-20,31],[-51,19],[20,31],[-17,33],[-65,6],[-8,24],[-51,3],[-27,77],[-124,22],[-37,-3],[-4,50],[-45,21],[-101,1],[-37,-14],[1,-34],[-70,4],[-147,-5],[104,-62],[65,-57],[114,0],[15,-59],[92,-33],[-16,-39],[-83,-69]],[[2512,6411],[28,20],[26,20]],[[2566,6451],[16,-29],[56,33],[44,-30],[62,23],[138,-79],[22,16],[35,-53],[-4,-29],[82,15],[92,49],[41,-34],[-43,-76],[55,1],[22,-26],[158,8],[57,45],[38,0],[18,33],[-113,33],[-32,112],[40,26],[10,57],[23,15],[-4,72],[-97,90],[-31,42],[-22,-85],[-42,5],[-72,62],[-47,69],[28,85],[-40,-1],[-41,-45],[16,-46],[-25,-37],[-52,27],[-129,11],[-7,-29],[-42,69]],[[2776,6850],[49,58],[19,44],[41,216],[-17,55],[46,95],[12,55],[46,42],[17,75],[-63,-22],[9,50],[44,58],[103,60],[113,109],[74,35]],[[3032,5767],[-15,79],[-28,23],[-47,-39],[-44,25],[-51,-16],[-16,-31],[-83,54],[-32,-7],[-57,35],[-16,70],[-40,32],[27,32],[-15,34],[11,51],[66,43],[111,5],[21,50],[-146,64],[-129,17],[-39,21],[2,102]],[[2908,5747],[-42,43],[50,3],[-1,-35]],[[5204,5413],[43,-3],[-5,54],[23,8],[12,63],[-36,18],[37,93],[-34,29],[34,49],[-5,33],[29,22],[18,-39],[42,-33],[88,27],[3,41],[-24,25],[36,11],[-30,53],[67,17],[60,-53],[56,-3],[64,18],[-5,39],[49,25],[32,-18],[12,-61],[35,-10]],[[5805,5818],[-23,-23],[24,-29],[-8,-40],[37,-28],[15,-45],[-20,-78],[26,20],[47,-32],[61,6],[25,-54],[54,2],[-5,-20]],[[3590,8383],[-33,-13],[1,-34]],[[3302,8317],[36,87],[-30,50],[-117,3],[-49,9],[-26,42],[69,51],[2,30],[-58,73],[-73,227],[-31,67],[27,79],[0,43],[53,2],[7,25],[81,0],[38,-22],[13,-44],[51,-7],[104,-111],[21,-51],[68,-71],[35,-11],[61,8]],[[2566,6451],[35,37],[32,67],[23,120],[41,88],[79,87]],[[3008,4899],[-78,-32],[-13,-56],[-60,-17],[4,-19],[-53,-8],[29,-29],[-132,-64],[-92,-8],[-97,12],[-61,40],[-75,21]],[[2380,4739],[37,13],[49,-15],[3,23],[-52,14],[28,80],[-140,-4],[-63,52],[-63,1],[10,23],[-85,36],[-45,6],[-15,-26],[-46,9],[-79,51],[-37,41],[-29,-3],[-88,32],[-22,20],[-40,-16],[-61,35],[-73,-1],[-8,48],[43,14],[-31,48],[-72,30]],[[1501,5250],[25,34],[1,90],[16,51],[28,12],[92,-8],[53,47],[7,55],[52,38],[68,-7],[49,25],[60,60],[32,52],[23,97],[37,101],[46,100],[68,110],[79,98],[49,86],[30,26],[84,24],[112,70]],[[2314,5400],[-69,-22],[-16,-29],[-83,13],[-29,-13],[-26,-59],[-53,18],[-34,-10],[82,-47],[53,-18],[61,6],[33,-20],[39,15],[57,-29],[35,-56],[39,22],[19,-142],[136,0],[79,74],[-7,35],[57,30],[23,36],[1,96],[-18,45],[-30,7],[-49,64],[-22,0],[-14,50],[32,43],[-14,60],[-23,-22],[-33,52],[-52,-14],[-14,64],[-83,52],[-44,46],[-30,-8],[-78,63],[-43,-6],[-39,23],[37,-54],[65,17],[23,-18],[-86,-71],[-11,-77],[-58,-50],[66,-24],[65,-66],[52,-35],[4,-41]],[[6382,6705],[-13,-12],[-43,-3]],[[6326,6665],[-1,-22],[-63,-31],[15,-28],[-62,-28],[-21,7],[-65,-55],[-51,-12],[29,-25],[46,-2],[65,-67],[2,-54],[-70,-6],[-56,-62],[-85,-4],[33,-69],[57,-10],[23,-21],[36,30],[37,-43],[17,-61],[37,23],[-6,-31],[-53,-18],[-71,1],[-6,16],[-69,-24],[-61,-82],[16,-46],[-26,-50],[-85,-18],[-45,8],[-38,-63]],[[6666,6845],[58,-7],[12,-55],[46,-6],[-1,-27],[115,-26],[93,18],[54,-33],[-60,-11],[59,-44],[-29,-16],[30,-32],[-52,-81],[126,-12],[33,-44],[85,-8],[-25,-27],[44,-65],[-41,-13],[8,-29],[55,29],[34,-20]],[[1051,2377],[45,-61],[40,-17]],[[1136,2299],[13,-68],[69,-23],[30,-47],[-40,-19],[54,-28],[128,16],[10,-111],[-16,-36],[-37,-6],[35,-38],[-30,-35],[32,-53],[0,-49],[-60,-67],[8,-45],[-54,-35],[-65,-15],[-36,43],[-2,47],[23,46],[27,3],[6,62],[-70,1],[-31,53],[-49,23],[8,30],[-46,-2],[-66,-38],[-94,41],[-24,24],[-139,-3],[-9,-30],[-77,-52],[-56,14],[-21,-13],[-51,27],[14,33],[41,13],[16,58],[-14,34],[90,59],[-16,71],[21,41],[69,0],[99,-74],[36,-5],[69,49],[23,108],[63,80],[34,-6]],[[1051,2377],[-47,14],[-90,57],[5,-25],[-54,32],[-50,-5],[26,62],[-44,57],[-56,-26],[-55,12],[-53,-15],[-41,44],[-50,-26],[-85,-13],[-16,19],[-136,-6],[-37,-11],[-48,33]],[[220,2580],[4,30],[60,47],[13,26],[5,90],[93,109],[49,103],[57,43],[25,39],[41,140]],[[567,3207],[103,9],[64,-64],[12,-35],[111,23],[53,-6],[-10,-20],[118,-51],[52,43],[52,-8],[88,-35],[132,-27],[-31,-26],[64,-16],[41,9],[49,-38],[45,18],[62,-19],[74,46],[-34,37],[28,33],[56,25],[37,-8],[1,-29],[75,-18],[47,28],[54,-19],[40,-50],[36,-18],[59,21],[14,32],[45,-2],[41,40],[47,-14],[19,-63],[54,-41],[-24,-81]],[[2241,2883],[-40,-39],[-47,-9],[-61,-41],[19,-104],[-44,-22],[-6,-43],[54,-58],[35,-57],[-27,-64],[69,-43],[-59,-38],[-69,27],[-64,-42],[55,-50],[12,-50],[-41,-22],[-5,-43],[73,-76]],[[2095,2109],[-48,6],[-39,80],[-61,62],[-47,3],[-19,65],[-51,24],[-32,-21],[-148,3],[-24,15],[-137,4],[-17,-27],[-99,35],[-14,-82],[-12,39],[-39,9],[-53,-20],[-97,11],[-22,-16]],[[9124,4305],[17,5],[-8,-27]],[[9757,5364],[38,-15],[28,-51],[23,24],[50,-1],[-12,-24],[42,-77],[26,3],[-7,-79],[54,-28],[-103,-79],[-53,-24],[-129,-18],[-7,30],[59,31],[-25,32],[19,43],[35,-19],[-10,53],[-19,-20],[-58,17],[-55,-46],[-10,-94],[-71,-15],[-24,-49],[-33,10],[-14,108],[-39,41],[-38,6],[-22,-31],[-85,42],[-33,38],[-46,11],[15,-78],[-57,-23],[29,-38],[-35,-35],[41,-24],[6,-54],[41,1],[10,-44],[43,-15],[5,-41],[84,-67],[-10,-23],[-76,0],[-14,-63],[57,-58],[14,-90],[-45,-50],[8,-67],[29,-31],[-52,-26],[-143,6],[-18,-32],[-59,-3]],[[4107,3741],[72,22],[-33,33],[26,12],[32,93],[26,10]],[[4230,3911],[70,4],[20,-43],[103,-7],[34,29],[87,14],[19,-17],[-11,-46],[69,-8],[12,-30],[50,9],[133,-26],[18,-36],[52,18],[95,-7],[25,-36],[58,-16],[110,4],[7,-28],[164,13],[10,22],[66,-5]],[[5614,3312],[1,-37],[-129,-47],[-55,3],[-85,-44],[15,-72],[50,-9],[2,-22],[108,-31],[92,-59],[-40,-48],[25,-122],[-26,-73],[-64,-51],[8,-34],[-79,48],[-45,-4],[-30,53],[-82,-36],[-81,13],[-90,54],[-86,-19],[-78,-117],[-12,-41],[-95,-18],[-6,-55]],[[4832,2544],[-48,-17],[-87,31],[-56,-3],[-39,-20],[-11,45],[-44,60],[-29,65],[-35,26],[-59,0],[3,68],[-54,38],[-9,40],[-67,8],[-83,-8],[-21,-44],[5,-42],[-44,-17]],[[4154,2774],[-7,26],[-85,32],[-15,40],[64,35],[19,51],[-65,11],[-38,25],[-52,160],[35,35],[-77,61],[-58,7],[35,40],[-1,30],[-62,-4],[-40,25],[49,27],[17,43],[60,-4],[111,48],[2,28],[-87,33],[60,19],[11,30],[63,18],[34,28],[6,38],[-34,6],[8,79]],[[4107,3741],[-65,0],[-35,30],[-69,22],[8,22],[-46,28],[-69,-27],[-50,33],[-78,-24],[-57,12],[-12,50],[-38,-29],[-97,-20],[-44,24],[-69,-20],[-12,-63],[-60,3],[-56,-22],[6,-61],[49,-46],[-34,-28],[-66,-21],[49,-20],[7,-44],[51,-7],[-28,-73],[-39,6],[-80,-13],[-46,-52],[-22,16],[-31,84],[-113,-4],[-61,44],[-58,25],[-13,129],[14,38],[-22,25],[-84,24],[-45,-85],[19,-37],[-56,-46]],[[2655,3614],[-42,38],[-55,23],[-19,-17],[-49,55],[31,35],[-56,26],[1,43],[-48,27],[26,46],[46,11],[16,41],[-19,47],[24,-2],[27,69],[-14,34],[16,96],[-10,55],[-85,6],[-44,25],[-32,45],[12,28],[-29,33],[25,167],[48,54],[1,38],[-49,27],[-6,42],[-40,31],[49,2]],[[4168,4300],[43,-10],[28,-68],[63,-8],[38,-25],[26,-46],[48,-26],[-37,-2],[-26,-28],[-100,-38],[0,-28],[-36,-12],[-17,-46],[32,-52]],[[5267,8824],[54,1],[26,-73],[41,10],[22,43],[-38,54],[-73,35],[-17,30]],[[5319,8977],[4,52],[27,31],[40,-26],[130,27],[73,-26],[110,13],[119,35],[1,40],[32,-1],[30,69],[57,26],[-48,85],[50,9],[17,34],[53,32],[-8,18],[110,-47],[102,52],[55,-59],[75,11],[45,60],[-29,20]],[[6364,9432],[60,-25],[76,-8],[-4,-28],[88,-32],[37,9],[70,-21],[39,15],[30,-36],[33,22],[35,-42],[7,-39],[-40,-12],[-4,-52],[20,-27],[-48,-17],[-61,22],[-41,-66],[14,-66],[66,-125],[-5,-34],[76,-28],[-44,-70],[-43,-16],[-5,23],[-39,-65],[-36,6],[-11,-65],[71,-35],[-18,-133],[20,-23],[58,-6],[37,26],[44,-5],[117,-37],[47,-59]],[[7010,8383],[-110,-42],[29,-68],[37,-3],[11,-40],[-63,-31],[-12,-42],[-173,25],[-23,-25],[-126,43],[-35,53],[-63,-28],[16,-63],[-28,-17],[3,-37]],[[6364,9432],[-43,32],[48,21],[-20,19],[46,47],[1,72],[-68,99],[-49,9],[-18,-22],[8,-82],[-85,-14],[-26,76],[83,29],[-109,28],[-63,-14],[-89,33],[72,8],[21,23],[-28,52],[4,51],[114,1],[72,44],[64,-39],[97,81],[42,-1],[44,-67],[45,-15],[80,80],[71,0],[28,-32],[-10,-43],[38,-43],[54,28],[35,-8],[24,-81],[46,14],[-35,65],[-1,55],[61,23],[16,-21],[131,25],[96,34],[6,-53],[-21,-4],[17,-60],[-38,-50],[25,-31],[-30,-66],[-29,1],[44,-39],[-52,-86],[23,-47],[61,-23],[86,23],[3,102],[78,4],[31,43],[32,-110],[32,-23],[-4,-36],[28,-4],[50,45],[7,54],[52,39],[62,13],[15,40],[29,0],[-12,-45],[118,-75],[-4,-72],[35,-26],[-37,-3],[-20,-79],[29,-13],[6,-62],[70,-21],[59,-139],[-107,-66],[25,-77],[-38,-39],[-90,-52],[60,-25],[104,-24],[25,50],[-7,46],[38,48],[76,43],[58,-27],[-30,-20],[-26,-74],[73,10],[9,-174],[-23,-27],[28,-41],[-38,-68],[42,-38],[95,-18],[65,23],[121,-11],[36,12],[23,80],[61,13],[45,53],[-74,47],[84,42],[-6,30],[77,-13],[27,-48],[-47,-32],[21,-59],[73,16],[53,-18],[-72,-90],[36,-59],[17,5],[0,-77],[-63,-24],[-7,-35],[79,-18],[51,-30],[12,-54],[23,-19],[27,-87],[30,-47],[-54,-26],[-62,15],[-49,-13]],[[8713,8199],[-20,46],[-128,-12],[-119,-35],[26,-68],[-160,13],[-63,19],[-48,-75],[-50,2],[-35,-33],[-33,95],[-80,-30],[-26,33],[-16,-22],[-32,20],[-75,-26]],[[7854,8126],[-38,2],[8,48],[-55,65],[-64,-26],[-37,85],[-26,-1],[-59,-62],[-23,23],[-66,-19],[-25,21],[-95,-2],[-6,69],[-29,17],[-51,-37],[-51,-12],[1,34],[-62,6],[-51,-11],[15,71],[-66,-17],[-12,19],[-52,-16]],[[7308,345],[-29,-27],[-42,30],[-46,2],[-13,-28],[-47,-19],[7,-51],[-29,19],[-65,-57],[-57,30],[-80,-17],[-75,16],[-72,71],[-36,79],[-11,59],[-67,68],[-114,3],[-90,28],[-40,36],[-83,15],[-162,-35],[-84,50],[-38,6],[-165,94],[-81,68],[-30,43],[-19,91],[-108,46],[-137,76],[-41,5],[-50,59],[-180,110]],[[5224,1215],[42,31],[-22,22],[23,26],[-44,64],[-3,83],[53,-3],[6,-25],[54,-45],[57,-3],[28,26]],[[5418,1391],[117,-11],[37,-13],[31,27],[20,-30],[51,20],[20,42],[41,20],[47,-27],[17,49],[25,5],[-36,53],[92,20],[17,-52],[41,-42],[75,-12],[49,41],[59,-23],[3,-21],[136,-117],[6,-31],[35,2],[38,-32],[20,19]],[[6359,1278],[46,-15],[22,27],[64,6],[-43,-65],[67,9],[24,-22],[-20,-72],[-69,-42],[-11,-38],[25,-5],[11,-49],[56,-19],[15,34],[73,-20],[-11,-29],[58,-13],[-28,-60],[114,-27],[40,18],[88,-14],[15,23],[96,-50],[75,-66],[11,-46],[60,20],[49,-4],[-14,-58],[40,-31],[67,-7],[38,24],[27,-25],[18,21],[56,-10],[19,-25],[-3,-54],[26,1],[21,-56],[-46,-74],[-77,-28],[-63,18],[-21,-35],[34,-75]],[[8713,8199],[-16,-27],[34,-43],[-14,-40],[38,-13],[-2,-28],[-54,4],[-10,-58],[53,-59],[65,1],[18,-40],[-46,-50],[8,-40],[54,-35],[10,-28],[-19,-59],[-66,-31],[-20,51],[-27,-76],[63,-6],[-29,-38],[7,-83],[48,-81],[-49,8],[-3,-48],[35,4],[72,-36],[13,-43],[35,-20],[34,18],[-14,-40],[39,5],[53,-85],[29,33],[37,-5],[47,-54],[33,-1],[25,-49],[-15,-55],[-36,-7],[-46,-59],[-38,11],[2,-32],[-36,-36],[59,0],[21,-37],[72,14],[-12,-58],[-38,-27],[75,-15],[-4,-47]],[[6755,6976],[27,-30],[12,39],[-24,46],[31,6],[17,45],[48,0],[38,-37],[-34,5],[2,-30],[33,16],[77,-39],[-10,-23],[70,4],[-1,45],[-80,19],[-31,43],[72,36],[29,37],[-9,-56],[79,9],[43,-16],[-17,-36],[45,16],[-13,54],[37,-27],[46,53],[1,57],[57,28],[16,84],[49,41],[118,-7],[31,73],[-27,53],[63,5],[-3,81],[81,56],[80,10],[51,32],[-5,51],[38,51],[61,-6],[-6,69],[20,11],[-63,18],[50,33],[-29,25],[38,38],[-51,68],[35,27],[7,73]],[[3928,778],[58,30],[55,-108],[-41,-4],[-44,23],[-78,-46],[-35,29],[60,29],[-40,68],[65,-21]],[[5224,1215],[-28,33],[-77,12],[-30,-48],[59,-48],[61,-70],[88,-60],[86,-36],[61,-49],[43,7],[81,-63],[25,-98],[-4,-32],[106,-100],[22,-73],[-36,-13],[-96,17],[11,-50],[-20,-8],[-92,61],[-68,-5],[-7,33],[-46,51],[-65,5],[-39,-15],[-127,45],[-8,33],[25,28],[40,-17],[93,-68],[70,10],[-25,51],[-219,108],[-43,10],[-95,64],[-40,-12],[55,-27],[55,-55],[-135,59],[-50,9],[-68,-22],[13,-39],[96,-52],[65,-20],[46,-45],[-26,-43],[-70,-39],[-22,-27],[-46,-8],[-60,-38],[-152,-43],[-61,18],[-7,64],[-43,43],[-34,4],[41,52],[40,7],[-11,47],[-77,-7],[-8,34],[-91,7],[-38,108],[-37,-11],[9,-34],[-47,0],[-43,-39],[-10,-50],[95,-18],[8,-50],[-33,-72],[-127,67],[-81,10],[-5,18],[32,86],[-61,24],[-22,37],[41,69],[53,4],[1,30],[-42,40],[-44,14],[-64,-43],[-21,11],[-29,119],[-42,11],[-35,56],[-25,-8],[-14,-50],[26,-60],[-72,-69],[-41,43],[14,43],[-27,43],[22,33],[-28,29]],[[3693,1188],[5,41],[35,17],[11,115],[38,65]],[[3782,1426],[52,-28],[120,18],[-21,27],[36,8],[1,72],[-21,53],[58,-40],[32,43],[-9,24],[36,28],[36,-69],[127,40],[89,-20],[14,75],[-10,45],[50,42],[25,-35],[-17,-46],[15,-63],[-19,-31],[28,-24],[65,-17],[62,62],[0,26],[44,56],[79,21],[14,20],[63,11],[99,53],[39,-44],[53,2],[-17,24],[31,32],[35,-20],[57,18]],[[5028,1789],[125,-7],[71,31],[42,-13],[-46,-37],[-13,-59],[106,-15],[104,-70],[57,0],[13,-88],[-59,-68],[-46,-19],[34,-21],[2,-32]],[[567,3207],[28,104],[8,81],[63,56],[71,25],[47,67],[-46,195],[14,121],[86,198],[15,53],[3,117],[15,25],[67,33],[49,72],[-11,92],[8,106],[-17,78],[15,61],[86,121],[26,84],[33,36],[141,69],[233,249]],[[2655,3614],[59,-87],[5,-81],[22,-38],[-24,-48],[-55,10],[-46,-21],[-46,4],[28,-30],[11,-104],[24,-6],[-31,-45],[42,-33],[-26,-40],[18,-62],[45,-19],[-8,-102],[-56,-31],[-33,-53]],[[2584,2828],[-76,27],[-63,38],[-10,-75],[-46,-50],[-33,6],[-27,57],[-88,52]],[[1282,237],[-108,7],[-71,-26],[-72,23],[-32,-84],[-45,-45],[-170,-63],[-89,-9],[-76,-40],[-96,15],[-18,35],[-44,18],[-43,71],[39,-19],[37,21],[44,-3],[37,32],[-9,51],[-45,41],[-71,22],[-89,-88],[-49,3],[1,32],[-53,21],[13,50],[-63,66],[-24,70],[-98,78],[-56,64],[-7,93],[-25,53],[8,26],[89,70],[27,74],[-9,38]],[[115,934],[76,85],[16,56],[30,-13],[112,7],[-3,-64],[16,-12],[100,45],[43,42],[34,-24],[108,55],[45,0],[21,24],[172,5],[26,18],[-20,39],[80,10],[16,28],[42,0],[11,33],[82,36],[-15,39],[48,12],[71,46],[-2,33],[37,47],[4,45],[80,6],[65,-20],[33,22],[141,-62],[95,4],[32,-28],[-5,-35],[-44,-30],[35,-17]],[[1697,1366],[-60,-62],[-5,-134],[20,-12],[-10,-108],[-69,-12],[-39,-69],[18,-35],[-57,-62],[44,-23],[31,-46],[-8,-85],[-95,-77],[-78,-16],[-56,-43],[0,-64],[-37,-23],[-59,-10],[-32,12],[5,-57],[23,-10],[-5,-57],[38,-53],[40,-14],[1,-52],[-25,-17]],[[3693,1188],[-88,6],[-41,-13],[-25,40],[-20,-70],[44,-15],[8,-34],[-50,-17],[-33,30],[-98,-39],[-11,-23],[-33,24]],[[3346,1077],[63,44],[-66,54],[-58,-6],[71,64],[-24,84],[-119,5],[5,68],[-95,44],[-16,-13]],[[3107,1421],[-2,103],[-53,24],[-1,34],[-57,28],[21,31],[-92,39],[-83,74],[-79,45],[-72,19],[0,37],[-107,-4],[-42,9],[18,25],[133,52],[17,81],[-19,16],[-107,-23],[-39,28],[-104,-1],[-54,21],[-30,-38],[-60,-25],[-19,44],[-89,-4],[-3,25],[-52,12],[-37,36]],[[2584,2828],[50,-25],[30,31],[42,-46],[72,-1],[93,41],[58,11],[72,-30],[55,3],[18,-38],[46,-14],[16,28],[-29,12],[16,30],[-24,43],[56,-18],[73,4],[20,-44],[120,-9],[40,-73],[-27,-19],[53,-7],[1,-35],[71,-28],[-51,-74],[91,-75],[26,-38],[-35,-35],[51,-33],[73,10]],[[3661,2399],[65,-81],[44,-33],[-17,-22],[41,-44],[-46,-85],[38,-45],[55,-22],[-19,-36],[36,-91],[-49,15],[1,-36],[-29,-4],[-14,-67],[-108,6],[-50,-30],[-7,-86],[18,-102],[70,-31],[29,-36],[-43,-44],[56,-39],[50,-60]],[[3346,1077],[-48,-24],[-22,12],[-50,-37],[-26,-50],[-35,-22],[-21,-45],[17,-72],[-26,3],[-72,-52],[-30,-5],[-42,-53],[55,-63],[-51,-42],[23,-36],[38,3],[72,-59],[74,11],[-12,-33],[22,-42],[35,45],[45,-12],[127,-3],[-17,64],[48,-15],[-7,28],[82,29],[49,-37],[66,50],[99,-84],[-10,-52],[-30,-19],[-42,11],[37,16],[-25,38],[-36,-42],[29,-136],[-74,-72],[-70,23],[38,43],[-52,60],[-63,8],[1,20],[-77,14],[-2,-46],[-24,-27],[-97,-10],[-36,-50],[-39,-7],[12,-61],[22,-19],[73,16],[18,-24],[-107,-47],[-111,-22],[-111,45],[-34,-46],[-91,16],[-84,1],[-44,21],[-75,61],[-1,74],[-59,26],[-50,-9],[-20,25],[-72,-12],[-43,-30],[-13,47],[-57,20],[-59,-65],[-80,-56],[-54,4],[-37,-48],[-80,-1],[-28,-31],[-10,-55],[-30,-26],[-69,28],[-39,-5],[-41,-34],[-81,-22],[-78,26],[-155,-5],[-15,-45],[-105,11],[-31,62],[10,41],[-56,68]],[[1697,1366],[33,40],[100,39],[56,-23],[85,-210],[83,-20],[-13,-61],[31,18],[20,-29],[34,4],[28,-61],[97,43],[9,-66],[28,-23],[116,12],[-41,8],[-32,82],[25,40],[41,0],[-26,24],[8,38],[-34,48],[16,26],[56,-3],[-18,41],[97,20],[-12,26],[39,34],[88,6],[6,-23],[49,1],[49,-28],[32,14],[88,-2],[37,-23],[68,6],[77,49],[90,8]],[[8687,1955],[-55,-26],[-1,-81],[76,-58],[-16,-53],[16,-65],[-28,-21],[8,-55],[-29,-40],[33,-6],[-46,-69],[-51,2],[21,-53],[73,39],[2,-33],[-33,-25],[13,-29],[26,36],[6,-54],[57,-79],[19,-3],[22,-56],[-62,12],[-35,-29],[26,-23],[-69,18],[-35,-41],[-70,-42],[50,-21],[10,-44],[112,-44],[-8,-86],[16,-35],[-7,-65],[21,-34],[56,-38],[-37,-54],[3,-66],[-61,-44],[-59,17],[-1,-31],[-33,-33],[-30,-67],[2,80],[-23,23],[-30,76],[-96,-28],[-5,54],[-90,-20],[-72,-67],[-33,-59],[-37,-6],[-64,25],[-24,-17],[-52,28],[-106,25],[-20,33],[-64,19],[-59,0],[-31,-20],[-17,-65],[-41,-38],[-57,2],[-16,-65],[-57,-32],[-78,-65],[-24,-46],[-25,4],[17,57],[-37,-3],[-25,-44],[-50,0],[-19,-22],[-46,40]],[[6359,1278],[-26,124],[-20,16],[18,38],[-60,11],[-22,66],[81,100],[-8,80],[47,6],[-27,52],[7,36],[60,-3],[18,48],[-25,41],[82,-15],[30,35],[73,-34],[53,32],[84,113],[18,-52],[38,-9],[2,-42],[39,-15],[51,17],[7,73],[-34,9],[1,88],[37,-14],[7,-34],[42,23],[82,11]],[[7014,2079],[38,-62],[-19,-17],[43,-84],[37,28],[11,-22],[53,3],[32,38],[72,-40],[4,41],[55,30],[35,-53],[44,43],[7,-19],[66,-2],[79,-27],[-15,-59],[43,9],[54,-29],[27,38],[78,-1],[41,-33],[69,52],[46,78],[122,9],[40,-34],[11,-48],[64,-1],[41,-33],[66,35],[20,38],[38,-48],[47,28],[-2,-78],[111,-27],[43,33],[57,93],[48,1],[16,29],[51,-33]],[[6152,3129],[-42,-12],[-17,-42],[-75,-14],[22,-48],[-10,-53],[31,-53],[-53,-45],[-10,-57],[-42,-33],[-68,3],[-28,-34],[12,-22],[83,10],[-16,-19],[27,-33],[37,-4],[52,-34],[1,-39],[27,-36],[49,-5],[47,-28],[-6,-45],[102,-16],[48,13],[-10,23],[61,7],[4,-30],[43,-29],[83,-26],[10,-22],[73,-12],[82,11],[35,-57],[50,11],[35,-58],[33,-23],[70,-13],[32,-43],[3,-51],[43,-6],[41,-53],[3,-33]],[[5028,1789],[29,47],[-23,29],[18,31],[-25,58],[32,23],[-7,41],[-44,49],[26,17],[-22,98],[-101,31],[-21,33],[-64,-45],[-2,62],[-53,12],[-2,52],[46,-13],[87,3],[74,52],[-56,78],[-59,25],[-29,72]],[[8657,2795],[41,-124],[-2,-18],[62,-73],[36,-18],[14,-56],[-16,-97],[26,-9],[-7,-125],[-46,-67],[22,-61],[-48,-63],[-16,-120],[-36,-9]],[[8448,4093],[18,-57],[-34,-33],[48,-32],[-79,-51],[-26,-74],[-72,-35],[-75,-86],[35,-50],[34,34],[41,-32],[-8,-58]],[[115,934],[-42,99],[-4,96],[55,149],[48,94],[0,49],[-23,58],[9,66],[70,58],[11,38],[-6,104],[22,45],[74,76],[38,65],[2,34],[-28,80],[-33,47],[-107,111],[-10,21],[17,69],[-15,129],[33,88],[-6,70]],[[4154,2774],[-19,-62],[-65,-27],[-67,3],[-60,-51],[-20,-49],[-45,17],[-40,-8],[-77,-61],[11,-18],[-79,-24],[-49,-51],[17,-44]]],"bbox":[7.511591804194422,47.532769662322046,10.4957799367325,49.79147734461145],"transform":{"scale":[0.00029844865811961977,0.00022589335756469697],"translate":[7.511591804194422,47.532769662322046]},"title":"Baden-Württemberg","version":"2.0.1","copyright":"Copyright (c) 2022 Highsoft AS, Based on data from GeoBasis-DE / BKG 2014","copyrightShort":"GeoBasis-DE / BKG 2014","copyrightUrl":"http://www.bkg.bund.de"}