{"type":"Topology","objects":{"default":{"type":"GeometryCollection","geometries":[{"type":"MultiPolygon","arcs":[[[0]],[[1,2,3,4,5,6,7,8]]],"id":"DE.HE.06633000","properties":{"hc-group":"admin2","hc-middle-x":0.41,"hc-middle-y":0.42,"hc-key":"de-he-06633000","hc-a2":"KA","name":"Kassel","bundesland":"DE.HE"}},{"type":"Polygon","arcs":[[9,-8,10,11]],"id":"DE.HE.06635000","properties":{"hc-group":"admin2","hc-middle-x":0.66,"hc-middle-y":0.56,"hc-key":"de-he-06635000","hc-a2":"WF","name":"Waldeck-Frankenberg","bundesland":"DE.HE"}},{"type":"MultiPolygon","arcs":[[[12,13,14,15]],[[16,17]]],"id":"DE.HE.06431000","properties":{"hc-group":"admin2","hc-middle-x":0.41,"hc-middle-y":0.24,"hc-key":"de-he-06431000","hc-a2":"BE","name":"Bergstraße","bundesland":"DE.HE"}},{"type":"Polygon","arcs":[[18,19,20,21,22,23,24]],"id":"DE.HE.06535000","properties":{"hc-group":"admin2","hc-middle-x":0.49,"hc-middle-y":0.49,"hc-key":"de-he-06535000","hc-a2":"VO","name":"Vogelsbergkreis","bundesland":"DE.HE"}},{"type":"Polygon","arcs":[[-19,25,-11,-7,26,27]],"id":"DE.HE.06634000","properties":{"hc-group":"admin2","hc-middle-x":0.49,"hc-middle-y":0.44,"hc-key":"de-he-06634000","hc-a2":"SE","name":"Schwalm-Eder-Kreis","bundesland":"DE.HE"}},{"type":"MultiPolygon","arcs":[[[28,-4]],[[29,-2]]],"id":"DE.HE.06611000","properties":{"hc-group":"admin2","hc-middle-y":0.57,"hc-key":"de-he-06611000","hc-a2":"KA","name":"Kassel","bundesland":"DE.HE"}},{"type":"Polygon","arcs":[[-27,-6,30,31],[-1]],"id":"DE.HE.06636000","properties":{"hc-group":"admin2","hc-middle-x":0.49,"hc-middle-y":0.51,"hc-key":"de-he-06636000","hc-a2":"WM","name":"Werra-Meißner-Kreis","bundesland":"DE.HE"}},{"type":"Polygon","arcs":[[32,33,34,35,36,37]],"id":"DE.HE.06532000","properties":{"hc-group":"admin2","hc-middle-x":0.42,"hc-middle-y":0.44,"hc-key":"de-he-06532000","hc-a2":"LD","name":"Lahn-Dill-Kreis","bundesland":"DE.HE"}},{"type":"Polygon","arcs":[[-23,38,39,40,-36,41]],"id":"DE.HE.06440000","properties":{"hc-group":"admin2","hc-middle-x":0.47,"hc-middle-y":0.43,"hc-key":"de-he-06440000","hc-a2":"WE","name":"Wetteraukreis","bundesland":"DE.HE"}},{"type":"Polygon","arcs":[[-24,-42,-35,42]],"id":"DE.HE.06531000","properties":{"hc-group":"admin2","hc-middle-x":0.47,"hc-middle-y":0.4,"hc-key":"de-he-06531000","hc-a2":"GI","name":"Gießen","bundesland":"DE.HE"}},{"type":"Polygon","arcs":[[-32,43,44,-20,-28]],"id":"DE.HE.06632000","properties":{"hc-group":"admin2","hc-middle-x":0.44,"hc-middle-y":0.49,"hc-key":"de-he-06632000","hc-a2":"HR","name":"Hersfeld-Rotenburg","bundesland":"DE.HE"}},{"type":"Polygon","arcs":[[-39,-22,45,46,47,48,49]],"id":"DE.HE.06435000","properties":{"hc-group":"admin2","hc-middle-x":0.61,"hc-middle-y":0.52,"hc-key":"de-he-06435000","hc-a2":"MK","name":"Main-Kinzig-Kreis","bundesland":"DE.HE"}},{"type":"Polygon","arcs":[[-49,50,51]],"id":"DE.HE.06413000","properties":{"hc-group":"admin2","hc-middle-x":0.44,"hc-key":"de-he-06413000","hc-a2":"OA","name":"Offenbach am Main","bundesland":"DE.HE"}},{"type":"Polygon","arcs":[[-15,52,53,54,55,56,57]],"id":"DE.HE.06432000","properties":{"hc-group":"admin2","hc-middle-x":0.63,"hc-key":"de-he-06432000","hc-a2":"DD","name":"Darmstadt-Dieburg","bundesland":"DE.HE"}},{"type":"Polygon","arcs":[[-55,58]],"id":"DE.HE.06411000","properties":{"hc-group":"admin2","hc-middle-x":0.62,"hc-middle-y":0.33,"hc-key":"de-he-06411000","hc-a2":"DA","name":"Darmstadt","bundesland":"DE.HE"}},{"type":"Polygon","arcs":[[-54,59,60,-51,-48,61,-56,-59]],"id":"DE.HE.06438000","properties":{"hc-group":"admin2","hc-middle-x":0.57,"hc-middle-y":0.63,"hc-key":"de-he-06438000","hc-a2":"OF","name":"Offenbach","bundesland":"DE.HE"}},{"type":"Polygon","arcs":[[62,63,64,65,66]],"id":"DE.HE.06436000","properties":{"hc-group":"admin2","hc-middle-x":0.36,"hc-middle-y":0.33,"hc-key":"de-he-06436000","hc-a2":"MT","name":"Main-Taunus-Kreis","bundesland":"DE.HE"}},{"type":"Polygon","arcs":[[-63,67,68,69,70]],"id":"DE.HE.06439000","properties":{"hc-group":"admin2","hc-middle-x":0.47,"hc-middle-y":0.39,"hc-key":"de-he-06439000","hc-a2":"RT","name":"Rheingau-Taunus-Kreis","bundesland":"DE.HE"}},{"type":"Polygon","arcs":[[71,-68,-67,72]],"id":"DE.HE.06414000","properties":{"hc-group":"admin2","hc-middle-x":0.58,"hc-middle-y":0.46,"hc-key":"de-he-06414000","hc-a2":"WI","name":"Wiesbaden","bundesland":"DE.HE"}},{"type":"Polygon","arcs":[[-18,73,-16,-58,74]],"id":"DE.HE.06437000","properties":{"hc-group":"admin2","hc-middle-x":0.54,"hc-middle-y":0.55,"hc-key":"de-he-06437000","hc-a2":"OD","name":"Odenwaldkreis","bundesland":"DE.HE"}},{"type":"Polygon","arcs":[[-64,-71,75,-37,-41,76]],"id":"DE.HE.06434000","properties":{"hc-group":"admin2","hc-middle-x":0.53,"hc-middle-y":0.56,"hc-key":"de-he-06434000","hc-a2":"HO","name":"Hochtaunuskreis","bundesland":"DE.HE"}},{"type":"Polygon","arcs":[[-45,77,-46,-21]],"id":"DE.HE.06631000","properties":{"hc-group":"admin2","hc-middle-x":0.43,"hc-middle-y":0.65,"hc-key":"de-he-06631000","hc-a2":"FU","name":"Fulda","bundesland":"DE.HE"}},{"type":"Polygon","arcs":[[-61,78,-65,-77,-40,-50,-52]],"id":"DE.HE.06412000","properties":{"hc-group":"admin2","hc-middle-x":0.59,"hc-middle-y":0.49,"hc-key":"de-he-06412000","hc-a2":"FA","name":"Frankfurt am Main","bundesland":"DE.HE"}},{"type":"Polygon","arcs":[[-76,-70,79,-38]],"id":"DE.HE.06533000","properties":{"hc-group":"admin2","hc-middle-x":0.48,"hc-middle-y":0.55,"hc-key":"de-he-06533000","hc-a2":"LW","name":"Limburg-Weilburg","bundesland":"DE.HE"}},{"type":"Polygon","arcs":[[-25,-43,-34,80,-12,-26]],"id":"DE.HE.06534000","properties":{"hc-group":"admin2","hc-middle-y":0.49,"hc-key":"de-he-06534000","hc-a2":"MB","name":"Marburg-Biedenkopf","bundesland":"DE.HE"}},{"type":"Polygon","arcs":[[-73,-66,-79,-60,-53,-14,81]],"id":"DE.HE.06433000","properties":{"hc-group":"admin2","hc-middle-y":0.41,"hc-key":"de-he-06433000","hc-a2":"GG","name":"Groß-Gerau","bundesland":"DE.HE"}}],"hc-recommended-transform":{"default":{"crs":"+proj=utm +zone=32 +datum=WGS84 +units=m +no_defs","scale":0.00278108522316,"jsonres":15.5,"jsonmarginX":-999,"jsonmarginY":9851,"xoffset":412220.045246,"yoffset":5723065.96356}}}},"arcs":[[[7880,8308],[-31,-45],[-16,-1],[34,41],[13,5]],[[7213,8693],[-48,28],[-24,-18],[66,-23]],[[7207,8680],[29,-20],[7,-14]],[[7243,8646],[-50,-9],[-24,-53],[-109,18],[-69,48],[-46,-28],[-96,-12],[-154,48],[-102,-2],[-111,-22],[19,-63],[24,-27],[-13,-47],[-81,-8],[-3,-43],[26,-30],[-2,-29],[62,-45],[105,-7],[88,-46],[140,-28],[93,-10],[34,38],[-3,58],[36,-5],[-2,-27],[66,-18],[59,27],[-24,22],[55,21],[19,-13],[67,43],[-14,71],[-34,3],[-65,28],[71,45],[72,-1],[8,52]],[[7285,8595],[56,10],[54,-33],[38,-40],[53,11],[65,-10],[-20,-62],[30,23],[108,-23],[9,21],[43,-4],[102,-50],[34,-2],[96,-38]],[[7953,8398],[-44,8],[-120,42],[-70,12],[-12,-14],[-69,0],[-43,-66],[5,-55],[82,-19],[79,-33],[40,35],[-25,-45],[17,-11],[91,3],[40,-9],[122,7],[-5,-54],[-59,-33],[-54,-17],[-36,20],[-121,4],[-70,-84],[26,-26],[-67,-2],[-40,-42],[-28,14],[-59,-44],[20,-28],[-36,-16],[45,-42]],[[7562,7903],[-50,-5],[-50,-20],[-30,-30],[-109,44],[-1,24],[-79,51],[24,48],[-41,5],[-33,27],[-57,-18],[-52,49],[-39,-32],[-106,-11],[-13,29],[-32,-3],[9,27],[-90,-11],[0,25],[-132,-4],[-36,-32],[-45,54],[-93,1],[-73,15],[-9,58],[-39,25],[-79,13],[9,-21],[-65,-6],[-61,-25],[-55,37],[-35,-23],[32,-65],[-53,-4],[41,-23],[-30,-25],[14,-36],[-33,3],[-14,-77],[-81,-6],[-50,14],[-47,-16],[29,-77],[-93,-27],[-66,-9]],[[5749,7846],[-51,18],[-11,69],[-88,77],[-87,45],[-16,20],[9,98],[-72,0],[-50,28],[-21,36],[1,42],[131,37],[-44,20],[-19,63],[-26,35],[23,8],[-6,32],[16,38],[-28,4],[-23,37],[101,34],[15,30],[-81,25],[-30,62],[57,-1],[111,36],[1,-36],[54,-36],[53,25],[-34,4],[-6,28],[59,11],[-36,51],[16,47],[-24,25],[-70,34],[-23,25],[39,26],[22,-20],[24,26],[-24,100]],[[5611,9049],[76,90],[44,15],[127,-30],[10,62],[-9,33],[98,71],[96,3],[21,41],[51,32],[106,-8],[32,48],[-24,33],[39,71],[-12,24],[77,34],[75,96],[45,14],[8,41],[-44,16],[-79,63],[0,12],[85,24],[54,-4],[3,28],[109,2],[113,21],[74,59],[-19,28],[53,-21],[63,37],[98,15],[23,-27],[-27,-52],[18,-38],[50,-19],[58,-3],[46,24],[30,35],[55,-13],[41,-49],[180,19],[66,32],[5,-35],[39,-25],[5,-64],[47,-11],[47,-59],[46,-25],[30,3],[45,-52],[-27,-43],[-98,27],[-62,43],[-45,9],[-28,-11],[-6,-37],[45,-64],[34,1],[12,-30],[-103,-17],[-54,38],[53,-70],[-31,-69],[-51,-21],[-51,6],[-12,-27],[39,-31],[57,-83],[65,-61],[56,-16],[12,-32],[-52,-33],[-10,-63],[27,-79],[38,-36],[-60,-41],[9,-14],[-77,7],[-57,-36],[-37,14],[-45,-6],[-22,-46],[-50,-40],[3,-29],[66,-22],[-30,-32],[-80,-3]],[[2860,6956],[-19,27],[57,46],[34,12],[23,45],[94,51],[25,37],[32,5],[-54,86],[-36,19],[-28,-25],[-18,17],[39,41],[23,-2],[29,56],[-21,27],[-65,15],[-19,32],[108,77],[50,-5],[35,26],[212,1],[78,-8],[113,-23],[45,1],[126,62],[66,-7],[51,11],[-27,33],[-45,-5],[-4,30],[-35,25],[11,32],[96,68],[122,75],[39,38],[-32,19],[2,79],[58,21],[13,21],[-108,42],[-14,61],[-29,35],[-14,44],[37,54],[-44,14],[-15,37],[-107,3],[-15,10],[-59,-40],[-39,1],[-62,-20],[-99,-13],[-12,-31],[-56,-28],[-73,2],[-35,32],[-28,57],[-88,43],[35,41],[86,51],[72,78],[5,35],[50,15],[15,41],[67,32],[65,-17],[8,43],[113,56],[-27,36],[96,31],[111,-23],[132,27],[41,28],[137,27],[78,-4],[16,-21],[38,15],[6,-23],[65,-27],[144,69],[107,0],[95,-15],[15,33],[-1,67],[36,6],[-21,22],[6,44],[-55,13],[-63,-4],[12,69],[-32,30],[-3,28],[-77,54],[-15,47],[93,42],[57,9],[75,35],[141,34],[99,14],[53,26],[85,-72],[75,3],[12,-17],[65,22],[64,-41],[0,-31],[-61,-100],[39,-16],[-1,-53],[65,-26],[119,14],[16,16],[54,-36],[26,3]],[[5749,7846],[21,-63],[-16,-30],[59,-68],[66,-26],[-30,-25],[-78,-103],[-100,-33],[-40,-32],[29,-29],[-50,-15],[-9,-45],[-50,-42],[-49,-4],[-127,-36],[24,-64],[-30,-34],[-33,-11],[-60,-71],[-48,-9],[-106,-65],[-52,-14],[-53,-57],[39,-20],[3,-24],[57,-34],[-5,-70],[-27,-6],[-72,12],[-36,-13],[-50,13],[-50,-7]],[[4876,6821],[-29,32],[-78,27],[-38,35],[3,25],[-123,18],[36,-47],[-50,-33],[-99,15],[-16,15],[-78,1],[-35,26],[-64,-29],[-196,-5],[-39,26],[-40,71],[-140,-61],[-16,29],[26,15],[-77,14],[-34,24],[-3,47],[-68,-17],[-66,30],[-73,-78],[5,-33],[-35,1],[-2,-26],[-63,-26],[-102,-25],[-38,-23],[-93,-3],[-50,34],[-108,-11],[-96,12],[-48,26],[-19,-7],[-70,36]],[[4571,481],[-55,9],[-152,-16],[-36,-15],[-12,-26],[-27,7],[-52,55],[25,75],[-48,13],[-54,-36],[1,-31],[-107,29],[-23,-15],[-63,31],[-43,6],[-52,-21],[16,30],[-35,26],[-51,6],[-20,30],[-5,48],[-50,24],[6,21],[-36,44],[-3,86],[52,11],[6,33],[-28,33],[-36,-16],[-31,18],[48,4],[-30,24],[61,24],[-66,29],[-102,-33],[-10,11],[-229,-44],[-18,-28],[19,-53],[38,3],[22,-78],[-3,-24],[54,-111],[-33,-18],[-24,-55],[-44,10],[-21,-42],[-74,1],[-40,-16],[-43,12],[-83,69],[-24,52],[-127,110],[-61,7],[-17,44],[-47,22],[-96,0],[-9,-24],[-65,-3],[-48,89],[-72,52],[-49,62],[-45,132],[-53,83],[3,63],[71,54],[103,35],[77,12],[77,32],[41,50]],[[2739,1497],[40,-32],[57,16],[93,-30],[124,8],[43,-6],[42,-29],[9,31],[43,21]],[[3190,1476],[8,-17],[114,13],[28,28],[25,-22],[22,20],[117,-39],[61,-3],[34,19],[55,-15],[51,23],[-25,60],[86,46],[32,-50],[59,-12],[43,-66],[60,-13],[89,29],[33,-12],[74,53]],[[4156,1518],[1,-31],[-45,-28],[17,-38],[67,-40],[-30,-17],[-8,-37],[-53,-8],[44,-21],[-4,-16],[83,-23],[67,-29],[15,-43],[39,-16],[35,6],[36,-25],[90,18],[-4,-38],[-41,-1],[-37,-38],[49,-22],[34,-66],[-35,-36],[53,-34],[-64,1],[39,-37],[-3,-41],[21,-53],[-30,-37],[11,-52],[25,-19],[-4,-38],[19,-21],[4,-42],[71,-29],[-47,-86]],[[4703,335],[39,-26],[36,-43],[-39,-20],[-48,-3],[-17,-38],[-63,-15],[-34,24],[-35,-99],[-82,-40],[-72,-68],[-38,1],[-53,51],[-42,-59],[-73,39],[12,69],[41,17],[56,0],[25,31],[-16,29],[8,60],[-33,84],[58,28],[46,35],[58,-39],[-14,-36],[55,1],[93,78]],[[4571,396],[48,3],[76,-43],[8,-21]],[[5584,6371],[23,-12],[119,-10],[72,-41],[102,9],[56,-4],[-14,-20],[111,-16],[-11,-39],[26,-35],[31,23],[53,-9],[40,20],[62,-2],[64,-47],[79,23],[60,-2],[19,-58],[23,10],[18,-53],[38,6],[12,-25],[41,22],[14,49],[74,-1],[75,31]],[[6771,6190],[7,-45],[26,-16],[-55,-21],[-6,-17],[64,-16],[31,33],[13,-15],[-22,-51],[67,16],[92,-53],[4,-57],[43,-27],[63,20],[59,37],[33,40],[111,41],[47,-2],[10,-21],[76,-14],[29,-98]],[[7463,5924],[-19,-65],[24,-62],[35,-48],[5,-33],[64,-36],[48,3],[-48,-43],[-74,-91],[11,-42],[77,-59],[-28,-24],[-97,-35],[-16,-38],[-113,20],[-115,61],[19,28],[-39,5],[-26,40],[-35,-14],[-100,-6],[-49,27],[-1,31],[-59,63],[-55,-13],[60,-30],[1,-40],[-26,-30],[-7,-41],[97,-56],[17,-38],[-22,-8],[-57,-64],[-12,-75],[78,-26],[-15,-37],[-72,-35],[-53,-9],[-4,-36],[-61,-90],[5,-71],[-48,-31],[-33,-64],[3,-34],[36,-7],[89,11],[-23,-45],[8,-47],[53,-15],[38,-53]],[[6924,4622],[-21,8],[-81,-48],[-28,-28],[-42,24],[19,-37],[-14,-56],[-78,-27],[-27,3],[-60,-63],[-65,7],[-18,15],[-50,-2],[1,-37],[-63,-3],[11,30],[-49,37],[55,62],[-27,29],[34,-2],[-5,67],[-72,70],[-79,11],[-78,40],[-34,-7],[-16,-38],[24,-14],[-17,-57]],[[6144,4606],[-66,22],[-49,65],[4,29],[-128,-18],[-93,-34],[-60,-35],[-72,6],[-85,-46],[-32,-44],[14,47],[27,17],[-31,13],[-6,-22],[-150,-11],[-83,17],[30,22],[-14,27],[13,34],[-56,10],[-42,-15],[-48,66],[12,61],[64,46],[-80,21],[-61,-10]],[[5152,4874],[-8,17],[47,26],[82,22],[10,20],[77,0],[64,64],[-4,24],[73,26],[31,63],[-55,17],[-8,19],[-105,14],[-62,-9],[-11,27],[-49,43],[18,26],[-69,52],[-40,-17],[-1,25],[-79,-4],[-37,-16],[-37,21],[31,42],[-23,41],[-39,38],[-26,-16],[-107,29],[-15,40],[-58,32],[-14,21],[66,5],[37,-22],[23,51],[-2,74],[-53,32],[-37,63],[-39,30],[-70,13],[-16,-14]],[[4647,5793],[-42,32],[0,45],[100,38],[34,-5],[-1,35],[93,80],[87,36],[40,-10],[30,23],[53,15],[0,74],[47,33],[49,-3],[75,14],[51,39],[47,13],[47,-10],[24,18],[-18,29],[37,45],[72,16],[52,-17],[-4,-23],[64,61]],[[5584,6371],[11,47],[-37,16],[-3,49],[-47,27],[-9,36],[-76,46],[83,38],[-32,64],[-48,42],[-81,1],[19,-33],[-64,25],[-26,-27],[-85,40],[-67,-16],[20,-35],[-53,-27],[-61,34],[20,18],[-27,50],[-44,16],[-59,-5],[-50,20],[8,24]],[[7562,7903],[135,0],[65,8],[38,-38],[-12,-34],[156,-97],[86,-9],[33,24],[65,-23],[19,-96],[-1,-61],[-19,-23],[10,-93]],[[8137,7461],[-66,-48],[-54,-14],[-129,48],[-82,-8],[-91,-70],[-109,-12],[-38,-39],[23,-5],[-13,-39],[-58,-39],[-104,-37],[-89,-1],[-20,-42],[24,-12],[-20,-82],[-36,-5],[-40,-47],[0,-26],[-39,-19],[50,-54],[32,-20],[-5,-36],[-46,-10],[-63,8],[-66,-19],[-67,-38],[-3,-34],[22,-20],[-34,-33],[-64,-30],[-15,-42],[18,-26],[61,-44],[-27,-22],[24,-35],[39,-91],[-5,-24],[40,-8],[-55,-29],[21,-21],[-30,-60],[-56,-2],[-136,-73],[-60,-11]],[[7243,8646],[5,-14],[37,-37]],[[7213,8693],[-6,-13]],[[7953,8398],[117,46],[29,4],[28,82],[-28,33],[-54,-27],[-39,-33],[-28,2],[-6,42],[-97,116],[-44,42],[96,27],[51,-7],[56,24],[18,33],[37,17],[103,14],[42,-10],[-6,55],[-29,9],[5,26],[39,13],[73,-1],[33,-25],[45,-8],[-3,-84],[53,-50],[49,-2],[-38,64],[16,33],[-38,34],[1,57],[58,2],[53,-45],[20,46],[67,7],[27,20],[29,-46],[-14,-23],[86,-56],[8,-54],[-39,-55],[9,-64],[29,-34],[-12,-27],[49,-18],[23,-41],[5,-42],[-36,-37],[31,-24],[55,6],[36,-19],[27,-44],[-18,-24],[53,-6],[78,15],[79,-22],[25,-17],[46,10],[76,-20],[-11,-36],[-44,-14],[18,-44],[51,-11],[38,-51],[-23,-56],[37,-18],[61,11],[20,-25],[35,5],[33,-29],[103,22],[46,-62],[59,26],[53,-10],[80,-59],[1,-19],[58,-7],[35,-21],[42,11],[23,-15],[-38,-50],[-79,-38],[2,-44],[-30,-22],[41,-41],[-25,-18],[21,-82],[-38,-22],[-43,17],[0,23],[-42,24],[25,22],[-2,38],[-30,2],[-36,52],[-90,-39],[-85,8],[-30,-30],[64,-29],[25,-37],[26,5],[30,-32],[84,-8],[3,-43],[-60,4],[21,-37],[-85,-65],[36,-55],[-38,-28],[-14,-33],[165,-46],[71,-36],[27,-40],[38,-20],[-26,-33],[-53,8],[-6,-21],[36,-35],[-49,-40],[-103,-7],[-64,-15],[-53,7],[-36,28],[22,12],[-51,31],[-51,-12],[-19,-25],[-77,29],[-76,-2],[-34,15],[-101,-8],[-45,-80]],[[9127,7062],[-21,10],[-51,-15],[-91,45],[53,70],[18,53],[-131,39],[-50,38],[-79,22],[-46,-3],[-22,-31],[-29,8],[-97,-1],[-84,12],[-2,57],[-23,-8],[-49,39],[-86,15],[-39,57],[-79,-19],[-82,11]],[[1535,5323],[-105,48],[48,35],[11,60],[-57,43],[-67,70],[2,60],[63,55],[22,60],[47,-7],[31,45],[2,34],[64,99],[-61,107],[-66,32],[25,17],[-40,26],[-25,51],[52,9],[17,19],[94,39],[37,56],[56,58],[173,94],[7,21],[106,69],[44,45],[78,6],[66,-94],[58,1],[69,19],[65,-2],[12,-14]],[[2363,6484],[0,-34],[44,12],[73,-15],[60,-28],[14,-45],[-29,-24],[10,-50],[-17,-51],[26,-69],[23,-14],[28,19],[77,-12],[51,24],[31,-12],[30,-41],[-104,-105],[24,-17],[2,-51],[31,-14],[-16,-56],[46,-37],[69,14],[31,25],[75,32],[91,-14],[39,-19],[32,11],[7,30],[32,-13],[-30,-56],[40,-46],[0,-23],[112,-6],[-32,-14],[14,-21]],[[3247,5764],[-15,-20],[-70,-47],[-18,-88],[-39,-41],[-44,-19],[-23,-105],[57,-29],[46,0],[5,33],[22,-3],[45,-47],[48,3],[-7,-28],[89,-63],[43,-67],[5,-51],[40,-21],[-72,-66],[-98,-45],[-20,14],[-63,-32],[9,-14],[61,5],[66,-30],[140,-11],[94,-19],[11,-33],[-69,-10],[-5,-47],[-61,-6],[-82,25],[-27,-29],[-82,-30],[-67,-58],[-23,-38],[-75,-10],[10,-46],[54,-101],[5,-64],[64,27],[2,-23],[61,-22]],[[3264,4508],[-157,7],[-71,-45],[-30,-31]],[[3006,4439],[-74,-16],[-88,50],[-28,36]],[[2816,4509],[-4,24],[-108,39],[-28,23],[-38,78],[66,77],[-18,17],[-37,-7],[-36,-32],[-10,-35],[-52,12],[-37,-13],[-43,57],[-42,25],[-1,29],[-40,14],[11,38],[-29,2],[-1,68],[-93,5],[-15,15],[-68,13],[-23,42],[-74,17],[-31,22],[-12,50],[-30,8],[-40,54],[-17,61],[-50,21],[-30,-4],[-43,33],[-55,-43],[-31,-53],[-32,2],[-49,41],[-88,13],[-23,26],[-14,75],[-16,0]],[[6144,4606],[-8,-26],[21,-42],[-66,-24],[-30,-24],[-37,-84],[33,-15],[-55,-60],[85,-15],[14,-43],[-72,-4],[-18,-77],[58,-22],[-2,-46],[-30,23],[-98,-14],[-50,6],[-76,-65],[46,-10],[-1,-27],[-52,-114],[-54,-14],[-32,15],[-38,-45],[-53,-36],[15,-41],[-62,-40],[-20,17],[-91,4],[-30,-23],[-17,15],[-69,-19],[-40,7],[-65,-14],[-33,28],[-79,-6],[-17,-42],[-34,-11],[0,-25],[-44,17],[33,17],[-95,6],[29,21],[-49,41],[-33,-10],[0,-23],[-54,-9],[-69,14],[19,24],[-37,42],[-33,16],[-72,-12],[-32,52],[-58,9],[-31,-17],[-59,1],[-60,34],[-86,-28],[2,-29],[36,-18],[-18,-14],[14,-50],[-42,-12],[-28,-36],[-36,-17],[-76,11],[-23,-36],[29,-8],[44,-97],[17,-16],[-52,-24],[-50,11],[-42,-10],[11,-29],[-16,-62]],[[4126,3452],[-45,18],[-63,-4],[-1,-28],[-99,-46],[-65,5],[-83,75],[37,35],[-23,15],[95,46],[18,58],[-90,48]],[[3807,3674],[-110,53],[25,66],[-59,31],[8,11],[-67,20],[-10,23],[30,69],[-22,10],[-40,-38],[-238,39],[96,27],[23,31],[68,41],[4,47],[43,4],[-33,40],[-66,33],[-23,43],[-51,10],[-32,27],[52,28],[-23,33],[-28,-18],[-51,3],[-8,18],[-58,-27],[-37,36],[-68,-27],[4,30],[-39,30],[0,38],[-91,34]],[[3264,4508],[79,13],[21,60],[-45,16],[-67,45],[36,6],[22,29],[55,19],[-10,15],[52,21],[57,-4],[22,53],[54,31],[96,6],[20,-12],[52,13],[53,-32],[49,-15],[48,16],[65,0],[62,-18],[38,-42],[15,26],[57,35],[47,3],[1,-45],[35,-10],[13,-38],[-43,-25],[16,-45],[74,-38],[143,-7],[39,63],[48,-21],[-2,-28],[55,-34],[54,-2],[28,49],[91,-25],[75,-7],[62,42],[-21,31],[114,26],[10,47],[-38,5],[33,63],[-17,42],[33,23],[69,5],[-10,-25],[95,33],[53,3]],[[3247,5764],[20,-9],[61,-66],[-8,-27],[130,-4],[12,47],[39,-2],[58,80],[81,-18],[17,-32],[45,-4],[11,-19],[53,-15],[44,20],[62,-32],[60,4],[22,25],[76,40],[47,-39],[42,23],[66,-5],[0,40],[108,25],[85,-4],[52,-43],[75,-16],[28,9],[28,-24],[75,32],[11,43]],[[9127,7062],[12,-74],[68,-39],[-36,-34],[40,-11],[23,-49],[54,9],[-30,-37],[-98,-7],[-9,23],[-65,-38],[-26,23],[-21,-13],[-35,28],[-37,-19],[-28,19],[-102,-4],[26,-39],[-27,-32],[30,-16],[37,26],[-2,22],[37,-8],[63,15],[-34,-67],[-56,-38],[41,-28],[103,72],[48,-4],[38,-38],[38,-7],[17,-31],[51,-21],[-36,-23],[24,-19],[42,5],[2,-33],[-140,-68],[-22,-39],[12,-47],[69,23],[-19,-46],[-30,-6],[-15,-43],[-66,27],[-19,-38],[-30,-15],[-73,33],[-60,-39],[-40,-13],[18,-52],[-45,-37],[-6,-31],[45,-38],[-22,-23],[10,-30],[-36,-11],[22,33],[-47,-20],[-47,2],[2,-32]],[[8740,6065],[-117,50],[-43,-2],[5,56],[-29,23],[-87,-3],[-68,-22],[-148,28],[-16,31],[-50,-1],[-54,-18],[-19,45],[-54,-25],[6,-32],[-35,7],[-84,-38],[-70,-63],[-17,-32],[53,-21],[22,-46],[-74,-62],[-58,-16],[-38,34],[-22,-17],[-5,-48],[-41,-42],[-51,-1],[-26,41],[-58,2],[-66,54],[-33,-23]],[[6924,4622],[24,-23],[-3,-32],[18,-70],[23,-2],[106,-64],[52,-14],[35,-31],[78,-26],[8,23],[53,-5],[150,36],[78,-50],[78,-27],[119,-12],[42,-56],[128,-4],[42,-17]],[[7955,4248],[60,-66],[-13,-89],[14,-29],[-35,-53],[-38,-28],[-67,-20],[-41,-49],[-84,-9],[-80,-34],[-36,1],[-70,-87],[128,-53],[-19,-25],[-40,-6],[-72,12],[-85,-45],[-43,-13],[-42,12],[-46,-14],[-26,48],[-106,-18],[-33,-17],[-35,44],[-62,-4],[-70,44],[-26,-74],[43,-54],[-13,-10],[55,-75],[-60,-10],[-10,-78],[28,-27],[93,-5],[12,-32],[-38,-48],[-58,-19],[10,-63],[38,-77],[-1,-36],[-27,-51],[-51,13],[-63,-8],[-99,-24],[-61,0],[-37,-22],[-92,-4],[-76,59],[-48,96],[-53,54],[-114,-1],[-58,44],[-79,-34],[-88,36],[-49,5],[-55,-19],[-157,49],[-49,-30],[-108,-22],[36,-42],[-61,-38],[-74,-86],[15,-9],[-54,-34],[-23,29],[53,66],[-12,26],[-34,-16],[-96,52],[-94,2],[-37,-42],[-173,-5],[-116,-19],[-79,-78],[3,-108],[-36,-10]],[[4941,2971],[-21,40],[-47,14],[-78,-1],[-43,22],[-2,28],[-35,-20],[-87,-2],[16,-23],[-34,-22],[-98,21],[-14,58],[-29,9],[40,82],[9,49],[-109,6],[-169,32]],[[4240,3264],[-121,16],[-30,-1]],[[4089,3279],[11,95],[68,49],[-42,29]],[[4240,3264],[2,-44],[-37,-6],[33,-74],[7,-40],[26,-25],[73,-16],[-28,-71],[-188,-7],[4,-27],[-39,-2],[-9,-44],[-65,-26],[-49,29],[44,8],[-52,34],[-129,-3]],[[3833,2950],[68,105],[59,36],[-29,42],[-63,21],[75,29],[43,-2],[32,-22],[47,-4],[25,18],[-42,58],[6,35],[35,13]],[[3190,1476],[-19,139],[24,42],[-55,-13],[-17,19],[22,28],[-48,5],[0,76],[47,23],[-12,37],[18,57],[-54,71],[-24,60],[-41,62],[10,29],[32,3],[139,42],[-20,75],[-37,29],[-3,63],[85,9],[-19,90],[73,8],[-7,49],[79,15],[2,25],[71,3]],[[3436,2522],[52,-15],[105,-44],[64,-3]],[[3657,2460],[-34,-25],[-151,-7],[19,-32],[-38,-20],[13,-31],[-8,-39],[-25,-4],[50,-23],[-18,-35],[23,-15],[-91,-57],[-45,-19],[-15,-88],[-55,-23],[5,-12],[-87,-18],[27,-31],[-27,0],[18,-52],[125,29],[58,-15],[61,-125],[95,-45],[43,30],[72,26],[-25,17],[34,39],[-33,5],[9,61],[126,66],[47,45],[50,6],[-8,93],[45,26],[43,53],[-5,40],[-38,36],[9,37],[-44,25],[22,44],[-4,30],[-34,20]],[[3866,2472],[64,16],[56,-39],[63,13],[40,32],[45,-22],[59,-4],[21,-25],[80,11],[120,55],[44,12],[114,4],[25,29],[45,17],[50,44],[37,15],[25,34],[155,-12],[72,3],[64,-19]],[[5045,2636],[10,-57],[31,-104],[-29,-35],[25,-6],[29,-92],[-37,-65],[50,-48],[6,-88],[34,-42],[-49,-15],[2,-26],[40,-22],[-31,-40]],[[5126,1996],[-30,41],[-25,-15],[-72,15],[4,-39],[28,-53],[-89,-65],[-68,-3],[-37,-34],[20,-61],[-46,-19],[-70,7],[37,11],[-103,5],[-30,-52],[-45,-1],[-48,21],[-81,-15],[3,32],[-83,-24],[-50,-78],[0,-36],[-65,-43],[-53,-61],[-67,-11]],[[3657,2460],[52,-14],[77,6],[80,20]],[[3436,2522],[42,11],[-8,35],[-83,90],[-18,74],[-19,23],[-30,-2]],[[3320,2753],[2,61],[22,47],[33,-12],[75,66],[74,-5],[151,23],[83,3],[73,14]],[[4941,2971],[-59,-82],[52,-31],[72,19],[76,-12],[25,-16],[-1,-86],[35,-43],[-18,-36],[55,-44],[-76,-7],[-29,28],[-28,-25]],[[2249,3319],[81,66],[69,-15],[-15,53],[-39,1],[-26,30],[61,33],[-32,23],[-43,-6],[-17,17],[63,-3],[5,45]],[[2356,3563],[79,-2],[-28,-12],[-45,-48],[50,15],[119,-40],[32,0],[73,29],[40,-39],[35,-15],[50,-55],[8,30],[33,-21],[5,25],[44,8],[45,-31],[65,-27],[30,1],[1,30],[55,-13],[21,20],[74,29],[24,-39],[29,2],[44,-48],[53,22],[23,-5]],[[3315,3379],[44,-9],[-44,-75],[-100,-41],[-142,-68],[-69,27],[-70,-71],[-68,20],[6,-23],[-34,-23],[39,-40],[79,-42],[-1,-27],[78,-60]],[[3033,2947],[-64,-47],[-96,-34],[-43,-34],[-22,-47],[-147,-69],[-68,-50],[-41,-7],[-155,25],[-82,-12],[-54,4]],[[2261,2676],[7,116],[150,54],[-17,6],[60,26],[-33,22],[-42,0],[-26,67],[41,23],[30,-22],[54,55],[-34,79],[13,24],[-74,-18],[-34,32],[-37,73],[21,29],[-95,9],[-10,32],[-35,-1],[49,37]],[[2249,3319],[-24,23],[-71,2],[-84,-19],[-31,19],[-133,-18],[-15,-28],[-121,-41],[-99,-48],[-14,21],[-88,-6],[-36,-37],[-36,-11],[-42,-45],[-80,-43],[11,-18],[63,12],[31,-20],[-24,-28],[-88,10],[3,-47],[46,8],[40,-18],[43,-39],[62,-34],[44,-45],[23,-43]],[[1629,2826],[-121,-35],[-62,-9],[-92,-31],[-57,-29],[-84,-21],[-107,-8],[-64,-18],[-97,-44],[-159,-55],[-126,-18],[-42,3],[-160,-11],[-65,16],[-24,30],[-30,115],[-35,30],[-84,34],[-89,73],[-56,21],[-75,54],[2,46],[32,-1],[87,80],[75,-2],[21,-11],[48,26],[-30,23],[15,76],[31,7],[9,53],[60,18],[23,-30],[78,-29],[65,35],[34,-16],[76,-69],[-13,56],[13,16],[-21,68],[41,41],[-41,12],[-59,43],[-64,24],[-35,35],[20,18],[-23,33],[120,63],[-19,23],[52,32],[108,9],[23,47],[75,9],[54,19],[16,50],[34,-9],[-18,-17],[56,-16],[-16,-19],[38,-28],[94,-11],[-8,23],[105,60],[-60,36],[-51,60],[-40,10],[56,28],[1,29],[54,12],[94,-3],[10,-27],[34,-6],[-16,-21],[52,18],[45,-24],[39,51],[38,26]],[[1414,3899],[39,18],[138,-16],[134,48],[93,13],[40,-71],[28,13],[39,-55],[33,-8],[88,53],[50,11],[45,-9],[2,-24],[58,4],[33,17],[19,36],[69,0],[10,35],[26,10]],[[2358,3974],[70,7],[-11,-31],[37,-3],[63,-66],[61,-20],[8,-43],[-16,-34],[-118,-33],[44,-13],[68,-49],[8,-30],[-59,-17],[-132,-18],[-25,-61]],[[2090,2653],[-66,67],[-113,76],[-60,17],[-176,19],[-46,-6]],[[2261,2676],[-67,3],[-68,-29],[-36,3]],[[4571,396],[1,44],[-1,41]],[[5126,1996],[21,-29],[49,26],[30,-4],[-18,-46],[31,-13],[85,70],[21,-28],[-51,-29],[38,-36],[-39,-37],[39,-56],[17,-65],[69,33],[71,-8],[36,-61],[-29,-26],[-56,-13],[-26,-66],[70,-12],[84,-37],[24,-21],[-25,-23],[-39,-88],[-51,-13],[23,-53],[-37,-22],[-101,-9],[-25,-28],[3,-91],[60,-38],[-16,-32],[9,-48],[-42,-31],[-23,3],[-81,-71],[2,-77],[67,-2],[35,-59],[46,-40],[-16,-83],[-65,5],[-20,57],[-19,1],[-4,-43],[62,-63],[-9,-33],[120,-43],[46,-54],[-27,-41],[-48,-11],[-34,72],[-83,-5],[-56,20],[-57,-44],[-34,-54],[1,-36],[-121,-3],[-4,18],[-81,4],[-26,31],[-33,-31],[-58,-9],[-47,18],[24,-44],[-29,-34],[13,-28],[-43,19],[-46,-67]],[[2358,3974],[-74,41],[25,13],[79,10],[-4,34],[-29,-1],[-49,55],[-62,3],[-46,50],[66,20],[32,22],[-15,30],[37,-2],[39,20],[-32,22],[62,62],[108,26],[1,54],[14,29],[55,-29],[14,12],[152,47],[85,17]],[[3807,3674],[-39,-40],[-81,-21],[-52,20],[-32,-37],[-35,-2],[-132,-88],[-65,-32],[20,-22],[-81,-34],[5,-39]],[[8740,6065],[-25,-34],[80,-16],[8,-74],[-44,-74],[-77,-61],[-5,-36],[52,-29],[-32,-1],[-37,-42],[-48,-3],[-54,-45],[-7,-31],[20,-50],[-30,-59],[6,-31],[30,-4],[82,29],[85,-47],[77,-13],[60,12],[-2,27],[35,25],[-78,65],[-9,28],[53,27],[53,-11],[65,38],[51,9],[73,-16],[45,11],[72,-7],[82,-77],[38,-96],[18,-5],[-8,-60],[-35,-2],[-61,29],[-82,-58],[12,-38],[29,-16],[11,-71],[-20,-42],[22,-53],[46,-29],[-60,-49],[4,-27],[-40,-46],[17,-26],[-1,-61],[-19,-41],[15,-22],[-37,-38],[7,-23],[-47,-26],[-16,-39],[-84,-24],[-15,-43],[-34,-35],[-75,-39],[-37,-51],[-45,3],[-81,-32],[-17,-18],[-88,-38],[-32,1],[-41,-23],[-52,46],[-41,-52],[-88,35],[-56,-1],[-90,83],[-53,5],[-47,-26],[-33,28],[-38,-5],[-38,-49],[34,-49],[-20,-68],[-40,-67],[-5,-42],[-43,-27]],[[3320,2753],[-61,-10],[-27,44],[-116,-5],[-90,-17],[-13,54],[104,50],[73,21],[-25,33],[-8,58],[-27,-1],[-23,46],[-54,19],[-14,-24],[16,-57],[-22,-17]],[[1414,3899],[3,59],[-29,54],[-53,31],[19,52],[-18,25],[-79,16],[-36,-6],[9,84],[-44,83],[-29,27],[-56,11],[-9,45],[-20,-15],[-62,-2],[-5,74],[-150,0],[22,10],[-30,31],[-43,-9],[-30,18],[8,22],[61,12],[13,60],[18,10],[-56,17],[57,9],[5,19],[43,6],[40,32],[-2,35],[-37,8],[-26,37],[-30,9],[-7,44],[-27,9],[-1,47],[45,14],[-29,57],[55,25],[-15,22],[49,38],[17,-5],[79,67],[-1,26],[39,4],[34,25],[13,-19],[70,-17],[17,-48],[67,2],[14,-14],[110,-3],[-27,40],[32,21],[77,11],[-25,27],[62,111],[19,76]],[[2363,6484],[55,11],[11,42],[55,7],[15,72],[153,90],[27,26],[94,-7],[9,20],[-34,52],[-5,36],[53,38],[-11,75],[75,10]],[[2739,1497],[25,32],[93,72],[5,36],[-49,17],[-95,-15],[-77,9],[-37,35],[-11,48],[-36,59],[-85,84],[-17,63],[28,79],[-21,35],[-91,27],[-45,43],[-16,61],[39,76],[5,63],[-42,90],[-4,38],[-31,51],[-50,57],[-58,47],[-79,49]]],"bbox":[7.7737186154038875,49.39484525834828,10.236125973704944,51.657548380049015],"transform":{"scale":[0.00024626536236634224,0.00022629294146421955],"translate":[7.7737186154038875,49.39484525834828]},"title":"Hessen","version":"2.0.1","copyright":"Copyright (c) 2022 Highsoft AS, Based on data from GeoBasis-DE / BKG 2014","copyrightShort":"GeoBasis-DE / BKG 2014","copyrightUrl":"http://www.bkg.bund.de"}