{"type":"Topology","objects":{"default":{"type":"GeometryCollection","geometries":[{"type":"MultiPolygon","arcs":[[[0,1,2,3],[4],[5],[6]],[[7]]],"id":"DE.NW.05334000","properties":{"hc-group":"admin2","hc-middle-x":0.47,"hc-middle-y":0.32,"hc-key":"de-nw-05334000","hc-a2":"SA","name":"Städteregion Aachen","bundesland":"DE.NW"}},{"type":"Polygon","arcs":[[8,9,10,11]],"id":"DE.NW.05914000","properties":{"hc-group":"admin2","hc-middle-x":0.53,"hc-middle-y":0.46,"hc-key":"de-nw-05914000","hc-a2":"HA","name":"Hagen","bundesland":"DE.NW"}},{"type":"Polygon","arcs":[[-9,12,13,14,15,16,17]],"id":"DE.NW.05978000","properties":{"hc-group":"admin2","hc-middle-x":0.49,"hc-middle-y":0.37,"hc-key":"de-nw-05978000","hc-a2":"UN","name":"Unna","bundesland":"DE.NW"}},{"type":"Polygon","arcs":[[18,19,20,21,22,23,24]],"id":"DE.NW.05754000","properties":{"hc-group":"admin2","hc-middle-x":0.39,"hc-middle-y":0.47,"hc-key":"de-nw-05754000","hc-a2":"GÜ","name":"Gütersloh","bundesland":"DE.NW"}},{"type":"Polygon","arcs":[[-19,25,26,27,28]],"id":"DE.NW.05758000","properties":{"hc-group":"admin2","hc-middle-x":0.38,"hc-middle-y":0.45,"hc-key":"de-nw-05758000","hc-a2":"HE","name":"Herford","bundesland":"DE.NW"}},{"type":"Polygon","arcs":[[29,30]],"id":"DE.NW.05314000","properties":{"hc-group":"admin2","hc-key":"de-nw-05314000","hc-a2":"BO","name":"Bonn","bundesland":"DE.NW"}},{"type":"Polygon","arcs":[[31,32,-2,33,34,35]],"id":"DE.NW.05370000","properties":{"hc-group":"admin2","hc-middle-y":0.52,"hc-key":"de-nw-05370000","hc-a2":"HE","name":"Heinsberg","bundesland":"DE.NW"}},{"type":"Polygon","arcs":[[-32,36,37,38,39,40,41,42,43,44]],"id":"DE.NW.05162000","properties":{"hc-group":"admin2","hc-middle-y":0.61,"hc-key":"de-nw-05162000","hc-a2":"RK","name":"Rhein-Kreis Neuss","bundesland":"DE.NW"}},{"type":"Polygon","arcs":[[-35,45,46,47,48,-38,49]],"id":"DE.NW.05166000","properties":{"hc-group":"admin2","hc-middle-x":0.44,"hc-middle-y":0.54,"hc-key":"de-nw-05166000","hc-a2":"VI","name":"Viersen","bundesland":"DE.NW"}},{"type":"Polygon","arcs":[[50,51,52,-16]],"id":"DE.NW.05915000","properties":{"hc-group":"admin2","hc-middle-x":0.42,"hc-middle-y":0.51,"hc-key":"de-nw-05915000","hc-a2":"HA","name":"Hamm","bundesland":"DE.NW"}},{"type":"Polygon","arcs":[[-51,-15,53,54,55,56,57]],"id":"DE.NW.05558000","properties":{"hc-group":"admin2","hc-middle-x":0.44,"hc-key":"de-nw-05558000","hc-a2":"CO","name":"Coesfeld","bundesland":"DE.NW"}},{"type":"Polygon","arcs":[[58,-10,-18,59,60,61,62]],"id":"DE.NW.05962000","properties":{"hc-group":"admin2","hc-middle-x":0.58,"hc-middle-y":0.55,"hc-key":"de-nw-05962000","hc-a2":"MK","name":"Märkischer Kreis","bundesland":"DE.NW"}},{"type":"Polygon","arcs":[[-59,63,64,65,66,67,68,-11]],"id":"DE.NW.05954000","properties":{"hc-group":"admin2","hc-middle-x":0.4,"hc-middle-y":0.44,"hc-key":"de-nw-05954000","hc-a2":"ER","name":"Ennepe-Ruhr-Kreis","bundesland":"DE.NW"}},{"type":"Polygon","arcs":[[69,-64,-63,70,71,72,73,74]],"id":"DE.NW.05374000","properties":{"hc-group":"admin2","hc-middle-x":0.44,"hc-middle-y":0.56,"hc-key":"de-nw-05374000","hc-a2":"OK","name":"Oberbergischer Kreis","bundesland":"DE.NW"}},{"type":"Polygon","arcs":[[-70,75,76,77,-65]],"id":"DE.NW.05124000","properties":{"hc-group":"admin2","hc-middle-x":0.49,"hc-middle-y":0.48,"hc-key":"de-nw-05124000","hc-a2":"WU","name":"Wuppertal","bundesland":"DE.NW"}},{"type":"Polygon","arcs":[[-60,-17,-53,78,-23,79,80]],"id":"DE.NW.05974000","properties":{"hc-group":"admin2","hc-middle-x":0.46,"hc-middle-y":0.41,"hc-key":"de-nw-05974000","hc-a2":"SO","name":"Soest","bundesland":"DE.NW"}},{"type":"Polygon","arcs":[[81,82,83,84,85]],"id":"DE.NW.05119000","properties":{"hc-group":"admin2","hc-middle-x":0.39,"hc-key":"de-nw-05119000","hc-a2":"OB","name":"Oberhausen","bundesland":"DE.NW"}},{"type":"Polygon","arcs":[[-82,86,87,-48,88,89,90,91]],"id":"DE.NW.05170000","properties":{"hc-group":"admin2","hc-middle-x":0.53,"hc-middle-y":0.41,"hc-key":"de-nw-05170000","hc-a2":"WE","name":"Wesel","bundesland":"DE.NW"}},{"type":"Polygon","arcs":[[-75,92,93,-76]],"id":"DE.NW.05120000","properties":{"hc-group":"admin2","hc-key":"de-nw-05120000","hc-a2":"RE","name":"Remscheid","bundesland":"DE.NW"}},{"type":"Polygon","arcs":[[-94,94,95,-77]],"id":"DE.NW.05122000","properties":{"hc-group":"admin2","hc-middle-x":0.43,"hc-middle-y":0.53,"hc-key":"de-nw-05122000","hc-a2":"SO","name":"Solingen","bundesland":"DE.NW"}},{"type":"Polygon","arcs":[[-40,96,-87,-86,97,98,99]],"id":"DE.NW.05112000","properties":{"hc-group":"admin2","hc-middle-x":0.49,"hc-key":"de-nw-05112000","hc-a2":"DU","name":"Duisburg","bundesland":"DE.NW"}},{"type":"Polygon","arcs":[[100,101,-68,102,103,104]],"id":"DE.NW.05911000","properties":{"hc-group":"admin2","hc-middle-x":0.51,"hc-middle-y":0.53,"hc-key":"de-nw-05911000","hc-a2":"BO","name":"Bochum","bundesland":"DE.NW"}},{"type":"Polygon","arcs":[[-101,105,106,107,108,-91,109,-54,-14,110]],"id":"DE.NW.05562000","properties":{"hc-group":"admin2","hc-middle-x":0.47,"hc-middle-y":0.53,"hc-key":"de-nw-05562000","hc-a2":"RE","name":"Recklinghausen","bundesland":"DE.NW"}},{"type":"Polygon","arcs":[[-45,111,112,-3,-33]],"id":"DE.NW.05358000","properties":{"hc-group":"admin2","hc-middle-x":0.46,"hc-middle-y":0.55,"hc-key":"de-nw-05358000","hc-a2":"DÜ","name":"Düren","bundesland":"DE.NW"}},{"type":"Polygon","arcs":[[113,-95,-93,-74,114,115,116]],"id":"DE.NW.05378000","properties":{"hc-group":"admin2","hc-middle-x":0.48,"hc-middle-y":0.49,"hc-key":"de-nw-05378000","hc-a2":"RB","name":"Rheinisch-Bergischer Kreis","bundesland":"DE.NW"}},{"type":"Polygon","arcs":[[-114,117,118,-42,119,-99,120,121,-66,-78,-96]],"id":"DE.NW.05158000","properties":{"hc-group":"admin2","hc-middle-x":0.59,"hc-middle-y":0.22,"hc-key":"de-nw-05158000","hc-a2":"ME","name":"Mettmann","bundesland":"DE.NW"}},{"type":"Polygon","arcs":[[-119,122,-116,123,124,-43]],"id":"DE.NW.05315000","properties":{"hc-group":"admin2","hc-middle-x":0.57,"hc-middle-y":0.62,"hc-key":"de-nw-05315000","hc-a2":"KÖ","name":"Köln","bundesland":"DE.NW"}},{"type":"Polygon","arcs":[[-118,-117,-123]],"id":"DE.NW.05316000","properties":{"hc-group":"admin2","hc-middle-x":0.51,"hc-middle-y":0.51,"hc-key":"de-nw-05316000","hc-a2":"LE","name":"Leverkusen","bundesland":"DE.NW"}},{"type":"Polygon","arcs":[[-84,125,-108,126,-103,-67,-122,127]],"id":"DE.NW.05113000","properties":{"hc-group":"admin2","hc-middle-y":0.61,"hc-key":"de-nw-05113000","hc-a2":"ES","name":"Essen","bundesland":"DE.NW"}},{"type":"Polygon","arcs":[[-126,-83,-92,-109]],"id":"DE.NW.05512000","properties":{"hc-group":"admin2","hc-middle-x":0.47,"hc-middle-y":0.37,"hc-key":"de-nw-05512000","hc-a2":"BO","name":"Bottrop","bundesland":"DE.NW"}},{"type":"Polygon","arcs":[[-102,-111,-13,-12,-69]],"id":"DE.NW.05913000","properties":{"hc-group":"admin2","hc-middle-x":0.44,"hc-middle-y":0.48,"hc-key":"de-nw-05913000","hc-a2":"DO","name":"Dortmund","bundesland":"DE.NW"}},{"type":"Polygon","arcs":[[-104,-127,-107,128]],"id":"DE.NW.05513000","properties":{"hc-group":"admin2","hc-middle-x":0.52,"hc-middle-y":0.49,"hc-key":"de-nw-05513000","hc-a2":"GE","name":"Gelsenkirchen","bundesland":"DE.NW"}},{"type":"Polygon","arcs":[[-88,-97,-39,-49]],"id":"DE.NW.05114000","properties":{"hc-group":"admin2","hc-middle-y":0.49,"hc-key":"de-nw-05114000","hc-a2":"KR","name":"Krefeld","bundesland":"DE.NW"}},{"type":"Polygon","arcs":[[129,130,131,-21,132,-28,133]],"id":"DE.NW.05766000","properties":{"hc-group":"admin2","hc-middle-x":0.43,"hc-key":"de-nw-05766000","hc-a2":"LI","name":"Lippe","bundesland":"DE.NW"}},{"type":"Polygon","arcs":[[134,135,136]],"id":"DE.NW.05970000","properties":{"hc-group":"admin2","hc-middle-x":0.55,"hc-middle-y":0.44,"hc-key":"de-nw-05970000","hc-a2":"SW","name":"Siegen-Wittgenstein","bundesland":"DE.NW"}},{"type":"Polygon","arcs":[[137,138,139,-56,140]],"id":"DE.NW.05566000","properties":{"hc-group":"admin2","hc-middle-x":0.59,"hc-middle-y":0.54,"hc-key":"de-nw-05566000","hc-a2":"ST","name":"Steinfurt","bundesland":"DE.NW"}},{"type":"Polygon","arcs":[[-50,-37,-36]],"id":"DE.NW.05116000","properties":{"hc-group":"admin2","hc-middle-x":0.54,"hc-middle-y":0.52,"hc-key":"de-nw-05116000","hc-a2":"MÖ","name":"Mönchengladbach","bundesland":"DE.NW"}},{"type":"Polygon","arcs":[[141,-24,-79,-52,-58,142,-139]],"id":"DE.NW.05570000","properties":{"hc-group":"admin2","hc-middle-x":0.45,"hc-middle-y":0.55,"hc-key":"de-nw-05570000","hc-a2":"WA","name":"Warendorf","bundesland":"DE.NW"}},{"type":"Polygon","arcs":[[-29,-133,-20]],"id":"DE.NW.05711000","properties":{"hc-group":"admin2","hc-middle-x":0.56,"hc-middle-y":0.51,"hc-key":"de-nw-05711000","hc-a2":"BI","name":"Bielefeld","bundesland":"DE.NW"}},{"type":"Polygon","arcs":[[-62,143,-136,144,-71]],"id":"DE.NW.05966000","properties":{"hc-group":"admin2","hc-middle-x":0.62,"hc-middle-y":0.43,"hc-key":"de-nw-05966000","hc-a2":"OL","name":"Olpe","bundesland":"DE.NW"}},{"type":"Polygon","arcs":[[145,146,-89,-47]],"id":"DE.NW.05154000","properties":{"hc-group":"admin2","hc-middle-x":0.38,"hc-middle-y":0.29,"hc-key":"de-nw-05154000","hc-a2":"KL","name":"Kleve","bundesland":"DE.NW"}},{"type":"Polygon","arcs":[[-131,147,148,149]],"id":"DE.NW.05762000","properties":{"hc-group":"admin2","hc-middle-x":0.51,"hc-middle-y":0.53,"hc-key":"de-nw-05762000","hc-a2":"HÖ","name":"Höxter","bundesland":"DE.NW"}},{"type":"Polygon","arcs":[[150,-137,-144,-61,-81,151,-149]],"id":"DE.NW.05958000","properties":{"hc-group":"admin2","hc-middle-x":0.48,"hc-middle-y":0.67,"hc-key":"de-nw-05958000","hc-a2":"HO","name":"Hochsauerlandkreis","bundesland":"DE.NW"}},{"type":"Polygon","arcs":[[-141,-55,-110,-90,-147,152]],"id":"DE.NW.05554000","properties":{"hc-group":"admin2","hc-middle-x":0.61,"hc-middle-y":0.57,"hc-key":"de-nw-05554000","hc-a2":"BO","name":"Borken","bundesland":"DE.NW"}},{"type":"Polygon","arcs":[[153,-134,-27]],"id":"DE.NW.05770000","properties":{"hc-group":"admin2","hc-middle-x":0.48,"hc-middle-y":0.51,"hc-key":"de-nw-05770000","hc-a2":"ML","name":"Minden-Lübbecke","bundesland":"DE.NW"}},{"type":"Polygon","arcs":[[154,155,156,-124,-115,-73,157,-31]],"id":"DE.NW.05382000","properties":{"hc-group":"admin2","hc-middle-x":0.58,"hc-middle-y":0.44,"hc-key":"de-nw-05382000","hc-a2":"RS","name":"Rhein-Sieg-Kreis","bundesland":"DE.NW"}},{"type":"Polygon","arcs":[[-113,158,-156,159,-4]],"id":"DE.NW.05366000","properties":{"hc-group":"admin2","hc-middle-y":0.6,"hc-key":"de-nw-05366000","hc-a2":"EU","name":"Euskirchen","bundesland":"DE.NW"}},{"type":"Polygon","arcs":[[-132,-150,-152,-80,-22]],"id":"DE.NW.05774000","properties":{"hc-group":"admin2","hc-middle-x":0.57,"hc-middle-y":0.47,"hc-key":"de-nw-05774000","hc-a2":"PA","name":"Paderborn","bundesland":"DE.NW"}},{"type":"Polygon","arcs":[[-140,-143,-57]],"id":"DE.NW.05515000","properties":{"hc-group":"admin2","hc-middle-x":0.49,"hc-middle-y":0.48,"hc-key":"de-nw-05515000","hc-a2":"MÜ","name":"Münster","bundesland":"DE.NW"}},{"type":"Polygon","arcs":[[-129,-106,-105]],"id":"DE.NW.05916000","properties":{"hc-group":"admin2","hc-middle-y":0.49,"hc-key":"de-nw-05916000","hc-a2":"HE","name":"Herne","bundesland":"DE.NW"}},{"type":"Polygon","arcs":[[-85,-128,-121,-98]],"id":"DE.NW.05117000","properties":{"hc-group":"admin2","hc-middle-y":0.48,"hc-key":"de-nw-05117000","hc-a2":"MA","name":"Mülheim an der Ruhr","bundesland":"DE.NW"}},{"type":"Polygon","arcs":[[-120,-41,-100]],"id":"DE.NW.05111000","properties":{"hc-group":"admin2","hc-middle-x":0.4,"hc-middle-y":0.52,"hc-key":"de-nw-05111000","hc-a2":"DÜ","name":"Düsseldorf","bundesland":"DE.NW"}},{"type":"Polygon","arcs":[[-157,-159,-112,-44,-125]],"id":"DE.NW.05362000","properties":{"hc-group":"admin2","hc-middle-x":0.45,"hc-middle-y":0.49,"hc-key":"de-nw-05362000","hc-a2":"RE","name":"Rhein-Erft-Kreis","bundesland":"DE.NW"}}],"hc-recommended-transform":{"default":{"crs":"+proj=utm +zone=32 +datum=WGS84 +units=m +no_defs","scale":0.00278573286686,"jsonres":15.5,"jsonmarginX":-999,"jsonmarginY":9851,"xoffset":280371.059111,"yoffset":5820206.261}}}},"arcs":[[[1250,788],[-18,20],[-32,-17],[-77,31],[-21,-26],[-29,21],[-70,-42],[-18,20],[-36,112],[-29,34],[5,31],[-4,-7],[-53,24],[-10,72],[41,40],[39,13],[44,56],[17,40],[41,-14],[-1,-15],[28,65],[0,32],[54,62],[13,52],[-22,55],[-11,-1],[31,-55],[-104,-19],[-52,28],[-64,7],[-33,-46],[4,39],[-47,52],[45,4],[21,-24],[89,5],[17,31],[-6,4],[-13,-33],[-84,-4],[-21,32],[36,45],[-10,32],[-76,-8],[-26,56],[-36,32],[0,32],[-57,82],[-11,58],[-59,15],[-69,-9],[-80,33],[-22,-38],[-6,61],[17,55],[-53,34],[-9,46],[26,48],[-58,35],[-50,55],[-39,19],[30,58],[49,-43],[61,58],[-25,112],[8,34],[64,22],[35,28],[6,-29],[48,-19],[9,63],[31,53],[-36,85],[16,79],[17,21]],[[615,2672],[15,-21],[56,9],[-3,-25],[73,-31],[34,45],[7,81],[21,48],[46,44],[28,-10],[22,28]],[[914,2840],[22,-29],[49,-6],[26,-34],[-21,-23],[18,-42],[-79,-84],[22,-55],[30,-18],[30,-55],[1,-48],[35,43],[30,-48],[115,96],[35,-55],[40,-15],[-14,-55],[57,-53],[-21,-24],[29,-18],[-16,-23],[18,-57],[-42,-39],[-9,-39],[-66,-36],[36,-29],[8,-62],[79,35],[29,43],[-3,-90],[38,-48],[-45,-5],[-62,-91],[-9,-50],[-44,-107],[13,-55],[-75,-19],[-4,-40],[40,-38],[53,-8],[18,-54],[22,-18],[121,79],[6,-70],[36,-16],[42,-41],[5,-55],[-30,23],[-1,-37],[-42,-22],[36,-5],[-21,-45],[75,-38],[8,36]],[[1532,1296],[7,-31],[-28,-22],[-51,-7],[13,-53],[-21,-36],[-64,-66],[0,-90],[-19,-55],[52,30],[8,-12],[-28,-69],[-64,-54],[-48,-6],[-39,-37]],[[1034,1142],[-9,-45],[-12,-18],[17,23],[4,40]],[[961,1045],[28,3],[4,3],[-25,7],[-7,-13]],[[1082,1444],[-31,-3],[-12,8],[11,-10],[32,5]],[[908,1541],[7,-29],[-33,-23],[-47,44],[73,8]],[[4570,4958],[-15,-17],[92,-34],[-8,-53],[90,15],[63,-34]],[[4792,4835],[-10,-60],[25,-120],[15,-22],[-61,-71],[22,-104],[-7,-46],[-38,-31],[-9,-43],[-43,-26],[-4,-26],[-39,4],[-49,-26]],[[4594,4264],[-5,55],[-19,-22],[-56,20],[-23,54],[24,34],[19,-13],[33,57],[-10,47],[-42,-13],[-74,24],[-64,-16],[-32,-73],[15,-17],[-52,-5],[-42,35],[68,82],[-5,50],[-33,-19],[-54,62],[-40,14],[6,30],[43,20],[-6,51],[44,75],[-13,53],[32,33],[58,-49],[44,40],[17,55],[22,21]],[[4449,4949],[56,7],[65,2]],[[4570,4958],[8,64],[58,28],[11,44],[41,35],[-23,30],[29,32],[50,25],[39,-45],[65,64],[-29,81],[-4,55],[62,40],[36,10],[17,33],[-36,110],[-47,-15],[-12,22],[7,64],[-42,-9],[17,49],[-19,30],[-75,11],[-97,-40],[-73,18],[-13,52],[-22,3],[-120,-53],[-73,25],[14,35],[-21,23]],[[4318,5779],[50,36],[35,1],[30,32],[-3,43],[20,28],[-61,76],[-8,63],[-86,16]],[[4295,6074],[5,29],[64,-13],[33,29],[14,70],[-38,64],[-31,4],[-8,43],[36,39],[31,7],[55,53],[26,-35],[20,-66],[21,29],[71,4],[2,-63],[38,-13],[5,-54],[25,-35],[71,60],[57,10],[48,28],[21,41],[41,-28],[40,18],[26,-31],[8,30],[41,18],[-3,26],[53,27],[14,-52],[27,-23]],[[5108,6290],[16,-109],[55,-48],[-20,-32],[-26,3],[-85,-37],[21,-224],[53,-7],[35,13],[6,35],[58,13],[47,-22],[68,1],[10,-19],[66,20],[15,-58],[-16,-24],[11,-62],[34,-48]],[[5456,5685],[36,-116],[-21,-86],[22,-25],[-28,-105],[36,-53],[19,-56],[-31,-12]],[[5489,5232],[-57,-29],[-30,10],[-28,-28],[-24,13],[-70,-14],[-47,14],[-29,-19],[-19,21],[-90,11],[-61,-28],[-51,-8],[-9,-25],[-39,-2],[-7,-28],[-65,-31],[39,-70],[4,-40],[-34,-12],[41,-61],[-52,-94],[-16,36],[-29,11],[-24,-24]],[[7080,8114],[46,-48],[53,8],[29,24],[41,-49]],[[7249,8049],[3,-46],[-41,-18],[3,-43],[-34,-44],[18,-76],[-51,-7],[-40,-24],[38,-68],[76,-46],[-38,-109],[9,-26],[-47,-15],[-20,-50],[-102,-27],[19,-54],[64,15],[22,-62],[107,18],[57,-25],[25,-62],[45,-50],[57,27],[35,-1],[-2,-43],[46,39],[53,-19],[74,31]],[[7625,7264],[52,10],[33,-39],[121,-15],[111,-121],[36,-84],[42,-62]],[[8020,6953],[-84,-18],[-78,11],[-78,-22],[-26,62],[-44,51],[-25,-68],[-53,-22],[-83,-56],[-72,-25],[-54,-37],[-11,-60],[-23,-39],[-66,-51],[-82,-29],[-143,-149],[-21,-45],[-2,-64],[-16,-70]],[[7059,6322],[-102,-4],[-67,19],[-19,27],[-43,-14]],[[6828,6350],[-27,40],[-24,89],[-23,-5],[-39,76],[-71,16],[-2,65],[17,14],[-5,55],[-48,30],[-15,56],[-57,2],[-40,29],[15,30],[28,-2],[8,53],[-55,73],[-38,-1],[-26,92],[-69,68],[50,44],[13,55],[-31,60],[-92,85],[-46,20],[-16,70],[20,1],[-19,95],[10,38],[-55,-18],[-43,62],[57,209]],[[6205,7851],[92,53],[6,14],[73,19],[45,-19],[59,10],[38,103],[58,54],[46,58],[46,-6],[11,54],[61,11],[-9,-41],[72,-33],[36,35],[96,-40],[41,-33],[61,-5],[43,29]],[[7080,8114],[-15,72],[32,39],[102,72],[24,-11],[86,61],[36,58],[32,25],[-108,32],[-62,27],[-39,74],[53,70],[-4,59],[23,20],[-26,50],[20,42]],[[7234,8804],[18,-33],[37,19],[102,-1],[88,-17],[47,-31],[187,27],[29,-40],[63,-18],[2,-31],[33,-35],[40,75],[37,4],[77,-41],[-5,-20],[41,-15],[15,-81],[67,-32],[21,-49],[-24,-67],[10,-11],[-42,-47],[25,-28],[111,28],[29,27],[33,-5],[12,54],[43,1],[10,32],[41,-6],[63,18],[18,-25],[55,-28]],[[8517,8428],[-63,-81],[-26,-65],[22,-34],[-29,-51],[24,-25],[-26,-72],[-99,-47],[-42,8],[-86,64],[-5,41],[-57,-43],[-25,22],[-48,-31],[-33,27],[-73,-63],[13,-24],[-33,-53],[-45,21],[-95,-36],[7,-27],[-26,-36],[-14,-58]],[[7758,7865],[-65,3],[-39,37],[9,38],[-41,7],[8,44],[-19,3],[-61,-62],[-26,5],[-19,66],[25,27],[-15,42],[-36,-21],[-29,23],[-71,20],[-46,-18],[-33,10],[-51,-40]],[[3742,1478],[-35,-6],[-9,-25]],[[3698,1447],[-39,44],[-69,10],[-79,-33],[-21,43],[-39,10],[-84,-77],[-10,-35],[-46,-11],[-11,30],[-71,75],[1,48],[21,-16],[27,55],[-36,16],[22,50],[-44,72],[47,65],[-29,32],[19,143],[55,29],[25,34],[73,-38],[42,1],[13,33],[38,16],[40,-24],[48,-68],[18,11],[54,-21],[34,-36],[10,17],[31,-48],[-51,-47],[15,-62],[-79,-42],[20,-67],[99,-178]],[[1608,3471],[18,3],[11,-53],[-20,-73],[83,-29],[-50,-59]],[[1650,3260],[-14,16],[-27,-36],[-39,-19],[-89,-12],[-16,15],[-58,-5],[0,-36],[-31,-11],[3,-32],[-110,-17],[-62,14],[-4,40],[-37,-7],[-2,-57],[-43,-31],[11,-19],[-44,-7],[-43,-50],[-46,-24],[-83,-66],[19,-64],[-21,-12]],[[615,2672],[16,24],[-59,20],[-50,-3],[6,22],[-105,33],[-4,82],[-32,19],[29,27],[29,94],[-115,-6],[-47,-12],[-35,40],[-60,-14],[-81,-48],[-33,26],[31,32],[4,65],[-27,42],[-46,30],[-13,53],[10,37],[-33,62],[57,4],[74,66],[16,-14],[20,-71],[33,-58],[55,-2],[26,44],[7,73],[78,107],[56,47],[50,8],[58,60],[16,33],[37,10],[45,72],[81,27],[13,19],[105,17],[33,44],[-102,66],[100,51]],[[858,3900],[98,-82],[42,29],[45,67],[27,11],[87,-66],[28,0]],[[1185,3859],[7,-33],[31,-13],[-14,-58],[51,-11],[35,-34],[9,-38],[54,-34],[-16,-31],[7,-67],[26,-43],[34,16],[55,-1],[-19,-38],[34,7],[62,-26],[67,16]],[[1608,3471],[-19,70],[23,31],[51,24],[44,-21],[-37,80],[11,42],[62,48],[56,-14],[5,-32],[63,23],[-19,21],[-23,130],[-17,23],[-69,-58],[-32,25],[38,75],[-15,80],[3,77],[51,-3],[10,-32],[31,27]],[[1825,4087],[23,-14],[22,45],[65,-11],[17,48],[92,11],[12,22],[56,12],[-27,11],[-15,45],[-39,-6],[-30,112]],[[2001,4362],[101,21],[2,79],[85,4],[64,52],[65,28],[19,44]],[[2337,4590],[13,-8],[12,-9]],[[2362,4573],[46,-51],[8,-45],[-24,-69],[-60,-85],[8,-58],[56,-38],[-31,-51],[-73,-62],[8,-30],[71,-4],[37,-83],[4,-91],[36,-20],[114,13],[30,-55],[-12,-92],[13,-31],[48,-3],[59,76],[51,-5],[-16,-116],[19,-37]],[[2754,3636],[60,-52],[9,-70],[-76,-68]],[[2747,3446],[-85,-47],[22,-69],[-39,-22],[-10,-34],[-24,10],[-10,50],[-38,42],[-39,-20]],[[2524,3356],[-56,8],[24,-107],[-29,-12],[-22,29],[-78,-141],[-93,16],[-24,-13],[-76,24],[-25,26],[-89,-27],[-73,-13],[0,26],[-41,-4],[3,36],[-42,19],[9,94],[-43,-17],[-9,34],[-44,-5],[-75,-50],[-32,-59]],[[1709,3220],[-59,40]],[[858,3900],[17,9],[-44,36],[-94,-47],[-59,-48],[-76,-8],[-25,51],[-15,170],[49,10],[-37,90],[35,22],[109,123],[16,54],[67,94],[40,116],[69,9],[-10,21],[101,95],[-4,21]],[[997,4718],[89,-13],[25,-33],[56,20],[50,0],[47,22],[36,61],[67,-4],[15,45],[69,35],[-17,24],[31,11],[15,50],[95,-26],[81,-7],[18,51],[51,-5],[63,14],[22,26]],[[1810,4989],[24,-3],[10,-55],[23,-27]],[[1867,4904],[-43,-37],[-84,18],[-28,-18],[-10,-52],[25,-13],[-6,-52],[21,-44],[-15,-69],[62,-32],[15,-25],[-7,-111],[-65,-32],[32,-65],[96,8],[141,-18]],[[1825,4087],[-6,21],[-50,20],[-66,5],[-56,54],[-55,-76],[-67,-53],[-119,-8],[-33,52],[-81,-21],[-1,-82],[-40,-37],[-3,-85],[-41,3],[-22,-21]],[[5108,6290],[48,28],[12,42],[35,12],[-1,32]],[[5202,6404],[46,5],[48,-67],[53,38],[125,41],[9,-51],[61,-15],[42,13],[40,-53],[5,-68],[91,15],[61,-25]],[[5783,6237],[88,-49],[58,-64],[-29,-20],[-43,17],[-49,-12],[2,-52],[-27,-103],[-27,-22],[-65,-89],[8,-81],[-118,-7],[-101,-64],[-24,-6]],[[4295,6074],[-50,22],[-33,39],[-58,12],[-56,33],[20,46],[-41,-7],[-14,24],[-77,22],[64,135],[-32,44],[-84,13],[-15,49],[-43,60],[34,32],[-25,12],[6,46],[-48,52],[-76,35],[-17,20],[-67,23],[-48,-2]],[[3635,6784],[-132,47],[-118,106],[-15,71],[-50,60],[-8,47],[32,48],[35,92],[-9,92],[27,21],[9,107],[-9,25],[-85,43],[-9,59],[12,44],[112,-25],[71,32],[55,97],[24,-4],[47,57],[49,8],[79,-18],[85,-4],[13,34],[49,34]],[[3899,7857],[58,16],[6,-51],[100,-56],[81,-2],[32,-42],[41,-6],[43,49],[33,-27],[5,38],[31,-24],[35,-67],[-20,-49],[20,-36],[67,15],[45,-45],[105,21]],[[4581,7591],[24,-97],[-34,-38],[-31,-8],[-56,-59],[4,-53],[86,-34],[-12,-100],[16,-8],[-2,-84],[68,35],[-1,-59],[34,-77],[23,-3],[63,-107],[52,8],[46,-36]],[[4861,6871],[79,-73],[59,0],[68,-92],[-9,-86],[27,5],[55,-112],[-2,-53],[43,6],[21,-62]],[[4361,4036],[49,71],[35,-12],[106,70],[-24,33],[27,12],[40,54]],[[5489,5232],[52,-87],[17,-2]],[[5558,5143],[33,-37],[41,-98],[15,-69],[-18,-48],[24,-38],[-19,-21],[46,-78],[13,-89],[-16,-27],[33,-14],[40,-46],[-9,-45],[17,-20],[-97,-68],[44,-7],[-2,-96],[-34,-20],[52,-81],[-14,-38],[11,-36],[31,9],[21,-51]],[[5770,4125],[28,-23],[-9,-43],[-52,-44],[37,-100],[-5,-42],[-32,-17],[-39,36],[-24,-39],[-57,-49],[-54,34],[-5,-40],[-48,-9],[-44,15],[-32,-36],[-59,-37],[42,-12],[33,-63],[41,-24],[-26,-11],[-27,-64],[21,-24],[-24,-33],[9,-62],[-29,-45],[-68,32],[-9,-16],[-120,-19],[-70,5]],[[5148,3395],[-68,62],[-14,-15],[-169,-66],[-44,50],[-27,7],[17,69],[-70,45],[-40,-11],[-140,-15],[-57,29],[24,49],[-9,57],[-20,-26],[-34,30],[-6,45],[-20,-11],[-9,73],[11,42],[-51,-20],[-48,39],[-4,52],[-46,39],[-3,54],[24,11],[16,52]],[[4361,4036],[-8,43],[-47,19],[-16,-37],[-36,45],[23,38],[-37,37],[-71,-4],[-32,-31],[-39,4],[-17,48],[-73,-52]],[[4008,4146],[-27,37],[25,18],[-57,-6],[-51,54],[23,72],[-60,48],[30,92],[-2,40],[-43,-9],[-116,-61],[-19,-27],[-84,10],[30,38],[-37,29]],[[3620,4481],[-3,59],[-57,74],[5,42],[34,62],[-29,45],[-53,30],[-35,-6]],[[3482,4787],[2,62],[-21,53],[53,34],[17,58]],[[3533,4994],[53,-54],[34,-4],[38,31],[70,-8],[44,-28],[85,5],[18,40],[45,36],[16,47],[26,15],[-8,48],[27,11],[125,-4],[19,46],[-1,76]],[[4124,5251],[64,-1],[49,-39],[-1,-47],[74,-59],[24,-80],[99,19],[16,-95]],[[3978,3995],[3,84],[47,45],[-20,22]],[[5148,3395],[-32,-17],[-1,-33],[82,-129],[5,-44],[-32,-74],[5,-42],[34,-34],[30,-57],[87,10],[11,-84],[22,-47],[-27,-17],[10,-34]],[[5342,2793],[-27,-50],[-53,-39],[-60,-21],[31,-12],[-5,-36],[43,-22],[-21,-54],[16,-38],[-29,-57],[49,-47],[-33,-23],[11,-38],[-80,32],[-64,-75],[-17,-38],[-86,-31],[-23,7]],[[4994,2251],[-38,66],[-75,-66],[-4,36],[-54,16],[0,-18],[-48,28],[-24,39],[-71,-53],[-54,2],[1,49],[-30,44],[-39,12],[5,24],[-42,65],[-83,31],[22,38],[7,65],[21,33],[-50,112],[-48,32],[1,21],[-91,-3],[-36,14]],[[4264,2838],[-31,41],[-90,-36],[-51,92],[-30,29],[-61,-14],[-45,10],[-11,-26],[-87,71],[67,58],[16,30],[-20,28],[23,13],[-7,53],[28,23],[57,-20],[39,88],[-8,28],[25,66],[-41,53],[-21,-43],[-27,-5],[-17,47],[-53,16],[50,60],[13,44],[-48,15],[-33,165]],[[3901,3724],[54,-7],[27,32],[-9,51],[41,89],[-24,32],[-12,74]],[[3978,3995],[-17,20],[-67,-4],[-14,35],[-42,38],[-33,1],[-84,-61],[-26,20],[-77,-22],[-40,-80],[-27,-21],[29,-69],[-43,-38]],[[3537,3814],[-61,82],[-27,62],[-3,80],[-33,24],[-72,-13],[-55,-44]],[[3286,4005],[-35,43],[29,41],[-18,42],[-43,42],[66,52],[38,7],[48,61],[8,32],[46,24],[-1,43],[31,43],[37,-6],[30,27],[36,-3],[62,28]],[[5783,6237],[36,14],[0,44],[28,39],[140,-34],[95,11],[57,-40],[78,-23],[32,63],[103,-17],[45,-25],[52,-63],[78,13],[-2,-33],[-32,-28],[14,-57],[-28,-41],[69,-15],[13,18],[116,7],[83,62],[1,80],[43,111],[24,27]],[[7059,6322],[75,2],[32,-12],[58,27],[38,-39],[-4,-71],[24,-18],[-11,-51],[90,-18],[51,-46],[52,2],[55,-52],[14,10],[5,-63],[30,-141],[-23,15],[-43,-23],[-68,-60],[-74,-29],[-10,-33],[-44,7],[-2,-29],[-47,-38],[22,-41],[-24,2],[11,-77],[42,-81],[32,16],[16,-41],[29,-155],[77,-102]],[[7462,5183],[-25,-22],[-141,-84],[-55,-21],[-20,-57],[-112,-77],[-7,-18],[-76,6],[-70,-47],[-27,2],[-161,-41],[-63,79],[-43,-14],[-68,0],[-61,24],[-28,58],[-75,30],[-54,65],[-47,-18],[-63,26],[4,25],[-113,-11],[-78,4],[-15,21],[-73,35],[-45,68],[-32,-27],[-71,15],[-38,-29],[-94,49],[-8,41],[-30,25],[-48,-37],[-29,-41],[12,-19],[-50,-50]],[[2554,5479],[-6,51],[65,72],[46,24],[-20,39],[52,25]],[[2691,5690],[65,-53],[30,-3],[-22,-45],[71,-97],[25,-90],[44,-51],[46,-5],[4,-28]],[[2954,5318],[-15,-25],[-62,-22],[-16,-46],[15,-27]],[[2876,5198],[-82,-59],[-68,0],[-8,-31],[-44,-11],[-22,33],[-25,-4]],[[2627,5126],[26,66],[-28,21],[2,42],[32,10],[-5,96],[-87,44],[-32,35],[19,39]],[[2554,5479],[-63,-1],[-116,83],[-34,-3],[-59,44],[-26,-104],[63,-58],[-16,-28],[-62,-30],[-94,-12],[-25,-24],[36,-30],[6,-71],[19,28],[38,-26],[-24,-34],[31,1],[10,-68],[21,-44],[-30,-68],[-12,-112],[-14,-9],[-79,55],[-11,-42],[40,-57],[-12,-24]],[[2141,4845],[-54,12],[-159,-27],[-30,14],[-2,33],[-29,27]],[[1810,4989],[13,70],[-52,28],[8,100],[-22,36],[-53,22],[-14,62],[-51,58],[-19,96],[57,-31],[51,73],[-63,57],[95,72],[-74,2],[-60,18],[-4,-14],[-76,28],[-9,-33],[-46,-31],[-69,26],[-22,32],[26,19],[-13,53],[-74,69],[-41,-32],[-31,29],[35,35],[-36,30],[-56,16],[-5,93],[60,-16],[92,32],[1,67],[42,29],[28,67],[-4,33],[-55,27],[-5,35],[72,47],[50,102],[30,26],[-23,21],[-1,42],[49,-34],[-2,-58],[-31,-66],[22,-33],[98,-31],[26,-19],[44,71],[36,19],[-14,56],[15,27],[-20,57],[28,21],[116,34],[-58,56],[-28,47],[-37,108]],[[1736,6739],[89,0],[129,-98],[38,12],[26,43],[46,-8],[0,-26],[68,22],[71,-46],[29,-54],[88,1],[39,11],[-16,-36],[40,-16],[67,8],[33,28],[30,-46],[10,-91],[40,12],[26,-25],[62,-2],[23,-59],[36,27],[42,-1],[8,-30],[147,78]],[[2907,6443],[41,-63],[-14,-16],[48,-44],[-2,-66],[-61,-27],[-8,-98],[-32,-7],[-18,-88],[22,-91]],[[2883,5943],[-92,-20],[6,-40],[-56,-73],[42,-43],[-20,-30],[-72,-47]],[[3901,3724],[-50,58],[-85,10],[-58,-42],[-38,20],[-53,-8]],[[3617,3762],[-16,8],[-43,-56],[-26,26],[-10,44],[15,30]],[[3617,3762],[-11,-41],[21,-26],[-29,-25],[35,-37],[-54,-25],[-61,-8],[-39,30],[5,33],[-23,23],[-94,-5],[3,-36],[-50,-18],[-38,32],[-63,-8],[-71,-52]],[[3148,3599],[-4,119],[-70,23],[-21,-25],[-35,14],[14,50],[30,35],[43,-1],[8,27],[80,47],[66,66],[27,51]],[[2337,4590],[-130,57],[-4,63],[47,30],[-16,19],[17,66],[-42,-7],[-10,-26],[-58,53]],[[2627,5126],[-15,-36],[39,-36],[-5,-131],[-14,-37],[10,-41],[2,-110],[18,-2],[21,-73]],[[2683,4660],[-37,1],[-33,-17]],[[2613,4644],[-30,7],[-32,-35],[-84,34],[-31,-1],[-74,-76]],[[3972,5475],[29,-31],[29,-14]],[[4030,5430],[-31,-36],[1,-47],[34,10],[17,-75],[42,36],[31,-67]],[[3533,4994],[-36,39],[29,32],[-66,96],[12,40],[-27,43]],[[3445,5244],[92,42],[6,70]],[[3543,5356],[61,10],[22,-18],[64,23],[14,52],[60,0],[25,-15],[65,25],[14,20],[83,-7],[21,29]],[[3972,5475],[7,43],[-29,18],[-7,52],[-56,19],[2,31],[-39,-17],[-23,40],[-47,-43],[-125,-51],[-97,-2]],[[3558,5565],[-16,93],[-93,97],[-85,-23],[6,73],[-28,45],[-97,44],[-30,31],[-8,-26],[-69,-18],[9,-87],[-8,-37],[47,-27],[18,-48],[-18,-13],[23,-61],[1,-41],[33,-25],[-30,-12],[-30,-53]],[[3183,5477],[-21,7],[-11,-2]],[[3151,5482],[-5,26],[-46,29],[-58,9],[-59,36],[-18,30],[-34,4],[34,60],[-7,36],[55,25],[31,39],[55,31],[1,101],[-36,-1],[-1,29],[-53,3],[-47,45],[-80,-41]],[[2907,6443],[-3,41],[20,102],[107,-26],[48,111],[131,16],[37,-82],[76,-22],[146,48],[59,73],[107,80]],[[4318,5779],[-50,-28],[-11,-27],[-68,16],[-5,-39],[-45,5],[-42,-31],[37,-43],[6,-70],[-14,-32],[41,-66],[-28,-27],[-50,-15],[-59,8]],[[1709,3220],[-58,-51],[20,-51],[-24,-16],[43,-108],[53,1],[22,-60],[-48,-19],[-11,-38],[26,-4],[39,-122],[60,3],[-12,-30],[-2,-132],[88,-23],[31,-57],[-24,-9],[19,-37],[-19,-12],[19,-33],[-34,-23],[52,1],[15,-28],[71,6],[31,-37],[12,-54],[30,-28],[83,61],[64,-19],[15,25],[67,-8],[14,-108],[19,-31],[-30,-8],[14,-68],[-47,-14],[6,-21],[-53,-26],[42,-91]],[[2302,1951],[19,-103],[-62,-76],[-134,80],[-21,-44],[-51,-52],[-38,-10],[-14,-42],[31,-30],[-12,-18],[26,-71],[-56,-30],[-41,-46],[26,-52],[-45,-85],[19,-21],[-32,-46],[16,-32],[-56,10],[-48,-38],[-51,27],[-39,-17],[-70,55],[-125,32],[-12,-46]],[[3128,3480],[3,69],[17,50]],[[4264,2838],[-35,-71],[-65,1],[-11,-54],[-36,-47],[-29,-5],[-31,27],[-62,-46],[-75,19],[-72,77],[-19,-18],[-39,-108],[-59,-42],[-24,-71],[-35,-4],[-68,-32]],[[3604,2464],[-69,75],[11,21],[-22,65],[15,17],[-3,93],[22,74],[-94,-3],[-69,69],[42,44],[-14,74],[-81,27],[26,53],[-41,53],[17,24]],[[3344,3150],[24,30],[52,9],[-6,30],[25,26],[-9,50],[48,55],[-43,22],[-16,-13],[-73,14],[-30,41],[42,64],[3,26],[-95,-5],[-75,-63],[-63,44]],[[3128,3480],[-2,-76],[-44,-29],[-37,17],[-60,1],[-35,43],[-20,-2],[-59,-76]],[[2871,3358],[-102,40],[-22,48]],[[2754,3636],[17,13],[62,-9],[22,17],[19,-29],[53,26],[21,30],[-94,98],[23,40],[-13,29],[47,18],[-6,44],[34,30],[-42,9],[-10,33],[19,35],[-92,20],[-14,19],[16,42],[-18,60],[87,-22],[14,22],[66,-7],[-11,111],[34,35],[-79,-6],[-22,-29],[-73,14],[-73,35],[-2,19],[-72,-20],[-69,15],[12,128],[35,62],[-28,11],[-11,54],[17,13],[-10,48]],[[2683,4660],[99,56],[53,4],[19,26],[33,-17]],[[2887,4729],[81,-80],[45,5],[43,-15],[65,50],[55,-4],[38,32],[41,-13],[23,29],[29,-23],[70,51],[5,-19],[48,1],[52,44]],[[2871,3358],[167,-131],[39,-48],[1,-50],[69,-10],[-2,22],[48,28],[6,-25],[74,9],[71,-3]],[[3604,2464],[-66,-42],[-131,-112],[-79,-17],[-3,66],[-28,28],[-67,-14],[-10,-36],[-70,-14],[-48,21]],[[3102,2344],[-20,14],[-49,-39],[-26,46],[-43,-36],[-40,96],[13,30],[-25,79],[18,41],[-111,80],[-62,-24],[-35,27],[-20,72],[-41,8],[-39,94],[43,42],[-14,32],[73,106],[-27,52],[28,15],[-30,68],[13,47],[-55,39],[-33,-14],[-26,15],[-30,57],[-38,37],[-2,28]],[[2954,5318],[43,4],[125,46],[17,99],[12,15]],[[3183,5477],[30,-66],[83,-31],[27,-64],[37,-16],[-7,-39],[92,-17]],[[2887,4729],[36,32],[-19,16],[87,46],[9,25],[-1,97],[28,37],[13,76],[-17,34],[-104,26],[7,41],[-50,39]],[[3558,5565],[-40,1],[-20,-25],[59,-153],[-14,-32]],[[8680,8474],[29,-40],[71,-64],[-25,-42],[14,-66],[-18,-55],[19,-15],[98,72],[51,0],[-10,-36],[109,-36],[25,27],[83,-19],[30,-41],[-2,-48],[-56,-39],[-3,-53],[25,25],[33,-8],[-3,-27],[60,-27],[40,-74],[-44,-42],[-7,-59],[13,-62],[34,-33],[23,-66],[-50,-41],[49,-26],[-62,-62],[36,-48],[-5,-30],[71,-24],[-5,30],[81,43],[65,-1],[34,-14],[28,-78],[-35,-6],[-9,-37],[28,-31],[-18,-34],[62,-59],[58,15],[47,-25],[25,-42],[9,-126],[-24,-109],[-34,-5]],[[9620,6936],[-70,-22],[-60,44],[-9,23],[-86,9],[-64,-17],[6,-45],[-52,19],[-65,4],[-53,23],[-17,51],[-48,-22],[-27,52],[12,52],[-25,29],[34,41],[-28,13],[-60,-67],[-133,-105],[-38,-3],[-49,35],[-36,-14],[16,-57],[-58,-92],[-64,-35],[-57,0],[-9,-80],[27,-132]],[[8607,6640],[-19,34],[-39,-14],[-55,30],[25,33],[-52,18],[-49,-37],[-84,-21],[-197,-5],[-61,84],[-17,135],[-39,56]],[[7625,7264],[51,41],[13,40],[52,68],[-15,46],[31,34],[-15,65],[38,96],[-58,54],[18,40],[34,22],[10,65],[-26,30]],[[8517,8428],[90,-14],[35,18],[47,-17],[-9,59]],[[7465,3526],[-24,-27],[-34,5],[-74,-79],[13,-32],[45,-16],[15,-27],[-20,-59],[-43,-39],[56,-11],[37,-88],[-103,-95],[-16,-47],[-62,-59],[10,-20],[-49,-18],[7,-76],[-35,-40],[25,-91],[-6,-20],[-63,8],[-19,-26],[-105,-93],[-9,-74],[-39,-6],[-7,-44],[-30,-18],[-17,22],[-44,0],[-86,-20],[-46,97],[-54,-6],[-30,-45],[-72,-73],[-5,-21],[-118,-96],[-64,-117],[-112,-68],[17,-52],[28,-28],[-18,-16],[46,-33],[42,-110],[-45,-102],[-22,-80],[-32,6],[-15,-50],[-74,80],[-55,12],[-55,-50],[-58,15],[11,61],[-7,63],[-44,41],[-68,92],[-45,27],[-42,58],[-5,110],[16,18],[-3,57],[18,84],[-28,13],[-3,35],[-80,20],[-55,-17],[-36,16],[-52,78],[-13,43],[-148,35],[-7,37],[18,75],[51,84]],[[5524,2729],[46,16],[15,-19],[106,-2],[39,41],[-15,21],[22,48],[-13,45],[41,38],[14,50],[-28,58],[3,55],[46,102],[55,13],[26,23],[63,-6],[57,47],[-5,-86],[41,-34],[12,-49],[68,5],[25,20],[18,55],[65,6],[22,-25],[52,20],[9,-28],[106,-42],[11,51],[52,13],[55,-4],[24,33],[-4,41],[19,44],[49,38],[2,49],[-41,15],[-16,87],[7,49],[30,20]],[[6602,3537],[37,-21],[80,15],[67,-10],[23,-22],[75,-16],[38,19],[23,34],[50,33],[71,98],[88,42],[42,-36],[2,20],[92,48],[9,-34],[44,-38],[-1,-22],[48,-28],[17,-30],[49,-9],[9,-54]],[[3431,8693],[61,82],[96,24],[146,-8],[250,-3],[54,74],[78,10],[45,26],[25,54],[45,42],[28,-15],[19,31],[66,5],[29,87],[116,65],[71,61],[70,39],[67,-4],[45,44],[31,70],[3,44],[51,47],[5,31],[-89,51],[19,67],[72,126],[178,-85],[58,-11],[39,-87],[32,-151],[27,-5],[233,-129],[99,-11],[78,38],[58,14],[83,-68],[42,-3],[31,-67],[2,-68],[85,-103],[32,-13],[-9,-27],[-105,11],[-54,-17],[5,-65],[67,-65],[-32,-39],[-53,-9],[-5,-68],[14,-30],[-6,-66],[-33,-17],[-23,-67],[4,-83],[73,-58],[66,0],[46,-27],[92,22],[49,-56],[-61,-15],[13,-203],[-100,3],[-38,-49],[-117,-41],[-86,-58]],[[5618,7970],[-57,16],[-42,35],[-93,-4],[-58,47],[-96,-32],[-80,-105],[-26,-65],[11,-38],[-63,-75]],[[5114,7749],[-53,-5],[-40,59],[-60,31],[-3,-33],[-51,-10],[-36,49],[-50,25],[-40,-21],[8,-29],[-50,-5],[-104,-69],[3,-65],[-53,-28],[14,-53],[-18,-4]],[[3899,7857],[20,58],[-40,49],[25,41],[-13,57],[-32,21],[-6,51],[-72,-1],[-25,-15],[-179,92],[-46,83],[43,51],[-124,112],[-28,47],[9,190]],[[5618,7970],[9,0],[73,-105],[7,-39],[174,-69],[39,60],[71,41],[32,42],[33,-22],[67,23],[72,-21],[10,-29]],[[4861,6871],[13,74],[36,-14],[45,31],[-27,31],[37,45],[83,-2],[54,-34],[28,27],[-52,75],[-10,47],[46,25],[53,-31],[98,-15],[9,47],[28,49],[-16,77],[-20,27],[-27,-10],[-12,116],[-33,13],[-1,93],[21,-12],[24,48],[-46,44],[12,27],[-45,61],[2,28],[-47,11]],[[5770,4125],[2,25],[80,8],[74,-30],[63,53],[60,-41],[29,40],[35,6],[46,-33],[60,-14],[46,16],[9,-52],[-41,-32],[-17,-37],[32,-55],[5,-36],[35,-14],[71,-80],[-10,-65],[-32,-25],[-15,-47],[58,-4],[35,-21],[8,45],[59,-14],[29,-109],[22,22],[55,-21],[-5,-24],[47,-14],[-8,-35]],[[5524,2729],[-37,2],[-53,32],[-16,30],[-76,0]],[[997,4718],[-28,111],[32,48],[-58,-3],[27,158],[-2,53],[18,3],[8,128],[-29,72],[-2,103],[-36,64],[-63,49],[-55,127],[-74,65],[-25,53],[-84,60],[8,73],[16,9],[27,103],[25,41],[-85,17],[-142,60],[-20,23],[6,64],[-16,76],[53,37],[-45,38],[-96,58],[-110,-1],[-10,48],[109,80],[-23,33],[22,43],[-49,29],[15,35],[-89,81],[33,9],[-36,29],[50,60],[67,-28],[43,9],[74,56],[10,-12],[63,46],[22,58],[84,-65],[140,-22],[63,-24],[0,94],[-61,38],[-20,71],[-65,32],[12,40],[20,-15],[89,32],[34,-18],[61,-64],[-27,-6],[39,-51],[55,-30],[51,10],[77,-9],[27,29],[77,-30],[21,-85],[38,10],[74,-3],[31,-15],[14,-51],[74,-13],[51,-23]],[[1507,6815],[38,-56],[4,-47],[29,-12],[89,9],[69,30]],[[9620,6936],[32,-7],[78,52],[83,-20],[38,-22],[86,3],[62,30],[-11,-52],[-58,-44],[20,-57],[-39,-67],[8,-43],[28,-6],[-12,-30],[32,-9],[-107,-108],[-35,-59],[-35,-1],[-26,-64],[55,-62],[-16,-64],[33,-53],[-37,-61],[20,-80],[-45,-35],[-11,-70],[20,-14],[92,2],[55,18],[28,-32],[-51,-60],[-77,-20],[-75,-4],[-2,-29],[-36,5],[-59,-25],[53,-77],[31,-16],[-6,-41],[-30,-15],[-52,-99],[-52,-34],[8,-24],[-27,-74],[16,-34],[-21,-48],[-73,8],[-35,-33],[-14,-42],[-66,-3],[-67,-72],[0,-98],[-88,30],[-30,-15],[-36,-85],[-34,-10],[-37,37],[-11,-18],[-82,-13],[-44,27],[1,54],[-27,16],[41,102],[1,32],[-44,42],[-44,-22],[-9,17],[-51,-3],[-59,74],[-47,-26],[-85,-25]],[[8638,5360],[-3,19],[-64,-15],[-21,27],[-78,41],[-15,39]],[[8457,5471],[59,30],[12,28],[77,37],[-2,38],[25,16],[96,27],[-6,33],[50,-11],[-20,107],[-34,-9],[-23,24],[-33,83],[25,25],[4,101],[-43,128],[29,70],[-21,26],[68,38],[-32,74],[-13,63],[16,65],[29,36],[-43,16],[-15,39],[-25,5],[-30,80]],[[8638,5360],[-69,-26],[-51,-35],[-39,-8],[-64,-44],[11,-49],[53,-54],[24,-60],[-9,-71],[82,-10],[-24,-174],[-66,15],[-73,-1],[-99,-70],[-75,37],[-10,20],[-55,4],[-92,-27],[-29,-29],[-91,-28],[-76,24],[-65,-32],[18,-38],[-77,-56],[-5,-45],[-45,18],[-46,-32],[-10,-43],[-35,-15],[-4,-36],[-49,-79],[-58,-53],[-25,-41],[62,-46],[42,-90],[50,-2],[39,27],[8,34],[137,32],[40,40],[83,-13],[11,-38],[30,-14],[-25,-54],[29,-82],[10,-62],[74,-44],[-49,-43],[-2,-80],[24,-20],[-28,-39],[-150,-146],[-7,-33],[27,-56],[30,4],[19,-33],[-80,-5],[-87,-63],[-30,-1],[-131,32],[-146,-1]],[[7462,5183],[72,3],[40,54],[45,16],[65,-25],[68,12],[33,-33],[65,-17],[34,-29],[59,-21],[87,30],[14,-55],[29,-27],[59,43],[53,101],[81,97],[-43,77],[-39,41],[27,20],[-7,38],[85,-12],[-2,43],[22,10],[110,-5],[-2,-67],[40,-6]],[[1507,6815],[-15,68],[19,41],[-63,54],[15,44],[102,-40],[10,-25],[53,26],[60,-52],[68,32],[11,32],[64,26],[56,49],[32,-12],[83,55],[144,47],[104,52],[58,-1],[5,-26],[68,-62],[89,74],[45,16],[66,86],[13,107],[84,24],[10,28],[-16,105],[-42,21],[-164,139],[-106,50],[-74,1],[-1,74],[20,61],[114,22],[43,49],[-18,34],[29,9],[15,107],[173,-2],[92,10],[48,53],[25,107],[67,65],[17,32],[109,17],[64,110],[30,89],[52,17],[44,-16],[54,12],[61,32],[14,29],[93,8]],[[7234,8804],[-18,64],[1,104],[34,48],[-28,9],[-54,175],[2,31],[-118,67],[-22,32],[-94,29],[-42,30],[-57,12],[-28,26],[24,91],[-29,46],[-22,-9],[11,55],[-30,46],[40,11],[41,-33],[23,11],[50,-17],[20,-29],[73,5],[43,27],[47,-31],[32,16],[68,60],[13,138],[38,34],[26,-9],[75,80],[22,-24],[112,-47],[10,10],[257,137],[52,-64],[52,7],[-17,-20],[40,-25],[13,-39],[-13,-62],[29,-41],[3,-78],[-15,-22],[2,-73],[32,-33],[1,-31],[-36,-35],[18,-42],[-9,-58],[22,-13],[26,38],[59,-59],[114,49],[190,-43],[95,30],[6,43],[128,-15],[18,29],[-8,36],[47,-1],[11,40],[45,9],[25,25],[-22,17],[21,42],[-23,24],[57,31],[51,10],[-1,33],[27,58],[33,0],[39,91],[37,-18],[94,7],[36,-54],[54,-8],[13,-39],[-37,-3],[7,-29],[-64,-51],[-23,-64],[45,-33],[2,-67],[35,3],[-1,-72],[-18,-38],[-60,-48],[6,-69],[-24,-23],[-16,-52],[-30,-29],[-38,-7],[-3,-33],[-85,28],[-23,-66],[-57,-22],[-18,-49],[-11,-126],[-68,-39],[42,-20],[-17,-49],[88,-28],[7,-22],[73,-14],[69,-55],[53,-18],[-13,-26],[-57,-34],[-42,23],[-7,-35],[33,-30],[7,-69],[-9,-54],[-67,0],[-22,52],[-15,-26],[-62,23]],[[3698,1447],[-15,-85],[-44,-23],[-3,-28],[-51,9],[-19,-65],[-61,27],[-18,28],[-67,-118],[-73,29],[-36,61],[-58,-54],[-54,-79],[-49,-54],[-41,4],[-21,-37],[-55,-3],[-13,29],[-66,-22]],[[2954,1066],[-18,29],[38,27],[-21,35],[-101,-15],[0,55],[-18,60],[56,35],[30,95],[-47,28],[-70,13],[-5,40],[-41,31],[27,70],[25,22],[-12,26],[13,47],[-60,6],[35,72],[72,29],[21,63],[43,27],[-39,73],[-55,-19],[-42,70],[8,86],[-16,20]],[[2777,2091],[17,26],[106,49],[14,-11],[56,28],[74,-8],[17,-19],[46,5],[19,-36],[85,45],[28,-8],[-15,80],[-33,24],[-51,7],[-40,36],[2,35]],[[4994,2251],[51,-46],[-12,-33],[19,-27],[-16,-79],[-44,28],[5,-56],[-19,-24],[-103,10],[-47,-18],[-27,-47],[6,-63],[-29,-18],[-88,38],[-84,-57],[-4,-21],[-51,4],[-61,-53],[-97,-9],[-5,-20],[-55,-8],[-45,37],[-27,-18],[-66,18],[-32,-78],[8,-61],[19,-25],[-45,-76],[9,-71],[-71,-51],[-32,16],[-69,-45],[-91,-19],[-136,1],[-9,-20],[-4,118]],[[2302,1951],[62,-1],[21,-32],[-41,-48],[13,-18],[97,-13],[79,-48],[29,64],[87,149],[36,-6],[40,29],[-23,33],[50,50],[25,-19]],[[2954,1066],[-16,-19],[26,-85],[-62,-46],[-24,24],[-51,-17],[6,-32],[38,-10],[-26,-48],[51,-20],[-26,-47],[22,-33],[-18,-32],[7,-40],[-69,-20],[-28,-38],[-32,-10],[-52,51],[-68,31],[-31,86],[-91,-31],[-25,-44],[-41,-9],[17,-27],[21,20],[23,-56],[-5,-36],[-58,-44],[46,-43],[30,21],[2,-53],[37,-17],[-16,-71],[-25,-33],[42,-101],[47,-27],[-5,-35],[-83,-2],[-48,-33],[-59,-7],[-73,-44],[-19,-30],[-35,101],[-54,61],[-31,-21],[4,-47],[-21,-40],[-39,-13],[-34,29],[5,105],[-60,1],[-3,60],[-94,-53],[-28,-33],[-44,-14],[-36,14],[-71,-77],[-36,-24],[-20,-38],[-72,25],[6,68],[-31,20],[-4,35],[-25,1],[-26,-37],[-25,45],[1,34],[-24,40],[-78,-24],[12,-57],[44,-98],[26,-77],[27,4],[4,-49],[-56,1],[7,54],[-29,50],[-78,68],[-25,46],[-51,39],[41,50],[37,84],[-10,43],[31,91],[-16,74],[-25,-7],[-63,37],[-7,57],[38,61],[-47,3],[-53,37]]],"bbox":[5.866247161340131,50.32310748763873,9.459649586586613,52.53144378768283],"transform":{"scale":[0.00035937618014266246,0.00022085571557596786],"translate":[5.866247161340131,50.32310748763873]},"title":"Nordrhein-Westfalen","version":"2.0.1","copyright":"Copyright (c) 2022 Highsoft AS, Based on data from GeoBasis-DE / BKG 2014","copyrightShort":"GeoBasis-DE / BKG 2014","copyrightUrl":"http://www.bkg.bund.de"}