{"type":"Topology","objects":{"default":{"type":"GeometryCollection","geometries":[{"type":"Polygon","arcs":[[0,1,2,3,4,5,6,7,8]],"id":"DE.SN.14522000","properties":{"hc-group":"admin2","hc-middle-x":0.45,"hc-middle-y":0.38,"hc-key":"de-sn-14522000","hc-a2":"MI","name":"Mittelsachsen","bundesland":"DE.SN"}},{"type":"Polygon","arcs":[[-3,9,10]],"id":"DE.SN.14511000","properties":{"hc-group":"admin2","hc-middle-x":0.63,"hc-middle-y":0.44,"hc-key":"de-sn-14511000","hc-a2":"CH","name":"Chemnitz","bundesland":"DE.SN"}},{"type":"Polygon","arcs":[[11,12]],"id":"DE.SN.14626000","properties":{"hc-group":"admin2","hc-middle-x":0.61,"hc-middle-y":0.58,"hc-key":"de-sn-14626000","hc-a2":"GÖ","name":"Görlitz","bundesland":"DE.SN"}},{"type":"Polygon","arcs":[[13,14,15,-10,-2]],"id":"DE.SN.14521000","properties":{"hc-group":"admin2","hc-middle-x":0.52,"hc-middle-y":0.47,"hc-key":"de-sn-14521000","hc-a2":"ER","name":"Erzgebirgskreis","bundesland":"DE.SN"}},{"type":"Polygon","arcs":[[16,17,-15]],"id":"DE.SN.14523000","properties":{"hc-group":"admin2","hc-middle-x":0.49,"hc-middle-y":0.46,"hc-key":"de-sn-14523000","hc-a2":"VO","name":"Vogtlandkreis","bundesland":"DE.SN"}},{"type":"Polygon","arcs":[[-11,-16,-18,18,-4]],"id":"DE.SN.14524000","properties":{"hc-group":"admin2","hc-middle-x":0.53,"hc-middle-y":0.45,"hc-key":"de-sn-14524000","hc-a2":"ZW","name":"Zwickau","bundesland":"DE.SN"}},{"type":"Polygon","arcs":[[19,-6,20,21]],"id":"DE.SN.14729000","properties":{"hc-group":"admin2","hc-middle-x":0.66,"hc-middle-y":0.52,"hc-key":"de-sn-14729000","hc-a2":"LE","name":"Leipzig","bundesland":"DE.SN"}},{"type":"Polygon","arcs":[[22,23,24]],"id":"DE.SN.14612000","properties":{"hc-group":"admin2","hc-middle-x":0.58,"hc-middle-y":0.59,"hc-key":"de-sn-14612000","hc-a2":"DR","name":"Dresden","bundesland":"DE.SN"}},{"type":"Polygon","arcs":[[-23,25,-8,26,27]],"id":"DE.SN.14627000","properties":{"hc-group":"admin2","hc-middle-x":0.43,"hc-middle-y":0.51,"hc-key":"de-sn-14627000","hc-a2":"ME","name":"Meißen","bundesland":"DE.SN"}},{"type":"Polygon","arcs":[[28,-9,-26,-25,29]],"id":"DE.SN.14628000","properties":{"hc-group":"admin2","hc-key":"de-sn-14628000","hc-a2":"SS","name":"Sächsische Schweiz-Osterzgebirge","bundesland":"DE.SN"}},{"type":"Polygon","arcs":[[30,-30,-24,-28,31,-13]],"id":"DE.SN.14625000","properties":{"hc-group":"admin2","hc-middle-x":0.53,"hc-middle-y":0.51,"hc-key":"de-sn-14625000","hc-a2":"BA","name":"Bautzen","bundesland":"DE.SN"}},{"type":"Polygon","arcs":[[32,-22]],"id":"DE.SN.14713000","properties":{"hc-group":"admin2","hc-middle-x":0.44,"hc-middle-y":0.43,"hc-key":"de-sn-14713000","hc-a2":"LE","name":"Leipzig","bundesland":"DE.SN"}}],"hc-recommended-transform":{"default":{"crs":"+proj=utm +zone=33 +datum=WGS84 +units=m +no_defs","scale":0.0031170374687,"jsonres":15.5,"jsonmarginX":-999,"jsonmarginY":9851,"xoffset":278328.526353,"yoffset":5716291.75018}}}},"arcs":[[[5616,3919],[-26,-6],[-60,-54],[7,-42],[-78,-41],[-41,20],[-65,-3],[-27,16],[-47,-25],[-27,-40],[-35,-7],[2,-26],[41,-66],[17,-97],[-19,-33],[6,-34],[-31,2],[-52,-88],[12,-52],[25,9],[-5,-72],[-71,-40]],[[5142,3240],[-17,5],[-48,73],[23,12],[18,53],[-25,12],[-5,-42],[-88,59],[-27,45],[-36,-13],[-19,15],[11,80],[-63,26],[24,24],[-23,40],[-26,-34],[-25,86],[-30,56],[-52,64],[2,56],[-15,96],[31,-4],[-44,128],[-64,-15],[-42,-39],[-33,-8],[-7,-30],[-41,39],[-35,-6],[-40,-40],[-35,33],[-3,41],[28,97],[-58,70],[-32,24],[-26,-40],[-46,59],[-45,-9],[-12,25],[-136,10],[-1,-36],[-22,15],[-58,-74],[-27,45],[-45,16],[13,56],[-26,42],[-51,-26],[-34,-56],[-51,69],[-22,67],[-43,47]],[[3714,4453],[17,27],[-46,63],[32,106],[-3,48],[-40,17],[-12,31],[-30,-13],[-49,44],[-64,-3],[-12,-38],[10,127],[38,63],[-34,58],[3,59],[-42,30],[-70,-13],[-5,-38],[-34,22],[-62,-31],[-32,35],[-43,6],[5,57],[-32,24],[-61,-11],[-26,-27],[-40,-1],[-66,-90],[-13,-59],[-13,4],[-48,-73]],[[2942,4877],[-24,-1],[-11,37],[-49,-36],[-18,24],[16,29],[-38,29],[-40,77],[-15,-15],[-20,52],[-2,75],[-27,17],[-43,-45],[-58,42],[-23,-29],[-56,71],[-27,65],[-42,5]],[[2465,5274],[-36,36],[-36,96],[-25,147],[-1,68],[-15,54]],[[2352,5675],[52,-14],[25,34],[66,-5],[16,32],[59,-17],[62,155],[81,-65],[41,33],[-21,3],[-28,75],[0,39],[-54,25],[3,42],[27,18],[6,38],[21,5],[-11,62],[8,33],[-40,70],[6,50],[27,59],[-3,52],[32,18],[26,54],[-19,12],[4,61],[18,12],[76,-28],[24,20],[41,-28],[10,24],[42,-10],[-11,-42],[33,-41],[92,16],[11,26],[101,-27],[47,35],[-15,22],[33,57],[-47,90],[18,6],[15,56],[-19,9],[-22,57],[-36,42],[-41,-2],[-24,54],[39,51],[2,47],[62,85],[5,102],[32,16],[-14,19],[16,60],[24,30],[68,-17],[8,55]],[[3326,7340],[41,10],[72,38],[95,-21],[18,-26],[-16,-32],[35,5],[2,-40],[42,-17],[3,-44],[81,10],[12,29],[-5,57],[14,18],[42,-22],[46,41],[30,-54],[67,10],[-19,74],[138,-16],[2,52],[79,-4],[-5,22],[38,25],[49,-29]],[[4187,7426],[27,-91],[-7,-30],[-41,-11],[31,-60],[20,-5],[18,-139],[-10,-48],[44,0],[9,-43],[26,-4],[23,-57],[33,12],[-6,-101],[-14,-112],[15,-49],[-19,-79],[-60,-3],[-5,-76],[18,27],[63,31],[-2,-45],[23,-58],[-11,-136],[18,-59],[-12,-32],[-45,4],[13,-74],[64,-18],[-32,-40],[13,-45],[-55,-74],[-10,-77],[-35,-37],[25,-38],[126,169],[56,3],[25,19],[74,18],[59,67],[67,31],[67,7],[43,-73],[67,-50]],[[4890,6050],[61,-39],[28,-51],[-52,-94],[-22,-82],[32,-106],[117,15],[0,-43],[-49,-54],[-40,-10],[16,-22],[-50,-57],[-21,-94],[86,-8],[-23,-21],[-6,-76],[37,-35],[-7,-62],[19,-95],[20,-4],[64,-57],[18,-53],[25,-126],[41,-76],[-18,-49],[-29,-12],[21,-23],[-10,-28],[39,-16],[25,-75],[24,23],[39,-6],[21,-81],[26,-32],[56,-17],[-56,-17],[-14,-21],[28,-13],[-39,-105],[2,-46],[74,-72],[64,28],[29,-40],[42,-154],[59,-50],[49,-75]],[[3714,4453],[-85,-210],[-12,-47],[-33,6],[-51,61],[-6,-86],[-78,-95],[-4,-23],[-37,60],[-49,-39],[1,-70],[-29,-15],[-50,19],[-55,75],[-8,60],[-34,-11],[-1,32],[53,49],[-25,82],[-36,-38],[-26,7],[11,53],[-85,66],[-19,32],[-74,-96],[-68,-25],[-54,14],[2,20]],[[2862,4334],[-12,94],[-25,15],[6,44],[-65,48],[-3,23],[-64,-29],[31,45],[3,37],[40,-33],[47,-2],[1,42],[24,-47],[15,65],[30,1],[-16,27],[72,84],[-4,129]],[[8126,9611],[-3,76],[12,20],[156,26],[49,-36],[30,30],[50,11],[20,25],[-9,69],[51,-1],[28,55],[34,-6],[9,-40],[50,-21],[15,-116],[19,-35],[69,4],[22,24],[80,3],[32,-27],[46,60],[22,108],[34,13],[-31,142],[34,4],[71,-109],[-9,-45],[-50,-89],[16,-52],[40,-35],[8,-42],[-15,-28],[6,-55],[22,-46],[48,-27],[29,9],[20,-31],[95,-9],[28,-24],[19,-54],[22,8],[44,-27],[9,-30],[55,-72],[43,3],[17,-35],[52,19],[31,-37],[31,13],[46,-12],[16,-64],[62,-8],[30,-61],[-2,-34],[35,-87],[21,-26],[-9,-68],[-39,-9],[25,-36],[2,-70],[-27,-46],[31,-53],[1,-30],[-33,-15],[25,-36],[10,-81],[45,-35],[-17,-54],[-42,-31],[29,-20],[14,-77],[-2,-44],[48,-132],[49,-44],[14,-111],[17,5],[48,-54],[2,-112],[23,-26],[-15,-26],[5,-80],[-43,-38],[41,-64],[-30,-21],[-5,-56],[-32,-39],[-3,-96],[-25,-70],[19,-64],[-28,-31],[12,-60],[-22,-73],[9,-33],[-35,-28],[23,-96],[-30,-57],[18,-63],[-25,-111],[-17,9],[-16,-77],[18,-38],[-12,-37],[12,-38],[-25,-26],[9,-71],[-36,-39],[12,-13],[-28,-95],[6,-32],[-34,-32],[-26,-141],[-34,-50],[11,-57],[-29,-94],[-38,-25],[11,-46],[-8,-97],[-47,-17],[3,-30],[-34,-121],[11,-67],[-16,-35],[-52,-34],[-25,-95],[-45,-42],[-30,-74],[-75,-109],[-7,-38],[24,-73],[-12,-70],[-35,-60],[-23,-98],[-9,-99],[-24,8],[-41,-27],[-41,-5],[-21,37],[-31,-2],[-8,33],[-27,0],[-40,-46],[-29,6],[10,64],[-36,60],[-58,-20],[-80,79],[-52,-4],[-48,44],[-45,19],[0,47],[17,30],[24,102],[14,100],[52,56],[-2,144],[-7,39],[-36,-12],[-33,-32],[-35,1],[-107,-79],[-58,28],[-13,50],[37,89],[26,26],[16,74],[32,74],[11,170],[-57,45],[-8,47],[-57,48],[-81,-23],[15,46],[-46,57],[-83,25],[9,76],[21,72],[-31,23],[-23,-19]],[[8263,6116],[-21,36],[17,86],[-52,64],[8,27],[37,23],[97,28],[81,9],[46,-9],[42,69],[-18,67],[56,30],[-37,65],[9,42],[57,-2],[46,-21],[32,6],[-37,39],[13,48],[37,-10],[48,32],[9,83],[62,84],[44,-62],[28,3],[-14,79],[7,42],[29,4],[-3,44],[30,53],[-19,36],[-67,48],[24,19],[14,43],[-2,70],[-52,-3],[-55,50],[14,57],[-22,33],[-24,-61],[-55,59],[28,70],[17,8],[4,51],[-33,68],[-41,10],[20,37],[13,94],[-36,11],[-37,58],[-5,49],[22,85],[-34,-7],[14,32],[-39,6],[22,51],[-51,34],[-40,-48],[-50,125],[-27,18],[-12,42],[15,97],[-25,-63],[-30,-7],[-14,-95],[7,-36],[-59,-7],[-76,-47],[-22,71],[-2,76],[-14,27],[-29,0],[16,70],[70,159],[-19,47],[33,106],[31,58],[-28,18],[51,-2],[19,25],[-7,32],[38,93],[-10,31],[-35,8],[-8,72],[-71,17],[10,43],[27,33],[-21,46],[-39,23],[-17,31],[16,24],[-12,41],[11,66],[31,12],[-28,16],[-11,72],[-19,17],[-84,4],[37,134],[-13,79]],[[5142,3240],[-28,-71],[-48,-57],[-40,-95],[-75,66],[-33,-6],[-18,43],[-20,-8],[-36,90],[-5,45],[-41,51],[-1,31],[-32,-9],[-35,38],[20,-162],[-32,-60],[-80,-43],[-23,-40],[-29,11],[-19,-48],[10,-32],[1,-111],[-78,-22],[-23,-22],[-28,114],[-10,12],[-60,-5],[-12,22],[-27,-60],[-43,-54],[5,-62],[-30,-29],[-8,-52],[16,-23],[-1,-50],[-59,-132],[-7,-55],[-40,-45],[7,-75],[-58,-11],[-68,38],[-64,-14],[5,44],[-17,39],[-40,-30],[-59,-78],[-77,-20],[-66,8],[-42,72],[-36,-21],[3,-56],[-27,-85],[-15,-151],[16,-89],[-23,-72],[-67,-74],[-30,-86],[-72,-46],[-53,-10],[-32,-41],[1,31],[-76,84],[-20,-10],[-35,53],[-144,126],[-37,45],[-54,40],[-10,-69],[-32,-38],[11,-94],[-49,128],[-190,-120],[-15,-74],[-71,-97],[-2,-75],[-80,88],[-27,50],[-34,-33],[-53,-10],[-63,39],[-27,-5],[-43,-64],[-61,4]],[[2247,1651],[1,116],[-147,138],[-118,142],[-20,40],[5,103],[-8,64],[-44,-49],[-58,79],[23,20],[-32,16],[45,29],[-1,46],[-17,5],[40,72],[39,32],[65,19],[19,47],[24,18],[7,42]],[[2070,2630],[13,33],[48,52],[74,-7],[41,-33],[67,37],[28,47],[6,47],[-29,18],[-68,8],[-28,35],[19,86],[50,33],[-25,92],[35,51],[70,-7],[24,19],[13,92],[38,53],[74,-30],[53,-51],[-4,33],[57,35],[-3,34],[24,-5],[1,59],[-47,27],[6,73],[32,7],[3,48],[18,38],[13,72],[-49,11],[17,65],[-57,1],[-37,15],[-85,59],[-38,50],[27,78],[28,-2],[25,-32],[8,57],[-58,155],[35,-18],[26,19],[54,5],[1,-65],[16,-43],[31,13],[39,-17],[44,92],[-11,8],[-36,117],[27,3],[59,69],[44,-57],[36,38],[0,45],[43,42]],[[2247,1651],[-80,-53],[-40,10],[-53,-28],[-53,2],[-10,-44],[-71,-148],[18,-107],[-34,-53],[-38,55],[-87,-97],[-20,-56],[5,-38],[-18,-34],[-23,11],[-65,-2],[-17,-21],[9,-37],[-8,-55],[15,-51],[-28,-78],[-40,-5],[-34,-25],[-35,-83],[6,-19],[-30,-63],[-7,-58],[30,-79],[-32,-41],[-57,44],[5,-60],[-11,-61],[17,-60],[-25,8],[-12,-74],[48,-105],[-28,-45],[-5,-71],[21,-30],[-48,1],[-49,24],[-27,-4],[-18,80],[-38,40],[-8,36],[40,43],[4,52],[-22,-15],[6,46],[33,44],[-62,85],[-23,-9],[-38,33],[-5,26],[-44,48],[36,61],[13,-33],[30,8],[5,44],[-39,87],[-22,-19],[-53,20],[-53,-8],[-38,19],[1,117],[-19,26],[8,100],[-35,30],[-8,74],[-105,-1],[-65,-22],[-17,-25],[-36,10],[5,25],[-28,16],[-17,-33],[-9,35],[-24,9],[3,59],[-37,-41],[-49,44],[-16,-44],[-23,29],[-62,-6],[-14,76],[-19,-10],[-22,56],[-47,-9],[-9,55],[-46,-30],[-20,18],[20,31],[8,56],[-19,33],[18,42],[-19,33],[17,54],[-29,19],[-32,66],[-14,-32],[-27,-7],[-10,47],[19,41],[-36,43],[8,22],[-34,52],[-16,-17],[-31,22],[22,30],[-17,26],[-69,21],[-35,58],[51,76],[45,-1],[41,70],[14,-37],[35,-35],[-15,43],[18,26],[-23,23],[16,86],[41,-5],[16,58],[-42,63],[-23,68],[-12,-18],[-28,49],[6,79],[-24,35],[-31,-28],[9,-37],[-95,-2],[-53,162],[35,78],[119,33],[20,69],[22,22],[-31,120],[38,12],[52,56],[24,64],[15,-32],[76,75],[-30,75],[62,40],[6,44],[30,14],[35,-60],[-28,-42],[-23,-62],[49,-94],[33,-3],[12,-25],[-13,-89],[15,-4],[-57,-95],[49,-97],[86,-12],[39,20],[15,50],[2,101],[74,16],[45,-84],[26,10],[11,41],[90,-5],[14,51],[-50,35],[-23,-26],[-86,47],[18,61],[55,24],[44,37],[10,70],[-15,35],[13,54],[61,8],[22,-38],[-2,-75],[48,4],[-8,61],[30,49],[2,79],[29,-10],[9,-36],[75,-55],[35,48],[64,-20],[-4,87],[53,8],[56,51],[15,74],[44,9],[-11,52],[15,40]],[[1411,3542],[59,-17],[-3,-33],[30,-36],[38,70],[62,-2],[-4,-59],[11,-57],[50,-19],[8,-46],[22,3],[18,-60],[31,-13],[6,-38],[-40,-79],[42,-13],[58,-44],[24,-54],[-33,-26],[-32,-185],[7,-57],[25,-43],[72,24],[28,-65],[35,20],[38,-2],[34,41],[3,-56],[44,-20],[-4,-31],[30,-15]],[[1411,3542],[10,34],[-22,26],[-20,-19],[-47,20],[-60,6],[-38,63],[10,41],[-40,102],[55,67],[-19,87],[-84,-32],[-36,61],[10,119],[38,65],[9,-22],[61,-31],[63,92],[20,69],[-8,44],[-54,-14],[-55,9],[1,74],[-34,68],[33,63],[21,-46],[50,17],[7,-31],[26,17],[-2,58],[23,25],[9,-49],[21,2],[-21,79],[9,11],[26,-79],[44,21],[84,13],[5,103],[42,29],[9,29],[69,28],[61,0],[3,44],[34,-10],[-18,-63],[24,-48],[29,33],[42,-2],[-5,38],[23,48],[-13,45],[13,33],[50,20],[-15,72],[72,58],[10,34],[78,-1],[9,19],[-16,53],[43,28],[12,-35],[41,-13],[69,37],[42,-35],[121,36],[26,22],[17,-26],[46,-18],[4,59],[41,52],[-4,33]],[[1979,8338],[112,94],[36,-31],[77,45],[18,30],[15,-48],[15,6],[12,63],[37,11],[35,-14],[1,66],[26,2],[2,97],[59,32],[25,-48],[16,55],[-23,39],[21,12],[2,45],[-21,18],[2,95],[24,-10],[34,64],[13,-24],[40,15],[1,25],[36,-37],[63,-7],[19,65],[102,-8],[56,39],[59,68],[29,-34],[49,-28],[11,-53],[128,-46],[70,-1],[24,-59],[52,-20],[57,-78],[7,-50],[34,0],[25,-46],[-24,-36],[9,-67],[-38,9],[-17,-20],[-11,47],[-39,-3],[7,-104],[21,-95],[21,28],[26,-18],[3,-38],[28,-4],[-31,-106],[-58,18],[1,-24],[-32,-40],[-5,-135],[29,-25],[-36,-4],[-63,-39],[16,-15],[-31,-59],[0,-35],[86,-87],[-9,-48],[18,-26],[33,-1],[-10,-38],[15,-31],[37,17],[18,-62],[-23,-20],[5,-77],[-44,-80],[37,-34],[-51,-11],[19,-59],[40,-20]],[[2352,5675],[-2,31],[-29,39],[1,42],[-20,-28],[-64,-25],[-11,-38],[-15,46],[-69,55],[-38,-12],[-39,35],[43,30],[-16,69],[12,60],[-63,-9],[-8,-33],[-28,-7],[16,65],[-31,60],[6,69],[-8,48],[21,9],[-23,77],[-16,17],[-85,-15],[-20,19],[-14,123],[-25,-51],[-94,6],[-33,-37],[-33,33],[-18,44],[-60,-47],[-45,20],[-23,33],[9,68],[-79,67],[-41,-70],[-43,25],[-58,-50],[-25,63],[-82,2],[-70,29],[-29,44],[8,96],[17,-24],[38,67],[-51,54],[-91,31],[3,126],[15,11],[36,155],[-62,12],[-59,-28],[-4,63],[43,8],[14,30],[-6,58],[44,90],[-18,-1],[-19,144],[-8,143],[-50,5],[-1,57],[-23,-2],[20,137],[-10,57],[-38,-11],[-8,126],[-22,69],[54,6],[15,48],[79,18],[55,58],[29,-4],[2,29],[60,20],[8,24]],[[1173,8253],[20,-70],[27,-41],[-49,-8],[-18,-36],[2,-61],[21,-32],[19,-106],[39,5],[3,-66],[53,-56],[-53,2],[-7,30],[-36,4],[10,-46],[-18,-6],[10,-98],[28,-103],[-26,-49],[22,-36],[78,33],[35,-10],[61,10],[-9,41],[22,59],[17,0],[2,88],[26,9],[14,-28],[53,114],[-10,92],[15,-1],[42,-67],[18,51],[25,-77],[88,-4],[71,21],[48,-19],[4,-99],[95,-76],[46,18],[-25,8],[14,113],[13,37],[21,-4],[0,50],[14,100],[105,16],[-21,77],[35,50],[-50,53],[38,37],[-33,42],[-1,46],[-60,-16],[-32,94]],[[5390,6263],[24,17],[-1,65],[36,64],[-21,63],[20,27],[26,-10],[22,32],[30,8],[111,-69],[36,21],[56,-52],[6,31],[23,-17],[9,25],[-30,42],[16,39],[-10,48],[23,11],[3,-30],[23,17],[0,50],[20,66],[-5,35],[26,46],[69,-48],[14,33],[28,-24],[40,70],[-29,18],[7,61],[-26,10],[-19,42],[14,40],[-26,56],[71,-12]],[[5976,7038],[46,-53],[25,-11],[42,16],[10,-60],[76,-80],[33,-20],[12,43],[54,47],[59,-28],[26,-97],[-56,-31],[8,-57],[22,-25],[32,-87],[30,-25],[-11,-30],[43,-40],[3,-66],[-19,-39],[-25,29],[-12,-31],[16,-31],[-42,-44],[84,-28],[38,-37],[0,-23],[60,19],[-15,35],[14,34],[36,9],[2,-33],[38,-53]],[[6605,6241],[1,-47],[-23,-33],[19,-23],[-9,-44],[4,-62],[-16,-31],[-42,-13],[-20,-75],[-13,20],[-49,-29],[-21,23],[-17,-48],[11,-73],[-47,-33],[0,-30],[-39,-25],[6,-31],[-40,12],[-43,61],[-15,-39],[-25,19],[-42,-77],[-22,2],[-26,-29],[-57,33],[-23,-20],[-7,70],[-25,16],[-35,-12],[-17,95],[-43,-1],[-31,45],[-40,18],[-25,-20],[-28,9],[-16,-27],[-61,-14],[-18,89],[-51,13],[-7,90],[17,40],[-46,-8],[-37,-28],[-47,25],[-38,4],[-37,-19],[-13,41],[14,36],[-66,8],[-12,48],[16,42],[-14,54]],[[5390,6263],[-17,6],[-37,-47],[-90,4],[-23,-10],[-54,12],[-80,48],[-101,-86],[-65,7],[-20,-71],[5,-34],[-18,-42]],[[4187,7426],[-3,39],[29,31],[-37,47],[18,34],[-14,47],[39,9],[24,65],[-31,57],[3,81],[21,32],[-29,129],[-9,125],[27,96],[-39,53],[18,34],[-39,19],[34,30],[-19,73],[-43,14],[26,95],[-2,41],[61,72],[23,-69],[97,-4],[65,-67],[5,39],[-36,34],[4,35],[82,-7],[-2,79],[74,51],[7,31],[54,31],[-25,76],[41,0],[15,-58],[64,33],[58,-65],[20,25],[-32,68],[29,-12],[19,81],[44,44],[23,-30],[-12,-27],[18,-40],[30,-16],[23,-63],[-21,-51],[22,2],[13,34],[42,32],[13,-58],[49,-9],[-8,-71],[89,-28],[10,-33],[26,13],[58,-20],[12,-125],[-6,-22],[46,0],[17,-82],[10,-1],[15,71],[17,-2],[43,47],[63,-10],[-7,-17],[26,-52],[-5,-35],[73,11],[46,-17],[51,10],[42,-8],[22,50],[45,-59],[27,46],[69,-74],[44,7],[38,-24],[44,34],[14,38],[36,-15],[-20,-28],[43,-23],[14,48],[85,30],[36,-26],[51,51]],[[6194,8452],[-3,-39],[31,-36],[32,-146],[4,-61],[-93,31],[0,-58],[-24,-92],[-41,-65],[-26,-60],[64,-138],[-43,-16],[28,-24],[-29,-28],[58,-43],[-2,-24],[-39,-37],[16,-69],[-48,17],[-1,-73],[9,-24],[35,-4],[0,-41],[-32,2],[-22,-41],[-37,26],[-11,-72],[-61,-17],[62,-36],[-9,-37],[54,-51],[-15,-42],[-18,3],[-46,-45],[-11,-74]],[[7716,6193],[-50,3],[-49,-117],[-40,10],[37,-53],[3,-38],[-28,-55],[14,-24],[-53,-52],[-9,-29],[21,-28],[-33,-56],[1,-32],[55,-33],[19,-35],[53,9],[39,39],[37,4],[22,-20],[-10,-70],[-44,0],[-33,-49],[45,-33],[-16,-49],[43,-28],[69,-12],[42,-45],[28,4],[16,-27],[41,24],[42,-60],[3,-67],[-51,-50],[9,-58],[-3,-64],[-43,-20],[-80,29],[-1,-55],[-91,-26],[-42,-32],[-53,14],[-22,44],[-47,20],[-34,-41],[-39,-21],[-35,7],[6,-93],[-37,-106],[-21,7],[-41,-56],[-116,-36],[-17,4],[-90,-96],[-82,-26],[-52,-28],[-36,-53],[-2,-45],[-56,-15],[-62,4],[-20,-39],[-97,62],[-42,42],[-62,-63],[-54,-25],[7,-49],[-53,-74],[-66,-5],[-45,33],[-21,-12],[9,-48],[-40,-99],[8,-61],[40,-67],[-26,-77],[-45,-29],[-58,35],[-14,-102],[-38,-20],[-29,11],[-29,-19],[-37,24],[-25,38],[-52,-4],[-40,27],[-21,-24],[-41,20],[-25,-44],[-32,-18],[-38,47],[-47,-60],[-18,-57],[-65,19],[-65,85],[-46,-10]],[[6605,6241],[35,4],[15,47],[44,2],[24,-26],[5,29],[41,-12],[27,12],[34,-19],[33,127],[12,10],[34,-84],[139,-6],[21,45],[45,31],[19,39],[34,-79],[-1,-30],[59,-54],[52,32],[-23,27],[27,2],[21,87],[58,-9],[103,-59],[25,-25],[30,-69],[-6,-31],[34,12],[46,83],[34,-5],[37,-33],[61,-3],[-8,-93]],[[8263,6116],[10,-51],[-5,-92],[-58,15],[3,29],[-31,40],[-37,4],[-101,-114],[-42,-5],[-58,37],[-22,31],[-2,71],[-27,-1],[-38,48],[-85,-40],[-26,69],[-28,36]],[[6194,8452],[0,37],[89,-2],[15,-34],[45,-12],[86,29],[-5,27],[64,23],[54,36],[34,38],[51,-22],[-7,-127],[96,-21],[-11,88],[35,46],[2,42],[60,-13],[-7,33],[-28,-1],[-3,33],[36,21],[30,59],[24,15],[-20,68],[26,-2],[-29,45],[18,33],[63,44],[-33,49],[9,59],[-62,74],[10,58],[107,-54],[50,50],[-47,94],[44,9],[26,28],[15,114],[23,53],[29,11],[57,-16],[23,13],[-41,76],[22,67],[133,-29],[30,11],[34,-15],[45,8],[49,-49],[39,-5],[19,-29],[30,32],[54,-1],[61,-50],[28,-2],[66,-38],[6,-86],[42,-9],[16,86],[64,44],[39,61],[35,7],[1,53],[37,1],[33,-33],[101,52],[20,-18]],[[1173,8253],[-8,60],[7,100],[-18,10],[65,53],[1,68],[31,50],[-39,19],[-19,46],[45,-22],[-2,60],[22,10],[-7,47],[139,-17],[66,7],[79,-5],[19,30],[35,15],[68,-44],[25,82],[59,-20],[60,27],[-4,123],[38,-31],[56,-8],[5,-71],[64,-5],[3,-65],[-16,-33],[-42,-2],[-1,18],[-52,-8],[-4,-60],[35,-62],[4,-50],[-20,-19],[10,-52],[32,-5],[-32,-108],[41,-48],[61,-5]]],"bbox":[11.871465848746794,50.17167338088684,15.041584551999915,51.59730816565453],"transform":{"scale":[0.0003170435746827803,0.00014257773625039451],"translate":[11.871465848746794,50.17167338088684]},"title":"Sachsen","version":"2.0.1","copyright":"Copyright (c) 2022 Highsoft AS, Based on data from GeoBasis-DE / BKG 2014","copyrightShort":"GeoBasis-DE / BKG 2014","copyrightUrl":"http://www.bkg.bund.de"}