{"type":"Topology","objects":{"default":{"type":"GeometryCollection","geometries":[{"type":"Polygon","arcs":[[68,69,70,-34,-33,71]],"id":"DE.SL.10041000.10041516","properties":{"hc-group":"admin3","hc-middle-x":0.51,"hc-middle-y":0.43,"hc-key":"de-sl-10041000-10041516","hc-a2":"QU","name":"Quierschied"}},{"type":"Polygon","arcs":[[-69,72,-28,-51,73]],"id":"DE.SL.10041000.10041518","properties":{"hc-group":"admin3","hc-middle-x":0.37,"hc-middle-y":0.43,"hc-key":"de-sl-10041000-10041518","hc-a2":"SU","name":"Sulzbach/Saar"}},{"type":"Polygon","arcs":[[36,74,75,76,-62,-61,15]],"id":"DE.SL.10043000.10043115","properties":{"hc-group":"admin3","hc-middle-x":0.54,"hc-key":"de-sl-10043000-10043115","hc-a2":"OT","name":"Ottweiler"}},{"type":"Polygon","arcs":[[-37,3,77,78,-38]],"id":"DE.SL.10045000.10045111","properties":{"hc-group":"admin3","hc-middle-x":0.52,"hc-middle-y":0.59,"hc-key":"de-sl-10045000-10045111","hc-a2":"BE","name":"Bexbach"}},{"type":"Polygon","arcs":[[-72,-32,-31,-30,-29,-73]],"id":"DE.SL.10041000.10041511","properties":{"hc-group":"admin3","hc-middle-x":0.55,"hc-middle-y":0.57,"hc-key":"de-sl-10041000-10041511","hc-a2":"FR","name":"Friedrichsthal"}},{"type":"Polygon","arcs":[[79,80,-60,-59,-58,-57,-56,81]],"id":"DE.SL.10042000.10042111","properties":{"hc-group":"admin3","hc-middle-x":0.64,"hc-middle-y":0.45,"hc-key":"de-sl-10042000-10042111","hc-a2":"BE","name":"Beckingen"}},{"type":"Polygon","arcs":[[82,-56,-55,8,83,84,-80]],"id":"DE.SL.10042000.10042113","properties":{"hc-group":"admin3","hc-middle-x":0.6,"hc-middle-y":0.55,"hc-key":"de-sl-10042000-10042113","hc-a2":"ME","name":"Merzig"}},{"type":"Polygon","arcs":[[85,86,-68,-67,87,88]],"id":"DE.SL.10044000.10044122","properties":{"hc-group":"admin3","hc-middle-x":0.41,"hc-middle-y":0.51,"hc-key":"de-sl-10044000-10044122","hc-a2":"BO","name":"Bous"}},{"type":"Polygon","arcs":[[-86,89,90]],"id":"DE.SL.10044000.10044123","properties":{"hc-group":"admin3","hc-middle-x":0.55,"hc-middle-y":0.29,"hc-key":"de-sl-10044000-10044123","hc-a2":"EN","name":"Ensdorf"}},{"type":"Polygon","arcs":[[91,92,93,-27,-26,-36,-35,-71]],"id":"DE.SL.10041000.10041513","properties":{"hc-group":"admin3","hc-middle-x":0.58,"hc-middle-y":0.6,"hc-key":"de-sl-10041000-10041513","hc-a2":"HE","name":"Heusweiler"}},{"type":"Polygon","arcs":[[-92,-70,-74,-50,-49,94,22,95,96,97,98]],"id":"DE.SL.10041000.10041100","properties":{"hc-group":"admin3","hc-middle-x":0.59,"hc-middle-y":0.57,"hc-key":"de-sl-10041000-10041100","hc-a2":"SA","name":"Saarbrücken"}},{"type":"Polygon","arcs":[[-96,23,99]],"id":"DE.SL.10041000.10041512","properties":{"hc-group":"admin3","hc-middle-x":0.53,"hc-middle-y":0.49,"hc-key":"de-sl-10041000-10041512","hc-a2":"GR","name":"Großrosseln"}},{"type":"Polygon","arcs":[[100,101,102,103]],"id":"DE.SL.10046000.10046113","properties":{"hc-group":"admin3","hc-middle-x":0.53,"hc-middle-y":0.41,"hc-key":"de-sl-10046000-10046113","hc-a2":"NA","name":"Namborn"}},{"type":"Polygon","arcs":[[-101,104,105,106,1,107]],"id":"DE.SL.10046000.10046114","properties":{"hc-group":"admin3","hc-middle-x":0.53,"hc-middle-y":0.58,"hc-key":"de-sl-10046000-10046114","hc-a2":"NO","name":"Nohfelden"}},{"type":"Polygon","arcs":[[17,108,109,-88,-66]],"id":"DE.SL.10044000.10044120","properties":{"hc-group":"admin3","hc-middle-y":0.47,"hc-key":"de-sl-10044000-10044120","hc-a2":"WA","name":"Wadgassen"}},{"type":"Polygon","arcs":[[-106,110,111,64,52,53,41,112]],"id":"DE.SL.10046000.10046118","properties":{"hc-group":"admin3","hc-middle-x":0.68,"hc-middle-y":0.38,"hc-key":"de-sl-10046000-10046118","hc-a2":"TH","name":"Tholey"}},{"type":"Polygon","arcs":[[46,-94,113,-98,114,67,45]],"id":"DE.SL.10041000.10041515","properties":{"hc-group":"admin3","hc-middle-x":0.55,"hc-middle-y":0.51,"hc-key":"de-sl-10041000-10041515","hc-a2":"PÜ","name":"Püttlingen"}},{"type":"Polygon","arcs":[[-47,115,116,117,118,119,26]],"id":"DE.SL.10044000.10044116","properties":{"hc-group":"admin3","hc-middle-y":0.46,"hc-key":"de-sl-10044000-10044116","hc-a2":"SA","name":"Saarwellingen"}},{"type":"Polygon","arcs":[[28,120,40,27]],"id":"DE.SL.10043000.10043117","properties":{"hc-group":"admin3","hc-key":"de-sl-10043000-10043117","hc-a2":"SE","name":"Spiesen-Elversberg"}},{"type":"Polygon","arcs":[[-40,121,122,123,49,50,-41]],"id":"DE.SL.10045000.10045117","properties":{"hc-group":"admin3","hc-middle-x":0.46,"hc-middle-y":0.49,"hc-key":"de-sl-10045000-10045117","hc-a2":"SI","name":"St. Ingbert"}},{"type":"Polygon","arcs":[[39,-121,29,124,-75,37,38]],"id":"DE.SL.10043000.10043114","properties":{"hc-group":"admin3","hc-middle-x":0.54,"hc-middle-y":0.42,"hc-key":"de-sl-10043000-10043114","hc-a2":"NE","name":"Neunkirchen"}},{"type":"Polygon","arcs":[[-89,-110,125,126,127,-117,128,-90]],"id":"DE.SL.10044000.10044115","properties":{"hc-group":"admin3","hc-middle-x":0.44,"hc-middle-y":0.59,"hc-key":"de-sl-10044000-10044115","hc-a2":"SA","name":"Saarlouis"}},{"type":"Polygon","arcs":[[-65,-64,129,35,-52]],"id":"DE.SL.10043000.10043111","properties":{"hc-group":"admin3","hc-middle-x":0.47,"hc-middle-y":0.4,"hc-key":"de-sl-10043000-10043111","hc-a2":"EP","name":"Eppelborn"}},{"type":"Polygon","arcs":[[33,34,-130,-63,-77,130,131]],"id":"DE.SL.10043000.10043112","properties":{"hc-group":"admin3","hc-middle-x":0.37,"hc-middle-y":0.47,"hc-key":"de-sl-10043000-10043112","hc-a2":"IL","name":"Illingen"}},{"type":"Polygon","arcs":[[132,133,-53,51,25,-120]],"id":"DE.SL.10044000.10044112","properties":{"hc-group":"admin3","hc-middle-x":0.37,"hc-middle-y":0.58,"hc-key":"de-sl-10044000-10044112","hc-a2":"LE","name":"Lebach"}},{"type":"Polygon","arcs":[[-133,-119,134,58,135]],"id":"DE.SL.10044000.10044113","properties":{"hc-group":"admin3","hc-middle-x":0.48,"hc-middle-y":0.47,"hc-key":"de-sl-10044000-10044113","hc-a2":"NA","name":"Nalbach"}},{"type":"Polygon","arcs":[[-123,136,137,5,138,139]],"id":"DE.SL.10045000.10045112","properties":{"hc-group":"admin3","hc-middle-x":0.4,"hc-middle-y":0.43,"hc-key":"de-sl-10045000-10045112","hc-a2":"BL","name":"Blieskastel"}},{"type":"Polygon","arcs":[[55,56,140,141,20,54]],"id":"DE.SL.10044000.10044114","properties":{"hc-group":"admin3","hc-middle-x":0.55,"hc-key":"de-sl-10044000-10044114","hc-a2":"RS","name":"Rehlingen-Siersburg"}},{"type":"Polygon","arcs":[[-44,-81,-85,142,12,143,144]],"id":"DE.SL.10042000.10042112","properties":{"hc-group":"admin3","hc-middle-x":0.57,"hc-middle-y":0.53,"hc-key":"de-sl-10042000-10042112","hc-a2":"LA","name":"Losheim am See"}},{"type":"Polygon","arcs":[[43,44,-54,-134,-136,59]],"id":"DE.SL.10044000.10044117","properties":{"hc-group":"admin3","hc-middle-x":0.34,"hc-middle-y":0.52,"hc-key":"de-sl-10044000-10044117","hc-a2":"SC","name":"Schmelz"}},{"type":"Polygon","arcs":[[-118,-128,145,-141,57,-135]],"id":"DE.SL.10044000.10044111","properties":{"hc-group":"admin3","hc-middle-y":0.46,"hc-key":"de-sl-10044000-10044111","hc-a2":"DI","name":"Dillingen/Saar"}},{"type":"Polygon","arcs":[[-129,-116,-46,-87,-91]],"id":"DE.SL.10044000.10044118","properties":{"hc-group":"admin3","hc-middle-x":0.55,"hc-middle-y":0.62,"hc-key":"de-sl-10044000-10044118","hc-a2":"SC","name":"Schwalbach"}},{"type":"Polygon","arcs":[[10,146]],"id":"DE.SL.10042000.10042115","properties":{"hc-group":"admin3","hc-middle-x":0.44,"hc-middle-y":0.4,"hc-key":"de-sl-10042000-10042115","hc-a2":"PE","name":"Perl"}},{"type":"Polygon","arcs":[[16,60,147,148,-103,149]],"id":"DE.SL.10046000.10046117","properties":{"hc-group":"admin3","hc-middle-x":0.47,"hc-key":"de-sl-10046000-10046117","hc-a2":"SW","name":"St. Wendel"}},{"type":"Polygon","arcs":[[4,-138,150,-78]],"id":"DE.SL.10045000.10045114","properties":{"hc-group":"admin3","hc-middle-x":0.58,"hc-middle-y":0.38,"hc-key":"de-sl-10045000-10045114","hc-a2":"HO","name":"Homburg"}},{"type":"Polygon","arcs":[[-151,-137,-122,-39,-79]],"id":"DE.SL.10045000.10045115","properties":{"hc-group":"admin3","hc-middle-y":0.6,"hc-key":"de-sl-10045000-10045115","hc-a2":"KI","name":"Kirkel"}},{"type":"Polygon","arcs":[[11,-143,-84,9,-147]],"id":"DE.SL.10042000.10042114","properties":{"hc-group":"admin3","hc-middle-x":0.43,"hc-middle-y":0.45,"hc-key":"de-sl-10042000-10042114","hc-a2":"ME","name":"Mettlach"}},{"type":"Polygon","arcs":[[48,-124,-140,151,7,47]],"id":"DE.SL.10045000.10045116","properties":{"hc-group":"admin3","hc-middle-x":0.47,"hc-middle-y":0.52,"hc-key":"de-sl-10045000-10045116","hc-a2":"MA","name":"Mandelbachtal"}},{"type":"Polygon","arcs":[[-97,-100,24,65,66,-115]],"id":"DE.SL.10041000.10041519","properties":{"hc-group":"admin3","hc-middle-x":0.32,"hc-middle-y":0.6,"hc-key":"de-sl-10041000-10041519","hc-a2":"VÖ","name":"Völklingen"}},{"type":"Polygon","arcs":[[-148,61,62,63,-112,152]],"id":"DE.SL.10046000.10046112","properties":{"hc-group":"admin3","hc-middle-x":0.55,"hc-middle-y":0.62,"hc-key":"de-sl-10046000-10046112","hc-a2":"MA","name":"Marpingen"}},{"type":"Polygon","arcs":[[19,-142,-146,-127,153]],"id":"DE.SL.10044000.10044121","properties":{"hc-group":"admin3","hc-middle-x":0.49,"hc-middle-y":0.45,"hc-key":"de-sl-10044000-10044121","hc-a2":"WA","name":"Wallerfangen"}},{"type":"Polygon","arcs":[[13,154,-144]],"id":"DE.SL.10042000.10042117","properties":{"hc-group":"admin3","hc-middle-x":0.58,"hc-middle-y":0.47,"hc-key":"de-sl-10042000-10042117","hc-a2":"WE","name":"Weiskirchen"}},{"type":"Polygon","arcs":[[-48,21,-95]],"id":"DE.SL.10041000.10041514","properties":{"hc-group":"admin3","hc-middle-x":0.3,"hc-middle-y":0.42,"hc-key":"de-sl-10041000-10041514","hc-a2":"KL","name":"Kleinblittersdorf"}},{"type":"Polygon","arcs":[[-108,2,-150,-102]],"id":"DE.SL.10046000.10046111","properties":{"hc-group":"admin3","hc-middle-x":0.51,"hc-middle-y":0.58,"hc-key":"de-sl-10046000-10046111","hc-a2":"FR","name":"Freisen"}},{"type":"Polygon","arcs":[[6,-152,-139]],"id":"DE.SL.10045000.10045113","properties":{"hc-group":"admin3","hc-middle-x":0.44,"hc-middle-y":0.51,"hc-key":"de-sl-10045000-10045113","hc-a2":"GE","name":"Gersheim"}},{"type":"Polygon","arcs":[[0,-107,-113,42]],"id":"DE.SL.10046000.10046115","properties":{"hc-group":"admin3","hc-middle-x":0.6,"hc-middle-y":0.26,"hc-key":"de-sl-10046000-10046115","hc-a2":"NO","name":"Nonnweiler"}},{"type":"Polygon","arcs":[[18,-154,-126,-109]],"id":"DE.SL.10044000.10044119","properties":{"hc-group":"admin3","hc-middle-x":0.48,"hc-middle-y":0.51,"hc-key":"de-sl-10044000-10044119","hc-a2":"ÜB","name":"Überherrn"}},{"type":"Polygon","arcs":[[-132,155,31,32]],"id":"DE.SL.10043000.10043113","properties":{"hc-group":"admin3","hc-middle-x":0.57,"hc-middle-y":0.47,"hc-key":"de-sl-10043000-10043113","hc-a2":"ME","name":"Merchweiler"}},{"type":"Polygon","arcs":[[14,-43,-42,-45,-145,-155]],"id":"DE.SL.10042000.10042116","properties":{"hc-group":"admin3","hc-middle-x":0.56,"hc-middle-y":0.48,"hc-key":"de-sl-10042000-10042116","hc-a2":"WA","name":"Wadern"}},{"type":"Polygon","arcs":[[-149,-153,-111,-105,-104]],"id":"DE.SL.10046000.10046116","properties":{"hc-group":"admin3","hc-middle-x":0.45,"hc-middle-y":0.51,"hc-key":"de-sl-10046000-10046116","hc-a2":"OB","name":"Oberthal"}},{"type":"Polygon","arcs":[[-156,-131,-76,-125,30]],"id":"DE.SL.10043000.10043116","properties":{"hc-group":"admin3","hc-middle-x":0.53,"hc-middle-y":0.51,"hc-key":"de-sl-10043000-10043116","hc-a2":"SC","name":"Schiffweiler"}},{"type":"Polygon","arcs":[[-93,-99,-114]],"id":"DE.SL.10041000.10041517","properties":{"hc-group":"admin3","hc-middle-x":0.53,"hc-middle-y":0.53,"hc-key":"de-sl-10041000-10041517","hc-a2":"RI","name":"Riegelsberg"}},{"type":"MultiLineString","arcs":[[0,1,2],[3,4,5,6,7],[8,9,10,11,12,13,14],[15],[16],[17,18,19,20],[21,22,23,24],[25,26],[25,26],[27,28,29,30,31,32,33,34,35],[27,28,29,30,31,32,33,34,35],[36],[36],[37,38,39,40],[37,38,39,40],[41,42],[41,42],[43,44],[43,44],[45,46],[45,46],[47,48,49,50],[47,48,49,50],[51],[51],[52,53],[52,53],[54,55,56,57,58,59],[54,55,56,57,58,59],[60,61,62,63,64],[60,61,62,63,64],[65,66,67],[65,66,67]],"properties":{"hc-group":"__border_lines__"}}],"hc-recommended-transform":{"default":{"crs":"+proj=utm +zone=32 +datum=WGS84 +units=m +no_defs","scale":0.00930005730423,"jsonres":15.5,"jsonmarginX":-999,"jsonmarginY":9851,"xoffset":308792.971842,"yoffset":5500410.41748}}}},"arcs":[[[5102,9506],[16,61],[62,-38],[64,-9],[45,36],[100,11],[32,-30],[13,-54],[47,43],[-28,15],[-4,57],[70,-44],[26,33],[-31,45],[-5,56],[27,49],[-36,56],[-3,47],[78,73],[74,4],[-6,-58],[13,-113],[19,-18],[71,107],[13,-32],[139,91],[35,38],[-7,-61],[94,18],[39,34],[2,-54],[-36,-52],[8,-77],[-28,-95],[59,58],[38,77],[67,68],[50,-38]],[[6219,9810],[39,-21],[73,87],[76,123],[216,-138],[82,-32],[88,-127],[37,-109],[72,-126],[47,-121],[-10,-33],[32,-19],[19,-54],[39,79],[73,-21],[-9,44],[34,-6],[15,-103],[51,-8],[78,-49],[61,-8],[107,20],[66,42],[27,70],[57,22],[38,-19],[56,-80],[69,-26],[48,37],[13,-85],[-21,-126],[5,-54],[84,-46],[44,-56],[4,-71],[30,22],[188,0],[38,-51],[-34,-108]],[[8151,8659],[28,-55],[106,-19],[36,15],[32,45],[26,-8],[62,27],[13,92],[100,2],[61,86],[12,72],[32,36],[49,-3],[-30,-103],[-26,-51],[-5,-76],[51,-73],[15,-110],[52,-22],[-11,-171],[20,-75],[13,-204],[131,-47],[109,-1],[-29,-66],[36,-74],[39,-24],[29,-56],[-20,-62],[-64,-37],[-39,93],[-45,-25],[-64,-88],[35,-83],[-63,-39],[-7,-89]],[[8937,5616],[44,-69],[-29,-68],[45,-47],[-89,-98],[24,-9],[-27,-77],[95,13],[46,-12],[-10,-26]],[[9036,5223],[126,-59],[15,-56],[53,-23],[59,1],[17,-26],[54,31],[88,6],[93,-20],[-9,-102],[41,11],[95,-19],[-6,-78],[-18,-15],[3,-111],[116,53],[160,115],[53,-30],[7,-53],[-83,-80],[4,-26],[84,-111],[-31,-41],[-81,-12],[-10,-69],[84,13],[-3,-50],[52,-32],[-27,-31],[16,-27],[-30,-68],[5,-54],[-34,-13],[-5,-70],[-30,-76],[-84,-122],[-21,2],[-39,-61],[29,-40],[45,73],[66,4],[20,-114],[-40,-46],[15,-50],[-75,7],[-31,-61],[5,-57],[-18,-38],[5,-78],[53,-66],[-103,-213],[-28,-38],[-46,42],[-17,-31],[2,-63],[-52,21],[-47,56],[7,29],[-57,-29],[-79,-14],[-68,-61],[13,-38],[81,-55],[-2,-55],[-47,-124],[-137,-122],[29,-55],[-31,-122],[-19,-11],[-64,74],[-36,70],[0,36]],[[9123,2751],[-54,-17],[7,-24],[-41,-73],[6,-105],[-77,-100],[-33,-8],[-26,-67],[50,-30],[-53,-77],[50,-75],[82,-65],[-1,-127],[-42,-48],[1,-51],[28,-34],[-51,-54],[20,-51],[52,34],[21,-90],[46,-54],[43,-96],[58,-87],[54,-3],[112,-74],[-30,-73],[5,-90],[22,-35],[47,-20],[30,-110],[37,-82],[38,-33],[68,4],[19,-77],[-17,-73],[13,-195],[-60,15],[-107,-12],[-37,38],[-110,-9],[-138,-120],[-25,-52],[-25,-119]],[[9105,332],[-45,-45],[-14,-74],[-54,-111],[-51,-45],[-103,38],[14,123],[-21,17],[-37,-36],[-39,34],[-76,-29],[-162,90],[-35,50],[-90,-25],[-53,-44],[-95,-24],[-111,-13],[-45,-34],[-3,-45],[-34,-89],[-31,29],[-4,86],[-55,80],[-3,40],[-30,-3],[-15,64],[-18,-23],[-59,4],[7,-32],[-42,5],[-57,-27],[-16,28],[-27,-38]],[[7701,283],[-37,-121],[-35,19],[-56,70],[-64,14],[-26,38],[-46,15],[-39,61],[-3,56],[-48,128],[-47,2],[-33,-25],[-97,-19],[-35,-19],[-12,104],[12,43],[67,71],[20,39],[-48,11],[-20,55],[-49,11]],[[1905,5825],[-43,39],[-16,78],[-78,99],[-30,59],[-15,-18],[-34,48],[-91,1],[-102,101],[-61,98]],[[1435,6330],[-80,85],[-126,24],[-16,19]],[[1213,6458],[-126,169],[-26,56],[-56,10],[-68,-44],[-47,57],[-73,47],[-25,-28],[-69,96],[13,17],[-53,67],[-83,4],[-56,-103],[-105,-96],[-12,11],[-85,-46],[-129,40],[-4,-32],[-43,-7],[-35,50],[0,35],[-41,17],[3,177],[13,204],[-16,144],[6,76],[-21,152],[-75,347],[2,104],[38,76],[50,53],[30,62],[71,96],[23,56],[132,-70],[98,22],[95,-43],[3,-57],[38,13],[59,69],[55,25],[117,-74],[47,-51],[18,30],[10,-82],[22,-23],[105,107],[32,-20]],[[1045,8171],[9,26],[85,-51],[48,-61],[52,-106],[65,-42],[50,-5],[12,36],[67,57],[70,-4],[-1,-111],[25,-31],[21,29],[32,-15],[149,211],[60,-34],[95,-32],[87,87],[13,-50],[33,-5],[53,-61],[50,-107],[2,-126],[84,-89],[28,-8],[37,33],[90,-29],[45,48],[9,43],[-38,113],[33,31],[30,-25],[60,6],[17,55],[-30,83],[95,45],[30,58],[49,11],[48,-33],[3,-46],[44,26],[47,80]],[[2803,8178],[-4,117],[19,31],[49,-99],[6,-38],[56,-23],[186,108],[34,-130],[13,-102],[19,-18],[36,86],[36,7],[28,39],[73,210],[136,56],[53,52],[57,25],[10,-34],[64,-21],[52,8],[90,68]],[[3816,8520],[73,120],[130,47],[86,114],[26,70],[32,28],[48,94],[33,32],[113,75],[85,-107],[18,39],[107,-104]],[[4567,8928],[44,85],[-9,99],[29,7],[37,-64],[113,304],[82,57],[40,-6],[10,-56],[76,-80],[3,95],[37,45],[58,-43],[8,24],[-54,65],[10,36],[51,10]],[[8554,6056],[31,-33],[11,-68],[33,2],[5,-48],[42,15],[71,-5],[58,-66],[34,-60],[37,-3],[36,-51],[-7,-45],[32,-78]],[[8835,7466],[33,-22],[-25,-59],[41,-47],[-39,-68],[-15,-133],[4,-46],[-36,-33],[122,-23],[57,9],[41,-129],[27,-22],[9,-59],[-41,-66],[4,-44],[-33,-39],[-74,-44],[-34,-42],[6,-46],[-116,-37],[-12,-74],[-67,-5],[-80,-53],[-52,-13],[-60,-48],[13,-29],[72,-64],[-48,-103],[22,-71]],[[3496,2027],[-35,43]],[[3461,2070],[-139,-94],[-31,14],[-59,-30],[-52,86],[-20,86],[23,108],[-19,151],[-37,74],[56,110],[-66,107],[-62,38],[-16,41],[-54,-47],[-54,-12],[-38,128],[57,124],[14,61],[-18,113],[41,63],[-87,42],[-9,22]],[[2891,3255],[-65,-46],[-13,107],[-75,56],[-51,111],[-65,2],[-67,124],[-73,7],[-21,-25],[-26,84],[-29,15],[-44,105],[-40,55],[-60,49],[-50,85],[62,151]],[[2274,4135],[-92,132],[-31,-43],[-41,4],[0,61],[-26,65],[-47,33],[-37,53],[-18,62],[-14,123],[100,52],[27,-33],[46,-12],[65,-121],[16,96],[23,9],[-6,51],[46,21],[52,149],[-25,-11],[-6,50],[-42,45],[-109,-60],[16,70],[-5,81],[31,149],[-22,31],[-47,-6],[-33,81],[-126,-32],[-34,83],[-75,33],[-1,107],[-51,8],[-25,34],[-33,-16],[-34,155],[15,53],[94,107],[38,-18],[42,44]],[[7105,836],[-51,-57],[-52,-21],[-74,17],[-9,-106],[26,-63],[-19,-49],[74,-162],[-6,-49],[-116,-69],[-52,-42],[-31,-76],[-19,-115],[-90,-44],[-52,21],[-44,56],[-28,90],[12,205],[13,73],[-11,72],[-43,146],[-73,146],[-17,81],[10,102],[-33,47],[-17,68],[18,121]],[[6421,1228],[41,106],[-4,109],[16,64],[-60,-11],[-52,-32],[-17,75],[-57,-38],[-45,-60],[-18,114],[-90,9],[-22,61],[-44,60],[-166,163],[-25,2],[-124,-122],[-82,88],[-68,121],[-39,48],[-17,110],[-88,-6],[-37,23],[-61,-12],[2,-52],[-70,-94],[-105,-26],[-69,-85],[-192,108],[-27,76],[-72,64],[-38,10],[-127,-123],[-77,-64]],[[4587,1914],[-12,-31],[57,-45],[78,-126],[19,-66],[-17,-97],[73,-129],[32,-98],[2,-53],[-27,-80],[-32,7],[-109,-37],[11,-89],[-9,-83],[29,-130],[-128,-115],[-92,58],[-72,67],[-85,18],[-52,65],[-98,33],[-22,43]],[[4133,1026],[-96,44],[-181,-69],[-108,38],[-107,-58],[-87,106],[-26,63],[-62,52],[-86,246],[193,334],[-56,160],[-21,85]],[[5607,5038],[-33,-26],[-35,7],[11,-51],[-20,-27],[-10,56],[-30,-3],[-7,-146],[-34,-18],[-57,27]],[[5392,4857],[-31,-90],[-55,-57],[-36,15],[0,-60],[-51,-49],[-127,-64],[-11,-35],[-50,-6],[-25,-46],[-42,-23],[-87,6],[-38,31],[-11,-24],[49,-61],[39,7],[37,-126],[36,-35],[25,-84],[-20,-42],[-50,-35]],[[7258,3745],[-11,60],[-70,25],[-16,30]],[[7161,3860],[35,28],[-13,64],[45,69]],[[7228,4021],[-76,149],[79,40],[1,43]],[[7232,4253],[-43,44],[-64,8],[-11,-24],[-45,59],[-34,-36],[-45,70],[-23,77]],[[6967,4451],[-79,-60],[-43,11],[6,-117],[-40,-167],[-36,-8],[-40,32]],[[6735,4142],[-20,177],[11,44],[-96,78],[-30,-42],[-34,-11],[5,127],[-91,-36],[-73,-9],[-39,49]],[[6368,4519],[-24,9],[-10,-21]],[[6334,4507],[-61,1],[60,99],[20,72],[-59,-4],[-112,15],[-41,-6]],[[6141,4684],[-27,-18],[-51,20],[-107,-31],[-25,26],[-77,-56],[-53,14],[-9,55],[-71,121],[23,93],[-23,56],[-61,-6],[-53,80]],[[8937,5616],[-87,-117],[-89,1],[-50,-67],[-70,-28]],[[8641,5405],[-62,6],[-38,-104],[15,-38],[-35,-21],[15,-59],[-77,-23],[-35,-31],[-20,-60],[-152,-195],[-12,-100],[52,-78],[75,38],[42,-30],[31,-94],[15,-97],[-18,-67],[-70,-103],[44,-52],[-2,-76],[60,-83],[66,-17],[39,-55],[76,10],[1,-48],[37,-23]],[[8688,4005],[-68,-102],[-76,36],[-67,-78],[-50,-31],[63,-63],[16,-64],[-67,-68],[-108,-78],[-385,-192],[-58,-41]],[[7888,3324],[-31,85],[82,90],[-35,78],[27,92]],[[7931,3669],[-89,-34],[-61,5],[-95,-148],[-57,90],[-148,3],[-170,157],[-13,-29],[-40,32]],[[5281,7388],[87,117],[36,-77],[20,22],[34,-26],[174,145],[82,11]],[[5714,7580],[9,100],[-16,57],[16,94],[-31,154],[38,52],[9,186],[-12,103],[-23,46],[60,65],[22,44],[-17,52],[-41,-2],[-3,67],[-65,1],[-9,24],[39,69],[-30,22],[-1,42],[48,73],[11,69],[-36,28],[61,60],[-27,41],[-5,87],[14,95],[-30,-59],[-95,63],[-54,-3],[-45,31],[-25,-38],[-65,-7],[-53,-50],[-80,-1],[-42,-72],[-100,132],[0,123],[-30,90],[-4,88]],[[4205,6573],[35,67],[43,144]],[[4283,6784],[64,66],[82,-82],[58,35],[28,49],[63,39],[44,-9],[1,29],[102,93],[14,29],[77,-41],[129,-20],[60,81],[108,120],[47,29],[89,114],[32,72]],[[4773,3296],[48,43],[28,-11],[18,54],[-68,82],[29,30],[40,-38],[7,-46],[51,102],[61,26],[14,42],[-15,62],[-39,86],[3,42],[71,109],[-95,172]],[[4926,4051],[18,28]],[[7105,836],[0,40],[36,16],[10,52],[130,156],[59,-7],[36,58],[-23,81],[-23,-13],[-84,21],[-35,-21]],[[7211,1219],[-36,136],[-20,39],[7,54],[55,36],[19,54],[42,10],[-21,39],[20,106],[80,101],[13,95],[20,34],[35,-33],[28,41],[-17,69],[-47,10],[-37,-29],[-42,120],[37,111],[30,221]],[[7377,2433],[8,85],[-45,9],[-71,119],[-44,18],[5,45],[-37,56],[-22,-69],[-48,2],[-78,-77],[-23,-63],[-57,-26],[-7,57],[-59,24],[36,111],[-67,55],[-75,-44],[-54,101],[15,40],[-21,69],[5,78]],[[6738,3023],[32,3],[28,57],[40,11],[72,-15],[-21,119],[78,29],[-10,22],[13,82],[-38,136],[27,36],[34,-14],[47,43],[-17,31],[32,72],[22,-40],[43,48],[93,44],[45,58]],[[6038,6157],[-106,-47],[-48,-47],[-64,5],[-68,-75],[3,-17],[-73,-56],[-82,25],[-8,-23],[-89,49],[-13,38],[-7,-81],[-71,-52],[-2,-106],[-65,-44],[32,-102],[42,-81],[49,-38],[-60,-71],[3,-53],[72,35],[71,-89],[-32,-59],[38,-27],[-11,-62],[24,-111],[34,-30]],[[6038,6157],[-19,68],[-9,150],[-48,60],[-69,-15],[31,38],[-56,169],[20,85],[46,59],[-10,21],[-60,-20],[-13,75],[32,48],[-48,86],[32,39],[-25,77],[-53,29],[-69,-52],[-90,-165],[-56,-73],[-48,-21]],[[5526,6815],[-32,21],[-71,-72],[-25,70],[-39,43],[-72,114],[46,50],[43,9],[12,55],[46,31],[-29,52],[-40,27],[-23,106],[-61,67]],[[1905,5825],[75,-71],[63,49],[54,-128],[23,-32],[0,-60],[47,-72],[-10,-49],[31,-18],[50,18],[13,-22],[72,-29],[10,34],[43,19],[32,48],[113,20],[33,80],[37,37],[26,-19],[40,40],[26,-35],[41,41],[80,-75],[105,-161]],[[2909,5440],[0,-1]],[[2909,5439],[85,-178],[218,-141],[6,-74],[-13,-66],[41,-46]],[[3246,4934],[35,29],[74,27],[-5,32],[72,34],[42,60],[-29,35],[67,52],[49,19],[89,93],[48,77],[29,-23]],[[3717,5369],[34,-11],[40,24],[37,70],[50,44],[178,44],[88,75],[72,145]],[[4216,5760],[-30,30],[-6,55],[14,131],[-13,103],[-86,78],[34,0],[32,48],[5,53],[34,9],[-19,42],[24,84],[41,19],[-9,63],[-42,16],[21,53],[-11,29]],[[8554,6056],[-128,-42],[-38,-35],[-35,44],[-45,-13],[-128,198],[-51,34],[-22,-68],[10,-58],[-86,-26],[-51,-55],[0,-61],[-92,-21],[-122,-51],[-70,-80],[-59,-10],[-73,-45],[-92,34],[-53,45],[-12,94],[-22,20],[10,60],[-21,19],[-10,-49],[-36,-20],[-36,54],[-53,-58],[-73,32],[-40,-77],[44,-7],[-31,-56],[-32,-18]],[[7107,5840],[-68,35],[-24,-48],[3,-79],[-19,-9]],[[6999,5739],[-58,-36],[-23,-41],[-112,21],[-90,-48],[-33,55],[-2,71],[-19,8]],[[6662,5769],[-69,194],[-85,-63],[-58,-18],[-78,34],[-18,43],[-29,-2],[-39,78],[-51,13],[2,43],[-144,41],[21,38],[-28,7]],[[6086,6177],[-48,-20]],[[3496,2027],[117,145],[48,44],[10,-52],[173,-52],[69,-9],[54,45],[36,6],[54,49],[24,83],[72,65],[15,-48],[52,40],[-9,77],[71,2],[47,23],[80,156],[43,129],[93,48],[4,-40],[49,3],[-96,169],[-3,60],[-82,21]],[[4417,2991],[51,94],[120,-19],[79,-33],[93,3]],[[4760,3036],[24,62],[-28,81],[33,43],[-16,74]],[[6664,3857],[-57,0],[-55,-48],[-67,-103],[60,-92],[-51,-35],[-57,-73]],[[6437,3506],[-101,-129],[-61,-91],[-27,27],[-69,-5],[69,51],[41,136],[-83,112],[-1,137],[-9,64],[-118,147]],[[6078,3955],[57,85],[26,-26],[-6,67],[32,74],[68,49],[51,78],[-14,71],[6,83],[36,71]],[[6735,4142],[-24,-59],[11,-68],[-13,-79],[-45,-79]],[[6664,3857],[78,-5],[43,-48],[87,42],[-2,73],[15,37],[64,24],[23,-80],[25,-31],[164,-9]],[[6738,3023],[-44,127],[-37,168],[-36,52],[-104,94],[-80,42]],[[8641,5405],[9,71],[-30,43],[-116,65],[-74,-30],[9,-38],[-36,-114],[-67,-24],[-85,-12],[-28,-48],[-69,-58],[3,32],[-51,51],[-67,-27],[-60,16],[-33,-51],[-75,-40],[-33,-71],[-60,54],[7,46],[-19,71],[-63,-57],[-93,-13],[-17,-77]],[[7593,5194],[-129,62],[-41,88],[-95,51]],[[7328,5395],[-34,99],[9,55],[-50,19],[-81,84],[-44,103],[-69,-56],[-60,40]],[[9036,5223],[-16,-51],[-22,12],[-115,-18],[-71,13],[-52,-34],[12,-147],[16,-11],[39,-135],[22,-4],[19,-57],[-9,-76],[127,-34],[77,6],[-46,-365]],[[9017,4322],[-149,-34],[-7,-89],[24,-57],[-65,-65],[-27,-50],[-51,-47],[-54,25]],[[3002,5466],[63,-57],[59,19],[51,70],[-6,50],[30,57],[67,-26],[11,48],[-40,68],[-5,43],[28,60],[28,-23],[43,106],[27,29],[22,148],[52,164],[62,65],[15,39],[-17,51],[-45,44],[-64,172],[-22,5]],[[3361,6598],[13,102],[47,40],[126,-97],[67,4],[6,-28],[62,-84],[16,-46],[87,26],[47,-23],[96,138],[141,53],[86,-38],[9,-86],[41,14]],[[2909,5440],[93,26]],[[3002,5466],[-93,-27]],[[1435,6330],[204,93],[25,114],[38,-14],[83,72],[33,-6],[-10,49],[32,71],[13,185],[29,105],[56,-59],[124,-12],[55,47],[-44,76],[77,-53],[82,53],[49,-4],[19,28],[134,54],[7,-37],[54,4],[106,60],[72,-39],[52,73],[-19,95],[-40,44],[1,38],[89,-6],[34,78]],[[2790,7439],[25,13],[-16,-129],[46,6],[58,-35],[24,23],[115,-64],[5,40],[70,-17],[-6,-87],[45,-65],[68,-42],[9,-38],[-47,-103],[1,-52],[34,-156],[-8,-160],[50,-2],[51,34],[47,-7]],[[3986,3142],[55,28],[-2,96],[25,35]],[[4064,3301],[40,20],[61,-62],[98,-1],[62,15],[34,29],[78,-15],[31,-37],[128,12],[47,36],[35,-73],[38,-5],[57,76]],[[4417,2991],[-150,29],[-101,50],[-124,9]],[[4042,3079],[-40,32],[-16,31]],[[3986,3142],[-53,94],[-31,92],[-11,147],[4,143],[57,184],[15,72],[-9,68],[45,16],[35,-22],[-11,50],[168,-27]],[[4195,3959],[11,-98],[46,-51],[17,-105],[-78,-79],[-60,-175],[17,-55],[-49,-20],[-35,-75]],[[6078,3955],[-69,-54],[-44,75]],[[5965,3976],[-34,45],[-43,-48],[-58,-21],[-13,53],[-37,29],[-45,-27],[-46,53],[-56,12],[-54,-29],[-47,-61],[-22,41],[-102,71],[2,55],[-114,-7],[5,-26],[-50,-23],[-54,-53]],[[5197,4040],[-47,15],[-71,-17],[-135,41]],[[7211,1219],[-80,77],[-92,19],[-162,-132],[-16,-36],[-56,66],[-66,-25],[-42,44],[-113,-77],[-163,73]],[[4587,1914],[-19,14],[-25,10]],[[4543,1938],[-55,118],[20,76],[58,19],[3,35],[124,106],[69,-52],[52,34],[17,-24],[76,2],[73,-30],[73,88],[20,61],[-21,113],[30,26],[102,15],[6,61],[73,-25],[24,107],[-62,192]],[[5225,2860],[-2,41],[94,144],[20,58],[61,35],[36,42],[-27,68]],[[5407,3248],[69,13],[24,53],[119,-11],[55,38],[0,39],[38,57],[32,120],[50,93],[17,161],[20,60],[34,38],[100,67]],[[4133,1026],[-4,57],[-32,94],[-49,38],[-24,116],[-25,44],[72,73],[107,77],[83,2],[-6,131],[117,111],[102,170],[24,21],[21,-45],[24,23]],[[7495,8185],[51,-65],[94,-35],[74,107],[53,40]],[[7767,8232],[54,-14],[10,-78],[-10,-46],[78,12],[17,-44],[28,22],[126,-3],[6,-76],[-30,-30],[-10,-122],[25,-107],[26,-47],[0,-113],[45,-59]],[[8132,7527],[-54,-46],[-75,-117],[-147,-29],[-36,-93],[-98,-54],[-25,-78],[-116,-19],[-11,134],[-20,39],[11,61],[-27,25],[-34,81],[3,63],[-32,-22],[-76,15],[-24,52],[6,39]],[[7377,7578],[-23,77],[-31,11],[-17,93],[24,30],[-21,93],[31,-6],[-18,45],[67,152],[33,9],[73,103]],[[7495,8185],[-9,118],[-38,14],[-21,-45],[-107,4],[-36,45],[-34,-25],[-95,-22],[-38,24],[-18,46],[-81,-30],[-24,-58],[-28,35],[-38,-37],[53,-63],[23,-86],[-46,-77],[-44,-35],[-64,25],[-13,31],[-82,-87],[-46,-141],[-94,14],[-12,-30]],[[6603,7805],[-119,2],[-10,-34],[-126,63],[-46,-23],[-13,27]],[[6289,7840],[-5,162],[8,59],[-68,14],[-14,48],[-43,53],[-58,-17],[13,57],[-51,146],[5,86],[-37,29],[26,61],[-17,34],[58,124],[46,26],[68,3],[47,-48],[34,50],[-19,60],[44,47],[28,67],[-116,88],[10,28],[78,-46],[91,10],[39,28],[54,8],[24,120],[-48,95],[41,148],[-93,-22],[-31,54],[-90,53],[21,37],[-63,187],[4,24],[-67,36],[11,61]],[[8151,8659],[-53,-9],[-67,-128],[-57,-60],[-63,-29],[-64,5],[-86,-108],[6,-98]],[[3461,2070],[32,81],[21,307],[102,18],[5,132],[71,15],[14,78],[74,-64],[24,-3],[3,77],[63,129]],[[3870,2840],[23,-11],[155,200],[-6,50]],[[6603,7805],[-2,-62],[30,-73],[-15,-25],[50,-30],[-16,-21],[27,-70],[-28,-23],[8,-57],[55,-32],[-33,-53],[35,-39],[-19,-40],[22,-33]],[[6717,7247],[15,-71],[-49,14],[-30,-36],[34,-34],[-53,-54],[-54,-192],[14,-40],[-49,-19],[34,-106],[-27,15],[-58,-47],[-6,-32],[-42,-15],[-73,-143],[18,-79],[-48,-20],[-87,5],[-31,-16],[-39,-85],[-28,12],[-44,-106],[-28,-21]],[[5714,7580],[55,-47],[75,60],[25,-38],[51,-3],[6,28],[94,21],[57,88],[82,60],[47,8],[72,56],[11,27]],[[5197,4040],[40,-48],[45,-99],[153,-56],[28,-25],[-6,-80],[-45,-77],[34,-40],[-60,-104],[7,-33],[60,-46],[-6,-75],[-79,-73],[39,-36]],[[5225,2860],[-39,-3],[-41,57],[-34,18],[-91,-17],[-37,49],[-6,97],[-16,12],[-126,-42],[-37,20],[-38,-15]],[[4926,4051],[-155,-164],[-71,20],[-16,53],[-19,172],[-25,-15],[-9,55],[-33,24],[-96,15],[-26,-19],[-98,8]],[[4378,4200],[-78,27],[-93,10],[-127,67],[-47,45],[-20,150],[-60,43],[-73,184]],[[3880,4726],[55,55],[23,52],[67,48]],[[4025,4881],[17,-53],[165,96],[47,76],[84,-41],[122,-79],[127,17],[114,106],[33,77]],[[4734,5080],[40,3],[20,38],[59,49],[59,-142],[-3,-101],[55,-4],[113,15],[58,22],[91,-31],[108,37],[21,-12],[37,-97]],[[7228,4021],[59,-74],[76,40],[18,-20],[48,15],[84,-46],[38,6],[120,59],[137,17],[26,-62],[42,-39],[51,-117],[-34,-54],[48,-60],[-10,-17]],[[7888,3324],[71,-170],[35,-17],[-42,-25],[-21,-59],[15,-28],[-17,-158],[9,-66]],[[7938,2801],[-33,-39],[4,-114],[-65,-16]],[[7844,2632],[-111,-23],[5,-40],[-30,-49],[29,-60],[-70,-24],[-31,-31],[-22,99],[-24,-70],[-108,-65],[-18,44],[-87,20]],[[7232,4253],[71,34],[-28,31],[19,37],[35,-3],[13,58],[105,116],[51,143],[-24,53],[19,25],[6,118],[56,51],[9,193],[29,85]],[[3870,2840],[-94,42],[-41,73],[-73,51],[-135,49],[-81,142],[-62,74],[25,26],[-9,45],[67,75],[10,90],[-72,10],[-33,-32],[-12,75],[-80,-17],[-42,106],[-53,-47]],[[3185,3602],[10,93],[-91,7],[-3,92],[43,75],[-110,-28],[104,76],[56,-20],[18,-49],[34,18],[-14,-65],[49,18],[99,105],[28,-32],[25,73],[69,29],[-19,30],[61,14],[54,71],[-51,119],[-87,80]],[[3460,4308],[92,61],[36,56],[66,48],[21,46],[52,32],[51,75],[9,48],[35,20],[2,45],[56,-13]],[[4378,4200],[-9,-109],[-44,87],[-47,-29],[-10,-41],[-80,-1],[30,-136],[-23,-12]],[[6662,5769],[-103,-87],[-7,-51],[-117,-105],[5,-46],[-78,10],[-31,-51],[24,-29],[-20,-60],[-23,24],[-123,-100],[-22,-62],[-79,-57],[-5,-106],[8,-83],[17,-4],[-12,-110],[25,-56],[20,-112]],[[7328,5395],[-113,-19],[-44,20],[-13,-73],[-47,3],[-23,-39],[-88,-28],[-9,-77],[57,6],[51,-141],[-18,-8]],[[7081,5039],[-42,-14],[-23,39],[-30,-50],[-40,11],[-70,54],[-40,11],[-81,-6],[-14,-63],[75,-32],[-27,-56],[43,-49],[-27,-93],[-71,16],[-79,-9],[-61,-69],[-34,23],[-50,-78],[17,-64],[-46,-4],[-8,-38],[-105,-49]],[[4734,5080],[-34,7],[5,34],[-23,191],[-14,10]],[[4668,5322],[112,71],[25,97],[41,32],[25,-36],[37,33],[-64,70],[34,42],[-23,46],[-8,141],[96,84],[-21,36],[8,70],[-34,33],[30,40],[89,-7],[47,54],[-11,42],[33,7],[-33,65],[-9,70],[-31,33],[-25,80],[41,33],[-33,53],[20,98],[-27,42],[-75,1],[-2,38],[37,49],[34,9],[7,-71],[83,-70],[50,28],[20,50],[16,-81],[49,87],[38,22],[-5,-101],[58,-3],[41,54],[27,-39],[36,67],[46,5],[3,31],[71,-8],[-10,43],[15,53]],[[4025,4881],[-50,75],[-17,77],[-13,-9],[-18,146],[-29,61],[-101,-42],[-47,70],[-33,110]],[[4216,5760],[59,-55],[8,-43],[87,-113],[51,-36],[-28,-56],[17,-106],[27,-7],[108,70],[76,7],[21,-76],[26,-23]],[[7938,2801],[103,92],[-16,48],[23,43],[57,29],[56,-4],[101,-75],[69,59],[102,32],[22,-42],[75,-43],[0,67],[41,121],[94,57],[33,46],[63,124],[72,102],[42,28]],[[8875,3485],[23,40],[69,-33],[68,-108],[-8,-61],[-28,12],[-34,-37],[-21,20],[-90,-99],[-26,-74],[30,-45],[65,-10],[57,-36],[-11,33],[69,-8],[-39,-90],[-4,-80],[-59,-16],[-25,-99],[93,-17],[33,17],[5,76],[69,6],[-15,-68],[27,-57]],[[9105,332],[-93,119],[32,218],[35,37],[-37,93],[-40,-11],[-160,109],[-22,38],[-1,68],[-42,-18],[-4,39],[-47,119],[-89,-45],[11,93],[29,12],[45,74],[-66,34],[-53,-37],[-74,51],[20,58],[-38,33],[-43,-108],[-46,20],[-30,-45],[-32,-4],[-22,-55],[-35,42],[-47,22],[-75,88],[-25,125],[14,32],[-27,28],[-71,6]],[[8072,1567],[9,83],[-23,112],[-11,128],[-51,-4],[-60,-78],[-67,54],[-9,63],[3,214],[43,136],[14,178],[43,65],[-98,68],[-21,46]],[[3246,4934],[25,-44],[-19,-181],[-26,-55],[87,8],[-65,-58],[-18,37],[-43,-80],[27,-96],[-41,-9]],[[3173,4456],[-38,23],[-27,-31],[-42,6],[-13,48],[-33,-17],[18,-47],[-50,-80],[-58,59],[-90,-86],[-137,16],[-14,26],[-97,-15],[-60,-39],[-69,52],[-69,-99],[-61,-50],[-59,-87]],[[2790,7439],[-67,-3],[-5,121],[-87,91],[11,38],[33,4],[41,77],[78,22],[7,67],[-56,74],[38,27],[-13,57],[34,4],[64,107],[-25,48],[-40,5]],[[3816,8520],[49,-14],[18,18],[31,-66],[21,-109],[27,-57],[1,-57],[28,-12],[39,-65],[39,-9],[32,-53],[23,-116],[39,-71],[-15,-81],[0,-107],[35,-77],[2,-148],[67,50],[72,9]],[[4324,7555],[-9,-32],[26,-66],[-56,-174],[26,-7],[43,-70],[5,-49],[-76,-28],[-59,-67],[14,-166],[60,1],[-15,-113]],[[3460,4308],[-30,-67],[4,77],[-99,103],[-14,49],[-51,-18],[-67,-92],[-30,96]],[[1045,8171],[25,-43],[35,-137],[44,-46],[-92,3],[-12,-26],[-58,35],[-27,-57],[-51,22],[-38,-37],[-15,-91],[130,-69],[15,45],[45,-35],[42,16],[77,-16],[17,22],[24,-38],[77,36],[43,-97],[1,-119],[38,-108],[-40,-29],[-42,20],[-59,-56],[-4,-32],[37,-52],[56,-152],[-40,-28],[73,-46],[-19,-55],[-89,-102],[-23,-81],[11,-50],[42,-80],[-67,-102],[56,-63],[-44,-65]],[[7107,5840],[-12,235],[30,7],[-8,37],[-53,72],[-15,61],[-8,123],[7,74],[77,78],[67,3],[-3,67],[-41,-17],[-9,39],[-110,-21],[-39,75],[-16,65],[-8,216],[24,36],[-26,29],[-81,174],[-87,64],[-4,58],[75,19],[59,50]],[[6926,7384],[100,10],[72,53],[110,-2],[93,68],[30,49],[46,16]],[[8132,7527],[-33,-60],[-6,-82],[61,27],[62,81],[12,71],[51,-39],[56,-18],[93,-70],[39,2],[116,-94],[106,13],[28,87],[44,20],[74,1]],[[8875,3485],[-62,87],[30,52],[74,-38],[40,15],[101,-16],[-1,84],[-61,50],[-2,52],[30,8],[40,82],[58,49],[13,51],[31,14],[-45,77],[-24,102],[-46,34],[-31,77],[-3,57]],[[8072,1567],[-6,-38],[-42,-30],[-36,-107],[-26,-40],[-54,-17],[-47,-70],[0,-119],[53,-125],[-14,-46],[-83,-89],[-57,-41],[-82,-117],[5,-68],[-23,-148],[1,-130],[40,-99]],[[6717,7247],[59,36],[-9,26],[90,116],[29,-31],[33,29],[7,-39]],[[3185,3602],[-63,-111],[-28,-110],[-42,-110],[-47,-32],[20,-40],[-48,14],[-34,71],[-52,-29]],[[4567,8928],[-21,-79],[-30,-49],[8,-111],[-59,16],[0,-35],[68,-63],[15,-57],[32,-26],[14,-95],[64,-5],[58,-118],[-23,-37],[22,-18],[-23,-55],[-31,25],[-72,-30],[5,-74],[39,-6],[24,-96],[33,-47],[27,-71],[-44,-14],[-15,-36],[-39,8],[-33,-53],[-33,16],[-38,-45],[-37,55],[-39,-144],[9,-119],[-71,36],[-53,-46]],[[7081,5039],[24,-49],[-16,-57],[11,-79],[18,-21],[-67,-17],[-58,-60],[-15,-74],[-27,-45],[-54,-33],[43,-52],[40,-89],[-13,-12]]],"bbox":[6.357666301068919,49.11191920697798,7.4037725825871785,49.6394388261264],"transform":{"scale":[0.00010462109026085203,0.00005275723763860598],"translate":[6.357666301068919,49.11191920697798]},"title":"Saarland","version":"2.0.1","copyright":"Copyright (c) 2022 Highsoft AS, Based on data from GeoBasis-DE / BKG 2014","copyrightShort":"GeoBasis-DE / BKG 2014","copyrightUrl":"http://www.bkg.bund.de"}