{"type":"Topology","objects":{"default":{"type":"GeometryCollection","geometries":[{"type":"Polygon","arcs":[[0]],"id":"BW.6964","properties":{"hc-group":"admin1","hc-middle-x":0.64,"hc-middle-y":0.59,"hc-key":"bw-6964","hc-a2":"LO","labelrank":"4","hasc":"BW.","alt-name":null,"woe-id":"-2344749","subregion":"South-East","fips":"BC","postal-code":null,"name":"Lobatse","country":"Botswana","type-en":"Town","region":null,"longitude":"25.6842","woe-name":null,"latitude":"-25.2144","woe-label":null,"type":"Town"}},{"type":"Polygon","arcs":[[1]],"id":"BW.6963","properties":{"hc-group":"admin1","hc-middle-x":0.45,"hc-middle-y":0.56,"hc-key":"bw-6963","hc-a2":"FR","labelrank":"4","hasc":"BW.","alt-name":null,"woe-id":"-2344748","subregion":"North-East","fips":"BC","postal-code":null,"name":"Francistown","country":"Botswana","type-en":"City","region":null,"longitude":"27.5038","woe-name":null,"latitude":"-21.1678","woe-label":null,"type":"City"}},{"type":"Polygon","arcs":[[2]],"id":"BW.6967","properties":{"hc-group":"admin1","hc-middle-x":0.41,"hc-key":"bw-6967","hc-a2":"SP","labelrank":"4","hasc":"BW.","alt-name":null,"woe-id":"-2344741","subregion":"Central","fips":"BC","postal-code":null,"name":"Selebi-Phikwe","country":"Botswana","type-en":"Town","region":null,"longitude":"27.8625","woe-name":null,"latitude":"-21.9728","woe-label":null,"type":"Town"}},{"type":"Polygon","arcs":[[3]],"id":"BW.6966","properties":{"hc-group":"admin1","hc-middle-x":0.52,"hc-middle-y":0.36,"hc-key":"bw-6966","hc-a2":"SO","labelrank":"4","hasc":"BW.","alt-name":null,"woe-id":"-2344741","subregion":"Central","fips":"BC","postal-code":null,"name":"Sowa","country":"Botswana","type-en":"Township","region":null,"longitude":"26.1919","woe-name":null,"latitude":"-20.5752","woe-label":null,"type":"Township"}},{"type":"Polygon","arcs":[[4,5,6,7]],"id":"BW.KG","properties":{"hc-group":"admin1","hc-middle-x":0.44,"hc-middle-y":0.44,"hc-key":"bw-kg","hc-a2":"KG","labelrank":"4","hasc":"BW.KG","alt-name":null,"woe-id":"2344744","subregion":"Kgalagadi","fips":"BC04","postal-code":"KG","name":"Kgalagadi","country":"Botswana","type-en":"District","region":null,"longitude":"22.2402","woe-name":"Kgalagadi","latitude":"-24.8361","woe-label":"Kgalagadi, BW, Botswana","type":"District"}},{"type":"Polygon","arcs":[[8,9,10,11,12],[-1]],"id":"BW.SE","properties":{"hc-group":"admin1","hc-middle-x":0.45,"hc-middle-y":0.46,"hc-key":"bw-se","hc-a2":"SE","labelrank":"4","hasc":"BW.SE","alt-name":"Borwa-Botlhaba","woe-id":"2344749","subregion":"South-East","fips":"BC09","postal-code":"SE","name":"South-East","country":"Botswana","type-en":"District","region":null,"longitude":"25.7446","woe-name":"South-East","latitude":"-24.9869","woe-label":"South-East, BW, Botswana","type":"District"}},{"type":"Polygon","arcs":[[13,14],[-2]],"id":"BW.NE","properties":{"hc-group":"admin1","hc-middle-x":0.33,"hc-middle-y":0.33,"hc-key":"bw-ne","hc-a2":"NE","labelrank":"4","hasc":"BW.NE","alt-name":null,"woe-id":"2344748","subregion":"North-East","fips":"BC08","postal-code":"NE","name":"North-East","country":"Botswana","type-en":"District","region":null,"longitude":"27.4487","woe-name":"North-East","latitude":"-20.9374","woe-label":"North-East, BW, Botswana","type":"District"}},{"type":"Polygon","arcs":[[-12,15,16]],"id":"BW.6962","properties":{"hc-group":"admin1","hc-middle-x":0.22,"hc-middle-y":0.91,"hc-key":"bw-6962","hc-a2":"GA","labelrank":"4","hasc":"BW.","alt-name":null,"woe-id":"-2344749","subregion":"South-East","fips":"BC","postal-code":null,"name":"Gaborone","country":"Botswana","type-en":"City","region":null,"longitude":"25.9171","woe-name":null,"latitude":"-24.6239","woe-label":null,"type":"City"}},{"type":"Polygon","arcs":[[-6,17,18,19,20]],"id":"BW.GH","properties":{"hc-group":"admin1","hc-middle-x":0.44,"hc-middle-y":0.49,"hc-key":"bw-gh","hc-a2":"GH","labelrank":"6","hasc":"BW.GH","alt-name":"Ghantsi","woe-id":"2344743","subregion":"Ghanzi","fips":"BC03","postal-code":"GH","name":"Ghanzi","country":"Botswana","type-en":"District","region":null,"longitude":"22.7086","woe-name":"Ghanzi","latitude":"-22.1555","woe-label":"Ghanzi, BW, Botswana","type":"District"}},{"type":"Polygon","arcs":[[-19,21,22]],"id":"BW.NW","properties":{"hc-group":"admin1","hc-middle-x":0.34,"hc-middle-y":0.53,"hc-key":"bw-nw","hc-a2":"NW","labelrank":"4","hasc":"BW.NW","alt-name":"North West|Bokone-Bophirima","woe-id":"55949048","subregion":"North-West","fips":"BC08","postal-code":"NW","name":"North-West","country":"Botswana","type-en":"District","region":null,"longitude":"23.4709","woe-name":"North-West","latitude":"-19.6141","woe-label":"North-West, BW, Botswana","type":"District"}},{"type":"Polygon","arcs":[[-20,-23,23,-15,24,25,26],[-3],[-4]],"id":"BW.CE","properties":{"hc-group":"admin1","hc-middle-x":0.44,"hc-middle-y":0.55,"hc-key":"bw-ce","hc-a2":"CE","labelrank":"4","hasc":"BW.CE","alt-name":"Centre|Ngwato|Serowe-Palapye","woe-id":"2344741","subregion":"Central","fips":"BC01","postal-code":"CE","name":"Central","country":"Botswana","type-en":"District","region":null,"longitude":"26.6144","woe-name":"Central","latitude":"-21.8775","woe-label":"Central, BW, Botswana","type":"District"}},{"type":"Polygon","arcs":[[-26,27,-13,-17,28]],"id":"BW.KL","properties":{"hc-group":"admin1","hc-middle-x":0.45,"hc-middle-y":0.56,"hc-key":"bw-kl","hc-a2":"KL","labelrank":"4","hasc":"BW.KL","alt-name":null,"woe-id":"2344745","subregion":"Kgatleng","fips":"BC05","postal-code":"KL","name":"Kgatleng","country":"Botswana","type-en":"District","region":null,"longitude":"26.4263","woe-name":"Kgatleng","latitude":"-24.2001","woe-label":"Kgatleng, BW, Botswana","type":"District"}},{"type":"Polygon","arcs":[[-29,-16,-11,29,30,31,-7,-21,-27]],"id":"BW.KW","properties":{"hc-group":"admin1","hc-middle-x":0.53,"hc-middle-y":0.49,"hc-key":"bw-kw","hc-a2":"KW","labelrank":"4","hasc":"BW.KW","alt-name":null,"woe-id":"2344746","subregion":"Kweneng","fips":"BC06","postal-code":"KW","name":"Kweneng","country":"Botswana","type-en":"District","region":null,"longitude":"24.4879","woe-name":"Kweneng","latitude":"-23.8665","woe-label":"Kweneng, BW, Botswana","type":"District"}},{"type":"Polygon","arcs":[[-31,32]],"id":"BW.6965","properties":{"hc-group":"admin1","hc-middle-x":0.52,"hc-middle-y":0.51,"hc-key":"bw-6965","hc-a2":"JW","labelrank":"4","hasc":"BW.","alt-name":null,"woe-id":"-2344750","subregion":"Southern","fips":"BC","postal-code":null,"name":"Jwaneng","country":"Botswana","type-en":"Town","region":null,"longitude":"24.7253","woe-name":null,"latitude":"-24.5774","woe-label":null,"type":"Town"}},{"type":"Polygon","arcs":[[-32,-33,-30,-10,33,-8]],"id":"BW.SO","properties":{"hc-group":"admin1","hc-middle-x":0.69,"hc-middle-y":0.62,"hc-key":"bw-so","hc-a2":"SO","labelrank":"4","hasc":"BW.SO","alt-name":"Borwa|Ngwakets|Ngwaketse","woe-id":"2344750","subregion":"Southern","fips":"BC10","postal-code":"SO","name":"Southern","country":"Botswana","type-en":"District","region":null,"longitude":"24.3683","woe-name":"Southern","latitude":"-25.0004","woe-label":"Southern, BW, Botswana","type":"District"}}],"hc-recommended-transform":{"default":{"crs":"+proj=utm +zone=34 +south +datum=WGS84 +units=m +no_defs","scale":0.000697517957929,"jsonres":15.5,"jsonmarginX":-999,"jsonmarginY":9851,"xoffset":394540.458773,"yoffset":8029070.36616}}}},"arcs":[[[6090,1887],[21,-22],[-7,-45],[-43,-5],[29,72]],[[8087,6249],[-25,-19],[-94,10],[13,56],[85,53],[21,-100]],[[8434,5413],[-77,-40],[-3,34],[62,49],[18,-43]],[[6578,6965],[120,-15],[-4,-43],[-141,34],[25,24]],[[4825,1245],[-47,16],[-72,-18],[-98,40],[-74,81],[-103,26],[-134,-32],[-31,41],[-56,-13],[-84,66],[-109,108],[-61,18],[-242,189],[-99,-8],[-108,28],[-103,-18],[-103,-50],[-69,16],[-93,-87],[-81,-99],[-34,-103],[-9,-124],[-61,-74],[19,-79],[-60,-70],[12,-103],[-62,-40],[3,-34],[-90,-104],[-38,-67],[-124,-20],[-91,-100],[-91,-27],[-65,-69],[-54,-126],[-94,-108],[-130,-51],[-166,-15],[-8,-119],[-92,-76],[-201,10],[-126,24],[-275,-45],[-141,29],[-88,42],[-60,-7],[-172,-93],[-55,82],[-33,144],[24,74],[-27,78],[18,132],[47,39],[93,126],[94,160],[-40,66],[-11,194],[-60,105],[-33,92],[-38,21],[-30,91],[30,23],[-56,69],[-7,107],[-75,54],[-25,98],[-39,68],[-51,34],[11,35],[-85,148],[-137,107],[-125,53],[-95,79],[-51,69],[-3,1585]],[[1,3933],[21,0],[3263,-3]],[[3285,3930],[-16,-94],[-89,-31],[-3,-147],[82,-11],[18,-81],[3,-391]],[[3280,3175],[-4,-905],[39,-30],[1023,6],[50,-18],[123,-120],[30,-60],[17,-522],[158,-159],[95,-29],[14,-93]],[[6602,2449],[-162,-48],[-52,-32],[-104,-16],[10,-152],[-45,-142],[-149,-322],[-45,-169]],[[6055,1568],[-113,43],[-5,24],[122,399],[3,30],[-65,11],[38,140],[36,37],[20,78]],[[6091,2330],[158,161]],[[6249,2491],[24,-95],[107,2],[81,163]],[[6461,2561],[84,-55],[57,-57]],[[7778,7020],[78,25],[205,-11],[61,11],[115,-39],[4,-63],[-21,-78],[27,-87],[-15,-133],[-19,-32],[-2,-245],[53,-66],[75,-52],[107,-139],[62,-137],[-13,-32],[54,-81]],[[8549,5861],[-80,6],[-61,32],[-143,-8],[-90,23],[-76,0],[-84,39],[-90,132],[-23,101],[-82,210],[-83,132],[-15,186],[59,233],[-3,73]],[[6249,2491],[124,126]],[[6373,2617],[88,-56]],[[1,3933],[-1,1436],[1060,-1],[14,40],[-4,1059]],[[1070,6467],[20,0],[3075,0]],[[4165,6467],[1662,-2142]],[[5827,4325],[-211,-403],[-2331,8]],[[1070,6467],[-6,2193],[0,749],[534,22],[1606,307],[292,24],[60,-13],[52,-120],[112,-117],[39,-13],[63,-122],[-14,-23],[48,-119],[132,64],[100,107],[110,94],[3,39],[59,18],[92,72],[83,37],[51,61],[59,22],[62,-18],[74,83],[60,-7],[89,-113],[77,17],[158,163],[102,62],[117,31],[24,25],[57,-41],[122,13],[35,35],[113,-13],[-43,-94],[8,-58],[74,-150],[97,-77],[91,-181],[39,-105],[121,-111],[50,-72],[99,-70],[18,-119],[39,-83],[133,-118],[30,-88]],[[6391,8660],[-1043,2],[1,-1093],[182,-79],[8,-18],[-8,-255],[-18,-28],[-683,-55],[-110,-11],[-129,119],[-29,56],[-48,0],[-55,48],[-140,-54],[-33,-57],[-124,-18],[3,-750]],[[6391,8660],[-25,-85],[13,-48],[82,-133],[102,-282],[69,-65],[105,-13],[43,-45],[-22,-42],[78,-31],[50,-62],[81,-25],[62,-46],[31,-60],[84,-31],[61,-57],[86,-12],[121,-60],[108,-10],[89,-69],[78,-10],[34,-31],[55,-135],[19,-129],[-17,-159]],[[8549,5861],[45,-28],[142,-20],[127,-1],[192,-70],[95,26],[81,-17],[246,-115],[190,-45],[20,-34],[-42,-76],[3,-93],[53,-75],[79,-26],[101,2],[36,-57],[82,-68],[-136,5],[-57,-35],[-129,-6],[-93,-99],[8,-77],[-60,-80],[-70,3],[-32,-47],[-91,-23],[-115,-54],[-108,-24],[-67,17],[-129,-16],[-94,-79],[-58,-17],[-36,-96],[-62,-64],[-61,-21],[-27,-99],[-90,-41],[9,-72],[-53,-55],[-130,-50],[16,-43],[-38,-62],[-59,30],[-55,-37],[-42,12],[-62,-158],[-148,-31],[-53,-37],[-12,34],[-76,-79],[-82,-32],[4,-33],[-83,-3],[-56,-94],[-6,-50],[-70,12],[-42,-111]],[[7454,3452],[-65,-48],[-15,23],[-54,-92],[-40,-5],[-90,-99],[-743,419]],[[6447,3650],[-144,193],[-48,46],[-116,42],[-312,394]],[[7454,3452],[-100,-405],[-22,-146],[-51,-45],[-94,-29],[-97,-91],[-98,-65],[-66,-124],[-70,-68],[-83,12],[-171,-42]],[[6373,2617],[-60,31],[-9,53],[42,118],[33,162],[68,669]],[[6091,2330],[-109,7],[-126,66],[-697,209]],[[5159,2612],[-186,56]],[[4973,2668],[-1693,507]],[[5159,2612],[7,-153],[-195,-10],[2,219]],[[6055,1568],[-70,-172],[-138,-100],[-76,-36],[-224,-21],[-134,28],[-90,-28],[-63,-45],[-117,-28],[-143,6],[-175,73]]],"bbox":[19.978348549620097,-26.89179382980131,29.349911851488677,-17.781803028714325],"transform":{"scale":[0.0009372500551923772,0.0009110901891276111],"translate":[19.978348549620097,-26.89179382980131]},"title":"Botswana","version":"2.0.1","copyright":"Copyright (c) 2022 Highsoft AS, Based on data from Natural Earth","copyrightShort":"Natural Earth","copyrightUrl":"http://www.naturalearthdata.com"}