{"type":"Topology","objects":{"default":{"type":"GeometryCollection","geometries":[{"type":"Polygon","arcs":[[0]],"id":"BE.3530","properties":{"hc-group":"admin1","hc-key":"be-3530","hc-a2":"BR","labelrank":"9","iso_3166_2":"BE-BRU","hasc":"BE.BU","alt-name":"Bruselas|Brussel Hoofstadt|Brusselse Hoofdstedelijke Gewest|Brüssel|Bruxelas|Région de Bruxelles-Capitale","country":"Belgium","type-en":"Capital Region","region":"Capital Region","woe-id":"55965974","longitude":"4.36266","subregion":null,"woe-name":"Brussels","fips":"BE11","latitude":"50.8332","woe-label":"Capital Region of Brussels, BE, Belgium","postal-code":null,"type":"Hoofdstedelijk Gewest|Région Capitale","name":"Brussels"}},{"type":"Polygon","arcs":[[1,2,3,4,5]],"id":"BE.3534","properties":{"hc-group":"admin1","hc-key":"be-3534","hc-a2":"WF","labelrank":"7","iso_3166_2":"BE-VWV","hasc":"BE.","alt-name":"West-Vlaanderen","country":"Belgium","type-en":"Province","region":"Flemish","woe-id":"7153305","longitude":"3.02202","subregion":null,"woe-name":"West Flanders","fips":null,"latitude":"51.0312","woe-label":"West-Vlaanderen, BE, Belgium","postal-code":null,"type":"Province","name":"West Flanders"}},{"type":"Polygon","arcs":[[6,7,8,9,10,11,12,13]],"id":"BE.3528","properties":{"hc-group":"admin1","hc-key":"be-3528","hc-a2":"LI","labelrank":"7","iso_3166_2":"BE-WLG","hasc":"BE.","alt-name":"Luik","country":"Belgium","type-en":"Province","region":"Walloon","woe-id":"7153300","longitude":"5.67651","subregion":null,"woe-name":"Liege","fips":null,"latitude":"50.5794","woe-label":"Liege, BE, Belgium","postal-code":null,"type":"Province","name":"Liege","hc-middle-y":0.38}},{"type":"Polygon","arcs":[[14,15,16,-10]],"id":"BE.3529","properties":{"hc-group":"admin1","hc-key":"be-3529","hc-a2":"WB","labelrank":"7","iso_3166_2":"BE-WBR","hasc":"BE.","alt-name":"Waals-Brabant|Brabant Wallon","country":"Belgium","type-en":"Province","region":"Walloon","woe-id":"22525997","longitude":"4.55466","subregion":null,"woe-name":"Walloon Brabant","fips":null,"latitude":"50.6416","woe-label":"Walloon Brabant, BE, Belgium","postal-code":null,"type":"Province","name":"Walloon Brabant"}},{"type":"Polygon","arcs":[[-17,17,18,19,20,-11],[-1]],"id":"BE.3532","properties":{"hc-group":"admin1","hc-key":"be-3532","hc-a2":"FB","labelrank":"7","iso_3166_2":"BE-VBR","hasc":"BE.VB","alt-name":"Vlaams Brabant|Flamish-Brabant|Brabant flamand","country":"Belgium","type-en":"Province","region":"Flemish","woe-id":"22525998","longitude":"4.53709","subregion":null,"woe-name":"Flemish Brabant","fips":null,"latitude":"50.8709","woe-label":"Vlaams Brabant, BE, Belgium","postal-code":null,"type":"Province","name":"Flemish Brabant","hc-middle-x":0.57,"hc-middle-y":0.37}},{"type":"MultiPolygon","arcs":[[[21,22,-6,23,-18,-16]],[[24,-3]]],"id":"BE.489","properties":{"hc-group":"admin1","hc-key":"be-489","hc-a2":"HA","labelrank":"7","iso_3166_2":"BE-WHT","hasc":"BE.","alt-name":"Henegouwen","country":"Belgium","type-en":"Province","region":"Walloon","woe-id":"7153299","longitude":"3.88925","subregion":null,"woe-name":"Hainaut","fips":null,"latitude":"50.521","woe-label":"Hainault, BE, Belgium","postal-code":null,"type":"Province","name":"Hainaut","hc-middle-x":0.67,"hc-middle-y":0.38}},{"type":"Polygon","arcs":[[-20,25,26,27]],"id":"BE.3535","properties":{"hc-group":"admin1","hc-key":"be-3535","hc-a2":"AN","labelrank":"7","iso_3166_2":"BE-VAN","hasc":"BE.","alt-name":"Antwerpen","country":"Belgium","type-en":"Province","region":"Flemish","woe-id":"7153308","longitude":"4.72122","subregion":null,"woe-name":"Antwerp","fips":null,"latitude":"51.2485","woe-label":"Antwerp, BE, Belgium","postal-code":null,"type":"Province","name":"Antwerp","hc-middle-y":0.55}},{"type":"MultiPolygon","arcs":[[[-21,-28,28,-12]],[[29,-14]]],"id":"BE.490","properties":{"hc-group":"admin1","hc-key":"be-490","hc-a2":"LI","labelrank":"7","iso_3166_2":"BE-VLI","hasc":"BE.","alt-name":null,"country":"Belgium","type-en":"Province","region":"Flemish","woe-id":"7153301","longitude":"5.41314","subregion":null,"woe-name":"Limburg","fips":null,"latitude":"50.9954","woe-label":"Limburg, BE, Belgium","postal-code":null,"type":"Province","name":"Limburg"}},{"type":"Polygon","arcs":[[-15,-9,30,31,-22]],"id":"BE.3526","properties":{"hc-group":"admin1","hc-key":"be-3526","hc-a2":"NA","labelrank":"7","iso_3166_2":"BE-WNA","hasc":"BE.","alt-name":"Namen","country":"Belgium","type-en":"Province","region":"Walloon","woe-id":"7153303","longitude":"4.88712","subregion":null,"woe-name":"Namur","fips":null,"latitude":"50.3244","woe-label":"Namur, BE, Belgium","postal-code":null,"type":"Province","name":"Namur","hc-middle-x":0.55,"hc-middle-y":0.4}},{"type":"Polygon","arcs":[[-8,32,-31]],"id":"BE.3527","properties":{"hc-group":"admin1","hc-key":"be-3527","hc-a2":"LU","labelrank":"7","iso_3166_2":"BE-WLX","hasc":"BE.","alt-name":"Luxemburg","country":"Belgium","type-en":"Province","region":"Walloon","woe-id":"7153302","longitude":"5.50117","subregion":null,"woe-name":"Luxembourg","fips":null,"latitude":"49.9637","woe-label":"Luxemburg, BE, Belgium","postal-code":null,"type":"Province","name":"Luxembourg","hc-middle-x":0.42,"hc-middle-y":0.45}},{"type":"Polygon","arcs":[[-19,-24,-5,33,-26]],"id":"BE.3533","properties":{"hc-group":"admin1","hc-key":"be-3533","hc-a2":"EF","labelrank":"7","iso_3166_2":"BE-VOV","hasc":"BE.OV","alt-name":"Oost-Vlaanderen|Ostflandern|Falndre orientale","country":"Belgium","type-en":"Province","region":"Flemish","woe-id":"7153304","longitude":"3.83186","subregion":null,"woe-name":"East Flanders","fips":null,"latitude":"50.9749","woe-label":"Oost-Vlaanderen, BE, Belgium","postal-code":null,"type":"Province","name":"East Flanders"}}],"hc-recommended-transform":{"default":{"crs":"+proj=utm +zone=31 +datum=WGS84 +units=m +no_defs","scale":0.0025573356301,"jsonres":15.5,"jsonmarginX":-999,"jsonmarginY":9851,"xoffset":466508.156242,"yoffset":5706486.37858}}}},"arcs":[[[4927,7051],[42,-85],[-2,-47],[-41,-52],[105,-82],[41,-157],[-55,-9],[-22,-45],[86,-77],[-210,-139],[-55,-15],[-58,12],[-71,60],[-69,177],[-47,-30],[-98,66],[31,76],[66,14],[17,83],[-27,57],[50,118],[94,60],[112,-23],[67,81],[44,-43]],[[1664,6269],[-44,96],[-43,51],[-68,24],[-206,-78]],[[1303,6362],[-24,183],[-41,33],[-151,-75],[50,-99],[-97,-49],[-11,-47],[-74,-17],[-38,41],[-86,-58],[64,-254]],[[895,6020],[-207,117],[-49,49],[-62,165],[-97,113],[-39,100],[-34,22],[-73,-5],[-78,21],[-36,92],[-43,36],[18,128],[-52,219],[15,46],[75,103],[-8,100],[-41,74],[-93,125],[-26,96],[-25,221],[-40,114],[52,47],[99,40],[353,324],[539,384],[522,415],[583,228],[22,-192],[-12,-240],[37,-126],[81,-94]],[[2276,8742],[-83,-75],[45,-131],[-63,-53],[71,-28],[60,-131],[-94,-215],[-113,-90],[294,-253],[-56,-50],[78,-161],[-68,-124],[44,-72],[-80,-45],[124,-76],[-52,2],[40,-48],[-18,-23],[-61,11],[20,-58],[-35,-42],[21,-68],[60,45],[41,-21],[20,-93],[-61,-77],[161,-169],[-34,-51],[60,-101],[-7,-36],[-161,-146]],[[2429,6363],[-117,-106],[-117,-151],[-10,-37],[-41,11],[-64,57],[3,68],[-54,97],[-111,-20],[-106,74],[-148,-87]],[[8745,6277],[29,-12],[188,-7],[52,11],[-2,-36],[43,-28],[2,-142],[34,-5],[103,34],[43,-4],[50,-62],[159,-295],[-36,-27],[31,-72],[54,-34],[178,-6],[6,-30],[-48,-106],[-139,-125],[-48,-93],[43,-67],[-17,-60],[51,-14],[-21,-43],[44,-81],[46,-23],[100,44],[52,-33],[159,-36],[-35,-74],[22,-96],[51,-66],[-2,-84],[-37,-184],[4,-59],[89,-194],[6,-69],[-33,-42],[-68,-16],[-93,24],[-36,-25],[-43,-86],[6,-96],[-47,-53],[-166,-70],[-26,-49],[-84,-94],[34,-48],[12,-113],[-34,-63],[-74,-22],[-20,-97],[36,-57],[-31,-68],[-39,22],[-14,132],[-34,40],[-59,-42],[-99,0]],[[9087,3276],[5,153],[-13,67],[36,50],[-57,14],[-11,55],[14,466],[-83,51],[-5,44],[-315,84],[-22,-91],[48,-51],[-58,-174],[90,-16],[-16,-49],[-165,-28],[-17,-49],[-17,48],[-42,17],[-157,-31],[70,184],[-70,22],[-42,88],[-3,54],[46,125],[-132,1],[13,59],[-86,-6],[-141,161],[-88,-52],[-57,24],[7,45],[-44,11],[-24,99],[-103,-84],[-113,107],[-50,-36],[52,-115],[-87,-99]],[[7450,4424],[-110,46],[-142,-118],[-36,61],[3,93],[-129,42],[-32,65],[41,98],[-49,134],[-56,69],[-88,-44],[-28,60],[13,44],[-52,-9],[-17,78],[-63,14],[-39,118],[-145,10],[49,46],[-66,239],[-127,147],[10,120]],[[6387,5737],[49,114],[-2,148],[41,36],[-64,111],[61,41],[9,93]],[[6481,6280],[64,-46],[-2,-89],[43,-67],[39,-23],[69,14]],[[6694,6069],[173,-63],[33,50],[-29,81],[155,-23],[18,48],[19,-58],[84,63],[83,-55],[12,57],[52,56],[119,50],[36,-20],[31,-98],[70,-33],[58,8],[21,87],[51,-67],[41,13],[71,74],[-6,82],[225,81],[127,157]],[[8138,6559],[111,-61],[-31,-174],[48,-33],[67,23]],[[8333,6314],[46,-60],[66,22],[111,-177],[92,16],[63,-40],[22,12],[61,113],[-49,77]],[[6387,5737],[-83,23],[-59,-98],[-69,8],[-3,-31],[-278,-90],[-4,-73],[-28,53],[-105,-51],[-16,101],[-67,-24],[-12,-55],[-72,63],[-26,0],[-28,-59],[29,-156],[-57,-16],[-95,41],[-46,-8],[-44,-43],[9,-84]],[[5333,5238],[-156,-82],[-38,21],[3,47],[-85,-55],[6,124],[-12,25],[-117,-1],[-27,35],[-147,-19],[-65,-90],[7,127],[-77,-8],[-65,123],[-84,22],[14,105],[-138,42],[13,105],[-51,81],[-28,-15],[-82,-136],[-59,-12],[-46,24],[-25,88],[-4,185],[26,82]],[[4096,6056],[20,50],[63,-1],[18,54],[51,1],[56,-97],[71,2],[84,-84],[51,44],[72,-29],[56,42],[6,76],[57,1],[-27,51],[19,25],[49,-82],[49,-5],[15,76],[125,23],[94,89],[95,16],[1,-83],[83,-57],[5,61],[114,33],[62,81],[13,-109],[87,6],[51,72],[-48,77],[11,128],[135,-42],[46,32],[10,-38],[23,64],[69,30],[109,-46],[55,-112],[62,-8],[-11,-54],[196,25],[-9,-91],[33,-33],[39,7],[128,124],[97,-95]],[[4096,6056],[-71,28],[-37,-84],[-18,34],[-61,-38],[-49,19],[-53,-52],[-156,6],[-56,25],[-50,114],[19,82]],[[3564,6190],[61,-25],[83,25],[4,28],[-54,90],[33,89],[32,22],[67,-64],[44,67],[37,-41],[44,22],[78,80],[38,141],[-23,73],[-67,15],[121,215],[3,52],[-38,41],[69,62],[-23,97],[119,-62],[60,52],[2,64],[-38,139],[40,100],[84,-35],[59,32],[61,241]],[[4460,7710],[89,27],[63,-12],[128,-71],[-1,-45],[81,66],[-25,-76],[49,-18],[13,-75],[158,47],[57,-71],[47,86],[88,-82],[47,54],[82,-59],[40,-1],[35,102],[189,62],[70,-46],[-30,-80],[101,138],[57,-14],[85,78],[44,-119],[33,-27],[136,69],[32,-19],[69,75],[100,49],[49,4],[36,-53]],[[6382,7699],[66,22],[42,-99],[52,25],[54,-41],[46,36],[0,125],[73,12],[57,-33],[70,-110],[-65,-32],[-39,32],[16,-118],[-108,-60],[-2,-111],[-104,-112],[34,-109],[59,6],[44,-58],[100,58],[9,-39],[91,-2],[38,-40],[-22,-138],[-63,5],[-44,-147],[-18,-169],[57,-24],[-118,-148],[22,-93],[-35,-100],[51,-37],[-51,-131]],[[5333,5238],[-47,-247],[94,29],[-20,-47],[31,-53],[-44,-159],[-24,-32],[112,-82],[-38,-104],[-42,-16],[54,-78],[-63,-127],[16,-188],[-175,-36],[-48,76],[-72,-8],[-53,-114],[-144,25],[-21,-93],[-47,3],[-33,-75],[-87,-7],[-104,-93],[44,-73],[94,-69],[68,70],[92,-50],[-32,-160],[21,-72],[-94,-89],[100,-215],[-35,-85],[3,-201],[11,-81],[42,-19],[21,-259],[76,-192],[-43,-127]],[[4946,2190],[-389,133],[-199,-35],[-34,12],[-146,98],[21,-3],[-19,215],[32,66],[107,108],[63,38],[-33,120],[-44,216],[-26,16],[-79,-34],[-37,22],[6,91],[76,332],[27,49],[87,95],[6,52],[-48,68],[-58,37],[-33,-17],[-17,-90],[-48,28],[-71,189],[-108,98],[-87,117],[-50,31],[-55,-7],[-165,-86],[-59,-2],[-145,100],[-107,16],[-148,-26],[-116,-225],[-91,106],[-23,204],[-1,234],[-22,193],[-41,94],[-53,61],[-115,50],[-168,1],[-32,29],[25,55],[-12,67],[-75,11],[-87,-87],[-114,-51],[-108,6],[-114,73],[-75,97],[-13,57],[-4,160],[-69,281],[-21,144],[36,84],[-49,165],[-72,20],[-21,30],[-67,173]],[[2429,6363],[94,-48],[104,37],[17,-157],[172,-4],[72,-61],[106,249],[74,52],[28,-68],[112,59],[44,-157],[104,15],[34,-43],[147,40],[27,-87]],[[1303,6362],[-136,-52],[-60,-47],[-47,-62],[-78,-165],[-34,-33],[-53,17]],[[4460,7710],[-21,31],[-52,-51],[-60,48],[19,53],[-37,228],[41,68],[46,40],[157,12],[103,40],[33,79],[12,110],[-20,98],[-63,110],[23,18],[-55,214],[26,58]],[[4612,8866],[45,37],[38,96],[-87,45],[-31,64],[-6,160],[-57,97],[75,-3],[145,-82],[121,-10],[49,32],[13,86],[-16,49],[-78,129],[23,125],[-31,41],[136,96],[139,61],[109,9],[21,-43],[-3,-82],[-27,-112],[50,-43],[109,13],[123,-22],[61,40],[201,297],[86,53],[84,-26],[70,-77],[6,-75],[-27,-148],[19,-87],[-114,64],[-29,-5],[-15,-60],[55,-28],[182,-8],[148,-72],[56,19],[66,77],[100,178],[42,138],[40,13],[85,-75],[51,-116],[-9,-83],[-29,-80],[-9,-108],[16,-50],[90,-118],[53,-187],[45,-30],[147,5],[47,-70],[1,-178],[62,-9]],[[7053,8803],[-31,-32],[-29,-190],[106,-120],[8,-202],[-64,-70],[-85,30],[-58,-104],[-131,-8],[-105,-162],[-207,-51],[0,-68],[-75,-127]],[[7053,8803],[81,24],[307,-15],[54,24],[109,93],[52,30],[56,-8],[60,-47],[49,-75],[27,-210],[59,-62],[146,-54],[89,-88],[153,27],[76,-35],[89,-126],[123,21],[30,-89],[-37,-44],[-8,-56],[59,-78],[-50,-31],[-57,-2],[19,-71],[-53,-137],[-52,16],[-20,-115],[36,-58],[-41,-122],[-102,-199],[57,19],[51,-19],[-75,-177],[-46,-74],[-60,-28],[-187,-254],[6,-112],[41,-77],[44,-35]],[[8333,6314],[52,74],[25,-13],[80,-94],[225,6],[30,-10]],[[7450,4424],[23,-65],[-54,-89],[37,-60],[-142,-129],[20,-27],[33,58],[60,5],[26,-80],[-2,-75],[-71,-92],[-184,-146],[-27,44],[-87,-52],[7,-60],[-74,6],[-49,-41],[100,-68],[-29,-50],[32,0],[-3,-51],[92,-133],[-25,-90],[-74,-30],[66,-76],[-13,-53],[-69,9],[-70,-61],[-56,-15],[-243,-21],[-55,23],[-15,140],[-38,-191],[22,-29],[-28,-84],[-84,-110],[-49,20],[-19,-78],[-49,2],[63,-76],[34,-163],[27,-17],[111,27],[24,-68],[75,-48],[-9,-112],[56,-69],[-130,-64],[-66,-78],[43,-54],[-194,-174],[-12,-44],[23,-96],[-34,-11],[-20,-121]],[[6350,1507],[-48,-3],[-112,-48],[-127,-1],[-23,38],[0,187],[-32,83],[58,218],[3,108],[-41,92],[-122,62],[-35,71],[11,80],[100,309],[1,139],[49,134],[44,-33],[24,278],[-24,39],[-82,-21],[-29,15],[-12,74],[-70,-39],[-277,-347],[-22,-89],[19,-89],[-20,-160],[-42,-137],[-29,-22],[-107,-22],[-363,-223],[-96,-10]],[[9087,3276],[-23,14],[-41,106],[-41,-38],[-55,-8],[-22,-47],[-31,-140],[-39,-49],[-96,-59],[-43,-49],[-21,-146],[-70,-101],[4,-105],[-25,-64],[-70,-55],[-3,-69],[30,-56],[-29,-69],[-98,-85],[-26,-82],[-91,-195],[-9,-47],[87,-73],[24,-46],[-68,9],[-12,-73],[24,-29],[-42,-73],[19,-124],[28,-56],[54,-22],[50,-57],[61,-150],[8,-106],[84,-45],[33,6],[18,-67],[-38,-133],[26,-54],[71,-27],[14,-71],[-60,-104],[-54,-165],[-29,-35],[43,-30],[-24,-77],[-59,-80],[-62,-37],[-87,53],[-57,-14],[-65,-73],[-170,63],[-65,-41],[-45,-109],[-61,1],[-81,48],[-49,-27],[-133,-114],[-55,18],[-16,45],[11,144],[-11,45],[-125,283],[-48,54],[-126,63],[-34,-65],[-62,3],[-19,65],[8,70],[33,36],[-18,75],[-105,144],[-55,-2],[-117,-41],[-61,22],[-86,91],[-110,199],[-31,37],[-93,34],[-52,36],[-96,120],[-53,31]],[[2276,8742],[60,-34],[83,-11],[122,23],[6,168],[29,36],[183,42],[130,-9],[317,-127],[50,-39],[13,-173],[71,-73],[307,4],[58,23],[118,113],[323,195],[128,122],[102,170],[35,186],[51,-57],[39,-141],[122,-161],[13,-62],[-24,-71]]],"bbox":[2.521800404103959,49.49526825106938,6.374528823695357,51.49623677345453],"transform":{"scale":[0.00038531137309644946,0.0002001168639249068],"translate":[2.521800404103959,49.49526825106938]},"title":"Belgium","version":"2.0.1","copyright":"Copyright (c) 2022 Highsoft AS, Based on data from Natural Earth","copyrightShort":"Natural Earth","copyrightUrl":"http://www.naturalearthdata.com"}