{"type":"Topology","objects":{"default":{"type":"GeometryCollection","geometries":[{"type":"MultiPolygon","arcs":[[[0]],[[1]],[[2]],[[3]],[[4]],[[5]],[[6]],[[7]],[[8,9,10,11]]],"id":"FI.3280","properties":{"hc-group":"admin1","hc-middle-x":0.31,"hc-middle-y":0.44,"hc-key":"fi-3280","hc-a2":"OS","labelrank":"5","hasc":"FI.","alt-name":"Pohjanmaa|Österbotten","woe-id":"29389259","subregion":null,"fips":null,"postal-code":null,"name":"Ostrobothnia","country":"Finland","type-en":"Province","region":null,"longitude":"22.1482","woe-name":null,"latitude":"63.0354","woe-label":"Pohjanmaan maakunta","type":"Lääni"}},{"type":"MultiPolygon","arcs":[[[12]],[[13]],[[14]],[[15]],[[16]],[[17]],[[18]],[[19]],[[20]],[[21]],[[22]],[[23]],[[24]],[[25]],[[26]],[[27]],[[28]],[[29,30,31,32,33]],[[34]],[[35,36]],[[37]]],"id":"FI.3272","properties":{"hc-group":"admin1","hc-middle-x":0.59,"hc-middle-y":0.41,"hc-key":"fi-3272","hc-a2":"FP","labelrank":"5","hasc":"FI.","alt-name":"Varsinais-Suomi|Egentliga Finland","woe-id":"29389250","subregion":null,"fips":null,"postal-code":null,"name":"Finland Proper","country":"Finland","type-en":"Region","region":null,"longitude":"22.7128","woe-name":null,"latitude":"60.6134","woe-label":"Varsinais-Suomen maakunta","type":"Maakunta|landskap"}},{"type":"MultiPolygon","arcs":[[[38]],[[-34,39,40,41,42]]],"id":"FI.3275","properties":{"hc-group":"admin1","hc-middle-x":0.49,"hc-middle-y":0.45,"hc-key":"fi-3275","hc-a2":"UU","labelrank":"5","hasc":"FI.","alt-name":"Nyland","woe-id":"29389247","subregion":null,"fips":null,"postal-code":null,"name":"Uusimaa","country":"Finland","type-en":"Province","region":null,"longitude":"24.8475","woe-name":null,"latitude":"60.4179","woe-label":"Uudenmaan maakunta","type":"Lääni"}},{"type":"MultiPolygon","arcs":[[[43]],[[44,45,46,47,48,49,50,51,52,53]]],"id":"FI.3281","properties":{"hc-group":"admin1","hc-middle-x":0.29,"hc-middle-y":0.63,"hc-key":"fi-3281","hc-a2":"NO","labelrank":"5","hasc":"FI.","alt-name":"Pohjois-Pohjanmaa|Norra Österbotten","woe-id":"29389265","subregion":null,"fips":null,"postal-code":null,"name":"Northern Ostrobothnia","country":"Finland","type-en":"Province","region":null,"longitude":"26.2356","woe-name":null,"latitude":"65.15989999999999","woe-label":"Pohjois-pohjanmaan maakunta","type":"Maakunta|landskap"}},{"type":"Polygon","arcs":[[-31,54,-12,55,56]],"id":"FI.3279","properties":{"hc-group":"admin1","hc-middle-x":0.45,"hc-middle-y":0.62,"hc-key":"fi-3279","hc-a2":"SA","labelrank":"5","hasc":"FI.","alt-name":"Satakunta|Satakunda","woe-id":"29389252","subregion":null,"fips":null,"postal-code":null,"name":"Satakunta","country":"Finland","type-en":"Region","region":null,"longitude":"22.1012","woe-name":null,"latitude":"61.4773","woe-label":"Satakunnan maakunta","type":"Maakunta|landskap"}},{"type":"Polygon","arcs":[[-42,57,58,59,60]],"id":"FI.3276","properties":{"hc-group":"admin1","hc-middle-x":0.41,"hc-middle-y":0.55,"hc-key":"fi-3276","hc-a2":"KY","labelrank":"5","hasc":"FI.","alt-name":"Kymmenedalen","woe-id":"-29389251","subregion":null,"fips":null,"postal-code":null,"name":"Kymenlaakso","country":"Finland","type-en":"Province","region":null,"longitude":"26.5799","woe-name":null,"latitude":"60.4164","woe-label":"Itä-Uudenmaan maakunta","type":"Lääni"}},{"type":"Polygon","arcs":[[61,-50,62,63,64]],"id":"FI.3287","properties":{"hc-group":"admin1","hc-middle-x":0.45,"hc-middle-y":0.44,"hc-key":"fi-3287","hc-a2":"NS","labelrank":"5","hasc":"FI.","alt-name":"Pohjois-Savo|Norra Savolax","woe-id":"29389262","subregion":null,"fips":null,"postal-code":null,"name":"Northern Savonia","country":"Finland","type-en":"Province","region":null,"longitude":"27.5702","woe-name":null,"latitude":"63.1933","woe-label":"Pohjois-Savon maakunta","type":"Lääni"}},{"type":"Polygon","arcs":[[-62,65,66,67,68,69,-51]],"id":"FI.3286","properties":{"hc-group":"admin1","hc-middle-x":0.48,"hc-middle-y":0.46,"hc-key":"fi-3286","hc-a2":"CF","labelrank":"5","hasc":"FI.","alt-name":"Keski-Suomi|Mellersta Finland","woe-id":"29389258","subregion":null,"fips":null,"postal-code":null,"name":"Central Finland","country":"Finland","type-en":"Province","region":null,"longitude":"25.3934","woe-name":null,"latitude":"62.5246","woe-label":"Keski-Suomen maakunta","type":"Lääni"}},{"type":"Polygon","arcs":[[-69,70,-56,-11,71]],"id":"FI.3290","properties":{"hc-group":"admin1","hc-middle-x":0.52,"hc-middle-y":0.54,"hc-key":"fi-3290","hc-a2":"SO","labelrank":"5","hasc":"FI.","alt-name":"Etelä-Pohjanmaa|Södra Österbotten","woe-id":"29389256","subregion":null,"fips":null,"postal-code":null,"name":"Southern Ostrobothnia","country":"Finland","type-en":"Province","region":null,"longitude":"23.1486","woe-name":null,"latitude":"62.7521","woe-label":"Etelä-Pohjanmaan maakunta","type":"Lääni"}},{"type":"Polygon","arcs":[[-67,72,-58,-41,73,74]],"id":"FI.3291","properties":{"hc-group":"admin1","hc-middle-x":0.52,"hc-middle-y":0.52,"hc-key":"fi-3291","hc-a2":"PH","labelrank":"5","hasc":"FI.","alt-name":"Päijänne Tavastland","woe-id":"29389255","subregion":null,"fips":null,"postal-code":null,"name":"Päijät-Häme","country":"Finland","type-en":"Province","region":null,"longitude":"25.6876","woe-name":null,"latitude":"61.2034","woe-label":"Päijat-Hämeen maakunta","type":"Lääni"}},{"type":"Polygon","arcs":[[-74,-40,-33,75]],"id":"FI.3292","properties":{"hc-group":"admin1","hc-middle-x":0.62,"hc-middle-y":0.53,"hc-key":"fi-3292","hc-a2":"TP","labelrank":"5","hasc":"FI.","alt-name":"Kanta-Häme|Egentliga Tavastland","woe-id":"29389249","subregion":null,"fips":null,"postal-code":null,"name":"Tavastia Proper","country":"Finland","type-en":"Region","region":null,"longitude":"24.4224","woe-name":null,"latitude":"60.9239","woe-label":"Kanta-Hämeen maakunta","type":null}},{"type":"Polygon","arcs":[[-75,-76,-32,-57,-71,-68]],"id":"FI.3293","properties":{"hc-group":"admin1","hc-middle-x":0.51,"hc-key":"fi-3293","hc-a2":"PI","labelrank":"5","hasc":"FI.","alt-name":"Pirkanmaa|Birkaland","woe-id":"29389248","subregion":null,"fips":null,"postal-code":null,"name":"Pirkanmaa","country":"Finland","type-en":"Region","region":null,"longitude":"23.7573","woe-name":null,"latitude":"61.6936","woe-label":"Pirkanmaan maakunta","type":"Lääni"}},{"type":"Polygon","arcs":[[76,-60,77,78]],"id":"FI.3294","properties":{"hc-group":"admin1","hc-middle-x":0.34,"hc-middle-y":0.62,"hc-key":"fi-3294","hc-a2":"SK","labelrank":"5","hasc":"FI.","alt-name":"Etelä-Karjala|Södra Karelen","woe-id":"29389253","subregion":null,"fips":null,"postal-code":null,"name":"South Karelia","country":"Finland","type-en":"Province","region":null,"longitude":"28.5567","woe-name":null,"latitude":"61.2148","woe-label":"Etelä-Karjalan maakunta","type":"Lääni"}},{"type":"Polygon","arcs":[[-73,-66,-65,79,-78,-59]],"id":"FI.3295","properties":{"hc-group":"admin1","hc-middle-x":0.4,"hc-middle-y":0.47,"hc-key":"fi-3295","hc-a2":"SS","labelrank":"5","hasc":"FI.","alt-name":"Etelä-Savo|Södra Savolax","woe-id":"29389260","subregion":null,"fips":null,"postal-code":null,"name":"Southern Savonia","country":"Finland","type-en":"Province","region":null,"longitude":"27.9693","woe-name":null,"latitude":"61.8152","woe-label":"Etelä-Savon maakunta","type":"Lääni"}},{"type":"Polygon","arcs":[[-80,-64,80,81,-79]],"id":"FI.3296","properties":{"hc-group":"admin1","hc-middle-x":0.49,"hc-middle-y":0.52,"hc-key":"fi-3296","hc-a2":"NK","labelrank":"5","hasc":"FI.","alt-name":"Pohjois-Karjala|Norra Karelen","woe-id":"29389261","subregion":null,"fips":null,"postal-code":null,"name":"North Karelia","country":"Finland","type-en":"Province","region":null,"longitude":"29.9637","woe-name":null,"latitude":"62.7879","woe-label":"Pohjois-karjala maakunta","type":"Lääni"}},{"type":"Polygon","arcs":[[-63,-49,82,-81]],"id":"FI.3288","properties":{"hc-group":"admin1","hc-middle-x":0.45,"hc-key":"fi-3288","hc-a2":"KA","labelrank":"5","hasc":"FI.","alt-name":"Kainuu|Kajanaland","woe-id":"29389264","subregion":null,"fips":null,"postal-code":null,"name":"Kainuu","country":"Finland","type-en":"Province","region":null,"longitude":"28.441","woe-name":null,"latitude":"64.5496","woe-label":"Kainuun maakunta","type":"Lääni"}},{"type":"Polygon","arcs":[[83,-47,84,85,-54]],"id":"FI.3285","properties":{"hc-group":"admin1","hc-middle-x":0.62,"hc-middle-y":0.56,"hc-key":"fi-3285","hc-a2":"LA","labelrank":"5","hasc":"FI.","alt-name":"Lapin lääni|Lappi|Laponia|Lapônia|Laponie|Lappland|Lapplands län","woe-id":"12577870","subregion":null,"fips":null,"postal-code":null,"name":"Lapland","country":"Finland","type-en":"Province","region":null,"longitude":"26.5614","woe-name":"Lapland","latitude":"67.58110000000001","woe-label":"Lapland, FI, Finland","type":"Lääni"}},{"type":"Polygon","arcs":[[-70,-72,-10,86,-52]],"id":"FI.3289","properties":{"hc-group":"admin1","hc-middle-x":0.52,"hc-middle-y":0.54,"hc-key":"fi-3289","hc-a2":"CO","labelrank":"5","hasc":"FI.","alt-name":"Keski-Pohjanmaa|Mellersta Österbotten","woe-id":"29389257","subregion":null,"fips":null,"postal-code":null,"name":"Central Ostrobothnia","country":"Finland","type-en":"Province","region":null,"longitude":"24.0097","woe-name":null,"latitude":"63.6751","woe-label":"Keski-Pohjanmaan maakunta","type":"Lääni"}}],"hc-recommended-transform":{"default":{"crs":"+proj=tmerc +lat_0=0 +lon_0=27 +k=1 +x_0=3500000 +y_0=0 +ellps=intl +towgs84=-96.062,-82.428,-121.753,4.801,0.345,-1.376,1.496 +units=m +no_defs","scale":0.000615666852766,"jsonres":15.5,"jsonmarginX":-999,"jsonmarginY":9851,"xoffset":3182582.25323,"yoffset":7777251.84359}}}},"arcs":[[[525,2977],[3,-30],[-83,-6],[50,42],[30,-6]],[[518,3111],[18,20],[35,-29],[-48,3],[24,-45],[-80,11],[16,47],[35,-7]],[[416,3388],[38,-15],[113,9],[-46,-41],[85,-27],[3,27],[59,21],[62,-14],[5,-47],[-59,7],[-66,-26],[25,-13],[-69,-14],[-119,75],[-31,58]],[[1287,3422],[26,-19],[-29,-24],[-51,9],[54,34]],[[1476,3414],[-16,-34],[-61,9],[-17,-37],[-47,11],[-15,55],[39,10],[117,-14]],[[672,3416],[-38,-28],[-82,40],[107,34],[13,-46]],[[1321,3483],[-39,-18],[-72,-28],[44,46],[67,0]],[[1984,3866],[5,-39],[-55,-17],[-55,42],[51,22],[54,-8]],[[633,2074],[-20,32],[-53,13],[36,63],[12,69],[20,-12],[13,53],[58,44],[-33,24],[20,34],[-57,-35],[25,121],[-50,-10],[-14,64],[-73,-57],[11,63],[-63,-13],[19,59],[-34,-4],[-1,35],[35,31],[-25,25],[61,46],[-79,21],[-38,-26],[13,80],[64,25],[11,26],[-41,19],[-2,31],[63,1],[30,32],[13,54],[-48,36],[26,12],[33,-50],[86,-13],[55,31],[24,54],[36,8],[-21,85],[52,32],[147,-51],[29,8],[-101,56],[-53,42],[-22,80],[56,22],[82,-33],[101,42],[125,19],[-11,-24],[21,-59],[72,-31],[-26,40],[80,59],[26,-19],[120,13],[75,61],[21,-25],[60,44],[-113,88],[-51,19],[-4,27],[52,11],[53,-33],[87,-17],[-110,67],[11,41],[41,-6],[-3,-29],[94,-20],[11,66],[-18,39],[40,-18],[27,24],[41,-11],[-46,46],[26,34],[54,-1],[3,45],[46,-20],[14,21],[44,-21],[35,-58],[82,23],[24,40],[-24,32],[88,22],[-22,51],[81,-8]],[[2162,3875],[42,0],[148,-61],[43,-5],[70,33],[116,-9],[24,23],[106,-26],[112,-51],[18,-20],[-172,-32],[-43,33],[-51,-60],[114,-15],[9,-34],[57,-25],[55,-147]],[[2810,3479],[-97,45],[-41,37],[-91,21],[-90,2],[-81,-35],[-58,-59],[-73,-31],[-120,9],[-28,-30],[-83,15],[-119,1],[13,-10],[-87,-29],[17,-18],[-86,-26],[18,-27],[-15,-58],[75,5],[9,-50],[-38,-54],[-84,-19],[-103,-102],[-22,-79],[-105,-80],[-100,-31],[-173,20],[-106,30],[-75,42],[-52,-47],[-5,-47],[46,-55],[-76,-61],[-96,-39],[22,-40],[-55,-102],[-21,-74],[22,-23],[105,4],[9,-88],[73,-49],[-65,-12],[6,-59],[-41,-4],[-18,-102],[14,-17]],[[935,2153],[-107,5],[-95,-16],[-100,-68]],[[1668,249],[-7,-67],[-54,-5],[-27,38],[1,43],[70,6],[17,-15]],[[2137,278],[-25,-13],[-82,-1],[65,42],[42,-28]],[[926,319],[-23,-36],[-90,-5],[-29,18],[70,6],[-57,13],[69,35],[76,-14],[-16,-17]],[[1137,335],[-106,-39],[-51,6],[10,49],[33,18],[100,6],[14,-40]],[[1553,327],[-30,17],[21,27],[55,12],[-46,-56]],[[703,370],[-6,-28],[-106,28],[75,19],[37,-19]],[[1257,309],[-59,47],[97,34],[28,-14],[-55,-26],[23,-15],[-34,-26]],[[1503,375],[-54,8],[32,38],[43,2],[-21,-48]],[[1221,488],[-15,-34],[-53,12],[-5,21],[73,1]],[[1568,463],[-7,-16],[-121,-15],[-109,14],[2,32],[45,13],[108,-4],[82,-24]],[[1650,510],[43,-13],[-100,-28],[19,28],[-70,0],[79,33],[29,-20]],[[1359,528],[159,21],[4,-16],[-90,-16],[-73,11]],[[1064,549],[52,35],[-43,33],[31,26],[55,-21],[53,-52],[-52,0],[73,-26],[23,-35],[-70,0],[-122,40]],[[640,654],[-67,16],[-2,60],[51,-40],[18,-36]],[[765,710],[-17,-67],[-47,18],[-52,66],[55,2],[61,-19]],[[616,737],[-77,47],[41,31],[30,-31],[6,-47]],[[641,1051],[-44,0],[31,32],[-63,28],[57,20],[64,-40],[-45,-40]],[[2191,288],[-49,-12],[-24,32],[-62,22],[-7,33],[50,46],[78,45],[48,78],[-57,-49],[-51,9],[-59,-15],[-128,-61],[-193,-33],[62,28],[-16,37],[-115,-25],[12,26],[76,60],[75,40],[-150,1],[18,26],[-175,-19],[-101,46],[-60,7],[-14,24],[-33,-25],[-118,55],[14,26],[-70,10],[-24,-25],[23,-25],[-80,0],[21,95],[35,12],[-6,39],[-99,-45],[-64,-14],[-19,-70],[-115,0],[49,30],[-46,40],[-100,12],[6,28],[51,0],[-83,37],[-25,42],[67,-10],[-4,44],[44,0],[-75,27],[-54,73],[-10,37],[82,0],[-24,48],[42,-12],[-84,100],[-34,54],[100,-11]],[[716,1206],[78,-44],[74,5],[57,31],[12,-30],[96,-4],[23,29],[158,-61],[-6,-21],[54,-51],[134,-12],[86,37],[288,19],[-25,25],[34,16],[138,-2],[71,12],[37,92],[119,-44]],[[2144,1203],[23,-14],[115,0],[69,-31]],[[2351,1158],[91,-51],[-26,-52],[-101,-3],[-14,-43],[66,-26],[-48,-39],[97,-51],[80,0],[111,19],[85,-48],[75,-8],[48,-28],[175,-12]],[[2990,816],[-15,-28],[31,-22],[-48,-40],[-9,-53],[-98,-15],[-41,-33],[72,-3],[7,-55],[-37,-22],[-19,-50],[-121,-59],[36,-19],[10,-40],[-92,1],[-50,-24],[-86,-14],[-89,21],[-94,-57],[-113,-33],[-43,17]],[[1822,160],[29,-8],[-7,-31],[-22,39]],[[1817,171],[5,-11]],[[1822,160],[-11,4],[6,7]],[[1817,171],[-12,20],[-5,39],[-59,-38],[-54,-10],[5,82],[-49,32],[72,20],[90,7],[-168,6],[29,70],[2,-32],[107,5],[50,17],[176,16],[69,57],[60,8],[-6,-23],[-105,-75],[13,-80],[-108,-62],[25,-14],[-69,-35],[-25,34],[-38,-44]],[[4577,397],[-63,58],[15,18],[93,-50],[-45,-26]],[[2990,816],[47,4],[223,-32],[83,-53],[24,28],[80,2],[15,-32],[101,-5],[39,19],[1,39],[41,42],[126,-6],[253,23],[72,-11],[-12,31],[81,24],[-53,11],[-55,-17],[29,39],[56,14],[-43,47]],[[4098,983],[76,10],[79,-54],[46,-17],[102,34],[62,-33],[12,-52],[80,-16],[254,44],[56,-24],[161,-15],[82,21],[1,40]],[[5109,921],[49,-1],[54,-37],[18,-45],[62,-19],[77,-51],[48,-7]],[[5417,761],[-80,-82],[-9,-32],[26,-30],[-31,-27],[-62,0],[-54,-33],[-72,67],[27,-48],[-87,8],[-33,-14],[-118,65],[-62,21],[75,-50],[-20,-31],[94,-64],[-17,-28],[-46,-7],[-40,54],[-73,6],[-30,-40],[42,-73],[-63,38],[-97,35],[-8,-23],[95,-30],[-105,-18],[-73,45],[45,47],[-32,23],[-130,-38],[12,-46],[-35,-32],[-164,5],[-114,-6],[-19,-61],[-117,-13],[10,-31],[-56,25],[25,36],[-24,12],[-45,-68],[-77,-3],[-21,54],[-13,-31],[-141,-37],[-114,26],[43,-24],[-50,-39],[61,14],[-13,-41],[-114,-61],[-48,-5],[42,53],[-81,-40],[-5,67],[-67,-2],[-51,-32],[-57,9],[-12,-28],[-45,13],[-79,-23],[-25,28],[-55,-38],[-61,-6],[-67,-35],[-27,11],[-150,-12],[-41,21],[-120,-20],[48,53],[54,24],[3,37],[-83,-45],[-14,-33],[-103,-69],[-81,-24],[-14,-30],[27,-26],[-224,-14],[-92,-15],[23,31],[179,43],[36,30],[73,4],[42,35],[21,62],[-84,-89],[-32,20],[-52,-7],[-6,-44],[-23,13],[10,60],[85,23],[49,42],[-47,10],[-134,-10],[-57,21],[23,44]],[[3882,5121],[173,-22],[-91,-8],[-131,8],[-88,-39],[24,-27],[57,4],[-89,-27],[-28,43],[-49,-27],[-62,68],[84,41],[164,14],[36,-28]],[[7438,6216],[-27,17],[14,16]],[[7425,6249],[12,16],[-27,18]],[[7410,6283],[-76,2],[-71,26],[-29,57],[61,62],[54,6],[19,57],[42,11],[396,-64],[126,10],[219,3]],[[8151,6453],[20,-53],[75,-88],[229,-175],[53,-131],[106,-147],[34,-108],[-12,-54],[-88,21],[-217,-29],[-56,-19],[122,-62],[-97,-66]],[[8320,5542],[-222,-6],[-188,32],[-33,-2],[-45,-47],[-74,-18],[-153,-8],[-243,-50],[-78,-70],[15,-27],[-56,-12],[-435,-41],[-89,-30],[-68,-102],[-42,-16],[-87,17],[-365,-22],[-73,-35],[-3,-33],[91,-50],[24,-31],[-18,-85],[-24,-27],[-59,-4],[-165,13],[-113,-32],[-90,-60],[10,-25],[-88,-46],[-148,-12],[2,-22],[-58,-20],[-45,-43],[-93,-14],[-103,-42],[-22,-21],[109,-49],[46,-35],[7,-43],[52,-23],[145,-18],[2,-34],[75,-29],[5,-121],[22,-59],[63,-25]],[[5708,4115],[-162,-27],[-363,-148],[-55,-45],[47,-181],[-3,-33],[-78,-34],[-29,-71],[-28,-24]],[[5037,3552],[-100,-21],[-105,4],[-116,63],[-45,15],[-223,13],[-122,49],[-117,18],[-74,-24],[-63,-102],[-47,-13]],[[4025,3554],[-27,26],[-212,117],[-126,53],[-59,42],[-108,105],[-35,24],[-126,33],[-44,56],[-71,32],[-48,87],[-52,29],[-140,32],[-160,56]],[[2817,4246],[26,47],[90,11],[23,40],[76,-22],[-12,54],[62,77],[248,107],[68,40],[35,95],[38,46],[97,41],[12,46],[41,16],[-44,23],[108,-16],[13,40],[54,6],[38,29],[114,8],[161,41],[95,-30],[75,-67],[86,13],[12,67],[-115,30],[-47,36],[29,24],[92,-7],[71,-31],[40,15],[-24,66],[-57,60],[-132,27],[66,66],[29,60],[-32,7],[51,81],[-64,33],[83,34],[-4,69],[-52,41],[-90,36],[-66,-1],[-29,30]],[[4082,5634],[92,55],[178,85],[108,17],[234,-7],[104,13],[230,54],[31,-6],[-4,-65],[28,-22],[596,-14],[238,45],[63,32],[211,153],[28,10],[113,-26],[76,29],[42,-29],[73,-93],[393,-23],[252,33],[40,34],[-15,27],[-110,66],[10,30],[66,-12],[79,11],[118,-7],[60,12],[12,37],[-112,31],[-23,42],[95,19],[50,51]],[[716,1206],[42,6],[8,45],[-24,41],[54,46],[57,14],[-74,40],[25,33],[37,0],[-19,94],[-69,26],[113,13],[-57,41],[-80,27],[122,-10],[33,9],[-24,34],[-50,0],[-47,42],[44,7],[191,-42],[-94,57],[-19,42],[-51,21],[-18,54],[63,-7],[-88,38],[-18,22],[15,51],[-84,75],[19,17],[-40,32],[-50,0]],[[935,2153],[262,-34],[118,25],[105,71],[147,39],[189,110],[37,63],[230,-30]],[[2023,2397],[15,-95],[-83,-36],[9,-67],[-164,-39],[-41,-35],[84,-24],[37,-42],[37,-8],[57,-46],[-38,-15],[73,-29],[0,-25],[-99,-50],[-54,-60],[9,-29],[36,20],[16,-27],[-34,-17],[-19,-47],[-58,-29],[36,-51],[77,-29],[1,-37],[-46,-6],[-43,-38],[-58,1],[15,-69],[92,-74],[169,-11],[52,-19],[9,-73],[33,-22],[-37,-34],[57,4],[-19,-36]],[[5109,921],[-19,43],[-37,25],[-57,4],[3,31],[59,57],[-107,34],[3,28],[60,2],[22,38],[-77,80],[72,43],[61,-18],[93,22],[87,43],[34,53],[75,19]],[[5381,1425],[89,13],[50,-37],[-24,-27],[53,-7],[91,58],[68,10],[66,-110],[53,-19],[192,10]],[[6019,1316],[-21,-54],[37,-9],[-57,-23],[-22,-58],[55,-14],[32,-36],[-97,1],[72,-53],[146,-35],[127,-74],[162,1],[40,-32],[110,-10],[32,-46],[106,-43]],[[6741,831],[-178,-108],[-43,26],[-25,-34],[19,-38],[-44,-20],[-63,7],[49,26],[-54,2],[-35,-43],[-78,35],[-32,-7],[-14,-41],[-82,33],[-109,10],[-16,18],[70,-1],[-118,41],[20,-43],[-134,23],[-50,-57],[-188,-30],[19,27],[-52,-8],[-16,-39],[-48,-18],[-48,32],[-26,-7],[42,-17],[-72,-21],[-23,-26],[-31,32],[65,27],[-29,-6],[-72,53],[57,27],[39,74],[78,15],[81,-31],[-49,64],[-77,2],[-57,-49]],[[5562,2573],[-113,19],[-98,53],[93,56],[12,41],[-69,109],[-96,43],[-37,-26],[-184,76],[13,28],[-124,59],[10,16],[111,16],[87,-9],[35,36],[-41,9],[-35,40],[71,6],[-139,110],[-5,51],[26,24],[-46,86],[-42,51],[69,60],[-23,25]],[[5708,4115],[471,-60],[45,-25],[103,7],[84,-28],[95,-16],[240,-107],[67,-22],[64,-53],[123,-36],[67,67]],[[7067,3842],[100,-55],[126,-23],[-18,-16],[26,-60],[53,-45],[-56,-16],[45,-94],[90,-58],[-6,-41],[-92,-81],[-31,-42],[93,-43],[142,-101],[161,-60],[4,-17],[-113,-53],[136,-87],[-144,-55],[-118,46],[-136,-82],[50,-51],[-39,-38]],[[7340,2770],[-58,-61],[-91,-3],[36,-28],[-110,7],[-40,-65],[-5,-40],[-66,12],[10,-26],[-45,-14],[50,-70],[-90,-4],[-111,-36],[-19,-30],[-87,-4],[-6,-21],[-62,25],[-55,-7],[-88,59],[19,24],[-86,30],[-149,76],[-114,43],[-69,-36],[-110,-15],[-57,23],[-49,-14],[-100,5],[6,-24],[-78,19],[-102,-40],[-52,18]],[[5562,2573],[-18,-57],[67,-30],[-74,-21],[-53,-43],[-5,-67],[-59,25],[-53,-2],[-42,-38],[-48,11],[-60,-26],[-82,-59],[3,-35],[130,-107],[-39,-50],[-13,-54],[42,-8],[6,-70],[81,-44],[50,-70],[-30,-55],[-92,25],[-70,-47]],[[5203,1751],[-13,41],[-144,-23],[-83,39],[23,38],[-75,22],[-69,54],[-45,-22],[-12,36],[-76,-94],[-80,5],[-100,-30],[-60,3],[-51,-148],[-52,-42],[-398,-32],[-8,5]],[[3960,1603],[-20,60],[-36,31],[9,30],[-71,-12],[-36,46],[36,37],[98,-19],[27,33],[-40,41],[64,36],[-50,54],[7,113],[-53,118],[-17,16],[-114,-21],[-70,24],[2,49],[-95,71],[-60,11],[-113,-33],[-40,16],[-80,78],[-116,17],[-59,23],[-30,66]],[[3103,2488],[102,75],[61,27],[96,-12],[21,34],[42,9],[56,-21],[72,24],[12,55],[34,20],[-44,37],[51,41],[-62,51],[-126,145],[69,7],[-18,41],[-52,7],[-89,138],[55,17],[33,41]],[[3416,3224],[150,39],[190,-22],[26,92],[-4,31],[37,13],[-15,74],[25,28],[78,36],[122,39]],[[3103,2488],[-89,42],[-12,60],[-85,1],[-145,-51],[-138,-8],[7,-33],[-86,4],[-58,37],[-63,-10],[-40,-44],[-71,-43],[-96,-28],[-204,-18]],[[2810,3479],[90,-78],[65,-19],[158,-18],[64,-24],[102,-62],[-5,-22],[132,-32]],[[5203,1751],[-34,-30],[1,-96],[-25,-39],[57,-41],[-23,-25],[101,-46],[68,-11],[33,-38]],[[4098,983],[-23,17],[51,70],[105,65],[-16,37],[44,60],[1,27],[-42,17],[11,69],[-60,47],[-142,14],[-13,21],[-89,16],[-2,30]],[[3923,1473],[-14,84],[-31,64],[82,-18]],[[2351,1158],[71,19],[177,-54],[5,22],[101,0],[111,20],[67,-13],[52,-42],[27,9],[-37,40],[25,34],[-53,-7],[-25,28],[28,18],[123,17],[91,28],[98,4],[-3,13],[84,19],[59,36],[-12,40],[92,7],[125,46],[61,4],[94,-20],[46,35],[62,-41],[70,16],[33,37]],[[8699,1988],[-155,-120],[-123,-66],[-57,-65],[-132,-80],[-87,-26],[-70,-69],[-132,-74],[-106,-89],[-66,-32],[-137,-45],[-167,-69],[-99,-67],[-69,-65],[-80,-11],[-175,-88],[-83,-66],[-87,-33],[-133,-92]],[[6019,1316],[107,7],[52,43],[-46,6],[-5,33],[-96,62],[14,13],[-89,-1],[-152,15],[37,30],[86,-2],[83,26],[91,1],[216,-39],[588,13],[145,43],[51,28],[66,61],[38,-1],[48,-34],[83,-4],[141,28],[6,32],[218,3],[125,14],[75,23],[63,48],[175,62],[28,39]],[[8167,1865],[451,121],[81,2]],[[7340,2770],[138,-22],[111,-50],[99,-54],[-14,-14],[75,-18],[-21,-68],[70,-36],[45,32],[66,-33],[69,-98],[50,-37],[9,-82],[34,-60],[79,-72],[102,-51],[-37,-48],[64,-47],[6,-50],[-36,-40],[-82,-57]],[[7067,3842],[75,69],[21,46],[98,12],[331,-40],[659,30],[27,-15],[46,-122],[43,-17],[135,32],[62,-1]],[[8564,3836],[2,-31],[221,-130],[126,-48],[98,-69],[305,-84],[140,-84],[185,-63],[44,-28],[23,-78],[34,-31],[84,-36],[114,-77],[59,-61],[-116,-114],[-71,-134],[-56,-54],[-53,-90],[-85,-36],[-27,-31],[-129,-74],[-67,-64],[-105,-39],[-144,-68],[-26,-32],[-115,-81],[-129,-74],[-177,-137]],[[8320,5542],[-13,-42],[13,-87],[-10,-35],[-96,-58],[-32,-33],[41,-20],[130,2],[60,-13],[-22,-58],[38,-23],[-27,-26],[-140,-16],[-63,-43],[-10,-41],[41,-82],[59,-66],[76,-43],[88,-10],[169,-1],[53,-16],[-9,-47],[56,-37],[8,-38],[-39,-27],[-158,-36],[25,-72],[72,-32],[-35,-72],[56,-35],[207,-43],[115,-65],[103,-30],[-24,-57],[50,-75],[-6,-33],[-66,-58],[-165,-93],[-58,-64],[-58,-37],[-185,-44]],[[4082,5634],[-16,21],[-121,7],[-42,30],[-69,10],[-120,-37],[-27,69],[-60,-4],[-12,-32],[-57,10],[64,30],[-34,63],[86,113],[-26,10],[-66,-78],[-83,-13],[-46,-26],[-151,52],[-11,-63],[-58,80],[-99,104],[-32,100],[-48,31],[-71,78],[-95,14],[-57,30],[-52,96],[10,57],[-32,71],[82,65],[137,59],[18,140],[-9,43],[100,60],[-61,74],[-107,85],[-67,25],[-54,46],[-17,47],[-78,55],[32,59],[-12,45],[123,29],[45,46],[-32,8],[13,73],[-157,32],[-106,-9],[-41,41],[37,68],[73,31],[-64,146],[-5,101],[19,40],[96,20],[53,29],[-18,30],[-63,10],[-174,76],[-48,75],[-53,16],[-111,-14],[6,85],[-97,79],[-133,37],[-90,57],[-54,-10],[-77,41],[-51,-2],[-279,50],[-211,1],[-138,89],[-167,19],[-18,31],[-134,47],[-98,18],[-53,61],[-84,4],[-89,62],[-131,52],[-153,24],[-15,32],[43,38],[-129,43],[-108,7],[-48,18],[110,66],[264,-62],[60,4],[52,42],[-113,91],[61,57],[196,50],[297,-19],[23,-8],[327,-244],[127,-55],[36,-47],[70,-49],[87,-34],[22,-89],[30,-21],[154,14],[233,-47],[152,10],[71,-16],[93,-51],[259,66],[145,10],[85,19],[48,82],[131,17],[185,-40],[49,-30],[134,-35],[302,-42],[82,-28],[99,-72],[40,-6],[43,47],[151,31],[26,30],[4,94],[46,46],[169,61],[88,13],[110,-15],[45,11],[136,126],[-46,46],[18,80],[-32,48],[47,118],[82,57],[-31,46],[40,36],[1,64],[68,27],[39,61],[-39,41],[65,42],[152,18],[107,78],[93,40],[17,37],[59,43],[189,16],[143,3],[214,-34],[195,27],[11,29],[111,42],[108,20],[44,38],[166,-3],[96,11],[75,-60],[170,-112],[194,-37],[22,-52],[71,-17],[593,-109],[66,-86],[130,-118],[-106,-85],[-332,-156],[-35,-107],[10,-26],[106,-52],[-111,-41],[-108,-17],[-236,-66],[-12,-34],[186,7],[76,-7],[66,-29],[-78,-105],[-234,-181],[0,-49],[186,-281],[58,-30],[522,-89],[56,-24],[267,-227],[55,-31],[272,-103],[-30,-23],[-11,-76],[-45,-74],[-361,-206],[-385,-299],[-44,-81],[34,-68],[214,-153],[78,-109],[105,-76],[21,-57]],[[7410,6283],[15,-34]],[[7425,6249],[13,-33]],[[2162,3875],[0,28],[76,40],[44,-7],[69,40],[71,-2],[48,22],[42,-10],[38,23],[-40,21],[10,99],[202,-19],[15,9],[-50,58],[45,6],[85,63]]],"bbox":[20.62383036569189,59.81124170934237,31.569371164363893,70.07067949336852],"transform":{"scale":[0.0010946635462218224,0.001026046383040919],"translate":[20.62383036569189,59.81124170934237]},"title":"Finland","version":"2.0.1","copyright":"Copyright (c) 2022 Highsoft AS, Based on data from Natural Earth","copyrightShort":"Natural Earth","copyrightUrl":"http://www.naturalearthdata.com"}