{"type":"Topology","objects":{"default":{"type":"GeometryCollection","geometries":[{"type":"MultiPolygon","arcs":[[[0]],[[1,2,3]]],"id":"CI.SC","properties":{"hc-group":"admin1","hc-middle-x":0.56,"hc-middle-y":0.6,"hc-key":"ci-sc","hc-a2":"SC","labelrank":"9","hasc":"CI.SC","alt-name":null,"woe-id":"55967004","subregion":null,"fips":"IV63","postal-code":"SC","name":"Sud-Comoé","country":"Ivory Coast","type-en":"Region","region":null,"longitude":"-3.12754","woe-name":"Sud-Comoé","latitude":"5.52003","woe-label":"Sud-Comoé, CI, Ivory Coast","type":"Région"}},{"type":"Polygon","arcs":[[4,5,6,7,8]],"id":"CI.3397","properties":{"hc-group":"admin1","hc-middle-x":0.34,"hc-middle-y":0.46,"hc-key":"ci-3397","hc-a2":"SA","labelrank":"9","hasc":"CI.","alt-name":null,"woe-id":"55967002","subregion":null,"fips":null,"postal-code":null,"name":"Savanes","country":"Ivory Coast","type-en":"Department","region":null,"longitude":"-5.36817","woe-name":"Savanes","latitude":"9.822380000000001","woe-label":null,"type":"Département"}},{"type":"Polygon","arcs":[[9,-9,10,11]],"id":"CI.DE","properties":{"hc-group":"admin1","hc-middle-x":0.44,"hc-middle-y":0.42,"hc-key":"ci-de","hc-a2":"DE","labelrank":"9","hasc":"CI.DE","alt-name":null,"woe-id":"55966993","subregion":null,"fips":"IV23","postal-code":"DE","name":"Denguélé","country":"Ivory Coast","type-en":"Region","region":null,"longitude":"-7.37781","woe-name":"Denguélé","latitude":"9.52894","woe-label":null,"type":"Région"}},{"type":"Polygon","arcs":[[12,-12,13,14]],"id":"CI.BF","properties":{"hc-group":"admin1","hc-middle-x":0.64,"hc-middle-y":0.64,"hc-key":"ci-bf","hc-a2":"BF","labelrank":"9","hasc":"CI.BF","alt-name":null,"woe-id":"55966992","subregion":null,"fips":"IV26","postal-code":"BF","name":"Bafing","country":"Ivory Coast","type-en":"Region","region":null,"longitude":"-7.67511","woe-name":"Bafing","latitude":"8.112209999999999","woe-label":null,"type":"Région"}},{"type":"Polygon","arcs":[[15,-15,16,17,18]],"id":"CI.BA","properties":{"hc-group":"admin1","hc-key":"ci-ba","hc-a2":"BA","labelrank":"9","hasc":"CI.DH.BA","alt-name":null,"woe-id":"55966994","subregion":null,"fips":"IV36","postal-code":"BA","name":"Dix-Huit Montagnes","country":"Ivory Coast","type-en":"Department","region":null,"longitude":"-7.73423","woe-name":"Dix-Huit Montagnes","latitude":"7.36283","woe-label":"Dix-Huit Montagnes, CI, Ivory Coast","type":"Département"}},{"type":"Polygon","arcs":[[-17,-14,-11,-8,19,20,21]],"id":"CI.WR","properties":{"hc-group":"admin1","hc-middle-x":0.4,"hc-middle-y":0.52,"hc-key":"ci-wr","hc-a2":"WR","labelrank":"9","hasc":"CI.WR","alt-name":null,"woe-id":"55967006","subregion":null,"fips":"IV25","postal-code":"WR","name":"Worodougou","country":"Ivory Coast","type-en":"Region","region":null,"longitude":"-6.28956","woe-name":"Worodougou","latitude":"8.49071","woe-label":null,"type":"Région"}},{"type":"Polygon","arcs":[[-21,22,23,24,25]],"id":"CI.ZU","properties":{"hc-group":"admin1","hc-middle-x":0.62,"hc-middle-y":0.53,"hc-key":"ci-zu","hc-a2":"ZU","labelrank":"9","hasc":"CI.MR.ZU","alt-name":null,"woe-id":"55966998","subregion":null,"fips":"IV34","postal-code":"ZU","name":"Marahoué","country":"Ivory Coast","type-en":"Department","region":null,"longitude":"-5.83201","woe-name":"Marahoué","latitude":"6.94728","woe-label":null,"type":"Département"}},{"type":"Polygon","arcs":[[-25,26,27,28,29,30]],"id":"CI.FR","properties":{"hc-group":"admin1","hc-middle-x":0.37,"hc-middle-y":0.44,"hc-key":"ci-fr","hc-a2":"FR","labelrank":"9","hasc":"CI.FR","alt-name":null,"woe-id":"55966995","subregion":null,"fips":"IV18","postal-code":"FR","name":"Fromager","country":"Ivory Coast","type-en":"Region","region":null,"longitude":"-5.80631","woe-name":"Fromager","latitude":"6.2178","woe-label":null,"type":"Région"}},{"type":"Polygon","arcs":[[-26,-31,31,32,-18,-22]],"id":"CI.3404","properties":{"hc-group":"admin1","hc-middle-x":0.44,"hc-middle-y":0.62,"hc-key":"ci-3404","hc-a2":"HS","labelrank":"9","hasc":"CI.","alt-name":null,"woe-id":"55966996","subregion":null,"fips":null,"postal-code":null,"name":"Haut-Sassandra","country":"Ivory Coast","type-en":"Department","region":null,"longitude":"-6.50859","woe-name":"Haut-Sassandra","latitude":"7.01394","woe-label":null,"type":"Département"}},{"type":"Polygon","arcs":[[33,34,35,36,-29,37]],"id":"CI.LA","properties":{"hc-group":"admin1","hc-middle-x":0.59,"hc-middle-y":0.39,"hc-key":"ci-la","hc-a2":"LA","labelrank":"9","hasc":"CI.SB.LA","alt-name":null,"woe-id":"55967003","subregion":null,"fips":"IV29","postal-code":"LA","name":"Sud-Bandama","country":"Ivory Coast","type-en":"Department","region":null,"longitude":"-5.49467","woe-name":"Sud-Bandama","latitude":"5.63293","woe-label":null,"type":"Département"}},{"type":"Polygon","arcs":[[-30,-37,38,39,-32]],"id":"CI.SO","properties":{"hc-group":"admin1","hc-middle-x":0.53,"hc-middle-y":0.49,"hc-key":"ci-so","hc-a2":"SO","labelrank":"9","hasc":"CI.BS.SO","alt-name":null,"woe-id":"55967008","subregion":null,"fips":"IV32","postal-code":"SO","name":"Bas-Sassandra","country":"Ivory Coast","type-en":"Department","region":null,"longitude":"-6.67522","woe-name":"Bas-Sassandra","latitude":"5.47996","woe-label":null,"type":"Département"}},{"type":"Polygon","arcs":[[-6,40,41,42,43]],"id":"CI.ZA","properties":{"hc-group":"admin1","hc-middle-x":0.55,"hc-middle-y":0.45,"hc-key":"ci-za","hc-a2":"ZA","labelrank":"9","hasc":"CI.ZA","alt-name":null,"woe-id":"55967007","subregion":null,"fips":"IV11","postal-code":"ZA","name":"Zanzan","country":"Ivory Coast","type-en":"Region","region":null,"longitude":"-3.41485","woe-name":"Zanzan","latitude":"8.60755","woe-label":null,"type":"Région"}},{"type":"Polygon","arcs":[[-44,44,45,-23,-20,-7]],"id":"CI.VB","properties":{"hc-group":"admin1","hc-middle-x":0.41,"hc-middle-y":0.46,"hc-key":"ci-vb","hc-a2":"VB","labelrank":"9","hasc":"CI.VB","alt-name":null,"woe-id":"55967005","subregion":null,"fips":"IV20","postal-code":"VB","name":"Vallée du Bandama","country":"Ivory Coast","type-en":"Region","region":null,"longitude":"-4.85838","woe-name":"Vallée du Bandama","latitude":"8.22668","woe-label":"Vallée du Bandama, CI, Ivory Coast","type":"Région"}},{"type":"Polygon","arcs":[[46,47,48]],"id":"CI.AV","properties":{"hc-group":"admin1","hc-middle-x":0.51,"hc-middle-y":0.6,"hc-key":"ci-av","hc-a2":"AV","labelrank":"9","hasc":"CI.AG.AV","alt-name":null,"woe-id":"55966991","subregion":null,"fips":"IV06","postal-code":"AV","name":"Agnéby","country":"Ivory Coast","type-en":"Department","region":null,"longitude":"-4.02187","woe-name":"Agnéby","latitude":"6.06215","woe-label":"Agnéby, CI, Ivory Coast","type":"Département"}},{"type":"Polygon","arcs":[[-47,49,50,-45,-43,51]],"id":"CI.BG","properties":{"hc-group":"admin1","hc-middle-x":0.53,"hc-middle-y":0.54,"hc-key":"ci-bg","hc-a2":"BG","labelrank":"9","hasc":"CI.NC.BG","alt-name":null,"woe-id":"55967001","subregion":null,"fips":"IV27","postal-code":"BG","name":"N'zi-Comoé","country":"Ivory Coast","type-en":"Department","region":null,"longitude":"-4.23718","woe-name":"N'zi-Comoé","latitude":"7.05528","woe-label":null,"type":"Département"}},{"type":"MultiPolygon","arcs":[[[-35,52,53],[54]],[[-50,-49,55,-2,56,-38,-28,57]]],"id":"CI.AB","properties":{"hc-group":"admin1","hc-middle-x":0.38,"hc-middle-y":0.61,"hc-key":"ci-ab","hc-a2":"AB","labelrank":"9","hasc":"CI.LG.AB","alt-name":null,"woe-id":"55967009","subregion":null,"fips":"IV61","postal-code":"AB","name":"Lagunes","country":"Ivory Coast","type-en":"Department","region":null,"longitude":"-4.42852","woe-name":"Lagunes","latitude":"5.4607","woe-label":"Lagunes, CI, Ivory Coast","type":"Département"}},{"type":"Polygon","arcs":[[-33,-40,58,-19]],"id":"CI.3412","properties":{"hc-group":"admin1","hc-middle-x":0.62,"hc-middle-y":0.45,"hc-key":"ci-3412","hc-a2":"MC","labelrank":"9","hasc":"CI.","alt-name":null,"woe-id":"55966999","subregion":null,"fips":null,"postal-code":null,"name":"Moyen-Cavally","country":"Ivory Coast","type-en":"Department","region":null,"longitude":"-7.79453","woe-name":"Moyen-Cavally","latitude":"5.99237","woe-label":null,"type":"Département"}},{"type":"Polygon","arcs":[[-56,-48,-52,-42,59,-3]],"id":"CI.3413","properties":{"hc-group":"admin1","hc-middle-x":0.44,"hc-middle-y":0.33,"hc-key":"ci-3413","hc-a2":"MC","labelrank":"9","hasc":"CI.","alt-name":null,"woe-id":"55967000","subregion":null,"fips":null,"postal-code":null,"name":"Moyen-Comoe","country":"Ivory Coast","type-en":"Department","region":null,"longitude":"-3.47724","woe-name":"Moyen-Comoé","latitude":"6.76303","woe-label":null,"type":"Département"}},{"type":"Polygon","arcs":[[-51,-58,-27,-24,-46]],"id":"CI.TM","properties":{"hc-group":"admin1","hc-middle-x":0.46,"hc-middle-y":0.55,"hc-key":"ci-tm","hc-a2":"TM","labelrank":"9","hasc":"CI.LC.TM","alt-name":null,"woe-id":"55966997","subregion":null,"fips":"IV56","postal-code":"TM","name":"Lacs","country":"Ivory Coast","type-en":"Department","region":null,"longitude":"-5.15412","woe-name":"Lacs","latitude":"6.85184","woe-label":"Lacs, CI, Ivory Coast","type":"Département"}}],"hc-recommended-transform":{"default":{"crs":"+proj=utm +zone=30 +datum=WGS84 +units=m +no_defs","scale":0.000991957228442,"jsonres":15.5,"jsonmarginX":-999,"jsonmarginY":9851,"xoffset":-122218.323474,"yoffset":1187294.65347}}}},"arcs":[[[9002,1198],[-6,-26],[-234,30],[-16,33],[62,49],[68,-42],[126,-44]],[[8310,1275],[182,90],[41,35],[-57,72],[2,269],[46,107],[-17,126],[-34,58],[8,123],[32,52],[-32,44]],[[8481,2251],[86,30],[119,187],[98,227],[47,55],[-1,84],[81,153]],[[8911,2987],[53,-47],[34,-88],[49,-262],[88,-166],[24,-113],[-17,-179],[107,9],[-8,-138],[71,-18],[79,42],[117,-29],[40,-63],[4,-82],[29,-111],[45,-101],[2,-55],[-93,-14],[-10,-97],[34,-71],[-6,-61],[36,-33],[-39,-45],[-103,-3],[-4,43],[-164,0],[13,-31],[-64,-65],[-139,65],[-125,-23],[-38,65],[-71,55],[54,52],[22,87],[51,28],[0,54],[-57,14],[-110,-16],[-53,-27],[25,-69],[-58,-26],[11,-86],[-45,-55],[0,-55],[45,-10],[-59,-46],[-108,5],[-263,54]],[[3191,9439],[33,88],[-58,46],[-23,58],[24,122],[-10,65],[32,73],[58,-2],[33,-54],[151,-85],[163,-12],[36,56],[-51,35],[-5,84],[39,41],[112,-5],[101,50],[56,-4],[-1,-99],[63,-31],[-51,-62],[13,-59],[-50,-72],[124,-53],[-18,-65],[27,-30],[-31,-78],[25,-18],[-97,-110],[102,-115],[124,-41],[146,0],[50,60],[36,87],[95,-12],[0,114],[44,44],[117,59],[347,63],[147,-60],[50,-102],[59,-16],[58,-63],[143,8],[31,28],[129,-5],[80,-45],[27,23],[66,-43],[-9,-111],[58,-1],[-15,-46],[87,-80],[-53,-26],[157,-86],[29,-52],[-41,-23],[47,-85],[-22,-81],[62,-48],[19,24],[128,-26],[65,-43],[37,-85],[-56,-10],[65,-70],[53,25],[93,-111],[126,71],[86,-48],[21,75],[57,-4],[-19,-104],[22,-33],[153,-11],[61,-101],[10,64],[70,-23]],[[7028,8253],[128,-126],[6,-46],[72,-87],[25,-100],[-20,-56],[27,-71],[6,-103],[135,53],[89,-64],[130,-39],[29,-50],[74,-7],[-9,-86],[79,13],[12,-64],[-47,40],[-9,-97],[110,-36],[9,-39],[-138,-47],[13,-66],[106,-101],[-34,-33],[72,-39],[4,-55],[-47,7],[-98,-136],[-76,-11],[-34,-77],[26,-37]],[[7668,6693],[-84,-17],[-34,31],[-231,7],[-44,30],[-64,-12],[-117,117],[-69,-10],[-34,31],[-14,94],[-83,94],[-234,95],[-38,-16],[-597,18],[-1,58],[58,54],[29,175],[-19,46],[-129,61],[-59,98],[-15,110],[-212,43],[-48,-35],[-63,24],[-60,113],[-139,-1],[-80,-105],[-31,-137],[-80,-27],[32,-73],[-37,-105],[-62,-15],[-3,-42],[98,-60],[28,-48],[-73,-46],[9,-60],[-53,-21],[50,-36],[-61,-49],[-129,0],[-75,-45],[-111,17],[-47,-145],[33,27],[50,-59],[-53,-152],[90,-17],[14,-80],[45,-63]],[[4921,6560],[-216,49],[-350,126],[-249,370],[-38,99],[-151,94],[-47,125],[61,85],[-6,40],[-74,68],[-73,13],[-61,-20],[-39,-80],[-52,-18],[-95,-95],[-121,128],[-62,-32],[5,-71],[-61,-37],[-139,9],[-90,69]],[[3063,7482],[15,240],[-51,69],[-25,114],[5,80],[58,83],[5,43],[-91,73],[29,104],[61,102],[4,83],[-34,30],[45,118],[-35,93],[-78,76],[-208,-6],[-28,11],[77,101],[37,103],[-13,34],[48,37],[128,17],[54,-55],[119,17],[145,79],[2,97],[-75,35],[-8,88],[-58,91]],[[1424,7416],[-141,106],[-23,40],[-50,-7],[-83,31],[-2,57],[59,136],[49,161],[-111,7],[-96,-45],[-129,19],[-135,181],[-14,98],[62,423],[-38,30],[-44,121],[61,43],[-36,24],[81,109],[121,49],[74,120],[65,-10],[198,88],[83,104],[1,81],[70,27],[-2,50],[93,42],[25,49],[92,-29],[83,-1],[67,63],[81,-45],[36,-149],[81,19],[47,-27],[-10,-101],[42,-26],[232,-21],[188,-58],[81,-91],[78,15],[55,57],[-4,40],[-58,66],[39,125],[56,24],[124,-7],[97,43],[72,-8],[61,-34],[89,34]],[[3063,7482],[-247,-102],[-22,-59],[5,-113],[-108,35],[-73,-11],[-78,55],[-112,19],[-123,-120],[-33,-92],[37,-27],[26,-89],[-40,-152],[-7,-89],[55,-186]],[[2343,6551],[-78,93],[-124,74],[-101,123],[-69,39],[-72,80],[-71,44],[-46,67],[-107,92],[-118,64],[-73,131],[-60,58]],[[1069,5773],[-82,96],[-11,46],[32,88],[-21,16],[-114,-35],[-160,47],[-136,85],[29,43],[21,167],[-22,115],[80,61],[81,-9],[121,26],[42,-24],[131,14],[44,-18],[74,-92],[82,3],[5,72],[35,5],[87,-143],[82,-28],[95,10],[-44,100],[17,104],[-21,158],[-183,225],[-44,-2],[-210,53],[-16,49],[36,212],[49,100],[147,72],[129,27]],[[2343,6551],[31,-79],[16,-161],[73,-75],[-39,-125],[50,-101],[23,-97],[-22,-102],[36,-98]],[[2511,5713],[-207,0],[-48,10],[-70,113],[-99,62],[-79,23],[-96,70],[-73,-60],[-29,-74],[20,-80],[5,-149],[-51,-76],[-57,-31],[-90,13],[-83,-50],[-90,58],[-87,24],[-44,67],[-69,38],[-16,59],[-179,43]],[[289,3623],[148,157],[57,126],[-28,73],[23,122],[58,90],[-30,187],[-43,105],[-96,174],[-29,182],[-62,166],[-69,33],[115,86],[40,-43],[88,19],[55,-14],[122,-70],[46,50],[-3,49],[123,166],[42,156],[-49,47],[4,62],[82,118],[16,112],[94,10],[76,-13]],[[2511,5713],[19,-80],[-44,-53],[16,-193],[29,-96]],[[2531,5291],[-13,-65],[40,-108],[54,10],[65,-73],[-68,-49],[29,-144],[-59,-29],[-70,-97],[26,-143],[-17,-162],[63,-144],[-31,-135],[-4,-100]],[[2546,4052],[-89,13],[-71,40],[-143,-12],[-88,14],[-217,-39],[-172,-1],[-106,-15],[-29,-129],[-296,-8],[-51,7],[-48,88],[-83,28],[-124,76],[-179,-115],[-18,-63],[30,-79],[-102,-67],[-17,-71],[-93,-26],[7,-43],[-54,-7],[0,-66],[-115,-63],[-199,109]],[[4921,6560],[9,-26],[134,-72],[-33,-26],[-124,-4],[118,-101],[162,-52],[91,-86],[63,-27],[-21,-28],[34,-116],[-22,-33],[-70,-9],[17,-37],[-49,-52],[-50,18],[-36,-28],[-104,-2],[-13,-56],[-95,-60],[-113,-28],[-110,-4],[-14,-74],[15,-68],[-37,-81],[3,-105],[-58,-74]],[[4618,5329],[-89,-12],[-92,-46],[-166,49],[-99,-78],[-2,-65],[-59,-44]],[[4111,5133],[-57,55],[-105,38],[-73,155],[-50,1],[-244,-55],[-87,0],[-243,67],[-599,-34],[-47,-9],[-75,-60]],[[4618,5329],[24,-84],[-2,-130],[64,-50],[47,-107],[-46,-20],[33,-61],[-8,-132],[43,-34],[-22,-44],[78,-63],[8,-38]],[[4837,4566],[-21,-52],[113,-70],[59,-60],[52,19],[66,-20],[-14,-83],[27,-62],[46,-17],[-61,-69],[-27,-97],[-33,-26],[11,-58],[54,-82],[96,-92],[44,-118],[-6,-80]],[[5243,3599],[-111,1],[-50,-18],[-324,-210],[-49,-11],[-492,49]],[[4217,3410],[-79,78],[-4,92],[-120,156],[-18,137],[-59,117],[-13,66],[15,108],[21,21],[294,181],[116,19],[26,38],[-290,125],[-30,49],[-153,13],[-21,-105],[-66,-11],[-124,11],[-63,52],[-91,-28],[-3,33],[77,149],[88,125],[72,129],[319,168]],[[5243,3599],[26,-51],[89,1],[57,-30],[-47,-110],[51,-18],[-30,-73],[22,-98],[40,-51],[116,1]],[[5567,3170],[1,-105],[-49,-127]],[[5519,2938],[-111,24],[-315,-105],[-366,46],[-55,-122],[15,-105],[-46,-79],[0,-58],[-140,-108],[-302,-340]],[[4199,2091],[-33,89],[-108,94],[-132,-27],[-96,167],[-8,87],[-28,62],[-91,111],[-53,158],[-20,241]],[[3630,3073],[209,51],[114,5],[96,76],[74,-24],[77,134],[17,95]],[[3630,3073],[-141,-45],[-170,55],[-155,-99],[-235,-2],[-42,20],[-189,218],[-35,81],[60,54],[-15,70],[-56,45]],[[2652,3470],[-14,45],[51,75],[8,97],[-27,134],[-124,147],[24,50],[-24,34]],[[5536,1378],[-30,-14],[-113,25],[-4,-62]],[[5389,1327],[-129,92],[-53,16],[-12,-41],[24,-211]],[[5219,1183],[-111,-5],[-89,30],[-46,-31],[46,-11],[-130,-39],[-374,-56]],[[4515,1071],[-23,161],[7,44],[57,53],[133,32],[13,100],[-138,444],[-231,-70],[-74,72],[-10,117],[-50,67]],[[5519,2938],[112,-102],[67,-26],[167,-18],[41,-22],[15,-226],[19,-122],[82,-147],[-91,-223],[35,-109],[-22,-99],[-103,-237],[-8,-95],[-58,-121],[-41,-24],[-42,23],[-156,-12]],[[4515,1071],[-184,-55],[-274,-121],[-448,-143],[-47,-47],[-234,-52],[-69,-57],[-208,-58],[-163,-10],[-100,-39],[-134,-124],[-101,-60],[-189,-31],[-96,-40],[-37,-44],[-54,-7],[-118,-70],[-158,-113],[-138,14],[-54,35],[16,80],[-21,130],[8,336],[-12,95],[-35,32],[-8,145],[50,38],[42,-12],[-36,97],[-11,124],[25,55],[77,3],[44,76],[-2,128],[36,80],[42,23],[23,-50],[63,96],[-11,77],[-69,34],[10,143],[64,71],[-30,57],[46,13],[-56,92]],[[1964,2012],[530,99],[21,484],[-8,140],[-18,67],[-23,307],[-7,207],[8,49],[94,76],[91,29]],[[7028,8253],[32,51],[-1,71],[83,98],[91,24],[47,63],[57,24],[131,-36],[96,37],[18,47],[154,68],[140,11],[80,53],[132,0],[21,21],[91,-48],[98,12],[257,-20],[67,-41],[50,23],[9,-75],[55,-16],[79,96],[45,5],[4,-98],[103,-25],[33,-38],[36,-112],[29,-23],[86,15],[57,-32],[130,-259],[164,-207],[76,-30],[71,106],[50,46],[23,-27],[-3,-180],[-62,-72],[90,-60],[-21,-59],[-52,-25],[-89,-132],[-26,-125],[40,-27],[147,-36],[38,-130],[30,-13],[39,-150],[-32,-40],[27,-51],[151,-878],[-107,-73],[-53,12],[-26,-74],[33,-84],[-17,-47],[-132,-47],[-131,-124],[-37,8],[-7,-117],[-69,-64],[-26,-77],[-118,-241],[-22,-63],[-80,-480],[30,-67],[-16,-51],[-75,-90],[-30,-105],[-83,-27]],[[9033,4248],[-70,154],[-156,114],[-175,38],[-47,-35],[-57,64],[-25,80],[-56,35],[-131,-5]],[[8316,4693],[53,109],[-64,138],[-88,48],[41,49],[-14,46],[-96,-8],[-58,53],[-8,44],[-60,18],[-41,121],[-126,12],[-98,143],[-6,85],[-159,48],[67,36],[4,60],[-124,-17],[0,97]],[[7539,5775],[8,57],[46,60],[60,21],[-84,91],[-47,15],[20,104],[-46,32],[-11,53],[136,22],[-24,62],[23,39],[-44,57],[72,29],[2,80],[-64,60],[95,71],[-13,65]],[[7539,5775],[-241,-46],[-216,-199],[-222,-113],[-104,13],[-63,-13],[-15,-60],[37,-238],[-13,-27],[-92,10],[-136,-130]],[[6474,4972],[-172,0],[-87,52],[-142,-21],[-53,-77],[-168,-86],[-54,-74],[-184,-84],[-56,-80],[-55,-12],[-43,-49],[-145,-21],[-124,114],[-280,-73],[-74,5]],[[6798,2947],[51,81],[148,-100],[152,-41],[167,76],[-15,217],[31,79],[78,95],[89,28],[425,197]],[[7924,3579],[99,-8],[38,35],[14,-109],[27,-21],[33,-135],[-23,-32],[62,-79],[17,-77],[91,-4],[22,36],[105,-125],[32,-87],[-37,-22],[36,-50],[64,16],[40,-66],[6,-79],[-58,-81],[68,-61],[-16,-63],[-46,-17],[-64,-150],[-8,-59]],[[8426,2341],[-410,107],[-38,-5],[-121,-74],[-89,-86],[-55,-21],[-34,-46],[11,-176],[-22,-38],[-616,-31],[-53,2],[-125,61],[-74,140],[-322,199],[320,574]],[[6798,2947],[-390,91]],[[6408,3038],[-37,41],[43,102],[-65,94],[5,60],[-97,27],[16,94],[46,8],[-22,53],[48,21],[-113,39],[-193,-29],[2,50],[-42,30],[17,80],[-50,60],[29,115],[70,11],[176,85],[7,111],[-30,72],[77,121],[102,302],[-39,215],[10,32],[90,35],[64,0],[-48,105]],[[8316,4693],[-2,-90],[-76,-10],[4,-88],[-21,-50],[-72,7],[-14,-40],[37,-82],[65,-17],[22,-48],[-80,17],[-25,-49],[-82,-18],[-49,-52],[-62,-10],[-47,-73],[65,-7],[18,-58],[-74,-99],[57,-53],[-91,-86],[40,-119],[-51,-20],[46,-69]],[[5389,1327],[-55,-93]],[[5334,1234],[80,-21],[65,17],[-113,32],[91,43],[140,-26],[-29,59],[55,8],[99,-56],[87,31],[57,-6],[50,-86],[-415,-11],[-63,-23],[-219,-12]],[[5334,1234],[-6,1],[-51,71],[-10,-56],[61,-15],[4,-6],[2,5]],[[8426,2341],[4,-48],[51,-42]],[[8310,1275],[-298,57],[-13,49],[-32,-55],[-151,17],[-74,39],[-165,28],[88,68],[60,-40],[-5,40],[107,-22],[96,-44],[-11,34],[69,-7],[39,32],[-42,44],[-28,88],[-90,12],[114,-157],[-85,-2],[-21,23],[-136,40],[-13,56],[-34,-51],[-88,6],[55,-42],[-78,-38],[-118,48],[-29,-19],[-77,31],[-57,-22],[-66,22],[-66,-37],[-13,37],[-119,5],[-49,-60],[-67,43],[-139,-14],[39,-50],[-169,12],[-90,-44],[-65,17],[-46,-28],[-57,32],[78,1],[-33,43],[-101,-11],[44,-33],[-133,-75],[-8,-37],[99,-13],[9,40],[219,21],[63,-24],[8,43],[57,13],[145,-10],[92,43],[78,-18],[184,33],[68,28],[202,5],[-17,-26],[122,-55],[-1022,-80],[-268,-57],[-148,-12],[-154,1],[-46,18],[-20,106],[-89,-11],[-79,-40],[-75,44],[-125,18]],[[5567,3170],[60,17],[252,-196],[144,-24],[100,28],[109,-19],[98,1],[78,61]],[[1964,2012],[-51,165],[4,177],[-52,22],[-26,-84],[-54,82],[-51,-30],[-41,69],[-106,43],[-52,47],[-60,-63],[-49,58],[-86,57],[-5,102],[-27,64],[-51,-12],[-23,46],[33,129],[-115,137],[-239,47],[-180,-43],[-62,29],[-142,32],[-95,76],[-95,-33],[-13,106],[24,44],[-103,80],[-28,-71],[-50,-7],[-87,84],[-82,3],[86,91],[203,164]],[[9033,4248],[-21,-13],[-188,-308],[-30,-117],[53,-92],[-32,-86],[-53,-69],[129,-553],[20,-23]]],"bbox":[-8.61872145986414,4.344062008995586,-2.5062375136404076,10.723276546717917],"transform":{"scale":[0.0006113095255749308,0.000637985252297463],"translate":[-8.61872145986414,4.344062008995586]},"title":"Ivory Coast","version":"2.0.1","copyright":"Copyright (c) 2022 Highsoft AS, Based on data from Natural Earth","copyrightShort":"Natural Earth","copyrightUrl":"http://www.naturalearthdata.com"}