{"type":"Topology","objects":{"default":{"type":"GeometryCollection","geometries":[{"type":"MultiPolygon","arcs":[[[0]],[[1,2,3,4]]],"id":"AO.NA","properties":{"hc-group":"admin1","hc-middle-x":0.56,"hc-middle-y":0.49,"hc-key":"ao-na","hc-a2":"NA","labelrank":"6","hasc":"AO.NA","alt-name":"Moçâmedes|Mossamedes","woe-id":"2344667","subregion":null,"fips":"AO13","postal-code":"NA","name":"Namibe","country":"Angola","type-en":"Province","region":null,"longitude":"12.6525","woe-name":"Namibe","latitude":"-15.8249","woe-label":"Namibe, AO, Angola","type":"Província"}},{"type":"Polygon","arcs":[[5]],"id":"AO.CB","properties":{"hc-group":"admin1","hc-middle-x":0.4,"hc-middle-y":0.33,"hc-key":"ao-cb","hc-a2":"CB","labelrank":"7","hasc":"AO.CB","alt-name":null,"woe-id":"2344658","subregion":null,"fips":"AO03","postal-code":"CB","name":"Cabinda","country":"Angola","type-en":"Province","region":null,"longitude":"12.543","woe-name":"Cabinda","latitude":"-4.80148","woe-label":"Cabinda, AO, Angola","type":"Província"}},{"type":"Polygon","arcs":[[6,7,8]],"id":"AO.LN","properties":{"hc-group":"admin1","hc-middle-y":0.45,"hc-key":"ao-ln","hc-a2":"LN","labelrank":"4","hasc":"AO.LN","alt-name":null,"woe-id":"2344671","subregion":null,"fips":"AO17","postal-code":"LN","name":"Lunda Norte","country":"Angola","type-en":"Province","region":null,"longitude":"19.6268","woe-name":"Lunda Norte","latitude":"-8.472200000000001","woe-label":null,"type":"Província"}},{"type":"Polygon","arcs":[[-8,9,10,11,12]],"id":"AO.LS","properties":{"hc-group":"admin1","hc-middle-x":0.61,"hc-middle-y":0.6,"hc-key":"ao-ls","hc-a2":"LS","labelrank":"4","hasc":"AO.LS","alt-name":null,"woe-id":"2344672","subregion":null,"fips":"AO18","postal-code":"LS","name":"Lunda Sul","country":"Angola","type-en":"Province","region":null,"longitude":"20.3821","woe-name":"Lunda Sul","latitude":"-10.2341","woe-label":"Lunda Sul, AO, Angola","type":"Província"}},{"type":"Polygon","arcs":[[-13,13,14,15,16,17,-9]],"id":"AO.ML","properties":{"hc-group":"admin1","hc-middle-x":0.41,"hc-middle-y":0.38,"hc-key":"ao-ml","hc-a2":"ML","labelrank":"6","hasc":"AO.ML","alt-name":"Malange","woe-id":"2344666","subregion":null,"fips":"AO12","postal-code":"ML","name":"Malanje","country":"Angola","type-en":"Province","region":null,"longitude":"16.9731","woe-name":"Malanje","latitude":"-9.14742","woe-label":"Malanje, AO, Angola","type":"Província"}},{"type":"Polygon","arcs":[[18,19,20,21,22,23,24]],"id":"AO.BO","properties":{"hc-group":"admin1","hc-middle-x":0.43,"hc-middle-y":0.75,"hc-key":"ao-bo","hc-a2":"BO","labelrank":"4","hasc":"AO.BO","alt-name":null,"woe-id":"2344673","subregion":null,"fips":"AO19","postal-code":"BO","name":"Bengo","country":"Angola","type-en":"Province","region":null,"longitude":"13.907","woe-name":"Bengo","latitude":"-8.99949","woe-label":"Bengo, AO, Angola","type":"Província"}},{"type":"Polygon","arcs":[[-24,25,-16,26]],"id":"AO.CN","properties":{"hc-group":"admin1","hc-middle-x":0.45,"hc-middle-y":0.57,"hc-key":"ao-cn","hc-a2":"CN","labelrank":"4","hasc":"AO.CN","alt-name":"Cuanza-Nord|Kwanza Norte","woe-id":"2344660","subregion":null,"fips":"AO05","postal-code":"CN","name":"Cuanza Norte","country":"Angola","type-en":"Province","region":null,"longitude":"14.9458","woe-name":"Cuanza Norte","latitude":"-9.6988","woe-label":"Cuanza Norte, AO, Angola","type":"Província"}},{"type":"Polygon","arcs":[[-15,27,28,29,30,-25,-27]],"id":"AO.CS","properties":{"hc-group":"admin1","hc-middle-x":0.52,"hc-middle-y":0.4,"hc-key":"ao-cs","hc-a2":"CS","labelrank":"4","hasc":"AO.CS","alt-name":"Cuanza-Sud|Kwanza Sul","woe-id":"2344661","subregion":null,"fips":"AO06","postal-code":"CS","name":"Cuanza Sul","country":"Angola","type-en":"Province","region":null,"longitude":"15.0504","woe-name":"Cuanza Sul","latitude":"-10.9232","woe-label":"Cuanza Sul, AO, Angola","type":"Província"}},{"type":"Polygon","arcs":[[31,-20]],"id":"AO.LU","properties":{"hc-group":"admin1","hc-middle-x":0.37,"hc-middle-y":0.44,"hc-key":"ao-lu","hc-a2":"LU","labelrank":"7","hasc":"AO.LU","alt-name":"Loanda","woe-id":"2344665","subregion":null,"fips":"AO10","postal-code":"LU","name":"Luanda","country":"Angola","type-en":"Province","region":null,"longitude":"13.3166","woe-name":"Luanda","latitude":"-8.95941","woe-label":"Luanda, AO, Angola","type":"Província"}},{"type":"Polygon","arcs":[[-26,-23,32,33,-17]],"id":"AO.UI","properties":{"hc-group":"admin1","hc-middle-x":0.53,"hc-middle-y":0.44,"hc-key":"ao-ui","hc-a2":"UI","labelrank":"6","hasc":"AO.UI","alt-name":null,"woe-id":"2344669","subregion":null,"fips":"AO15","postal-code":"UI","name":"Uíge","country":"Angola","type-en":"Province","region":null,"longitude":"15.4475","woe-name":"Uige","latitude":"-6.95896","woe-label":null,"type":"Província"}},{"type":"Polygon","arcs":[[-22,34,-33]],"id":"AO.ZA","properties":{"hc-group":"admin1","hc-middle-x":0.42,"hc-middle-y":0.44,"hc-key":"ao-za","hc-a2":"ZA","labelrank":"4","hasc":"AO.ZA","alt-name":null,"woe-id":"2344670","subregion":null,"fips":"AO16","postal-code":"ZA","name":"Zaire","country":"Angola","type-en":"Province","region":null,"longitude":"13.6096","woe-name":"Zaire","latitude":"-6.78301","woe-label":"Zaire, AO, Angola","type":"Província"}},{"type":"Polygon","arcs":[[-12,35,36,37,38,-28,-14]],"id":"AO.BI","properties":{"hc-group":"admin1","hc-middle-x":0.46,"hc-middle-y":0.51,"hc-key":"ao-bi","hc-a2":"BI","labelrank":"4","hasc":"AO.BI","alt-name":null,"woe-id":"2344657","subregion":null,"fips":"AO02","postal-code":"BI","name":"Bié","country":"Angola","type-en":"Province","region":null,"longitude":"17.4921","woe-name":"Bié","latitude":"-12.7997","woe-label":"Bie, AO, Angola","type":"Província"}},{"type":"Polygon","arcs":[[-3,39,-30,40,41]],"id":"AO.BG","properties":{"hc-group":"admin1","hc-middle-x":0.6,"hc-middle-y":0.58,"hc-key":"ao-bg","hc-a2":"BG","labelrank":"7","hasc":"AO.BG","alt-name":"Benguella","woe-id":"2344656","subregion":null,"fips":"AO01","postal-code":"BG","name":"Benguela","country":"Angola","type-en":"Province","region":null,"longitude":"13.8119","woe-name":"Benguela","latitude":"-12.7993","woe-label":"Benguela, AO, Angola","type":"Província"}},{"type":"Polygon","arcs":[[-37,42,43,44,45]],"id":"AO.CC","properties":{"hc-group":"admin1","hc-middle-x":0.46,"hc-middle-y":0.58,"hc-key":"ao-cc","hc-a2":"CC","labelrank":"4","hasc":"AO.CC","alt-name":null,"woe-id":"2344659","subregion":null,"fips":"AO04","postal-code":"CC","name":"Cuando Cubango","country":"Angola","type-en":"Province","region":null,"longitude":"19.9218","woe-name":"Cuando Cubango","latitude":"-16.311","woe-label":"Cuando Cubango, AO, Angola","type":"Província"}},{"type":"Polygon","arcs":[[-45,46,-5,47]],"id":"AO.CU","properties":{"hc-group":"admin1","hc-middle-x":0.52,"hc-middle-y":0.61,"hc-key":"ao-cu","hc-a2":"CU","labelrank":"4","hasc":"AO.CU","alt-name":null,"woe-id":"2344662","subregion":null,"fips":"AO07","postal-code":"CU","name":"Cunene","country":"Angola","type-en":"Province","region":null,"longitude":"15.281","woe-name":"Cunene","latitude":"-16.6271","woe-label":"Cunene, AO, Angola","type":"Província"}},{"type":"Polygon","arcs":[[-41,-29,-39,48]],"id":"AO.HM","properties":{"hc-group":"admin1","hc-middle-y":0.55,"hc-key":"ao-hm","hc-a2":"HM","labelrank":"7","hasc":"AO.HM","alt-name":null,"woe-id":"2344663","subregion":null,"fips":"AO08","postal-code":"HM","name":"Huambo","country":"Angola","type-en":"Province","region":null,"longitude":"15.6947","woe-name":"Huambo","latitude":"-12.5587","woe-label":"Huambo, AO, Angola","type":"Província"}},{"type":"Polygon","arcs":[[-38,-46,-48,-4,-42,-49]],"id":"AO.HL","properties":{"hc-group":"admin1","hc-middle-x":0.52,"hc-middle-y":0.47,"hc-key":"ao-hl","hc-a2":"HL","labelrank":"4","hasc":"AO.HL","alt-name":null,"woe-id":"2344664","subregion":null,"fips":"AO09","postal-code":"HL","name":"Huíla","country":"Angola","type-en":"Province","region":null,"longitude":"14.9844","woe-name":"Huíla","latitude":"-14.7348","woe-label":"Huila, AO, Angola","type":"Província"}},{"type":"Polygon","arcs":[[-36,-11,49,-43]],"id":"AO.MX","properties":{"hc-group":"admin1","hc-middle-x":0.41,"hc-middle-y":0.4,"hc-key":"ao-mx","hc-a2":"MX","labelrank":"4","hasc":"AO.MX","alt-name":null,"woe-id":"2344668","subregion":null,"fips":"AO14","postal-code":"MX","name":"Moxico","country":"Angola","type-en":"Province","region":null,"longitude":"21.0033","woe-name":"Moxico","latitude":"-13.281","woe-label":null,"type":"Província"}}],"hc-recommended-transform":{"default":{"crs":"+proj=utm +zone=33 +south +datum=WGS84 +units=m +no_defs","scale":0.000461256282812,"jsonres":15.5,"jsonmarginX":-999,"jsonmarginY":9851,"xoffset":144488.71802,"yoffset":9514258.86927}}}},"arcs":[[[55,982],[-18,5],[-37,94],[41,37],[14,-136]],[[1353,779],[-64,-12],[-81,25],[-123,-20],[-102,-38],[-56,-55],[-212,-96],[-111,24],[-142,-16],[-64,57],[-108,-1],[-70,-23],[-96,-62],[-57,26],[22,264],[-9,74],[42,-10],[2,222],[-36,278],[23,59],[-57,87],[12,75],[75,3],[53,87],[67,42],[38,114],[13,168],[72,48],[-26,39],[76,206],[52,61],[22,178],[27,55],[7,119],[-21,61],[32,39],[-21,31],[59,110],[4,37],[78,27],[8,175],[16,36]],[[697,3273],[65,24],[246,-54],[147,63],[150,-30],[1,-75],[75,-115],[149,-19]],[[1530,3067],[48,-81],[-33,-91],[16,-89],[50,-54],[12,-118],[-40,-66],[-34,-109],[-38,-39],[-198,-115],[-44,-153],[32,-47],[-50,-51],[79,-65],[79,-4],[19,-76],[86,-76],[4,-148],[32,-64],[-64,-128],[-11,-72],[24,-68],[-37,-46]],[[1462,1307],[-53,-53],[-152,-79],[-21,-29],[38,-49],[-82,-93],[6,-38],[122,-116],[33,-71]],[[437,8993],[-52,107],[69,101],[-86,216],[-82,102],[75,-18],[13,47],[-99,-9],[98,77],[45,106],[39,-26],[78,28],[44,118],[178,29],[125,128],[74,-9],[39,-56],[131,-135],[-187,-43],[-125,-148],[-51,-8],[-22,-47],[-115,-41],[5,-32],[64,-47],[-18,-413],[-132,2],[-108,-29]],[[4734,7299],[74,-18],[69,22],[61,-10],[90,25],[65,-41],[94,-3],[4,55],[60,25],[142,-12],[125,14],[6,47],[180,0],[28,-51],[469,0],[-17,99],[35,100],[-17,115],[56,-4],[71,73],[-29,120],[8,119],[45,74],[-17,37],[623,0],[30,63],[227,0],[-71,-166],[-3,-105],[1021,1],[45,-62],[10,-159],[-67,-162],[-11,-152],[75,-95],[51,-139]],[[8266,7109],[-96,-66],[-113,-26],[-83,-61],[-103,-23],[-134,10],[-185,-36],[-154,-100],[-67,-83],[-49,-93],[-215,-84],[-48,-86],[-146,-60],[-158,-125],[-27,-165],[-76,-108],[-54,-31],[-113,-24],[-73,-45],[-76,-11],[-103,-63],[-59,-16],[-125,-79],[-179,-38],[-82,-63],[-130,-42],[-130,2]],[[5488,5593],[-80,2],[-139,100],[-19,36],[68,122],[-20,32],[-421,144],[-55,6],[-44,71],[-66,22],[-77,69],[-9,54],[-53,129],[173,87],[27,73],[-12,130],[18,76],[-5,169],[-48,112],[40,71],[-20,45],[-12,156]],[[8266,7109],[22,-122],[-45,-207],[-21,-47],[-16,-180],[2,-135],[-39,-86],[49,-164],[105,-97],[58,-93],[84,-40],[34,-146],[89,-175],[-31,-98],[28,-80]],[[8585,5439],[-55,-11],[-83,26],[-72,-16],[-205,-13],[-43,-93],[3,-42],[-58,-54],[-15,-97],[33,-82],[-82,-35],[-54,10],[-236,-79],[-72,-74],[-90,-31],[1,-39],[-104,1],[-128,19],[-197,75],[-77,47],[-31,-10],[-156,60],[-58,-50],[-110,11],[-31,-28],[-70,35],[-103,-39],[-73,36],[-181,-113],[-96,5],[-75,-38]],[[6067,4820],[39,119],[-29,47],[-89,24],[-94,75],[-170,97]],[[5724,5182],[-100,116],[-20,101],[48,40],[-78,50],[-86,104]],[[5724,5182],[-12,-75],[33,-75],[-11,-48],[49,-84],[-200,-48],[-148,-94],[-121,9],[-173,-21],[-32,27],[-72,0],[-32,90],[-35,26],[12,-101],[-22,-41],[-134,-112],[-51,-13],[-70,31],[-15,89],[27,135],[-93,138],[39,64],[-56,78],[-2,39],[-77,63],[-152,17],[-165,61],[-82,-13],[-141,110],[-1,33]],[[3987,5467],[-94,102],[-42,23],[4,43],[-89,70],[-1,59],[34,22],[-56,175],[-61,42],[-56,73],[-159,22],[-54,-16],[-73,13],[-41,-48],[-191,-5],[-127,-21],[-130,16],[-75,53]],[[2776,6090],[37,55],[-29,90],[44,49],[-44,76],[90,13],[44,77],[69,9],[95,44],[120,7],[21,198],[47,117],[-85,88],[50,100],[111,45],[-13,141]],[[3333,7199],[96,-2],[105,41],[35,31],[32,106],[-5,69],[-55,159],[42,51],[88,16],[102,98],[179,80],[48,-5],[125,-161],[88,-36],[63,50],[10,57],[94,56]],[[4380,7809],[66,-41],[-25,-28],[56,-83],[55,-29],[2,-54],[117,-159],[83,-73],[0,-43]],[[1469,5705],[-47,87],[-92,113],[7,66],[-103,130],[20,69],[-44,109],[-21,99]],[[1189,6378],[33,16],[49,77],[49,31],[137,-7],[23,147],[54,75],[54,24],[-17,104],[-198,82]],[[1373,6927],[-23,84],[33,17],[-11,88],[-74,106],[-71,150],[-78,134]],[[1149,7506],[247,71],[84,-29],[253,84]],[[1733,7632],[249,-16],[131,-130],[105,-54],[70,-9],[114,21],[58,-37],[-6,-120],[-57,-105],[18,-121]],[[2415,7061],[-231,8],[-91,-58],[57,-96],[32,-87],[-32,-64],[-44,-27],[-129,-36],[-28,-45],[46,-35],[-55,-71],[62,-36],[40,-88],[-42,-65],[-52,-126],[63,-75],[63,2],[37,-40],[101,-6],[103,-69],[22,10]],[[2337,6057],[9,-112],[-30,-78],[23,-152],[35,-31],[-5,-65],[-44,-54],[-55,23],[-71,62],[-145,34],[-154,-90],[-70,21],[-193,8],[-40,54],[-101,55],[-27,-27]],[[2415,7061],[124,2],[84,89],[63,-25],[92,8],[59,56],[29,94],[-32,25],[8,65],[72,24],[102,2],[11,-69],[96,-19],[69,29],[73,3],[66,-79],[2,-67]],[[2776,6090],[-130,37],[-14,-34],[-63,4],[-91,-33],[-141,-7]],[[3987,5467],[-50,-79],[-181,-112],[-95,-117],[-162,8],[-44,26],[-63,-155],[-70,-86],[-31,-123]],[[3291,4829],[-22,-17],[-144,-28],[-112,-39],[-43,-76],[41,-75],[-25,-129],[10,-19],[-215,-60],[-77,-115]],[[2704,4271],[-133,84],[-149,7],[-124,162],[-83,11],[-144,-114],[-108,91],[-21,65],[-229,28]],[[1713,4605],[-12,117],[13,182],[20,34],[23,133],[-14,147],[-73,95],[12,101],[-119,123],[-52,38],[-42,130]],[[1189,6378],[-119,174],[74,98],[29,4],[61,96],[77,50],[70,0],[21,65],[-29,62]],[[1733,7632],[24,49],[88,50],[-73,100],[47,112],[-57,63],[-45,96],[117,13],[82,58],[152,50],[47,73],[108,24],[88,57],[144,19],[61,30],[145,201],[-54,50],[-41,119],[-72,112]],[[2494,8908],[1255,18],[78,-31],[83,8],[66,-28],[6,-101],[99,-93],[-5,-113],[-23,-41],[44,-90],[-13,-35],[30,-101],[52,-88],[76,-45],[2,-58],[35,-34],[-35,-34],[14,-105],[40,-69],[82,-59]],[[1149,7506],[-124,261],[-23,74],[-50,51],[-17,264],[-39,-7],[-129,132],[-130,197],[-51,104],[-61,76],[-37,77],[180,15],[119,48],[79,-14],[150,49],[46,59],[93,8],[68,25],[127,-25],[31,25],[210,-7],[244,18],[63,-23],[95,7],[83,-19],[270,-12],[148,19]],[[6067,4820],[-72,-57],[-28,-91],[-79,-35],[-5,-50],[-83,-92],[4,-101],[-111,-104],[-11,-61],[-155,-85],[-70,-60],[-16,-59],[-74,-83],[-17,-56],[-117,-97],[13,-75],[-90,-89],[-15,-47],[29,-90],[-104,-88],[4,-131]],[[5070,3269],[-23,-55],[-102,-49],[7,-101],[-22,-34],[-106,-68],[-148,-29],[-89,-83],[-30,-121],[-47,5],[-174,100],[-73,122],[-99,-18],[-99,33],[-188,-23]],[[3877,2948],[2,120],[45,217],[-6,142]],[[3918,3427],[10,149],[-15,65],[-13,229],[-109,55],[-50,72],[53,69],[7,77],[-34,75],[115,93],[80,132],[-3,46],[-77,67],[-10,46],[-124,106],[-18,77],[-191,40],[-122,-29],[-126,33]],[[697,3273],[-17,91],[17,32],[82,41],[17,64],[85,46],[148,155],[-4,121],[193,157],[149,7],[77,62],[37,100],[46,19],[63,71],[102,240],[21,126]],[[2704,4271],[-3,-92],[43,-136],[-132,-58],[-80,-66],[4,-73],[30,-88],[48,-78],[3,-128],[39,-73],[121,-86]],[[2777,3393],[-18,-53],[-89,-36],[-53,5],[-110,-79],[-110,-24],[-132,32],[-98,-177],[-43,-14],[-264,36],[-93,-14],[-152,25],[-85,-27]],[[5070,3269],[212,-100],[94,-8],[180,-64],[139,-104],[42,-69],[20,-131],[75,-119],[211,-5],[17,81],[34,19],[156,-31],[90,5],[69,-70],[57,-106],[196,-172],[130,-104],[148,-58],[119,-8],[214,26],[98,-32],[99,0],[193,-188],[36,8],[43,-82],[92,-44],[35,-101],[46,-25],[116,-184],[70,-7],[117,-168],[105,-60]],[[8323,1368],[58,-147],[39,-10],[-19,-57],[22,-64],[105,-89],[77,-6],[66,-59],[68,-102],[170,-118],[36,-73],[97,-69],[100,-33],[60,-82],[82,-53],[26,-47],[67,4],[74,-47],[0,-30],[-727,-125],[-868,-145],[-153,58],[-99,-6],[-150,-35],[-81,-33],[-56,28],[-139,6],[-103,66],[-81,29],[-245,-29],[-66,24],[-128,0],[-18,-21],[-79,35],[-204,-12],[-200,43],[-122,-16],[-106,17],[-103,38],[-170,155],[-85,108],[-942,0]],[[4526,471],[3,123],[-38,160],[0,170],[60,157],[51,54],[36,86],[-27,323],[-71,88],[-104,164],[-66,43],[-25,53],[-114,57],[-60,92],[-74,61]],[[4097,2102],[-71,142],[0,68],[-44,74],[20,35],[-48,14],[-55,61],[2,144],[-34,119],[28,89],[-18,100]],[[4526,471],[-2478,1],[-99,-27],[-115,12],[-47,51],[-153,74],[-140,84],[-21,73],[-120,40]],[[1462,1307],[109,-87],[98,32],[127,123],[95,-32],[84,63],[110,30],[100,52],[121,106],[149,-5],[200,-50],[64,-81],[105,3],[63,78],[67,120],[104,145],[64,63],[139,62],[101,10],[183,-13],[139,17],[114,121],[113,44],[186,-6]],[[3918,3427],[-53,-7],[-175,18],[-86,-71],[-50,-4],[-63,35],[-65,-29],[-136,-132],[-108,-77],[-84,-25],[-12,81],[-94,32],[-12,88],[-40,67],[-163,-10]],[[8585,5439],[1,-115],[-117,-61],[63,-166],[-4,-125],[187,93],[54,62],[154,-43],[81,32],[150,-37],[148,23],[142,71],[98,8],[118,-30],[155,-17],[77,60],[15,47],[46,-73],[-11,-97],[20,-12],[-4,-105],[41,-90],[-41,-47],[-41,-115],[23,-159],[-17,-35],[-6,-231],[46,-60],[11,-78],[-82,-129],[-51,-168],[109,-155],[-1631,0],[2,-1767],[2,-552]]],"bbox":[11.669392048713382,-18.03138743128991,24.061540818209135,-4.391204662194687],"transform":{"scale":[0.0012393388108306585,0.0013641546923787605],"translate":[11.669392048713382,-18.03138743128991]},"title":"Angola","version":"2.0.1","copyright":"Copyright (c) 2022 Highsoft AS, Based on data from Natural Earth","copyrightShort":"Natural Earth","copyrightUrl":"http://www.naturalearthdata.com"}