{"type":"Topology","objects":{"default":{"type":"GeometryCollection","geometries":[{"type":"Polygon","arcs":[[0,1,2,3,4]],"id":"CG.NI","properties":{"hc-group":"admin1","hc-middle-x":0.47,"hc-middle-y":0.36,"hc-key":"cg-ni","hc-a2":"NI","labelrank":"6","hasc":"CG.NI","alt-name":null,"woe-id":"2344972","subregion":null,"fips":"CF07","postal-code":"NI","name":"Niari","country":"Republic of the Congo","type-en":"Region","region":null,"longitude":"12.3646","woe-name":"Niari","latitude":"-2.97914","woe-label":"Niari, CG, Congo","type":"Région"}},{"type":"Polygon","arcs":[[5,6,7,8,9]],"id":"CG.PL","properties":{"hc-group":"admin1","hc-middle-x":0.45,"hc-middle-y":0.53,"hc-key":"cg-pl","hc-a2":"PL","labelrank":"6","hasc":"CG.PL","alt-name":null,"woe-id":"2344973","subregion":null,"fips":"CF08","postal-code":"PL","name":"Plateaux","country":"Republic of the Congo","type-en":"Region","region":null,"longitude":"15.3777","woe-name":"Plateaux","latitude":"-2.04221","woe-label":null,"type":"Région"}},{"type":"Polygon","arcs":[[10,11]],"id":"CG.BR","properties":{"hc-group":"admin1","hc-middle-x":0.51,"hc-middle-y":0.36,"hc-key":"cg-br","hc-a2":"BR","labelrank":"6","hasc":"CG.BR","alt-name":null,"woe-id":"2344976","subregion":null,"fips":"CF12","postal-code":"BR","name":"Brazzaville","country":"Republic of the Congo","type-en":"Region","region":null,"longitude":"15.3319","woe-name":"Brazzaville","latitude":"-4.06879","woe-label":"Brazzaville, CG, Congo","type":"Région"}},{"type":"Polygon","arcs":[[12,13]],"id":"CG.7280","properties":{"hc-group":"admin1","hc-key":"cg-7280","hc-a2":"PN","labelrank":"6","hasc":"CG.KO","alt-name":null,"woe-id":"2344969","subregion":null,"fips":"CF04","postal-code":null,"name":"Pointe Noire","country":"Republic of the Congo","type-en":"Region","region":null,"longitude":"11.859","woe-name":"Kouilou","latitude":"-4.80537","woe-label":"Kouilou, CG, Congo","type":"Région"}},{"type":"Polygon","arcs":[[14,-5,15,16]],"id":"CG.BO","properties":{"hc-group":"admin1","hc-middle-x":0.71,"hc-middle-y":0.4,"hc-key":"cg-bo","hc-a2":"BO","labelrank":"6","hasc":"CG.BO","alt-name":null,"woe-id":"2344967","subregion":null,"fips":"CF01","postal-code":"BO","name":"Bouenza","country":"Republic of the Congo","type-en":"Region","region":null,"longitude":"13.491","woe-name":"Bouenza","latitude":"-4.36333","woe-label":"Bouenza, CG, Congo","type":"Région"}},{"type":"Polygon","arcs":[[17,18,19]],"id":"CG.LI","properties":{"hc-group":"admin1","hc-middle-x":0.43,"hc-middle-y":0.47,"hc-key":"cg-li","hc-a2":"LI","labelrank":"6","hasc":"CG.LI","alt-name":null,"woe-id":"2344971","subregion":null,"fips":"CF06","postal-code":"LI","name":"Likouala","country":"Republic of the Congo","type-en":"Region","region":null,"longitude":"17.5344","woe-name":"Likouala","latitude":"1.45488","woe-label":"Likuoala, CG, Congo","type":"Région"}},{"type":"Polygon","arcs":[[-20,20,21,22]],"id":"CG.SA","properties":{"hc-group":"admin1","hc-middle-x":0.67,"hc-middle-y":0.55,"hc-key":"cg-sa","hc-a2":"SA","labelrank":"6","hasc":"CG.SA","alt-name":null,"woe-id":"2344974","subregion":null,"fips":"CF10","postal-code":"SA","name":"Sangha","country":"Republic of the Congo","type-en":"Region","region":null,"longitude":"15.7466","woe-name":"Sangha","latitude":"1.12682","woe-label":"Sangha, CG, Congo","type":"Région"}},{"type":"Polygon","arcs":[[-19,23,-10,24,25,-21]],"id":"CG.CU","properties":{"hc-group":"admin1","hc-middle-x":0.52,"hc-middle-y":0.36,"hc-key":"cg-cu","hc-a2":"CU","labelrank":"6","hasc":"CG.CU","alt-name":null,"woe-id":"2344968","subregion":null,"fips":"CF13","postal-code":"CU","name":"Cuvette","country":"Republic of the Congo","type-en":"Region","region":null,"longitude":"15.9548","woe-name":"Cuvette","latitude":"-0.393114","woe-label":null,"type":"Région"}},{"type":"Polygon","arcs":[[26,-12,27,-17,28,-7]],"id":"CG.PO","properties":{"hc-group":"admin1","hc-middle-x":0.36,"hc-middle-y":0.47,"hc-key":"cg-po","hc-a2":"PO","labelrank":"6","hasc":"CG.PO","alt-name":null,"woe-id":"2344975","subregion":null,"fips":"CF11","postal-code":"PO","name":"Pool","country":"Republic of the Congo","type-en":"Region","region":null,"longitude":"15.0436","woe-name":"Pool","latitude":"-3.71115","woe-label":"Pool, CG, Congo","type":"Région"}},{"type":"Polygon","arcs":[[-26,29,-22]],"id":"CG.CO","properties":{"hc-group":"admin1","hc-middle-x":0.51,"hc-key":"cg-co","hc-a2":"CO","labelrank":"6","hasc":"CG.CO","alt-name":null,"woe-id":"55998384","subregion":null,"fips":"CF10","postal-code":"CO","name":"Cuvette-Ouest","country":"Republic of the Congo","type-en":"Region","region":null,"longitude":"14.558","woe-name":"Cuvette-Ouest","latitude":"0.034861","woe-label":null,"type":"Région"}},{"type":"Polygon","arcs":[[30,-14,31,-2]],"id":"CG.KO","properties":{"hc-group":"admin1","hc-middle-x":0.48,"hc-middle-y":0.45,"hc-key":"cg-ko","hc-a2":"KO","labelrank":"6","hasc":"CG.KO","alt-name":null,"woe-id":"2344969","subregion":null,"fips":"CF04","postal-code":"KO","name":"Kouilou","country":"Republic of the Congo","type-en":"Region","region":null,"longitude":"11.9549","woe-name":"Kouilou","latitude":"-4.3684","woe-label":"Kouilou, CG, Congo","type":"Région"}},{"type":"Polygon","arcs":[[-29,-16,-4,32,-8]],"id":"CG.LE","properties":{"hc-group":"admin1","hc-middle-x":0.49,"hc-middle-y":0.59,"hc-key":"cg-le","hc-a2":"LE","labelrank":"6","hasc":"CG.LE","alt-name":null,"woe-id":"2344970","subregion":null,"fips":"CF05","postal-code":"LE","name":"Lékoumou","country":"Republic of the Congo","type-en":"Region","region":null,"longitude":"13.4727","woe-name":"Lékoumou","latitude":"-3.2378","woe-label":"Lékoumou, CG, Congo","type":"Région"}}],"hc-recommended-transform":{"default":{"crs":"+proj=utm +zone=33 +south +datum=WGS84 +units=m +no_defs","scale":0.000724748027603,"jsonres":15.5,"jsonmarginX":-999,"jsonmarginY":9851,"xoffset":68270.6504019,"yoffset":10410260.9018}}}},"arcs":[[[3276,271],[-88,31],[-23,-41],[-138,-107],[-46,103],[-112,45],[-134,91],[-81,114],[-53,-28],[2,-39],[-62,27],[-87,89],[-79,62],[-23,55],[-40,33],[-95,4]],[[2217,710],[-68,61],[-59,20],[-85,-4],[-43,15],[-47,54],[-2,100],[-25,45],[-111,110],[-71,24],[-19,39],[-228,54],[-13,37],[-85,34],[-102,22],[-178,112],[-89,32],[-27,36]],[[965,1501],[52,25],[35,51],[-10,24],[-85,34],[-9,51],[94,182],[75,62],[-14,36],[-162,56],[-82,52],[-97,44],[1,90],[23,49],[96,26],[-19,51],[-101,92],[-68,79],[-64,-3],[-76,-36],[8,79],[97,136],[19,54],[-8,52],[-45,72],[-2,108],[-33,92],[63,22],[85,-26],[69,-59],[45,-12],[67,47],[176,51],[82,-70],[82,-28],[527,97],[-15,26],[38,109],[-7,64],[39,70],[-52,20],[-39,83],[-12,124],[102,-23],[32,62],[79,42],[66,2],[56,-21],[93,-58],[79,-29],[57,-135],[64,-83],[-14,-44],[30,-54],[51,15],[87,-121],[-60,-91],[37,8]],[[2497,3047],[76,-30],[-12,-52],[-6,-197],[16,-162],[34,-72],[-102,-70],[35,-57],[58,-11],[82,-69],[-33,-106],[4,-67],[-62,-69],[-63,-38],[-120,-21],[-2,-39],[-78,-19],[-40,12],[-63,-13],[-82,3],[-61,-29],[-33,-84],[-65,-20],[5,-48],[64,-42],[1,-38]],[[2050,1709],[-34,-25],[-19,-63],[30,-89],[-13,-29],[19,-59],[-53,-58],[81,-58],[78,-105],[71,-70],[114,-91],[71,-101],[95,-159],[101,-66],[72,0],[161,-30],[48,-33],[137,-176],[10,-41],[233,-121],[24,-64]],[[7361,3929],[-45,-86],[-6,-73],[-127,-152],[-10,-30],[-59,-28],[-116,-103],[-201,-146],[-59,-86],[-13,-94],[64,-400],[-28,-169],[-37,-113],[10,-67]],[[6734,2382],[-116,13],[-84,-19],[-87,33],[-27,40],[-165,65],[-131,-24],[-75,-55],[-110,-37],[-149,-92],[-94,-28],[-72,13],[-140,0],[-106,41],[-59,100],[-112,12],[-56,-18],[-70,9],[-11,113],[-50,89],[-124,-60],[-14,-59],[-70,-39],[-103,-77],[-14,-26],[-102,-71],[-69,-84],[-118,53],[-79,-1],[-114,24],[-33,38]],[[4180,2335],[61,82],[45,28],[-50,153],[-23,-15],[16,79],[-65,13],[-68,-10],[-76,21],[-2,23],[63,42],[-83,46],[39,21],[-70,94]],[[3967,2912],[42,49],[5,42],[62,41],[63,12],[-5,34],[-100,73],[-4,39],[81,43],[-7,29],[46,47],[18,95],[-25,22],[26,59],[154,52]],[[4323,3549],[25,-107],[52,-12],[72,9],[55,52],[87,48],[72,105],[124,136],[36,66],[82,56],[66,25],[73,-1],[73,28],[50,41],[92,101],[69,186],[27,49],[88,99],[184,101],[99,99],[101,16],[82,30],[171,-24],[51,-112],[115,-31],[92,-41],[60,-66],[108,-18],[84,-32],[165,-91],[70,-19],[56,-78],[42,-102],[130,-78],[64,-4],[72,21],[67,-19],[8,-56],[74,3]],[[6434,1380],[-37,-49],[-24,-68],[-39,-32],[-109,-39],[-119,-15],[-191,-53],[-61,-44],[-41,-112],[-42,-45],[-96,-35],[-243,-108],[-21,-39],[-119,-145],[-29,-24]],[[5263,572],[-76,102],[-84,77],[94,114],[57,124],[43,59],[21,86],[-32,132],[0,60],[37,59],[74,37],[50,45],[27,69],[26,223],[27,42],[79,-33],[133,-36],[158,-150],[67,19],[58,101],[85,41],[121,-41],[109,-152],[27,-91],[70,-79]],[[1026,189],[-88,80],[44,13],[-16,37]],[[966,319],[76,-1],[-1,-129],[-15,0]],[[3708,607],[-66,12],[-31,44],[-56,19],[-106,-46],[15,-110],[-30,-94],[18,-49],[-43,-45],[-62,-1],[-71,-66]],[[2050,1709],[88,4],[-8,-29],[104,-14],[25,-77],[28,-7],[45,-95],[27,-15],[13,-115],[104,-50],[69,-60],[122,9],[53,-12],[111,21],[28,-16],[107,-2],[9,-58],[36,-70],[82,-15],[93,36],[11,79],[52,52],[53,97],[-42,62],[60,2],[48,36],[90,2],[2,32],[61,38],[31,74],[45,20],[51,59]],[[3648,1697],[47,-23],[112,-23],[79,12],[75,77],[72,49],[123,-48],[53,-65],[33,-86],[-91,-51],[-38,1],[38,-73],[72,-90],[16,-53],[51,-17],[44,-83],[-73,-64],[-98,23],[-29,-37],[-110,-87],[24,-45],[-14,-42],[-96,-32],[-71,-58],[-67,-23],[-29,-50],[-7,-77],[-56,-125]],[[7057,8874],[76,154],[-48,60],[-3,51],[60,126],[-34,102],[61,81],[41,125],[12,95],[22,52],[95,73],[120,16],[109,-24],[54,13],[1,31],[119,-7],[35,-24],[122,38],[203,26],[60,43],[100,-9],[55,52],[110,51],[31,-4],[91,-65],[102,-25],[149,4],[92,-25],[44,-78],[110,27],[76,-28],[133,28],[69,-33],[35,-62],[56,8],[39,38],[22,62],[143,8],[98,22],[56,35],[55,-45],[92,-131],[59,-1],[20,-175],[-15,-167],[-23,-58],[-113,-72],[-81,-191],[-56,-87],[-43,-124],[-101,-148],[-94,-76],[-96,-209],[-83,-81],[-51,-121],[10,-87],[2,-162],[-21,-95],[7,-353],[-78,-149],[-61,-192],[-4,-71],[-129,-201],[16,-79],[-1,-91],[40,-146],[-20,-120],[33,-115],[45,-70],[-16,-130],[-114,-137],[-104,-246],[-24,-41],[-54,-214],[-1,-58],[33,-114],[11,-203],[-113,-102],[-15,-34],[-142,-131]],[[8543,4884],[-19,7],[-334,5],[-52,20],[-44,46],[9,78],[-19,62],[33,85],[-57,54],[-41,-22],[-6,57],[43,54],[-59,32],[48,48],[-25,20],[1,89],[46,34],[-25,89],[-23,190],[53,33],[-24,74],[39,53],[-127,171],[-77,39]],[[7883,6202],[-442,496],[-30,69],[-1,114],[27,40],[80,43],[30,162],[-29,100],[-38,41],[-38,86],[2,56],[-26,31],[43,78],[-33,137],[66,154],[-26,106],[-1,90],[-19,97],[13,55],[34,17],[-26,90],[7,130],[-11,93],[-82,116],[-70,26],[-80,-5],[-10,51],[-82,68],[-2,61],[-28,48],[-54,22]],[[7883,6202],[-940,-403],[-20,33],[-47,-2],[-96,57],[-61,-17],[-59,22],[-2,53],[-30,31],[1,70],[-67,76],[-99,25],[-39,61],[-100,51],[-120,14],[-33,-12],[-61,24],[-171,-49],[-22,-44],[-55,-37],[-175,42],[-37,-13],[-108,13],[-2,25]],[[5540,6222],[-107,45],[-66,56],[-84,32],[-8,64],[22,52],[-22,66],[12,144],[-33,87],[64,56],[42,11],[-13,61],[-87,50],[-165,20],[-125,60],[-52,52],[-58,27],[-103,6],[-145,38],[-76,51],[-25,128],[-21,17],[-171,-17],[-75,4],[-119,-29]],[[4125,7303],[-47,30],[-79,14],[-100,-19],[-87,46],[-251,20],[-49,-66],[-154,-22],[-84,-39],[-48,-46],[-84,-7],[-87,21],[-75,-7],[-142,-78],[-87,1],[-46,39],[50,41],[60,19],[9,136],[-67,111],[-33,16],[-47,62],[23,23],[4,165],[41,40],[15,61],[-40,63],[65,65],[-6,43],[99,59],[18,133],[1292,-11],[71,22],[84,-10],[66,-35],[139,37],[32,51],[34,-8],[65,-73],[47,-5],[65,-39],[0,32],[54,-32],[4,-39],[82,7],[40,51],[67,-65],[-19,-60],[94,4],[23,26],[63,-43],[84,-13],[80,65],[109,-12],[71,-49],[30,-60],[52,-14],[120,53],[58,8],[171,-39],[126,-12],[77,-27],[51,-55],[105,-50],[11,-27],[180,-47],[-5,-33],[64,-79],[59,74],[59,18],[-32,127],[-45,100],[-48,53],[37,147],[-13,35],[28,63],[73,-13],[65,47],[-15,16],[306,561]],[[8543,4884],[-178,-185],[-152,-119],[-162,-30],[-89,-31],[-106,-22],[-159,-134],[-92,-59],[-152,-249],[-92,-126]],[[4323,3549],[48,33],[-11,50],[22,155],[47,31],[-60,19],[-51,67],[64,31],[23,35],[43,6],[-33,54],[24,71],[42,35],[-74,68],[-4,34],[42,48],[7,62],[-35,44]],[[4417,4392],[172,26],[94,23],[64,39],[55,-11],[250,9],[99,19],[73,54],[131,128],[53,89],[-25,38],[-209,156],[132,130],[55,117],[-61,204],[-20,39],[-143,23],[-41,17],[-64,147],[-19,107],[13,42],[191,5],[201,43],[66,62],[-21,78],[-85,54],[-39,65],[137,62],[64,65]],[[6734,2382],[8,-163],[-6,-62],[19,-40],[-9,-77],[46,-59],[-26,-82],[-66,-98],[-57,-110],[-82,-87],[-127,-224]],[[5263,572],[-72,-31],[-121,-114],[-132,-192],[-172,-86],[-90,-17],[-152,73],[-66,-13],[-93,-39],[16,124],[-18,46],[11,71],[-55,55],[-21,69],[33,43],[50,17],[76,98],[-54,33],[-57,71],[12,57],[-35,13],[-118,-40],[-77,-54],[-100,-34],[-117,-12],[-49,-18],[-89,-87],[-65,2]],[[3648,1697],[47,65],[33,75],[66,47],[208,221],[47,147],[34,34],[97,49]],[[4417,4392],[-7,58],[-56,129],[28,116],[58,75],[-7,121],[63,137],[-43,89],[-144,105],[-87,28],[-63,-16],[-70,12],[-44,-17],[-12,91],[-38,84],[-84,50],[-101,-3],[-81,27],[-58,-26],[-62,63],[15,61],[104,114],[-10,42],[16,58],[-41,11],[-5,82],[-26,92],[98,177],[127,73],[30,48],[-23,48],[40,48],[66,8],[142,-5],[128,91],[13,83],[38,48],[106,92],[-12,67],[40,44],[-89,65],[-73,134],[-63,26],[-32,52],[-2,117],[-28,84],[-43,28]],[[2217,710],[-60,-5],[-26,-55],[-64,-45],[-47,-64],[-35,-20],[-148,-24],[-91,-25],[-55,3],[-18,-90],[-54,-94],[-129,-44],[-64,41],[-40,-117],[-35,-49],[-162,-122],[-150,157],[-13,32]],[[966,319],[-79,70],[56,74],[-24,44],[-150,130],[-259,194],[-128,83],[-49,68],[-9,58],[-116,80],[-208,121],[20,33],[89,205],[22,36],[162,101],[105,25],[55,68],[36,22],[67,-9],[50,-32],[104,-148],[52,-29],[73,8],[130,-20]],[[2497,3047],[75,20],[112,-40],[69,15],[232,-74],[143,-7],[17,31],[88,67],[60,26],[32,54],[101,85],[22,60],[44,64],[37,-25],[70,-146],[49,-54],[5,-32],[56,-44],[-78,-72],[-3,-50],[52,-25],[97,20],[48,-35],[60,17],[67,-14],[15,24]]],"bbox":[11.114017360824112,-5.019629393299596,18.642085724739257,3.7082762978190376],"transform":{"scale":[0.0007528821246039749,0.000872877856897553],"translate":[11.114017360824112,-5.019629393299596]},"title":"Republic of the Congo","version":"2.0.1","copyright":"Copyright (c) 2022 Highsoft AS, Based on data from Natural Earth","copyrightShort":"Natural Earth","copyrightUrl":"http://www.naturalearthdata.com"}