{"title":"Dominica","version":"2.0.1","type":"FeatureCollection","copyright":"Copyright (c) 2022 Highsoft AS, Based on data from Natural Earth","copyrightShort":"Natural Earth","copyrightUrl":"http://www.naturalearthdata.com","crs":{"type":"name","properties":{"name":"urn:ogc:def:crs:EPSG:2002"}},"hc-transform":{"default":{"crs":"+proj=tmerc +lat_0=0 +lon_0=-62 +k=0.9995000000000001 +x_0=400000 +y_0=0 +ellps=clrk80 +towgs84=725,685,536,0,0,0,0 +units=m +no_defs","scale":0.0146583063654,"jsonres":15.5,"jsonmarginX":-999,"jsonmarginY":9851.0,"xoffset":453832.094962,"yoffset":1727774.57299}},
"features":[{"type":"Feature","id":"DM.LU","properties":{"hc-group":"admin1","hc-middle-x":0.50,"hc-middle-y":0.49,"hc-key":"dm-lu","hc-a2":"LU","labelrank":"10","hasc":"DM.LU","alt-name":null,"woe-id":"2345166","subregion":null,"fips":"DO07","postal-code":"LU","name":"Saint Luke","country":"Dominica","type-en":"Parish","region":null,"longitude":"-61.3644","woe-name":"Saint Luke","latitude":"15.2483","woe-label":"Saint Luke, DM, Dominica","type":"Parish"},"geometry":{"type":"Polygon","coordinates":[[[1849,-143],[1854,-110],[1843,471],[1843,471],[2247,308],[2271,57],[1853,-143],[1850,-143],[1849,-143]]]}},{"type":"Feature","id":"DM.MA","properties":{"hc-group":"admin1","hc-middle-x":0.44,"hc-middle-y":0.62,"hc-key":"dm-ma","hc-a2":"MA","labelrank":"10","hasc":"DM.MA","alt-name":null,"woe-id":"2345167","subregion":null,"fips":"DO08","postal-code":"MA","name":"Saint Mark","country":"Dominica","type-en":"Parish","region":null,"longitude":"-61.3612","woe-name":"Saint Mark","latitude":"15.2217","woe-label":"Saint Mark, DM, Dominica","type":"Parish"},"geometry":{"type":"Polygon","coordinates":[[[2500,-749],[2500,-749],[2394,-914],[2098,-999],[1824,-924],[1774,-723],[1849,-143],[1850,-143],[1853,-143],[2271,57],[2500,-749]]]}},{"type":"Feature","id":"DM.PK","properties":{"hc-group":"admin1","hc-middle-x":0.59,"hc-middle-y":0.43,"hc-key":"dm-pk","hc-a2":"PK","labelrank":"10","hasc":"DM.PK","alt-name":null,"woe-id":"2345168","subregion":null,"fips":"DO09","postal-code":"PK","name":"Saint Patrick","country":"Dominica","type-en":"Parish","region":null,"longitude":"-61.3052","woe-name":"Saint Patrick","latitude":"15.2768","woe-label":"Saint Patrick, DM, Dominica","type":"Parish"},"geometry":{"type":"Polygon","coordinates":[[[2271,57],[2247,308],[2586,825],[2828,1021],[3053,1139],[3151,1208],[3221,1276],[3518,1775],[3522,1813],[3511,1827],[3423,1891],[3618,2066],[3711,2114],[4742,2298],[4742,2298],[4751,2097],[4683,1108],[4185,224],[4009,88],[3890,57],[3795,64],[3547,30],[3339,78],[3185,49],[3054,-72],[2930,-399],[2590,-549],[2511,-733],[2500,-749],[2271,57]]]}},{"type":"Feature","id":"DM.DA","properties":{"hc-group":"admin1","hc-middle-x":0.50,"hc-middle-y":0.58,"hc-key":"dm-da","hc-a2":"DA","labelrank":"10","hasc":"DM.DA","alt-name":null,"woe-id":"2345162","subregion":null,"fips":"DO03","postal-code":"DA","name":"Saint David","country":"Dominica","type-en":"Parish","region":null,"longitude":"-61.2919","woe-name":"Saint David","latitude":"15.3956","woe-label":"Saint David, DM, Dominica","type":"Parish"},"geometry":{"type":"Polygon","coordinates":[[[3711,2114],[3618,2066],[3423,1891],[3460,2037],[3461,2065],[3456,2113],[3445,2154],[3425,2205],[3420,2224],[3419,2241],[3429,2283],[3348,2357],[2949,2615],[2948,3677],[2773,4108],[3190,5112],[3650,5551],[3761,5630],[3770,5624],[3781,5620],[3789,5617],[3796,5618],[3814,5622],[3823,5622],[3840,5618],[3848,5618],[3865,5628],[3886,5646],[3927,5692],[3989,5745],[3998,5749],[4006,5751],[4046,5751],[4057,5753],[4070,5757],[4084,5765],[4109,5786],[4197,5877],[4212,5888],[4222,5892],[4228,5941],[4208,6451],[4199,6487],[4238,6580],[4372,6751],[4408,6698],[4642,5814],[4686,4893],[4519,4188],[4631,4148],[4732,4065],[4853,4017],[4704,3099],[4742,2298],[4742,2298],[3711,2114]]]}},{"type":"Feature","id":"DM.PL","properties":{"hc-group":"admin1","hc-middle-x":0.59,"hc-middle-y":0.45,"hc-key":"dm-pl","hc-a2":"PL","labelrank":"10","hasc":"DM.PL","alt-name":null,"woe-id":"2345169","subregion":null,"fips":"DO10","postal-code":"PL","name":"Saint Paul","country":"Dominica","type-en":"Parish","region":null,"longitude":"-61.3717","woe-name":"Saint Paul","latitude":"15.3529","woe-label":"Saint Paul, DM, Dominica","type":"Parish"},"geometry":{"type":"Polygon","coordinates":[[[1341,1807],[1305,2297],[1193,2751],[845,3489],[797,3667],[789,3730],[789,3730],[1060,3818],[1361,3826],[1777,3728],[1883,3713],[1959,3723],[2773,4108],[2948,3677],[2949,2615],[1944,2094],[1937,2076],[1933,2067],[1929,2056],[1875,1879],[1853,1840],[1817,1808],[1798,1803],[1781,1799],[1771,1800],[1760,1803],[1749,1804],[1737,1803],[1690,1791],[1676,1789],[1632,1792],[1625,1791],[1341,1807],[1341,1807]]]}},{"type":"Feature","id":"DM.PR","properties":{"hc-group":"admin1","hc-middle-x":0.41,"hc-middle-y":0.50,"hc-key":"dm-pr","hc-a2":"PR","labelrank":"10","hasc":"DM.PR","alt-name":null,"woe-id":"2345170","subregion":null,"fips":"DO11","postal-code":"PR","name":"Saint Peter","country":"Dominica","type-en":"Parish","region":null,"longitude":"-61.4448","woe-name":"Saint Peter","latitude":"15.4986","woe-label":"Saint Peter, DM, Dominica","type":"Parish"},"geometry":{"type":"Polygon","coordinates":[[[-175,5642],[-290,5806],[-425,5888],[-584,6019],[-638,6323],[-662,6933],[-764,7126],[-877,7230],[-877,7230],[-797,7326],[-787,7334],[-768,7345],[-714,7332],[-699,7332],[-676,7336],[-656,7334],[-529,7301],[-518,7302],[-414,7282],[-395,7281],[-380,7283],[-371,7287],[983,6567],[1034,6352],[591,6291],[425,6211],[391,6166],[367,6125],[219,5974],[-174,5642],[-175,5642]]]}},{"type":"Feature","id":"DM.AN","properties":{"hc-group":"admin1","hc-middle-x":0.53,"hc-middle-y":0.52,"hc-key":"dm-an","hc-a2":"AN","labelrank":"10","hasc":"DM.AN","alt-name":null,"woe-id":"2345161","subregion":null,"fips":"DO02","postal-code":"AN","name":"Saint Andrew","country":"Dominica","type-en":"Parish","region":null,"longitude":"-61.3589","woe-name":"Saint Andrew","latitude":"15.5378","woe-label":"Saint Andrew, DM, Dominica","type":"Parish"},"geometry":{"type":"Polygon","coordinates":[[[-36,9833],[-36,9833],[255,9822],[531,9719],[829,9496],[1224,8920],[1540,8713],[1902,8905],[2204,8965],[3414,8490],[3459,8319],[3614,7936],[3858,7529],[3994,7289],[4372,6751],[4238,6580],[4199,6487],[4208,6451],[4228,5941],[4222,5892],[4212,5888],[4197,5877],[4109,5786],[4084,5765],[4070,5757],[4057,5753],[4046,5751],[4006,5751],[3998,5749],[3989,5745],[3927,5692],[3886,5646],[3865,5628],[3848,5618],[3840,5618],[3823,5622],[3814,5622],[3796,5618],[3789,5617],[3781,5620],[3770,5624],[3761,5630],[3650,5551],[3190,5112],[3054,5450],[2682,5748],[2539,5827],[2444,5866],[2370,5874],[2293,5890],[2204,5920],[1950,6031],[1920,6038],[1893,6032],[1793,5981],[1695,5950],[1552,5935],[1434,5986],[1347,6042],[1034,6352],[983,6567],[923,7060],[891,7184],[731,7315],[709,7463],[722,8191],[698,8463],[687,8467],[668,8494],[661,8499],[653,8502],[646,8504],[637,8503],[629,8501],[618,8499],[595,8500],[582,8502],[539,8521],[529,8527],[520,8537],[508,8559],[502,8570],[414,8605],[249,8768],[183,8879],[-36,9833]]]}},{"type":"Feature","id":"DM.GO","properties":{"hc-group":"admin1","hc-middle-x":0.55,"hc-middle-y":0.42,"hc-key":"dm-go","hc-a2":"GO","labelrank":"10","hasc":"DM.GO","alt-name":null,"woe-id":"2345163","subregion":null,"fips":"DO04","postal-code":"GO","name":"Saint George","country":"Dominica","type-en":"Parish","region":null,"longitude":"-61.3489","woe-name":"Saint George","latitude":"15.3","woe-label":"Saint George, DM, Dominica","type":"Parish"},"geometry":{"type":"Polygon","coordinates":[[[1843,471],[1840,624],[1851,731],[1716,1016],[1407,1373],[1350,1675],[1341,1807],[1341,1807],[1625,1791],[1632,1792],[1676,1789],[1690,1791],[1737,1803],[1749,1804],[1760,1803],[1771,1800],[1781,1799],[1798,1803],[1817,1808],[1853,1840],[1875,1879],[1929,2056],[1933,2067],[1937,2076],[1944,2094],[2949,2615],[3348,2357],[3429,2283],[3419,2241],[3420,2224],[3425,2205],[3445,2154],[3456,2113],[3461,2065],[3460,2037],[3423,1891],[3511,1827],[3522,1813],[3518,1775],[3221,1276],[3151,1208],[3053,1139],[2828,1021],[2586,825],[2247,308],[1843,471],[1843,471]]]}},{"type":"Feature","id":"DM.JN","properties":{"hc-group":"admin1","hc-middle-x":0.54,"hc-middle-y":0.58,"hc-key":"dm-jn","hc-a2":"JN","labelrank":"10","hasc":"DM.JN","alt-name":null,"woe-id":"2345164","subregion":null,"fips":"DO05","postal-code":"JN","name":"Saint John","country":"Dominica","type-en":"Parish","region":null,"longitude":"-61.4483","woe-name":"Saint John","latitude":"15.5767","woe-label":null,"type":"Parish"},"geometry":{"type":"Polygon","coordinates":[[[983,6567],[-371,7287],[-380,7283],[-395,7281],[-414,7282],[-518,7302],[-529,7301],[-656,7334],[-676,7336],[-699,7332],[-714,7332],[-768,7345],[-787,7334],[-797,7326],[-877,7230],[-877,7230],[-898,7249],[-997,7384],[-997,7619],[-878,7783],[-472,8070],[-347,8322],[-516,8354],[-812,8461],[-999,8478],[-799,8774],[-518,9851],[-36,9833],[183,8879],[249,8768],[414,8605],[502,8570],[508,8559],[520,8537],[529,8527],[539,8521],[582,8502],[595,8500],[618,8499],[629,8501],[637,8503],[646,8504],[653,8502],[661,8499],[668,8494],[687,8467],[698,8463],[722,8191],[709,7463],[731,7315],[891,7184],[923,7060],[983,6567]]]}},{"type":"Feature","id":"DM.JH","properties":{"hc-group":"admin1","hc-middle-x":0.53,"hc-middle-y":0.54,"hc-key":"dm-jh","hc-a2":"JH","labelrank":"10","hasc":"DM.JH","alt-name":null,"woe-id":"2345165","subregion":null,"fips":"DO06","postal-code":"JH","name":"Saint Joseph","country":"Dominica","type-en":"Parish","region":null,"longitude":"-61.3863","woe-name":"Saint Joseph","latitude":"15.4355","woe-label":"Saint Joseph, DM, Dominica","type":"Parish"},"geometry":{"type":"Polygon","coordinates":[[[3190,5112],[2773,4108],[1959,3723],[1883,3713],[1777,3728],[1361,3826],[1060,3818],[789,3730],[789,3730],[737,4127],[660,4348],[99,4902],[9,5110],[-39,5349],[-148,5604],[-175,5642],[-174,5642],[219,5974],[367,6125],[391,6166],[425,6211],[591,6291],[1034,6352],[1347,6042],[1434,5986],[1552,5935],[1695,5950],[1793,5981],[1893,6032],[1920,6038],[1950,6031],[2204,5920],[2293,5890],[2370,5874],[2444,5866],[2539,5827],[2682,5748],[3054,5450],[3190,5112]]]}}]}