{"type":"Topology","objects":{"default":{"type":"GeometryCollection","geometries":[{"type":"MultiPolygon","arcs":[[[0]],[[1,2,3]]],"id":"CD.BC","properties":{"hc-group":"admin1","hc-middle-x":0.51,"hc-middle-y":0.59,"hc-key":"cd-bc","hc-a2":"BC","labelrank":"6","hasc":"CD.BC","alt-name":"Bas-Zaire|Bas-Zaïre|Kongo-Central|Lower Zaire","woe-id":"2344984","subregion":null,"fips":"CG08","postal-code":"BC","name":"Bas-Congo","country":"Democratic Republic of the Congo","type-en":"Province","region":null,"longitude":"14.2052","woe-name":"Bas-Congo","latitude":"-5.31907","woe-label":"Bas-Congo, CD, Democratic Republic of Congo","type":"Province"}},{"type":"MultiPolygon","arcs":[[[4]],[[5,6,7,8]]],"id":"CD.KV","properties":{"hc-group":"admin1","hc-middle-x":0.55,"hc-middle-y":0.43,"hc-key":"cd-kv","hc-a2":"KV","labelrank":"6","hasc":"CD.KV","alt-name":"Sud-Kivou|Sud Kivou|Sud Kivu","woe-id":"20069829","subregion":null,"fips":"CG12","postal-code":"KV","name":"Sud-Kivu","country":"Democratic Republic of the Congo","type-en":"Province","region":null,"longitude":"28.1159","woe-name":"Sud-Kivu","latitude":"-3.10474","woe-label":"South Kivu, CD, Democratic Republic of Congo","type":"Province"}},{"type":"Polygon","arcs":[[9,10,11,12,13]],"id":"CD.EQ","properties":{"hc-group":"admin1","hc-middle-x":0.47,"hc-middle-y":0.51,"hc-key":"cd-eq","hc-a2":"EQ","labelrank":"6","hasc":"CD.EQ","alt-name":"Equator|Equatorial","woe-id":"2344978","subregion":null,"fips":"CG02","postal-code":"EQ","name":"Équateur","country":"Democratic Republic of the Congo","type-en":"Province","region":null,"longitude":"20.4731","woe-name":"Équateur","latitude":"1.21836","woe-label":"Equateur, CD, Democratic Republic of Congo","type":"Province"}},{"type":"Polygon","arcs":[[-11,14,15,16,17]],"id":"CD.HC","properties":{"hc-group":"admin1","hc-middle-x":0.42,"hc-middle-y":0.48,"hc-key":"cd-hc","hc-a2":"HC","labelrank":"6","hasc":"CD.HC","alt-name":"Haut-Zaire|Haut-ZaïreUpper Zaire","woe-id":"2344985","subregion":null,"fips":"CG09","postal-code":"HC","name":"Orientale","country":"Democratic Republic of the Congo","type-en":"Province","region":null,"longitude":"26.785","woe-name":"Orientale","latitude":"2.40438","woe-label":"Orientale, CD, Democratic Republic of Congo","type":"Province"}},{"type":"Polygon","arcs":[[18,-14,19,20,-4,21]],"id":"CD.BN","properties":{"hc-group":"admin1","hc-middle-x":0.45,"hc-middle-y":0.43,"hc-key":"cd-bn","hc-a2":"BN","labelrank":"6","hasc":"CD.BN","alt-name":null,"woe-id":"2344977","subregion":null,"fips":"CG01","postal-code":"BN","name":"Bandundu","country":"Democratic Republic of the Congo","type-en":"Province","region":null,"longitude":"18.4474","woe-name":"Bandundu","latitude":"-4.61778","woe-label":"Bandundu, CD, Democratic Republic of Congo","type":"Province"}},{"type":"Polygon","arcs":[[22,-22,-3]],"id":"CD.KN","properties":{"hc-group":"admin1","hc-middle-x":0.56,"hc-middle-y":0.47,"hc-key":"cd-kn","hc-a2":"KN","labelrank":"6","hasc":"CD.KN","alt-name":"Kinshasa|Léopoldville","woe-id":"2344982","subregion":null,"fips":"CG06","postal-code":"KN","name":"Kinshasa City","country":"Democratic Republic of the Congo","type-en":"Neutral City","region":null,"longitude":"15.8492","woe-name":"Kinshasa City","latitude":"-4.49522","woe-label":"Kinshasa, CD, Democratic Republic of Congo","type":"Neutral City"}},{"type":"Polygon","arcs":[[-18,23,24,25,-12]],"id":"CD.KR","properties":{"hc-group":"admin1","hc-middle-x":0.44,"hc-middle-y":0.41,"hc-key":"cd-kr","hc-a2":"KR","labelrank":"6","hasc":"CD.KR","alt-name":"East Kasai|Kasai East","woe-id":"2344980","subregion":null,"fips":"CG04","postal-code":"KR","name":"Kasaï-Oriental","country":"Democratic Republic of the Congo","type-en":"Province","region":null,"longitude":"24.0842","woe-name":"Kasaï-Oriental","latitude":"-4.40511","woe-label":"Kasai-Oriental, CD, Democratic Republic of Congo","type":"Province"}},{"type":"Polygon","arcs":[[-25,26,-7,27,28]],"id":"CD.KT","properties":{"hc-group":"admin1","hc-middle-x":0.55,"hc-middle-y":0.38,"hc-key":"cd-kt","hc-a2":"KT","labelrank":"6","hasc":"CD.KT","alt-name":"Shaba","woe-id":"2344981","subregion":null,"fips":"CG05","postal-code":"KT","name":"Katanga","country":"Democratic Republic of the Congo","type-en":"Province","region":null,"longitude":"26.2512","woe-name":"Katanga","latitude":"-8.483739999999999","woe-label":"Katanga, CD, Democratic Republic of Congo","type":"Province"}},{"type":"Polygon","arcs":[[-29,29,-20,-13,-26]],"id":"CD.KC","properties":{"hc-group":"admin1","hc-middle-x":0.53,"hc-middle-y":0.58,"hc-key":"cd-kc","hc-a2":"KC","labelrank":"6","hasc":"CD.KC","alt-name":"Kasai West|West Kasai|West Kassai","woe-id":"2344979","subregion":null,"fips":"CG03","postal-code":"KC","name":"Kasaï-Occidental","country":"Democratic Republic of the Congo","type-en":"Province","region":null,"longitude":"21.7144","woe-name":"Kasaï-Occidental","latitude":"-4.87578","woe-label":"Kasai-Occidental, CD, Democratic Republic of Congo","type":"Province"}},{"type":"Polygon","arcs":[[-27,-24,-17,30,-8]],"id":"CD.1694","properties":{"hc-group":"admin1","hc-middle-x":0.34,"hc-middle-y":0.64,"hc-key":"cd-1694","hc-a2":"MA","labelrank":"6","hasc":"CD.","alt-name":null,"woe-id":"20069831","subregion":null,"fips":null,"postal-code":null,"name":"Maniema","country":"Democratic Republic of the Congo","type-en":"Province","region":null,"longitude":"26.0336","woe-name":"Maniema","latitude":"-3.26017","woe-label":"Maniema, CD, Democratic Republic of Congo","type":"Province"}},{"type":"Polygon","arcs":[[-31,-16,31,-9]],"id":"CD.1697","properties":{"hc-group":"admin1","hc-middle-x":0.55,"hc-middle-y":0.58,"hc-key":"cd-1697","hc-a2":"NK","labelrank":"6","hasc":"CD.","alt-name":null,"woe-id":"20069830","subregion":null,"fips":"CG11","postal-code":null,"name":"Nord-Kivu","country":"Democratic Republic of the Congo","type-en":"Province","region":null,"longitude":"28.5939","woe-name":"Nord-Kivu","latitude":"-0.6591280000000001","woe-label":"North Kivu, CD, Democratic Republic of Congo","type":"Province"}}],"hc-recommended-transform":{"default":{"crs":"+proj=utm +zone=34 +south +datum=WGS84 +units=m +no_defs","scale":0.000329409453045,"jsonres":15.5,"jsonmarginX":-999,"jsonmarginY":9851,"xoffset":-476920.710516,"yoffset":10596013.2984}}}},"arcs":[[[412,4021],[-99,-45],[-33,7],[44,37],[88,1]],[[2041,4028],[-733,-14],[-67,-12],[-291,18],[-40,16],[-159,-13],[-137,5],[-21,-19],[-89,22],[-70,-3],[-60,22],[-53,-8],[-55,-54],[2,-25],[-143,-39],[-125,153],[70,21],[86,-1],[12,300],[-45,57],[75,29],[48,41],[81,107],[121,31],[25,46],[32,-52],[97,-63],[18,-49],[64,69],[30,-16],[74,54],[-1,117],[42,21],[87,-36],[34,41],[65,14],[117,59],[53,-80],[-63,-73],[30,-59],[-3,-111],[63,24],[60,-34],[103,48],[52,89],[116,118]],[[1543,4789],[65,-94],[55,-28],[34,64],[119,-10],[5,-46],[38,-33],[-19,-81],[-50,-25],[58,-59],[77,6],[9,45],[72,-37],[129,-8]],[[2135,4483],[-31,-232],[1,-139],[-64,-84]],[[8854,6118],[4,-157],[-42,-21],[0,59],[38,119]],[[8838,6223],[-22,-13],[-46,-122],[21,-38],[-58,-48],[29,-89],[-37,-33],[26,-149],[57,-27],[-2,-59],[125,-124],[4,-116],[-56,-85],[9,-135],[-29,-49],[15,-31],[-20,-112],[7,-102],[-27,-39],[47,-22],[50,160],[14,-38],[-31,-211],[-28,1],[-26,-137],[8,-122]],[[8868,4483],[-152,0]],[[8716,4483],[-43,50],[-45,117],[-86,162],[-103,93],[-72,37],[-32,-33],[-139,69],[-51,42],[-125,8],[-154,51],[-53,57],[13,150],[-19,84],[21,27],[-11,85],[-34,97],[-64,69],[-47,155],[-2,118],[21,90],[79,-19],[79,-43],[109,65],[29,55],[171,9]],[[8158,6078],[51,20],[54,-45],[65,-5],[124,41],[27,89],[44,-53],[73,3],[39,65],[62,11],[41,50],[40,-34],[60,3]],[[2263,6154],[49,68],[10,57],[107,191],[99,90],[141,38],[60,56],[177,209],[-18,174],[22,100],[51,133],[45,64],[7,60],[-32,85],[8,56],[-22,147],[51,93],[26,122],[31,70],[0,322],[91,192],[78,103],[70,187],[45,34],[15,103],[-25,205],[27,145],[-13,100],[-44,73],[21,35],[76,2],[56,98],[96,109],[38,76],[171,118],[162,3],[56,-21],[34,-51],[60,-14],[176,-108],[65,-90],[-6,-39],[79,-63],[141,23],[112,-35],[66,-51],[46,21],[126,-46],[97,27],[76,-28],[74,-1],[154,-59],[78,9]],[[5373,9346],[159,-87],[12,-43],[68,-26],[127,26],[106,-47],[85,2],[-69,-102],[-111,26],[-63,-62],[-64,-7],[-131,-49],[-12,-71],[63,-21],[2,-101],[34,-48],[102,92],[18,-50],[-46,-118],[-10,-92],[51,-80],[46,-15],[74,16],[175,-109],[7,-76],[-150,34],[-145,-82],[-44,43],[-82,-77],[-41,-12],[-96,53],[-58,-228],[-90,-83],[74,-19],[102,-76],[94,-180],[26,-175],[32,-41],[41,-120],[76,-117],[134,-183],[-48,-63],[-86,16],[-82,-63],[109,-14],[53,-36],[73,26],[100,-103],[-132,-80],[18,-43],[85,-71],[85,-49],[25,-45],[108,-79],[82,-34],[86,-6],[35,-69],[26,-136]],[[6406,6192],[-177,21],[-135,-12],[-72,-131],[-77,5],[-179,-31],[-55,66],[-85,-9],[-65,54],[-97,25],[-77,-81],[-155,26],[24,-143],[33,-118],[-20,-34],[-36,30],[-9,66],[-31,-7],[-110,-102]],[[5083,5817],[-36,-17],[-184,98],[-13,-63],[-104,-29],[-131,12]],[[4615,5818],[-10,63],[-155,185],[-130,-33],[-91,32],[-45,41],[-131,4],[-57,106],[-62,39],[-62,-69],[-40,10],[-22,97],[-94,172],[-109,146],[-20,100],[-37,34],[-16,-40],[-72,-45],[-8,-52],[43,-68],[-30,-48],[-156,-23],[-84,54],[-89,17],[-137,-129],[-215,-81],[-177,-106],[-56,-44],[-135,8],[37,-45],[-1,-64],[-128,0],[-63,75]],[[5373,9346],[83,115],[-12,46],[54,23],[50,124],[36,-8],[23,60],[46,1],[16,-40],[80,-6],[51,-55],[64,-26],[94,73],[131,52],[69,-3],[74,56],[38,-7],[125,68],[-2,46],[48,-12],[96,-76],[63,-19],[88,38],[66,-21],[24,35],[93,7],[1,82],[29,66],[114,34],[128,-96],[106,-3],[53,38],[86,-58],[52,-1],[37,-48],[157,16],[55,-27],[50,60],[81,27],[171,-70],[-3,-30],[61,-60],[47,-5],[65,-83],[3,-74],[127,-25],[19,-69],[27,12],[40,-50],[66,2],[53,-40],[76,50],[108,98],[32,-41],[89,10],[98,-79],[69,21],[73,104],[3,39],[89,-8],[94,-45],[-11,-80],[56,-33],[26,-57],[100,-71],[43,-82],[168,-44],[19,-91],[-10,-43],[107,32],[78,-83],[8,-67],[-56,-78],[-31,-111],[58,-77],[-61,-153],[-17,-75],[46,-13],[40,-57],[60,33],[37,-55],[64,6],[48,-69],[-17,-29],[-122,-94],[-48,-18],[-153,-162],[-69,-56],[-51,-127],[28,-23],[-109,-42],[-9,-63],[-39,-60],[-86,-29]],[[9324,7593],[-65,58],[-152,-71],[-86,15],[-10,-68],[48,-30],[-40,-26],[-133,34],[-70,-37],[-104,10],[-122,-24],[-130,81],[-143,-21],[-163,-86],[153,-60],[10,-81],[40,-56],[-27,-79],[10,-132],[-72,-46],[-80,-104],[-45,-30]],[[8143,6840],[-142,47],[-43,-12],[-129,48],[-75,80],[-75,32],[-5,-25],[-194,-65],[-80,90],[-83,59],[-21,-54],[148,-131],[-72,-105],[13,-128],[-60,-40],[-24,-159],[-64,-126],[-76,51],[1,-114],[-28,-133],[-118,4],[-47,-26],[-85,-94],[-132,-11],[-6,58],[-44,27],[-78,-12],[-202,10]],[[6422,6111],[-9,64],[-7,17]],[[1930,5047],[86,170],[33,40],[59,136],[-19,27],[-8,189],[25,131],[-25,186],[28,84],[154,144]],[[4615,5818],[-29,-104],[-58,-76],[-92,-240],[-13,-121],[19,-312],[-41,-61],[-117,-45],[-18,-51],[-40,0],[-69,58],[-50,-3],[42,-113],[-28,-50],[-5,-92],[71,-207],[-23,-110],[18,-153],[-38,-100],[-75,-79],[-42,-8],[-99,-82],[17,-209],[99,-144],[23,-97]],[[4067,3419],[-232,0],[-23,-167],[19,-87],[-46,-53],[-36,3],[12,-83],[-24,-73],[12,-71],[-306,-1],[-18,37],[-117,1],[-4,-35],[-174,-1],[-41,-59],[-61,3],[-42,30],[-59,-18],[-129,-1],[-4,36],[-53,54],[-114,174],[-71,130],[-45,24],[-35,126],[22,24],[-23,67],[-50,32],[-34,65],[-11,98],[-28,66],[17,111],[-64,68],[-4,73],[-147,37],[-113,-1]],[[2135,4483],[-10,110],[84,139],[36,14],[30,83],[-13,53],[-70,80],[-99,56],[-111,4],[-52,25]],[[1543,4789],[28,45],[133,68],[57,93],[169,52]],[[6422,6111],[22,-90],[99,-162],[31,-30],[188,11],[-12,-74],[15,-108],[-37,-88],[0,-53],[-68,-157],[-66,-57],[9,-121],[-19,-75],[100,-106],[23,-41],[8,-93],[-18,-60],[20,-29],[-84,-108],[78,-105],[29,-75],[25,-5],[611,-2]],[[7376,4483],[-33,-86],[-63,-115],[29,-67],[-39,-73],[52,-81],[3,-118],[-19,-130],[-94,-21],[-11,35],[-90,17],[-60,-54],[-82,-27],[-84,14],[-40,-38],[54,-66],[72,-6],[-28,-88],[-82,-30],[-76,47],[-89,4],[-39,-68],[-233,-150],[-110,42],[-23,59],[-34,1],[-1,-87],[-31,-12],[-56,-75],[11,-72],[-31,-96],[-5,-110],[13,-54],[-55,-4],[-36,-34],[-144,-11],[-116,11],[-28,-19],[-35,75]],[[5743,2996],[29,222],[-6,157],[22,73],[-83,65],[-76,84],[-4,51],[81,190],[-57,80],[-13,108],[24,47],[147,16],[57,19],[19,-30],[53,43],[112,44],[-7,108],[-136,64],[-25,31],[-88,-19],[-152,148],[22,88],[91,39],[-30,107],[-136,23],[-96,105],[-134,83],[-62,76],[-89,-17],[-50,52],[73,11],[11,26],[-39,89],[-73,34],[-4,65],[38,57],[75,202],[-18,67],[-86,113],[-13,61],[-37,39]],[[7376,4483],[1340,0]],[[8868,4483],[-9,-36],[43,-118],[102,-170],[-32,-116],[-70,-47],[7,-75],[70,-80],[62,-165],[23,3],[6,-101],[66,-66],[72,-103],[111,-48],[73,-64],[37,-73],[9,-124],[35,-118],[130,-114],[36,-54],[-7,-43],[-868,-134],[-197,-215],[-38,-59],[-66,-50],[-14,-149],[8,-88],[66,2],[14,73],[38,-47],[64,-175],[-28,-78],[-2,-102],[-26,-40],[31,-41],[3,-119],[34,-66],[-72,-89],[-45,-141],[-19,-145],[-44,-52],[50,-177],[29,-49],[133,-87],[96,-91],[46,-90],[118,6],[127,-47],[-28,63],[16,49],[170,44],[-1,-672],[-90,-3],[22,73],[-49,36],[-213,-111],[-24,26],[-68,-6],[-47,124],[-124,166],[-44,-21],[-58,82],[21,36],[-91,116],[-132,38],[-68,5],[-66,58],[-102,-18],[-62,61],[-52,136],[-98,61],[-28,127],[-90,-22],[-22,-138],[-49,-50],[-93,-28],[-148,56],[-61,-15],[-69,20],[-91,-2],[-75,60],[-66,-4],[-54,39],[-56,-26],[-86,69],[-37,133],[23,60],[-24,44],[-81,-31],[-95,-5],[-121,-31],[-77,-63],[-63,-10],[-84,44],[56,55],[-5,83],[-47,38],[-89,4],[-5,66],[-87,19],[-60,-77],[-178,34],[-64,-6],[-92,-52],[-96,-15],[-97,26],[-53,-24],[-100,32],[-36,-46],[-121,-67],[3,91],[-42,120],[76,44],[2,213],[-58,127],[-22,105],[-55,30],[-38,68],[-67,69],[-32,120],[25,62],[10,228],[39,231],[-44,143],[-49,69],[7,110],[28,86]],[[5044,3077],[132,-69],[89,-16],[126,10],[57,34],[47,-73],[101,-22],[147,55]],[[5044,3077],[19,94],[-40,99],[-663,-3],[2,77],[46,121],[-147,-1],[-20,-45],[-174,0]],[[8143,6840],[47,-61],[-38,-108],[-106,-27],[-26,17],[-120,-48],[-5,-42],[38,-60],[-65,-9],[18,-43],[109,-127],[44,-67],[92,-84],[27,-103]],[[9324,7593],[-29,-34],[7,-152],[-57,-87],[-17,-87],[-46,-38],[-19,-114],[-75,-22],[-37,-32],[-37,-110],[-44,-40],[0,-50],[32,-4],[0,-48],[114,58],[21,47],[-8,-197],[-29,-30],[12,-250],[-76,-63],[-40,-1],[-72,-91],[-72,36],[-14,-61]]],"bbox":[12.210541940287778,-13.433316535866382,31.26934708825509,5.374921569340684],"transform":{"scale":[0.0019060711219089223,0.001881011911711878],"translate":[12.210541940287778,-13.433316535866382]},"title":"Democratic Republic of the Congo","version":"2.0.1","copyright":"Copyright (c) 2022 Highsoft AS, Based on data from Natural Earth","copyrightShort":"Natural Earth","copyrightUrl":"http://www.naturalearthdata.com"}