{"type":"Topology","objects":{"default":{"type":"GeometryCollection","geometries":[{"type":"Polygon","arcs":[[0]],"id":"EG.5847","properties":{"hc-group":"admin1","hc-middle-x":0.52,"hc-middle-y":0.24,"hc-key":"eg-5847","hc-a2":"NU","labelrank":"20","hasc":"-99","alt-name":null,"woe-id":"-99","subregion":null,"fips":null,"postal-code":null,"name":null,"country":"Egypt","type-en":null,"region":null,"longitude":"36.6461","woe-name":null,"latitude":"22.2634","woe-label":null,"type":null}},{"type":"MultiPolygon","arcs":[[[1]],[[2,3,4,5,6,7,8,9,10]]],"id":"EG.BA","properties":{"hc-group":"admin1","hc-middle-x":0.56,"hc-middle-y":0.72,"hc-key":"eg-ba","hc-a2":"BA","labelrank":"6","hasc":"EG.BA","alt-name":"Mar Rojo|Mar Vermelho|Mer Rouge|Red Sea","woe-id":"2345224","subregion":null,"fips":"EG02","postal-code":"BA","name":"Al Bahr al Ahmar","country":"Egypt","type-en":"Governorate","region":null,"longitude":"33.7267","woe-name":"Al Bahr al Ahmar","latitude":"25.2164","woe-label":"Al Bahr al Ahmar, EG, Egypt","type":"Muhafazah"}},{"type":"MultiPolygon","arcs":[[[11]],[[12,13,14]]],"id":"EG.JS","properties":{"hc-group":"admin1","hc-middle-x":0.54,"hc-middle-y":0.4,"hc-key":"eg-js","hc-a2":"JS","labelrank":"6","hasc":"EG.JS","alt-name":"Janub Sina|Sina al-Janubiyah|Sina' al-Jan?b?yah|Sinai al Jan?b?a|South Sinai|Sud Sina?","woe-id":"2345247","subregion":null,"fips":"EG26","postal-code":"JS","name":"Janub Sina'","country":"Egypt","type-en":"Governorate","region":null,"longitude":"33.7687","woe-name":"Janub Sina'","latitude":"28.925","woe-label":"Janub Sina', EG, Egypt","type":"Muhafazah"}},{"type":"Polygon","arcs":[[15]],"id":"EG.UQ","properties":{"hc-group":"admin1","hc-middle-x":0.52,"hc-middle-y":0.61,"hc-key":"eg-uq","hc-a2":"UQ","labelrank":"9","hasc":"EG.UQ","alt-name":"al-Aq?ur|Aqsur|Uqsur","woe-id":"56120896","subregion":null,"fips":"EG28","postal-code":"UQ","name":"Luxor","country":"Egypt","type-en":"Governorate","region":null,"longitude":"32.6501","woe-name":null,"latitude":"25.705","woe-label":null,"type":"Muhafazah"}},{"type":"Polygon","arcs":[[16,17,18,19,20,21,22]],"id":"EG.IS","properties":{"hc-group":"admin1","hc-middle-x":0.55,"hc-middle-y":0.52,"hc-key":"eg-is","hc-a2":"IS","labelrank":"7","hasc":"EG.IS","alt-name":"As Ismailiyah|Ismailia|Ismaïlia|Isma'iliya","woe-id":"2345229","subregion":null,"fips":"EG07","postal-code":"IS","name":"Al Isma`iliyah","country":"Egypt","type-en":"Governorate","region":null,"longitude":"32.2811","woe-name":"Al Isma`iliyah","latitude":"30.6765","woe-label":"Al Isma'iliyah, EG, Egypt","type":"Muhafazah"}},{"type":"Polygon","arcs":[[23,24,25,26,27]],"id":"EG.GH","properties":{"hc-group":"admin1","hc-middle-x":0.49,"hc-middle-y":0.48,"hc-key":"eg-gh","hc-a2":"GH","labelrank":"6","hasc":"EG.GH","alt-name":"al-Garb?yah|El Gharbiya|Garbia|Gharbieh|Gharb?ya|Gharbia","woe-id":"2345227","subregion":null,"fips":"EG05","postal-code":"GH","name":"Al Gharbiyah","country":"Egypt","type-en":"Governorate","region":null,"longitude":"31.0287","woe-name":"Al Gharbiyah","latitude":"30.8504","woe-label":"Al Gharbiyah, EG, Egypt","type":"Muhafazah"}},{"type":"Polygon","arcs":[[-24,28,29,30]],"id":"EG.MF","properties":{"hc-group":"admin1","hc-middle-x":0.46,"hc-middle-y":0.31,"hc-key":"eg-mf","hc-a2":"MF","labelrank":"6","hasc":"EG.MF","alt-name":"Menoufieh|Menufia|Men?f?ya|Min?f?ya|Munufia|Menoufia|Minufia","woe-id":"2345231","subregion":null,"fips":"EG09","postal-code":"MF","name":"Al Minufiyah","country":"Egypt","type-en":"Governorate","region":null,"longitude":"31.0029","woe-name":"Al Minufiyah","latitude":"30.5076","woe-label":"Al Minufiyah, EG, Egypt","type":"Muhafazah"}},{"type":"Polygon","arcs":[[-22,31,32,33,34]],"id":"EG.QH","properties":{"hc-group":"admin1","hc-middle-x":0.48,"hc-middle-y":0.54,"hc-key":"eg-qh","hc-a2":"QH","labelrank":"9","hasc":"EG.QH","alt-name":"Cairo|El Cairo|El Qahira|Le Caire","woe-id":"2345233","subregion":null,"fips":"EG11","postal-code":"QH","name":"Al Qahirah","country":"Egypt","type-en":"Governorate","region":null,"longitude":"31.5788","woe-name":"Al Qahirah","latitude":"29.9801","woe-label":"Al Qahirah, EG, Egypt","type":"Muhafazah"}},{"type":"Polygon","arcs":[[-34,35,-29,-28,36,37]],"id":"EG.QL","properties":{"hc-group":"admin1","hc-middle-x":0.36,"hc-middle-y":0.56,"hc-key":"eg-ql","hc-a2":"QL","labelrank":"6","hasc":"EG.QL","alt-name":"Caliubia|Kalioubieh|Kalioubiya|Qaliyubia|Qalyubiya|Kalyoubia|Kalyubia","woe-id":"2345234","subregion":null,"fips":"EG12","postal-code":"QL","name":"Al Qalyubiyah","country":"Egypt","type-en":"Governorate","region":null,"longitude":"31.325","woe-name":"Al Qalyubiyah","latitude":"30.2725","woe-label":"Al Qalyobiyah, EG, Egypt","type":"Muhafazah"}},{"type":"MultiPolygon","arcs":[[[-35,-38,38,39,-23]],[[-18,40,41]]],"id":"EG.SQ","properties":{"hc-group":"admin1","hc-middle-x":0.44,"hc-middle-y":0.48,"hc-key":"eg-sq","hc-a2":"SQ","labelrank":"6","hasc":"EG.SQ","alt-name":"Charkieh|Sharqia|Sharq?ya|Sharquia|Sharkia","woe-id":"2345236","subregion":null,"fips":"EG14","postal-code":"SQ","name":"Ash Sharqiyah","country":"Egypt","type-en":"Governorate","region":null,"longitude":"31.8817","woe-name":"Ash Sharqiyah","latitude":"30.8161","woe-label":"Ash Sharquiyah, EG, Egypt","type":"Muhafazah"}},{"type":"Polygon","arcs":[[-15,42,-20,43,44]],"id":"EG.SS","properties":{"hc-group":"admin1","hc-middle-x":0.54,"hc-middle-y":0.53,"hc-key":"eg-ss","hc-a2":"SS","labelrank":"6","hasc":"EG.SS","alt-name":"Shamal Sina|Nord Sinaï|North Sinai|Sina ash-Sham?l?yah|Sinai ash Sham?l?ya","woe-id":"2345248","subregion":null,"fips":"EG32","postal-code":"SS","name":"Shamal Sina'","country":"Egypt","type-en":"Governorate","region":null,"longitude":"33.6723","woe-name":"Shamal Sina'","latitude":"30.5071","woe-label":"Shamal Sina', EG, Egypt","type":"Muhafazah"}},{"type":"Polygon","arcs":[[45,-11,46,-32,-21,-43,-14]],"id":"EG.SW","properties":{"hc-group":"admin1","hc-middle-x":0.3,"hc-middle-y":0.34,"hc-key":"eg-sw","hc-a2":"SW","labelrank":"9","hasc":"EG.SW","alt-name":"El Suweiz|Es Suweis|Suez","woe-id":"2345237","subregion":null,"fips":"EG15","postal-code":"SW","name":"As Suways","country":"Egypt","type-en":"Governorate","region":null,"longitude":"32.1523","woe-name":"As Suways","latitude":"29.6098","woe-label":"As Suways, EG, Egypt","type":"Muhafazah"}},{"type":"MultiPolygon","arcs":[[[47,48]],[[49,-39,-37,-27,50,51,52]],[[53,54]]],"id":"EG.DQ","properties":{"hc-group":"admin1","hc-middle-x":0.27,"hc-key":"eg-dq","hc-a2":"DQ","labelrank":"6","hasc":"EG.DQ","alt-name":"Al Daqahliyah|Dacahlia|Dagahlia|Dakahlieh|Dakahliya|Dakalieh|Daqal?ya|Dakahlia|Dekahlia","woe-id":"2345223","subregion":null,"fips":"EG01","postal-code":"DQ","name":"Ad Daqahliyah","country":"Egypt","type-en":"Governorate","region":null,"longitude":"31.4929","woe-name":"Ad Daqahliyah","latitude":"31.0304","woe-label":"Ad Daqahliyah, EG, Egypt","type":"Muhafazah"}},{"type":"Polygon","arcs":[[-19,-42,55,-49,56,-44]],"id":"EG.BS","properties":{"hc-group":"admin1","hc-middle-x":0.45,"hc-middle-y":0.55,"hc-key":"eg-bs","hc-a2":"BS","labelrank":"9","hasc":"EG.BS","alt-name":"Bur Said|Canal|Port Said|Port-Saïd","woe-id":"2345241","subregion":null,"fips":"EG19","postal-code":"BS","name":"Bur Sa`id","country":"Egypt","type-en":"Governorate","region":null,"longitude":"32.4293","woe-name":"Bur Sa`id","latitude":"31.1245","woe-label":"Bur Sa'id, EG, Egypt","type":"Muhafazah"}},{"type":"MultiPolygon","arcs":[[[-53,57,58]],[[59,60,-54]],[[61,62]]],"id":"EG.DT","properties":{"hc-group":"admin1","hc-middle-x":0.35,"hc-middle-y":0.22,"hc-key":"eg-dt","hc-a2":"DT","labelrank":"9","hasc":"EG.DT","alt-name":"Damietta|Damiette|Dumi?t","woe-id":"2345242","subregion":null,"fips":"EG20","postal-code":"DT","name":"Dumyat","country":"Egypt","type-en":"Governorate","region":null,"longitude":"31.7285","woe-name":"Dumyat","latitude":"31.4067","woe-label":"Dumyat, EG, Egypt","type":"Muhafazah"}},{"type":"Polygon","arcs":[[-25,-31,63,64,65,66,67]],"id":"EG.BH","properties":{"hc-group":"admin1","hc-middle-x":0.54,"hc-middle-y":0.58,"hc-key":"eg-bh","hc-a2":"BH","labelrank":"6","hasc":"EG.BH","alt-name":"Beheira|Behera|El Buhayra|Béhéra","woe-id":"2345225","subregion":null,"fips":"EG03","postal-code":"BH","name":"Al Buhayrah","country":"Egypt","type-en":"Governorate","region":null,"longitude":"30.2522","woe-name":"Al Buhayrah","latitude":"30.5945","woe-label":"Al Buhayrah, EG, Egypt","type":"Muhafazah"}},{"type":"Polygon","arcs":[[-65,68,69,70,71]],"id":"EG.MT","properties":{"hc-group":"admin1","hc-middle-x":0.42,"hc-middle-y":0.53,"hc-key":"eg-mt","hc-a2":"MT","labelrank":"6","hasc":"EG.MT","alt-name":"Mars? Matr?h|Mersa Matruh|Western Desert|Matrouh","woe-id":"2345244","subregion":null,"fips":"EG22","postal-code":"MT","name":"Matruh","country":"Egypt","type-en":"Governorate","region":null,"longitude":"27.5083","woe-name":"Matruh","latitude":"29.6121","woe-label":"Matruh, EG, Egypt","type":"Muhafazah"}},{"type":"Polygon","arcs":[[-72,72,-66]],"id":"EG.IK","properties":{"hc-group":"admin1","hc-middle-x":0.41,"hc-middle-y":0.59,"hc-key":"eg-ik","hc-a2":"IK","labelrank":"9","hasc":"EG.IK","alt-name":"Alejandr¡a|Alexandria|Alexandrie|El Iskandariya","woe-id":"2345228","subregion":null,"fips":"EG06","postal-code":"IK","name":"Al Iskandariyah","country":"Egypt","type-en":"Governorate","region":null,"longitude":"29.754","woe-name":"Al Iskandariyah","latitude":"30.8251","woe-label":"Al Iskandariyah, EG, Egypt","type":"Muhafazah"}},{"type":"Polygon","arcs":[[-36,-33,-47,-10,73,74,75,76,77,-69,-64,-30]],"id":"EG.JZ","properties":{"hc-group":"admin1","hc-middle-x":0.27,"hc-middle-y":0.77,"hc-key":"eg-jz","hc-a2":"JZ","labelrank":"6","hasc":"EG.JZ","alt-name":"El Giza|El G?zah|Gizeh|Giza|Guizèh","woe-id":"2345230","subregion":null,"fips":"EG08","postal-code":"JZ","name":"Al Jizah","country":"Egypt","type-en":"Governorate","region":null,"longitude":"29.7204","woe-name":"Al Jizah","latitude":"29.3499","woe-label":"Al Jizah, EG, Egypt","type":"Muhafazah"}},{"type":"Polygon","arcs":[[-75,78]],"id":"EG.FY","properties":{"hc-group":"admin1","hc-middle-x":0.61,"hc-middle-y":0.56,"hc-key":"eg-fy","hc-a2":"FY","labelrank":"9","hasc":"EG.FY","alt-name":"El Faiyum|el Fayoum|Faium|Faiy?m|Fayum|Fayoum|Fayyum","woe-id":"2345226","subregion":null,"fips":"EG04","postal-code":"FY","name":"Al Fayyum","country":"Egypt","type-en":"Governorate","region":null,"longitude":"30.4584","woe-name":"Al Fayyum","latitude":"29.2965","woe-label":"Al Fayyum, EG, Egypt","type":"Muhafazah"}},{"type":"Polygon","arcs":[[79,-70,-78,80,81,82,83,84]],"id":"EG.WJ","properties":{"hc-group":"admin1","hc-middle-y":0.67,"hc-key":"eg-wj","hc-a2":"WJ","labelrank":"6","hasc":"EG.WJ","alt-name":null,"woe-id":"2345235","subregion":null,"fips":"EG13","postal-code":"WJ","name":"Al Wadi at Jadid","country":"Egypt","type-en":"Governorate","region":null,"longitude":"28.9556","woe-name":"Al Wadi at Jadid","latitude":"24.8314","woe-label":"Al Wadi al Jadid, EG, Egypt","type":"Muhafazah"}},{"type":"Polygon","arcs":[[-81,-77,85,-8,86]],"id":"EG.MN","properties":{"hc-group":"admin1","hc-middle-x":0.63,"hc-key":"eg-mn","hc-a2":"MN","labelrank":"9","hasc":"EG.MN","alt-name":"Minia|Minieh|Menia|Minya","woe-id":"2345232","subregion":null,"fips":"EG10","postal-code":"MN","name":"Al Minya","country":"Egypt","type-en":"Governorate","region":null,"longitude":"30.1604","woe-name":"Al Minya","latitude":"28.2141","woe-label":"Al Minya, EG, Egypt","type":"Muhafazah"}},{"type":"Polygon","arcs":[[-86,-76,-79,-74,-9]],"id":"EG.BN","properties":{"hc-group":"admin1","hc-middle-x":0.69,"hc-middle-y":0.7,"hc-key":"eg-bn","hc-a2":"BN","labelrank":"9","hasc":"EG.BN","alt-name":"Beni Suwayf|Beni Souef|Beni Suef","woe-id":"2345240","subregion":null,"fips":"EG18","postal-code":"BN","name":"Bani Suwayf","country":"Egypt","type-en":"Governorate","region":null,"longitude":"30.5041","woe-name":"Bani Suwayf","latitude":"28.8948","woe-label":"Bani Suwayf, EG, Egypt","type":"Muhafazah"}},{"type":"Polygon","arcs":[[-26,-68,87,-51]],"id":"EG.KS","properties":{"hc-group":"admin1","hc-middle-x":0.64,"hc-middle-y":0.53,"hc-key":"eg-ks","hc-a2":"KS","labelrank":"9","hasc":"EG.KS","alt-name":"Kafr-El-Sheikh|Kafr ash Shaikh|Kafr ash-Shayk|Kafr el Sheik|Kafr el Sheikh","woe-id":"2345243","subregion":null,"fips":"EG21","postal-code":"KS","name":"Kafr ash Shaykh","country":"Egypt","type-en":"Governorate","region":null,"longitude":"30.853","woe-name":"Kafr ash Shaykh","latitude":"31.2075","woe-label":"Kafr ash Shaykh, EG, Egypt","type":"Muhafazah"}},{"type":"Polygon","arcs":[[-87,-7,88,-82]],"id":"EG.AT","properties":{"hc-group":"admin1","hc-middle-x":0.41,"hc-middle-y":0.43,"hc-key":"eg-at","hc-a2":"AT","labelrank":"7","hasc":"EG.AT","alt-name":"Asyiut|Assiout|Assiut|Assyut|Asyout","woe-id":"2345239","subregion":null,"fips":"EG17","postal-code":"AT","name":"Asyut","country":"Egypt","type-en":"Governorate","region":null,"longitude":"31.1431","woe-name":"Asyut","latitude":"27.2223","woe-label":"Asyut, EG, Egypt","type":"Muhafazah"}},{"type":"Polygon","arcs":[[-4,89,-85,90]],"id":"EG.AN","properties":{"hc-group":"admin1","hc-middle-x":0.81,"hc-middle-y":0.55,"hc-key":"eg-an","hc-a2":"AN","labelrank":"7","hasc":"EG.AN","alt-name":"Assouan|Assuã|Assuán|Syene","woe-id":"2345238","subregion":null,"fips":"EG16","postal-code":"AN","name":"Aswan","country":"Egypt","type-en":"Governorate","region":null,"longitude":"32.2794","woe-name":"Aswan","latitude":"22.6543","woe-label":"Aswan, EG, Egypt","type":"Muhafazah"}},{"type":"Polygon","arcs":[[-91,-84,91,-5],[-16]],"id":"EG.QN","properties":{"hc-group":"admin1","hc-middle-x":0.35,"hc-middle-y":0.14,"hc-key":"eg-qn","hc-a2":"QN","labelrank":"9","hasc":"EG.QN","alt-name":"Kena|Qena|Quena","woe-id":"2345245","subregion":null,"fips":"EG02","postal-code":"QN","name":"Qina","country":"Egypt","type-en":"Governorate","region":null,"longitude":"32.4417","woe-name":"Qina","latitude":"26.1216","woe-label":"Qina, EG, Egypt","type":"Muhafazah"}},{"type":"Polygon","arcs":[[-92,-83,-89,-6]],"id":"EG.SJ","properties":{"hc-group":"admin1","hc-middle-x":0.44,"hc-middle-y":0.45,"hc-key":"eg-sj","hc-a2":"SJ","labelrank":"6","hasc":"EG.SJ","alt-name":"Girga|Girgeh|Sawh?j|Sohag|Suhag","woe-id":"2345246","subregion":null,"fips":"EG24","postal-code":"SJ","name":"Suhaj","country":"Egypt","type-en":"Governorate","region":null,"longitude":"31.8037","woe-name":"Suhaj","latitude":"26.5104","woe-label":"Suhaj, EG, Egypt","type":"Muhafazah"}}],"hc-recommended-transform":{"default":{"crs":"+proj=tmerc +lat_0=30 +lon_0=31 +k=1 +x_0=615000 +y_0=810000 +ellps=helmert +towgs84=-130,110,-13,0,0,0,0 +units=m +no_defs","scale":0.000568355052131,"jsonres":15.5,"jsonmarginX":-999,"jsonmarginY":9851,"xoffset":-7520.92927507,"yoffset":1008534.68201}}}},"arcs":[[[9017,1282],[18,-37],[-37,28],[-75,2],[94,7]],[[7632,5707],[38,-63],[-113,78],[41,11],[34,-26]],[[6527,7374],[-26,-153],[46,-95],[114,-137],[40,-175],[110,-93],[101,-208],[173,-210],[-2,-29],[88,-42],[57,-60],[65,-173],[-90,56],[45,-142],[31,-28],[-64,-36],[50,-113],[62,-43],[48,-159],[109,-86],[10,-143],[136,-281],[-35,0],[-24,-172],[68,-74],[74,-192],[60,-116],[131,-323],[171,-286],[71,-161],[40,-147],[51,-80],[51,-144],[150,-318],[6,-76],[54,-69],[142,-377],[127,-121],[30,-101],[131,-114],[14,-58],[92,-26],[27,-64],[-54,-22],[-140,69],[-24,-62],[-7,-124],[28,-43],[-17,-268],[43,-90],[27,-205],[66,-144],[33,-146],[156,-203],[81,-43],[175,-44],[63,-62],[31,-104],[94,-67],[10,-73],[100,-61],[124,-132],[35,7],[114,-115],[-10,-72],[-4413,-1]],[[5576,0],[78,113],[170,93],[51,73],[69,14],[81,97],[54,176],[40,43],[126,-118],[78,-11],[106,42],[163,178],[32,54],[4,107],[48,104],[125,-90],[126,-10],[119,-125],[34,34],[-35,135],[-53,82],[-122,75],[-11,48],[87,143],[36,139],[-59,194],[23,103],[-18,142],[-51,51],[-69,173],[-22,178],[31,170],[90,148],[9,62],[-88,213],[-12,191],[-24,121],[-59,102],[-166,146]],[[6567,3390],[-54,89],[-15,133],[33,90],[166,198],[55,178],[-10,113],[-32,95],[-96,106],[-64,21],[-119,-8],[-190,-96]],[[6241,4309],[-124,195],[-138,63],[-56,95],[-6,58],[-67,140],[-173,147]],[[5677,5007],[-118,259],[-116,120],[-79,123],[-207,104],[-37,87],[2,122]],[[5122,5822],[14,99],[-55,338],[-44,97],[-18,127],[79,220],[27,253]],[[5125,6956],[40,134],[161,244],[52,126],[1,99]],[[5379,7559],[146,-202],[56,-39],[301,-101]],[[5882,7217],[35,-17],[208,23],[323,151],[79,0]],[[8073,6211],[62,-78],[-59,-2],[-42,38],[39,42]],[[8352,7757],[-121,-192],[-6,-110],[-45,-95],[9,-122],[-32,-22],[-10,-204],[-53,-149],[-82,-177],[-52,-153],[6,-77],[34,-68],[-23,-89],[0,-102],[-72,-79],[-55,-97],[-59,-31],[-99,19],[-133,139],[-30,0],[-134,145],[-124,230],[-107,71],[-54,84],[-107,123],[-35,113],[27,92],[-39,56],[-12,163],[-24,61],[-146,173],[-59,43],[-57,120],[0,57],[-78,55],[-8,117],[-25,20],[8,138],[-32,58]],[[6523,8067],[167,128]],[[6690,8195],[225,13],[522,-103],[211,-123],[165,-70],[198,-97],[341,-58]],[[6528,3833],[-27,-12],[20,44],[17,-9],[-10,-23]],[[6106,9403],[3,-1],[-3,8]],[[6106,9410],[70,9],[51,18]],[[6227,9437],[18,5],[237,-149]],[[6482,9293],[43,-491],[75,-132],[44,-122]],[[6644,8548],[-156,12],[-118,-63],[-178,39],[-295,-11]],[[5897,8525],[-36,111]],[[5861,8636],[-35,171],[-27,59],[54,-15],[115,13],[102,122],[26,66],[-10,95],[62,137],[-2,73],[-40,46]],[[5376,8870],[-153,124],[-59,-4],[-53,37],[-108,-39]],[[5003,8988],[0,70],[-35,29],[51,44],[-42,172]],[[4977,9303],[70,-2],[163,54],[18,90],[145,-12]],[[5373,9433],[-24,-81],[72,-2],[-36,-58],[-26,-165],[33,-158],[-14,-75]],[[5378,8894],[-2,-24]],[[5376,8870],[-20,-49],[-74,-74],[-25,-67],[8,-173],[24,-41]],[[5289,8466],[-64,48],[-72,4],[-51,114],[-69,-2]],[[5033,8630],[39,41],[-29,29],[-40,288]],[[5897,8525],[40,-372],[-6,-93]],[[5931,8060],[-522,-23],[-3,129],[-54,127],[12,110]],[[5364,8403],[166,73],[127,6]],[[5657,8482],[204,154]],[[5364,8403],[-15,33],[-60,30]],[[5378,8894],[35,-19],[46,4]],[[5459,8879],[-52,-59],[-14,-83],[93,-162],[171,-93]],[[5459,8879],[22,64],[-15,129],[49,37],[103,-1],[57,45],[136,235],[139,20],[82,44]],[[6032,9452],[15,-22],[59,-27]],[[6106,9410],[43,40],[63,-7],[13,53]],[[6225,9496],[1,-1],[1,-58]],[[6690,8195],[-21,46],[-10,210],[-15,97]],[[6482,9293],[-1,89],[0,1]],[[6481,9383],[132,21],[281,164],[129,-17],[118,-40],[76,-59],[122,-11],[170,48],[157,68],[125,87],[21,-39],[85,-291],[124,-356],[43,-260],[55,-57],[110,-350],[6,-69],[68,-204],[19,-179],[30,-82]],[[6523,8067],[-39,36],[17,52],[-45,84],[-46,6],[-37,-48],[18,-63],[-80,-124],[-46,-139],[42,-77],[138,-132],[28,-50],[54,-238]],[[5882,7217],[52,795],[-3,48]],[[6199,9605],[-40,20],[41,-6]],[[6200,9619],[0,-7],[-1,-7]],[[5822,9607],[107,-70],[90,7],[13,-92]],[[5373,9433],[42,22],[-14,226],[-25,134],[80,52]],[[5456,9867],[143,-82],[39,-6]],[[5638,9779],[-57,-72],[108,-86],[49,0],[-79,-104],[20,-26],[130,83],[13,33]],[[6057,9692],[4,2],[5,4]],[[6066,9698],[87,-73],[-96,67]],[[6225,9496],[6,44],[-32,65]],[[6200,9619],[61,-19],[220,-217]],[[5638,9779],[145,39],[74,45],[61,-3]],[[5918,9860],[-56,-25],[9,-77],[-43,-65],[-6,-86]],[[6057,9692],[-72,36],[-1,45],[-61,87]],[[5923,9860],[21,-1],[53,-107],[69,-54]],[[5918,9860],[4,2],[1,-2]],[[5923,9860],[-5,0]],[[5033,8630],[-380,-375],[-33,-76]],[[4620,8179],[-538,366],[-38,88]],[[4044,8633],[49,130],[36,42],[134,69],[56,54],[42,79],[-23,64],[-90,144],[29,110],[-28,82],[111,66],[71,142]],[[4431,9615],[62,-15],[-7,-56],[45,4],[55,59],[-88,-7],[110,83],[30,151],[39,-55]],[[4677,9779],[50,-99],[49,-21],[-20,-93],[25,-43],[67,-24],[76,-84],[53,-112]],[[4620,8179],[-637,-429],[-532,-595],[-166,-138],[-649,-189],[-61,-27],[-62,-86],[-353,-844]],[[2160,5871],[-1905,-1],[-15,-1]],[[240,5869],[0,1568],[-20,116],[-68,182],[-2,175],[-54,121],[5,140],[-101,263],[1,40],[68,153],[111,173],[72,297],[-87,243],[-24,130],[1,243],[133,118],[30,89],[74,79],[33,-129],[172,-30],[346,116],[117,2],[324,-98],[320,-46],[93,-43],[81,14],[125,-62],[184,-22],[34,-104],[77,-56],[149,-35],[166,55],[29,-123],[64,-22],[147,0],[134,-35],[70,28],[339,-140],[8,-38],[163,-91],[158,12],[232,123],[78,54]],[[4022,9329],[0,-1],[22,-695]],[[4022,9329],[138,116],[59,34],[189,185],[23,-49]],[[5379,7559],[-16,75],[-109,30]],[[5254,7664],[-59,290],[-61,58],[-172,-23],[-172,-87],[-208,-150],[-383,-411]],[[4199,7341],[-33,-261],[-20,-79]],[[4146,7001],[-133,-388],[-104,-154],[-124,-103],[-379,-223],[-59,-49],[-99,-213]],[[3248,5871],[-1088,0]],[[5254,7664],[-139,-222],[-56,-68],[-69,-39],[-341,-106],[-93,39],[-357,73]],[[5427,111],[-53,-111],[-5134,0],[0,5869]],[[3248,5871],[1666,0],[-13,-35]],[[4901,5836],[8,-101],[75,-182],[137,-157],[115,-61],[77,-88],[102,-236]],[[5415,5011],[115,-158],[77,-76],[343,-488]],[[5950,4289],[130,-139],[93,-36],[112,31],[188,100],[112,-11],[17,-88],[-95,-246],[-113,-102],[-42,-69],[50,-312],[45,-88],[78,-68]],[[6525,3261],[112,-93],[36,-85],[9,-107],[69,-230],[-38,-122],[-11,-342],[13,-76],[-45,-91],[-131,-24],[-26,-92],[102,-123],[-25,-36],[-150,-40],[-59,-85],[-42,-210],[60,-45],[211,9],[-9,-83],[-93,-123],[-162,-458],[-233,94],[-260,-146],[-150,8],[-47,-85],[22,-151],[-76,-158],[-63,-46],[-121,-25],[-57,-109],[66,-76]],[[4146,7001],[835,22],[144,-67]],[[5122,5822],[-87,-12],[-134,26]],[[4677,9779],[-29,67],[107,-51],[150,38],[156,54],[-266,-159],[157,-7],[53,61],[77,-29],[73,19],[44,85],[55,-27],[7,48],[-81,60],[70,10],[101,-28],[105,-53]],[[5677,5007],[-54,4],[-64,101],[-144,-101]],[[5576,0],[-49,1],[44,158],[-6,48],[-64,30],[-74,-126]],[[6525,3261],[29,25],[13,104]],[[5950,4289],[152,101],[98,-108],[41,27]]],"bbox":[24.68818795723587,21.99483230928609,36.89536762421471,31.656494011970704],"transform":{"scale":[0.0012208400507029542,0.0009662627965481164],"translate":[24.68818795723587,21.99483230928609]},"title":"Egypt","version":"2.0.1","copyright":"Copyright (c) 2022 Highsoft AS, Based on data from Natural Earth","copyrightShort":"Natural Earth","copyrightUrl":"http://www.naturalearthdata.com"}