{"type":"Topology","objects":{"default":{"type":"GeometryCollection","geometries":[{"type":"Polygon","arcs":[[0,1,2,3,4]],"id":"Bubanza","properties":{"hc-group":"admin1","hc-key":"bubanza","hc-a2":"BU","name":"Bubanza"}},{"type":"Polygon","arcs":[[5,6]],"id":"Bujumbura Mairie","properties":{"hc-group":"admin1","hc-key":"bujumbura mairie","hc-a2":"BM","name":"Bujumbura Mairie","hc-middle-y":0.3}},{"type":"Polygon","arcs":[[7,8,9,10,11,-7,12,-2]],"id":"Bujumbura Rural","properties":{"hc-group":"admin1","hc-key":"bujumbura rural","hc-a2":"BR","name":"Bujumbura Rural"}},{"type":"Polygon","arcs":[[13,14,15,16,17,-10]],"id":"Bururi","properties":{"hc-group":"admin1","hc-key":"bururi","hc-a2":"BU","name":"Bururi"}},{"type":"Polygon","arcs":[[18,19,20,21]],"id":"Cankuzo","properties":{"hc-group":"admin1","hc-key":"cankuzo","hc-a2":"CA","name":"Cankuzo"}},{"type":"Polygon","arcs":[[22,-4,23]],"id":"Cibitoke","properties":{"hc-group":"admin1","hc-key":"cibitoke","hc-a2":"CI","name":"Cibitoke"}},{"type":"Polygon","arcs":[[24,25,26,-15,27,28,29,30]],"id":"Gitega","properties":{"hc-group":"admin1","hc-key":"gitega","hc-a2":"GI","name":"Gitega"}},{"type":"Polygon","arcs":[[-20,31,-25,32,33]],"id":"Karuzi","properties":{"hc-group":"admin1","hc-key":"karuzi","hc-a2":"KA","name":"Karuzi"}},{"type":"Polygon","arcs":[[34,-30,35,-5,-23,36]],"id":"Kayanza","properties":{"hc-group":"admin1","hc-key":"kayanza","hc-a2":"KA","name":"Kayanza"}},{"type":"Polygon","arcs":[[37,38,39]],"id":"Kirundo","properties":{"hc-group":"admin1","hc-key":"kirundo","hc-a2":"KI","name":"Kirundo"}},{"type":"Polygon","arcs":[[40,41,42,-17]],"id":"Makamba","properties":{"hc-group":"admin1","hc-key":"makamba","hc-a2":"MA","name":"Makamba"}},{"type":"Polygon","arcs":[[-29,43,-8,-1,-36]],"id":"Muramvya","properties":{"hc-group":"admin1","hc-key":"muramvya","hc-a2":"MU","name":"Muramvya"}},{"type":"Polygon","arcs":[[-21,-34,44,-38,45]],"id":"Muyinga","properties":{"hc-group":"admin1","hc-key":"muyinga","hc-a2":"MU","name":"Muyinga"}},{"type":"Polygon","arcs":[[-14,-9,-44,-28]],"id":"Mwaro","properties":{"hc-group":"admin1","hc-key":"mwaro","hc-a2":"MW","name":"Mwaro","hc-middle-y":0.65}},{"type":"Polygon","arcs":[[-45,-33,-31,-35,46,-39]],"id":"Ngozi","properties":{"hc-group":"admin1","hc-key":"ngozi","hc-a2":"NG","name":"Ngozi"}},{"type":"Polygon","arcs":[[-18,-43,47,-11]],"id":"Rumonge","properties":{"hc-group":"admin1","hc-key":"rumonge","hc-a2":"RU","name":"Rumonge","hc-middle-y":0.3}},{"type":"Polygon","arcs":[[48,-41,-16,-27,49]],"id":"Rutana","properties":{"hc-group":"admin1","hc-key":"rutana","hc-a2":"RU","name":"Rutana"}},{"type":"Polygon","arcs":[[-19,50,-50,-26,-32]],"id":"Ruyigi","properties":{"hc-group":"admin1","hc-key":"ruyigi","hc-a2":"RU","name":"Ruyigi"}}],"hc-recommended-transform":{"default":{"crs":"+proj=utm +zone=35 +south +datum=WGS84 +units=m +no_defs","scale":0.00293129023859,"jsonres":15.5,"jsonmarginX":-999,"jsonmarginY":9851,"xoffset":722413.567467,"yoffset":9744150.48932}}}},"arcs":[[[2959,6309],[-73,-80],[9,-36],[135,-130],[-11,-44],[-46,-14],[-8,-71],[-40,-52],[-10,-65],[-91,-115],[-6,-62],[-44,-60],[-62,6]],[[2712,5586],[-70,67],[-36,-35],[-91,-22],[-176,3],[-91,-50],[-10,75],[-373,-41],[-88,-57],[-42,-1],[-65,-50],[-87,-29],[-72,-101],[-93,52],[-9,51],[-65,74],[3,36],[-53,3]],[[1294,5561],[-45,46],[-25,166],[41,47],[-66,71],[11,86],[45,57],[-24,35],[62,50],[38,117],[32,-7],[37,47],[-48,32],[38,27]],[[1390,6335],[85,-10],[26,23],[93,11],[-19,99],[35,48],[-47,71],[-5,80],[60,39],[14,70],[79,21],[64,-17],[61,41],[54,-15],[39,36],[-21,61],[35,107],[120,59],[69,-6],[31,-81],[121,42],[28,46],[119,43],[141,-13],[13,76],[34,27]],[[2619,7193],[104,-4],[45,-44],[-30,-78],[35,-131],[48,-84],[-14,-29],[41,-104],[72,-78],[-24,-40],[95,-135],[-5,-84],[-27,-73]],[[1805,4565],[-14,39],[35,29],[35,103],[-14,183],[34,28],[8,79],[-51,69],[-1,37],[-169,55],[-99,8]],[[1569,5195],[15,15],[121,-17],[3,37],[-31,164],[64,9],[41,-97],[65,74],[135,-10],[72,-19],[66,10],[132,-32],[46,-26],[-106,-97],[10,-81],[-37,-156],[-91,9],[15,-63],[-26,-49],[81,-15],[-70,-23],[-60,11],[-19,-94],[29,-28],[-23,-54],[11,-68],[-157,-30],[-50,0]],[[2712,5586],[30,-62],[86,-74],[12,-71],[43,-59],[-66,-86],[125,-101],[49,-72],[29,-103],[58,59],[62,18]],[[3140,5035],[46,-31],[-68,-219],[42,-66],[67,-52],[0,-57],[-92,-78],[-12,-150],[57,-12],[-10,-83],[-67,6],[-46,-70]],[[3057,4223],[-50,-8],[-49,-40],[11,-35],[-91,-75],[-10,-64],[-62,-66],[-35,-99],[-8,-111],[-43,-48],[-41,3]],[[2679,3680],[-3,70],[22,80],[-40,90],[-55,-1],[-70,41],[-72,81],[-28,61],[-118,8],[-24,-42],[-72,4],[16,28],[-41,119],[-128,-46],[-63,-105],[-131,-19]],[[1872,4049],[-19,44],[33,127],[-62,77],[11,104],[-17,23],[42,88],[-55,53]],[[1569,5195],[-48,-50],[-110,14],[-171,1],[154,20],[7,30],[-51,13],[-93,-29],[-117,44],[41,41],[-42,102],[11,60],[74,27],[65,58],[5,35]],[[3057,4223],[8,-18],[137,-21],[40,-60],[68,-34],[-1,-72],[22,-42],[88,-67],[51,26],[21,-98],[39,-45],[73,-19],[61,17],[-9,-108],[-35,-28],[18,-42],[-53,-66],[34,-74],[133,67],[79,99],[65,145]],[[3896,3783],[149,-7],[39,40],[120,-74],[10,-97],[-30,-100],[-34,-257],[-33,-29],[-7,-106],[-54,-166],[105,-14],[47,19],[59,79],[40,25],[70,100],[-19,60],[60,12],[36,108],[42,61],[35,6],[-13,-74],[110,-59],[-14,-135],[41,7],[-2,-48],[139,-39],[79,-6],[12,-49],[65,-32]],[[4948,3008],[-53,-55],[-87,-47],[57,-52],[-23,-22],[49,-89],[-100,-14],[-20,-42],[-5,-97],[-76,-88],[-16,-74],[-36,-62],[-94,-108],[-12,-65],[-42,-20],[5,-70],[-94,-119]],[[4401,1984],[-53,39],[-41,83],[-43,27],[-48,-20],[-65,50],[-49,-71],[-64,0],[-41,-181],[-41,-38],[-40,13],[-112,-15],[-43,-36],[-84,17],[-24,-33],[-100,-38],[-18,-55],[-80,-94],[-27,-57],[-71,-62],[-85,-48],[-87,9],[-121,-45],[-58,23]],[[3006,1452],[-15,111],[-52,33],[4,66],[-105,98],[34,47],[13,137],[-61,136],[-29,35],[68,31],[89,70],[37,-12],[39,44],[-60,81],[15,54],[-208,22],[35,39],[78,35],[42,105],[54,43],[-14,38],[64,81],[30,113],[130,142],[45,127],[40,55],[-51,90],[-85,116],[-89,102],[-39,-81],[-71,-66],[-58,21],[-36,75],[-20,98],[-77,-27],[-93,14],[14,49],[-36,44],[41,62]],[[8840,5132],[-90,-43],[-88,-21],[-139,-99],[-3,103],[-106,32],[-50,85],[-91,19],[-60,-13],[4,98],[69,43],[50,2],[-105,42],[-7,23],[-86,-7],[-78,13],[-35,-56],[-125,24],[-13,41],[-86,92],[15,99],[-60,23],[-44,71],[-135,36],[-28,38],[-57,-37],[-118,110],[-66,-27],[-84,12],[-85,-36],[-27,51],[19,83]],[[7131,5933],[68,96],[55,-1],[-7,38],[46,27]],[[7293,6093],[67,-21],[26,127],[45,3],[71,93],[-67,105],[39,54],[133,42],[16,49],[55,-5],[10,93],[-24,54],[53,33],[10,59],[89,27],[-7,60],[77,-23],[74,38],[8,71],[56,19],[-22,41],[34,35]],[[8036,7047],[99,-22],[93,52],[43,48],[48,-7],[47,69],[92,83],[68,27],[57,-83],[62,-48],[96,-14],[160,-129],[-6,-71],[121,-112],[23,0],[112,92],[86,8],[93,-87],[63,-3],[51,-30],[96,20],[219,24],[45,29],[139,26],[56,-15],[-63,-89],[-62,-59],[-54,-80],[-3,-55],[-116,-66],[39,-65],[64,-59],[86,-13],[38,-50],[-14,-93],[-68,-164],[67,33],[68,-103],[-44,-126],[54,-67],[-115,-35],[-35,5],[-40,-49],[68,-104],[93,-34],[-76,-46],[-145,-44],[-25,-27],[-99,-14],[-92,-44],[-82,23],[-20,86],[-73,-29],[-4,-66],[-58,-71],[-54,-25],[-186,-53],[-38,5],[-34,-60],[-110,-80],[-26,-54]],[[2322,7713],[12,-41],[58,5],[54,-69],[-7,-54],[48,-129],[35,-30],[-9,-52],[38,-27],[4,-50],[64,-73]],[[1390,6335],[-55,20],[56,64],[-24,23],[32,46],[-50,28],[23,48],[-122,91],[-35,56],[-130,-6],[-129,138],[-50,-20],[19,66],[-31,52],[12,52],[-80,60],[-57,0],[-76,78],[-169,41],[-46,91],[29,89],[-101,85],[-32,-2],[-3,68],[-44,32],[-57,105],[-108,-32],[-97,29],[-59,49],[-6,113],[124,108],[79,11],[19,164],[67,57],[-36,114],[49,52],[-57,26],[77,93],[-37,50],[-3,97],[26,5],[27,78],[48,-11],[71,49],[169,-16],[64,-62],[71,33],[50,54],[70,-17],[63,-96],[66,27],[7,-26],[84,1],[99,-77],[23,30],[146,11],[53,23],[69,-21],[98,-83],[96,-20],[69,-31],[57,-106],[-41,-67],[66,-48],[55,-8],[-8,-71],[21,-88],[-101,-58],[43,-28],[-17,-48],[66,-17],[-13,-41],[48,-77],[-28,-28],[102,-186],[33,13],[41,70],[59,25],[22,-25],[43,33],[123,46]],[[4999,6403],[-6,-42],[-42,-15],[-28,-114],[-80,-94],[35,-153],[113,-21],[115,119],[83,-15],[104,-165],[83,-63],[28,-72],[60,-13],[43,-42],[-16,-23],[65,-42],[-19,-177],[-62,-58],[-75,-43],[15,-63],[-60,-115],[-54,-19],[158,-123],[-3,-50],[68,-7],[-14,26],[118,65]],[[5628,5084],[32,-88],[51,-23],[-6,-32],[54,-57],[73,-44],[3,-56],[-47,-28],[-29,-111],[-62,-42],[65,-83],[18,-103],[53,-41],[31,-57],[-25,-47],[36,-77],[50,-49],[-11,-35],[41,-33],[14,-97],[-43,-66],[7,-41]],[[5933,3874],[-34,-66],[4,-82],[-63,-27],[-122,-178],[-139,-8],[-67,-46],[-96,-14],[-62,-70],[-93,-70],[4,-18],[126,-54],[-145,-69],[-131,-47],[1,-38],[-58,-75],[57,-44],[4,-57],[-36,-17],[-87,27],[-48,87]],[[3896,3783],[-20,25],[149,124],[196,22],[60,-47],[58,-3],[6,28],[-69,75],[-29,112],[-91,95],[11,68],[46,46],[35,-6],[99,68],[82,-29],[108,20],[59,76],[3,183],[25,13],[1,78],[22,32],[-39,43],[36,97],[83,30],[-27,68],[-79,26],[-31,45],[-98,4],[-32,49],[38,16],[40,84],[-57,59],[-61,31],[-14,55],[-86,-1],[-34,55],[-55,4]],[[4231,5428],[-18,43],[160,138],[21,52],[74,47],[78,-4],[55,25],[-77,40],[-82,10],[-77,84],[4,35]],[[4369,5898],[20,66],[92,65],[70,71],[38,10],[6,113],[-31,-8],[-92,41],[-29,99],[40,21],[87,98],[87,49]],[[4657,6523],[96,12],[105,-35],[70,-97],[71,0]],[[7131,5933],[-72,-27],[-36,14],[-3,-64],[-75,-36],[-148,-108],[-58,-68],[6,-36],[-95,-90],[27,-65],[-104,9],[12,-62],[-69,-8],[-70,-45],[14,-53],[-73,-13],[-39,38],[-61,-10],[42,-34],[-61,4],[-3,-46],[-66,26],[-114,-57],[-59,38],[-63,-48],[-52,21],[-94,-37],[-80,-7],[-24,-49],[-58,7],[-27,-43]],[[4999,6403],[72,29],[-17,68],[72,43],[83,-1],[112,180],[17,46],[105,51],[43,54],[129,-11],[53,40],[94,-13],[128,27],[171,114],[92,26],[104,69],[99,107]],[[6356,7232],[212,19],[157,-71],[30,-47],[116,-84],[35,-50],[-12,-81],[10,-141],[-26,-95],[12,-25],[-37,-102],[-57,-53],[-52,-104],[-89,-105],[5,-49],[71,-82],[62,-13],[34,-46],[92,-8],[67,38],[75,12],[43,-49],[50,-14],[90,48],[49,-37]],[[3612,7775],[-49,-56],[23,-60],[-25,-78],[-63,23],[-64,-91],[73,-96],[152,-22],[13,-22],[89,21],[65,-83],[24,-76],[-44,-32],[-6,-51],[82,-52],[67,16],[103,93],[-12,-28],[56,-33],[-10,-153],[81,-94],[146,-91],[-6,-72],[109,-1],[94,40],[62,-33],[123,36],[54,2],[-57,-67],[-35,-192]],[[4369,5898],[-118,18],[-145,-84],[-40,3],[-32,-76],[-62,-11],[-27,32],[-106,24],[-43,40],[-54,98],[-88,62],[-9,86],[-156,-59],[-91,2],[-81,96],[-148,15],[-54,73],[-12,71],[-144,21]],[[2322,7713],[98,32],[48,-13],[37,-44],[71,8],[49,32],[173,-127],[131,0],[-7,45],[176,36],[48,31],[126,-8],[34,-21],[92,35],[41,58],[61,19],[112,-21]],[[7415,9793],[12,-149],[90,-149],[29,-102],[72,-57],[35,-59],[-7,-66],[-91,-75],[11,-70],[95,-80],[-48,-65],[13,-81],[-26,-87],[-56,-85],[-204,-4],[-63,-67],[-48,-86],[-52,9],[-43,-25],[-39,-67],[-122,-96],[-66,-89],[-38,-14],[-44,73],[-75,-11],[-181,-71],[-140,-119],[-101,-74],[-90,44],[-36,-4],[-34,-77],[-63,-57],[1,-39],[-63,-68],[-49,3],[-68,41],[-107,-59]],[[5819,7811],[-86,4],[11,39],[-79,84],[23,31],[-234,137],[56,56],[-80,90],[-42,-14],[-2,49],[-122,36],[-70,55],[-71,22],[-96,4]],[[5027,8404],[25,63],[-39,38],[17,190],[-58,164],[73,108],[-3,59],[46,103],[136,61],[0,182],[-34,83],[4,62],[-97,237],[71,79],[9,89],[248,-80],[89,3],[130,-73],[60,-77],[27,-63],[190,-152],[158,-64],[87,0],[126,45],[104,-6],[64,80],[17,110],[77,23],[27,105],[31,44],[43,-1],[90,-63],[38,-44],[121,-9],[95,9],[416,84]],[[4401,1984],[51,-60],[-58,-87],[31,-35],[185,6],[89,37],[6,-44],[44,-10],[32,-59],[103,38],[12,-42],[90,60],[110,-1],[15,-60],[69,7],[65,43],[18,-23],[114,29],[123,76],[-7,22],[109,25],[47,-28],[138,12],[147,-43],[81,19],[70,60],[108,65],[54,-2],[109,-94],[77,41]],[[6433,1936],[-82,-195],[-47,-29],[-47,-72],[-133,-78],[-90,-31],[-22,-51],[-148,-47],[-56,-55],[-28,-115],[-33,-18],[-59,-102],[20,-34],[-37,-82],[25,-30],[-38,-25],[-28,-78],[-61,15],[-82,-19],[-13,-35],[-41,22],[-38,-89],[-35,16],[-105,-22],[-69,-123],[-173,-89],[-98,-11],[-48,-32],[-75,-1],[-13,-61],[-42,8],[-15,-63],[-124,-2],[-34,60],[-77,8],[-25,28],[-56,-16],[-47,-50],[-61,-124],[-68,-57],[-43,8],[-64,-92],[2,-78],[30,-30],[-85,-65],[-51,16],[-13,43],[-101,-21],[-30,30],[-56,-33],[-87,55],[-158,12],[21,25],[-15,72],[23,78],[-36,88],[-142,110],[-195,86],[-75,103],[3,50],[-71,57],[-47,110],[19,82],[-51,71],[-59,41],[19,52],[-22,31],[9,111],[-56,22]],[[2899,1291],[19,117],[88,44]],[[4231,5428],[-38,-14],[-19,-73],[12,-86],[-41,-37],[-53,-129],[-138,77],[-86,-36],[-96,-199],[-123,-3],[-63,-83],[-77,-10],[-41,80],[24,43],[-21,72],[-47,6],[-44,50],[-36,-6],[-3,80],[-99,6],[-102,25],[-16,-62],[16,-94]],[[6356,7232],[0,105],[-43,31],[134,90],[-60,40],[-89,17],[-67,35],[-93,-83],[-102,79],[26,14],[-100,90],[-4,72],[-126,65],[-13,24]],[[7415,9793],[41,138],[61,58],[110,10],[32,-41],[109,-44],[28,35],[86,16],[27,-32],[-17,-101],[56,-22],[-6,-51],[94,-19],[19,-47],[98,-57],[10,-51],[122,-18],[52,-40],[-36,-99],[-59,-56],[-113,-286],[-49,-56],[-66,-42],[8,-130],[-99,-139],[-47,-42],[-73,-104],[-58,-113],[-35,-24],[-34,-78],[56,-64],[76,-1],[81,-54],[84,54],[164,73],[30,32],[88,16],[5,-82],[-34,-80],[-95,-46],[-37,-66],[-80,-50],[-42,33],[-69,-44],[19,-33],[-60,-45],[-76,-15],[-18,-46],[55,-62],[-25,-40],[-3,-79],[-148,-228],[-34,-70],[53,-73],[42,25],[51,-33],[11,-124],[65,-47],[43,17],[35,-57],[85,-64],[38,-58]],[[3612,7775],[115,-69],[84,-29],[14,-32],[211,57],[47,1],[33,58],[35,129],[100,5],[46,37],[79,-17],[26,-52],[88,-35],[39,52],[155,42],[139,60],[-8,38],[142,165],[66,183],[4,36]],[[2899,1291],[-100,51],[-52,62],[-3,103],[-70,126],[-59,134],[-46,34],[-18,54],[-56,30],[-15,76],[-90,133],[-89,44],[-2,55],[51,80],[-26,54],[-91,39],[-25,157],[-42,48],[-17,65],[-40,14],[-136,232],[-42,86],[-55,34],[-47,188],[-45,47],[21,18],[-50,125],[-71,40],[-9,71],[115,206],[33,92],[30,165],[23,13],[-4,82]],[[7509,3451],[48,-33],[-6,-33],[70,-127],[0,-84],[-68,-61],[-10,32],[-57,12],[-9,44],[-92,15],[-40,-28],[-65,34],[-119,-92],[-11,-103],[-33,-12],[-29,-92],[-72,-87],[-47,-16],[-58,-61],[-123,-45],[19,-39],[-53,-123],[-54,-22],[-69,-235],[-71,-77],[45,-85],[42,-7],[-40,-70],[-98,-100],[-76,-20]],[[5933,3874],[125,-42],[149,-154],[60,-27],[36,43],[99,61],[116,42],[219,-6],[61,-47],[7,-34],[108,-114],[38,47],[40,3],[136,-52],[37,-106],[199,-41],[55,49],[91,-45]],[[8840,5132],[63,-72],[-3,-31],[60,2],[106,-60],[-32,-102],[-188,-161],[-101,-59],[-112,-30],[-75,-56],[-104,-45],[-159,-44],[-57,-45],[-44,-67],[-88,50],[-154,-105],[-56,-77],[-79,-56],[53,-32],[-12,-73],[15,-70],[-87,-69],[-62,-22],[19,-32],[-91,-96],[-2,-58],[-40,-23],[-25,-102],[-34,-55],[-38,-2],[-4,-89]]],"bbox":[29.0007160643247,-4.470001269023793,30.85041101201226,-2.310612925957648],"transform":{"scale":[0.00018498799356811283,0.0002159604303496495],"translate":[29.0007160643247,-4.470001269023793]},"title":"Burundi","version":"2.0.1","copyright":"Copyright (c) 2022 Highsoft AS, Based on https://data.humdata.org/dataset/burundi-administrative-level-0-1-and-2-administrative-boundaries","copyrightShort":"data.humdata.org","copyrightUrl":"https://data.humdata.org/about/license"}