{"type":"Topology","objects":{"default":{"type":"GeometryCollection","geometries":[{"type":"MultiPolygon","arcs":[[[0]],[[1]],[[2]],[[3]],[[4]]],"id":"ES.PM","properties":{"hc-group":"admin1","hc-middle-x":0.56,"hc-middle-y":0.34,"hc-key":"es-pm","hc-a2":"PM","labelrank":"3","hasc":"ES.PM","alt-name":null,"woe-id":"12602088","subregion":null,"fips":"SP07","postal-code":"PM","name":"Baleares","country":"Spain","type-en":"Autonomous Community","region":"Islas Baleares","longitude":"2.99156","woe-name":"Islas Baleares","latitude":"39.6162","woe-label":"Balearic Islands, ES, Spain","type":"Comunidad Autónoma"}},{"type":"MultiPolygon","arcs":[[[5,6,7,8,9,10,11]],[[12]],[[13,14]]],"id":"ES.VA","properties":{"hc-group":"admin1","hc-middle-x":0.49,"hc-middle-y":0.67,"hc-key":"es-va","hc-a2":"VA","labelrank":"3","hasc":"ES.CL","alt-name":null,"woe-id":"12602122","subregion":null,"fips":"SP85","postal-code":"VA","name":"Valladolid","country":"Spain","type-en":"Autonomous Community","region":"Castilla y León","longitude":"-4.83256","woe-name":"Castilla y León","latitude":"41.5715","woe-label":"Castille and Leon, ES, Spain","type":"Comunidad Autónoma"}},{"type":"Polygon","arcs":[[-6,15,-14,16,17,18,19,20,21],[-13]],"id":"ES.LE","properties":{"hc-group":"admin1","hc-middle-x":0.48,"hc-middle-y":0.49,"hc-key":"es-le","hc-a2":"LE","labelrank":"3","hasc":"ES.CL","alt-name":null,"woe-id":"12602117","subregion":null,"fips":"SP85","postal-code":"LE","name":"León","country":"Spain","type-en":"Autonomous Community","region":"Castilla y León","longitude":"-5.75872","woe-name":"Castilla y León","latitude":"42.6006","woe-label":"Castille and Leon, ES, Spain","type":"Comunidad Autónoma"}},{"type":"Polygon","arcs":[[22]],"id":"ES.ME","properties":{"hc-group":"admin1","hc-middle-x":0.43,"hc-middle-y":0.52,"hc-key":"es-me","hc-a2":"ME","labelrank":"9","hasc":"ES.CE","alt-name":null,"woe-id":"55862984","subregion":null,"fips":"SP00","postal-code":"ME","name":"Melilla","country":"Spain","type-en":"Autonomous City","region":"Melilla","longitude":"-2.94015","woe-name":"Melilla","latitude":"35.2934","woe-label":"Melilla Province, ES, Spain","type":"Ciudades Autónomas"}},{"type":"MultiPolygon","arcs":[[[23]],[[24,25,-7,-22]]],"id":"ES.P","properties":{"hc-group":"admin1","hc-middle-x":0.43,"hc-middle-y":0.44,"hc-key":"es-p","hc-a2":"PA","labelrank":"3","hasc":"ES.CL","alt-name":null,"woe-id":"12602118","subregion":null,"fips":"SP85","postal-code":"P","name":"Palencia","country":"Spain","type-en":"Autonomous Community","region":"Castilla y León","longitude":"-4.59868","woe-name":"Castilla y León","latitude":"42.3386","woe-label":"Castille and Leon, ES, Spain","type":"Comunidad Autónoma"}},{"type":"MultiPolygon","arcs":[[[26]],[[-21,27,28,29,30,-25]]],"id":"ES.S","properties":{"hc-group":"admin1","hc-middle-x":0.43,"hc-middle-y":0.39,"hc-key":"es-s","hc-a2":"CA","labelrank":"3","hasc":"ES.CB","alt-name":null,"woe-id":"12578028","subregion":null,"fips":"SP85","postal-code":"S","name":"Cantabria","country":"Spain","type-en":"Autonomous Community","region":"Cantabria","longitude":"-4.02085","woe-name":"Cantabria","latitude":"43.2182","woe-label":"Cantabria, ES, Spain","type":"Comunidad Autónoma"}},{"type":"MultiPolygon","arcs":[[[31]],[[32]],[[33,34,35,36,37,38]]],"id":"ES.NA","properties":{"hc-group":"admin1","hc-middle-x":0.49,"hc-middle-y":0.45,"hc-key":"es-na","hc-a2":"NA","labelrank":"3","hasc":"ES.NA","alt-name":null,"woe-id":"12578026","subregion":null,"fips":"SP88","postal-code":"NA","name":"Navarra","country":"Spain","type-en":"Autonomous Community","region":"Foral de Navarra","longitude":"-1.63845","woe-name":"Comunidad Foral de Navarra","latitude":"42.7493","woe-label":"Navarre, ES, Spain","type":"Comunidad Autónoma"}},{"type":"Polygon","arcs":[[39]],"id":"ES.CE","properties":{"hc-group":"admin1","hc-middle-x":0.4,"hc-middle-y":0.34,"hc-key":"es-ce","hc-a2":"CE","labelrank":"9","hasc":"ES.CE","alt-name":null,"woe-id":"55862983","subregion":null,"fips":"SP00","postal-code":"CE","name":"Ceuta","country":"Spain","type-en":"Autonomous City","region":"Ceuta","longitude":"-5.341","woe-name":"Ceuta","latitude":"35.8803","woe-label":"Ceuta Province, ES, Spain","type":"Ciudades Autónomas"}},{"type":"Polygon","arcs":[[40,41,42,43,44,45,46,47,48]],"id":"ES.CU","properties":{"hc-group":"admin1","hc-middle-y":0.52,"hc-key":"es-cu","hc-a2":"CU","labelrank":"3","hasc":"ES.CM","alt-name":null,"woe-id":"12602112","subregion":null,"fips":"SP84","postal-code":"CU","name":"Cuenca","country":"Spain","type-en":"Autonomous Community","region":"Castilla-La Mancha","longitude":"-2.15126","woe-name":"Castilla-La Mancha","latitude":"39.9115","woe-label":"Castille la Mancha, ES, Spain","type":"Comunidad Autónoma"}},{"type":"Polygon","arcs":[[49,-37,50,51,52],[53]],"id":"ES.VI","properties":{"hc-group":"admin1","hc-middle-x":0.41,"hc-middle-y":0.43,"hc-key":"es-vi","hc-a2":"VI","labelrank":"3","hasc":"ES.PV","alt-name":null,"woe-id":"12602134","subregion":null,"fips":"SP94","postal-code":"VI","name":"Álava","country":"Spain","type-en":"Autonomous Community","region":"País Vasco","longitude":"-2.6966","woe-name":"País Vasco","latitude":"42.8902","woe-label":"Basque Country, ES, Spain","type":"Comunidad Autónoma"}},{"type":"Polygon","arcs":[[-50,54,55,-38]],"id":"ES.SS","properties":{"hc-group":"admin1","hc-middle-x":0.4,"hc-middle-y":0.56,"hc-key":"es-ss","hc-a2":"SS","labelrank":"3","hasc":"ES.PV","alt-name":null,"woe-id":"12602135","subregion":null,"fips":"SP94","postal-code":"SS","name":"Gipuzkoa","country":"Spain","type-en":"Autonomous Community","region":"País Vasco","longitude":"-2.2243","woe-name":"País Vasco","latitude":"43.1495","woe-label":"Basque Country, ES, Spain","type":"Comunidad Autónoma"}},{"type":"Polygon","arcs":[[56,57,58,59,60,61,62]],"id":"ES.GR","properties":{"hc-group":"admin1","hc-middle-x":0.41,"hc-middle-y":0.64,"hc-key":"es-gr","hc-a2":"GR","labelrank":"3","hasc":"ES.AN","alt-name":null,"woe-id":"12602099","subregion":null,"fips":"SP80","postal-code":"GR","name":"Granada","country":"Spain","type-en":"Autonomous Community","region":"Andalucía","longitude":"-3.2411","woe-name":"Andalucía","latitude":"37.2665","woe-label":"Andalusia, ES, Spain","type":"Comunidad Autónoma"}},{"type":"Polygon","arcs":[[-57,63,64,65,66]],"id":"ES.MU","properties":{"hc-group":"admin1","hc-middle-y":0.61,"hc-key":"es-mu","hc-a2":"MU","labelrank":"7","hasc":"ES.MU","alt-name":null,"woe-id":"12578025","subregion":null,"fips":"SP96","postal-code":"MU","name":"Murcia","country":"Spain","type-en":"Autonomous Community","region":"Murcia","longitude":"-1.45758","woe-name":"Región de Murcia","latitude":"37.9136","woe-label":"Murcia, ES, Spain","type":"Comunidad Autónoma"}},{"type":"MultiPolygon","arcs":[[[-8,-26,-31,67,-52,68,69,70],[-24]],[[-54]]],"id":"ES.BU","properties":{"hc-group":"admin1","hc-middle-x":0.41,"hc-middle-y":0.47,"hc-key":"es-bu","hc-a2":"BU","labelrank":"3","hasc":"ES.CL","alt-name":null,"woe-id":"12602116","subregion":null,"fips":"SP85","postal-code":"BU","name":"Burgos","country":"Spain","type-en":"Autonomous Community","region":"Castilla y León","longitude":"-3.60703","woe-name":"Castilla y León","latitude":"42.348","woe-label":"Castille and Leon, ES, Spain","type":"Comunidad Autónoma"}},{"type":"Polygon","arcs":[[-11,71,72,73,74]],"id":"ES.SA","properties":{"hc-group":"admin1","hc-middle-x":0.48,"hc-middle-y":0.51,"hc-key":"es-sa","hc-a2":"SA","labelrank":"3","hasc":"ES.CL","alt-name":null,"woe-id":"12602119","subregion":null,"fips":"SP85","postal-code":"SA","name":"Salamanca","country":"Spain","type-en":"Autonomous Community","region":"Castilla y León","longitude":"-5.9926","woe-name":"Castilla y León","latitude":"40.8324","woe-label":"Castille and Leon, ES, Spain","type":"Comunidad Autónoma"}},{"type":"Polygon","arcs":[[-15,-16,-12,-75,75,76,-17]],"id":"ES.ZA","properties":{"hc-group":"admin1","hc-middle-x":0.62,"hc-middle-y":0.52,"hc-key":"es-za","hc-a2":"ZA","labelrank":"3","hasc":"ES.CL","alt-name":null,"woe-id":"12602123","subregion":null,"fips":"SP85","postal-code":"ZA","name":"Zamora","country":"Spain","type-en":"Autonomous Community","region":"Castilla y León","longitude":"-5.84292","woe-name":"Castilla y León","latitude":"41.6837","woe-label":"Castille and Leon, ES, Spain","type":"Comunidad Autónoma"}},{"type":"Polygon","arcs":[[-34,77,78,79]],"id":"ES.HU","properties":{"hc-group":"admin1","hc-middle-x":0.55,"hc-middle-y":0.51,"hc-key":"es-hu","hc-a2":"HU","labelrank":"3","hasc":"ES.AR","alt-name":null,"woe-id":"12602105","subregion":null,"fips":"SP81","postal-code":"HU","name":"Huesca","country":"Spain","type-en":"Autonomous Community","region":"Aragón","longitude":"-0.012808","woe-name":"Aragón","latitude":"42.1863","woe-label":"Aragon, ES, Spain","type":"Comunidad Autónoma"}},{"type":"MultiPolygon","arcs":[[[-48,80,81,82,83]],[[84,85]]],"id":"ES.M","properties":{"hc-group":"admin1","hc-middle-x":0.46,"hc-middle-y":0.47,"hc-key":"es-m","hc-a2":"MA","labelrank":"7","hasc":"ES.MD","alt-name":null,"woe-id":"12578024","subregion":null,"fips":"SP87","postal-code":"M","name":"Madrid","country":"Spain","type-en":"Autonomous Community","region":"Madrid","longitude":"-3.67012","woe-name":"Comunidad de Madrid","latitude":"40.4593","woe-label":"Madrid, ES, Spain","type":"Comunidad Autónoma"}},{"type":"Polygon","arcs":[[86,87,88,89,-49,-84]],"id":"ES.GU","properties":{"hc-group":"admin1","hc-middle-x":0.33,"hc-middle-y":0.36,"hc-key":"es-gu","hc-a2":"GU","labelrank":"3","hasc":"ES.CM","alt-name":null,"woe-id":"12602113","subregion":null,"fips":"SP84","postal-code":"GU","name":"Guadalajara","country":"Spain","type-en":"Autonomous Community","region":"Castilla-La Mancha","longitude":"-2.53087","woe-name":"Castilla-La Mancha","latitude":"40.8422","woe-label":"Castille la Mancha, ES, Spain","type":"Comunidad Autónoma"}},{"type":"Polygon","arcs":[[-87,-83,90,-85,91,-9,-71,92]],"id":"ES.SG","properties":{"hc-group":"admin1","hc-middle-x":0.44,"hc-middle-y":0.39,"hc-key":"es-sg","hc-a2":"SG","labelrank":"3","hasc":"ES.CL","alt-name":null,"woe-id":"12602120","subregion":null,"fips":"SP85","postal-code":"SG","name":"Segovia","country":"Spain","type-en":"Autonomous Community","region":"Castilla y León","longitude":"-4.04672","woe-name":"Castilla y León","latitude":"41.2066","woe-label":"Castille and Leon, ES, Spain","type":"Comunidad Autónoma"}},{"type":"Polygon","arcs":[[93,94,95,96,97,98]],"id":"ES.SE","properties":{"hc-group":"admin1","hc-middle-x":0.46,"hc-middle-y":0.52,"hc-key":"es-se","hc-a2":"SE","labelrank":"3","hasc":"ES.AN","alt-name":null,"woe-id":"12602104","subregion":null,"fips":"SP80","postal-code":"SE","name":"Sevilla","country":"Spain","type-en":"Autonomous Community","region":"Andalucía","longitude":"-5.73917","woe-name":"Andalucía","latitude":"37.438","woe-label":"Andalusia, ES, Spain","type":"Comunidad Autónoma"}},{"type":"Polygon","arcs":[[99,100,101,102,103,104]],"id":"ES.T","properties":{"hc-group":"admin1","hc-middle-x":0.36,"hc-middle-y":0.46,"hc-key":"es-t","hc-a2":"TA","labelrank":"3","hasc":"ES.CT","alt-name":null,"woe-id":"12602127","subregion":null,"fips":"SP86","postal-code":"T","name":"Tarragona","country":"Spain","type-en":"Autonomous Community","region":"Cataluña","longitude":"0.873012","woe-name":"Cataluña","latitude":"41.1476","woe-label":"Catalonia, ES, Spain","type":"Comunidad Autónoma"}},{"type":"Polygon","arcs":[[-100,105,106,-43,107,-41,-90,108]],"id":"ES.TE","properties":{"hc-group":"admin1","hc-middle-x":0.39,"hc-middle-y":0.54,"hc-key":"es-te","hc-a2":"TE","labelrank":"3","hasc":"ES.AR","alt-name":null,"woe-id":"12602106","subregion":null,"fips":"SP81","postal-code":"TE","name":"Teruel","country":"Spain","type-en":"Autonomous Community","region":"Aragón","longitude":"-0.8094090000000001","woe-name":"Aragón","latitude":"40.625","woe-label":"Aragon, ES, Spain","type":"Comunidad Autónoma"}},{"type":"MultiPolygon","arcs":[[[-42,-108]],[[109,110,111,-44,-107,112]]],"id":"ES.V","properties":{"hc-group":"admin1","hc-middle-x":0.48,"hc-middle-y":0.56,"hc-key":"es-v","hc-a2":"VA","labelrank":"6","hasc":"ES.VC","alt-name":null,"woe-id":"12602139","subregion":null,"fips":"SP89","postal-code":"V","name":"Valencia","country":"Spain","type-en":"Autonomous Community","region":"Valenciana","longitude":"-0.712245","woe-name":"Comunidad Valenciana","latitude":"39.3003","woe-label":"Valencia, ES, Spain","type":"Comunidad Autónoma"}},{"type":"Polygon","arcs":[[-68,-30,113,-55,-53],[-27]],"id":"ES.BI","properties":{"hc-group":"admin1","hc-middle-x":0.71,"hc-middle-y":0.52,"hc-key":"es-bi","hc-a2":"BI","labelrank":"3","hasc":"ES.PV","alt-name":"Biscay|Vizcaya","woe-id":"12602136","subregion":null,"fips":"SP94","postal-code":"BI","name":"Bizkaia","country":"Spain","type-en":"Autonomous Community","region":"País Vasco","longitude":"-2.7953","woe-name":"País Vasco","latitude":"43.2392","woe-label":"Basque Country, ES, Spain","type":"Comunidad Autónoma"}},{"type":"Polygon","arcs":[[-77,114,115,116,-18]],"id":"ES.OR","properties":{"hc-group":"admin1","hc-middle-x":0.43,"hc-key":"es-or","hc-a2":"OR","labelrank":"3","hasc":"ES.GA","alt-name":null,"woe-id":"12602132","subregion":null,"fips":"SP91","postal-code":"OR","name":"Orense","country":"Spain","type-en":"Autonomous Community","region":"Galicia","longitude":"-7.59234","woe-name":"Galicia","latitude":"42.1609","woe-label":"Galicia, ES, Spain","type":"Comunidad Autónoma"}},{"type":"Polygon","arcs":[[117,-79,118,119,120,-102]],"id":"ES.L","properties":{"hc-group":"admin1","hc-middle-x":0.48,"hc-middle-y":0.56,"hc-key":"es-l","hc-a2":"LÉ","labelrank":"3","hasc":"ES.CT","alt-name":null,"woe-id":"12602126","subregion":null,"fips":"SP86","postal-code":"L","name":"Lérida","country":"Spain","type-en":"Autonomous Community","region":"Cataluña","longitude":"1.11518","woe-name":"Cataluña","latitude":"42.0143","woe-label":"Catalonia, ES, Spain","type":"Comunidad Autónoma"}},{"type":"Polygon","arcs":[[-118,-101,-109,-89,121,122,-35,-80],[-32],[-33]],"id":"ES.Z","properties":{"hc-group":"admin1","hc-middle-x":0.47,"hc-middle-y":0.69,"hc-key":"es-z","hc-a2":"ZA","labelrank":"3","hasc":"ES.AR","alt-name":null,"woe-id":"12602107","subregion":null,"fips":"SP81","postal-code":"Z","name":"Zaragoza","country":"Spain","type-en":"Autonomous Community","region":"Aragón","longitude":"-1.0538","woe-name":"Aragón","latitude":"41.5814","woe-label":"Aragon, ES, Spain","type":"Comunidad Autónoma"}},{"type":"Polygon","arcs":[[-120,123,124]],"id":"ES.GI","properties":{"hc-group":"admin1","hc-middle-x":0.73,"hc-middle-y":0.49,"hc-key":"es-gi","hc-a2":"GI","labelrank":"3","hasc":"ES.CT","alt-name":null,"woe-id":"12602125","subregion":null,"fips":"SP86","postal-code":"GI","name":"Gerona","country":"Spain","type-en":"Autonomous Community","region":"Cataluña","longitude":"2.79123","woe-name":"Cataluña","latitude":"42.0844","woe-label":"Catalonia, ES, Spain","type":"Comunidad Autónoma"}},{"type":"Polygon","arcs":[[125,-64,-63,126,127,-45,-112]],"id":"ES.AB","properties":{"hc-group":"admin1","hc-middle-x":0.45,"hc-middle-y":0.37,"hc-key":"es-ab","hc-a2":"AB","labelrank":"3","hasc":"ES.CM","alt-name":null,"woe-id":"12602110","subregion":null,"fips":"SP84","postal-code":"AB","name":"Albacete","country":"Spain","type-en":"Autonomous Community","region":"Castilla-La Mancha","longitude":"-1.94309","woe-name":"Castilla-La Mancha","latitude":"38.834","woe-label":"Castille la Mancha, ES, Spain","type":"Comunidad Autónoma"}},{"type":"Polygon","arcs":[[-126,-111,128,-65]],"id":"ES.A","properties":{"hc-group":"admin1","hc-middle-x":0.45,"hc-middle-y":0.3,"hc-key":"es-a","hc-a2":"AL","labelrank":"6","hasc":"ES.VC","alt-name":null,"woe-id":"12602137","subregion":null,"fips":"SP89","postal-code":"A","name":"Alicante","country":"Spain","type-en":"Autonomous Community","region":"Valenciana","longitude":"-0.533879","woe-name":"Comunidad Valenciana","latitude":"38.5418","woe-label":"Valencia, ES, Spain","type":"Comunidad Autónoma"}},{"type":"Polygon","arcs":[[-86,-91,-82,129,130,-72,-10,-92]],"id":"ES.AV","properties":{"hc-group":"admin1","hc-middle-x":0.52,"hc-middle-y":0.61,"hc-key":"es-av","hc-a2":"AV","labelrank":"3","hasc":"ES.CL","alt-name":null,"woe-id":"12602115","subregion":null,"fips":"SP85","postal-code":"AV","name":"Ávila","country":"Spain","type-en":"Autonomous Community","region":"Castilla y León","longitude":"-4.87934","woe-name":"Castilla y León","latitude":"40.5611","woe-label":"Castille and Leon, ES, Spain","type":"Comunidad Autónoma"}},{"type":"Polygon","arcs":[[-131,131,132,133,-73]],"id":"ES.CC","properties":{"hc-group":"admin1","hc-middle-x":0.54,"hc-middle-y":0.55,"hc-key":"es-cc","hc-a2":"CC","labelrank":"3","hasc":"ES.EX","alt-name":null,"woe-id":"12602129","subregion":null,"fips":"SP90","postal-code":"CC","name":"Cáceres","country":"Spain","type-en":"Autonomous Community","region":"Extremadura","longitude":"-6.08204","woe-name":"Extremadura","latitude":"39.7279","woe-label":"Extremadura, ES, Spain","type":"Comunidad Autónoma"}},{"type":"Polygon","arcs":[[134,135,-132,-130,-81,-47,136]],"id":"ES.TO","properties":{"hc-group":"admin1","hc-middle-x":0.32,"hc-middle-y":0.42,"hc-key":"es-to","hc-a2":"TO","labelrank":"3","hasc":"ES.CM","alt-name":null,"woe-id":"12602114","subregion":null,"fips":"SP84","postal-code":"TO","name":"Toledo","country":"Spain","type-en":"Autonomous Community","region":"Castilla-La Mancha","longitude":"-3.95134","woe-name":"Castilla-La Mancha","latitude":"39.7401","woe-label":"Castille la Mancha, ES, Spain","type":"Comunidad Autónoma"}},{"type":"Polygon","arcs":[[-135,137,138,-96,139,140,-133,141]],"id":"ES.BA","properties":{"hc-group":"admin1","hc-middle-x":0.35,"hc-middle-y":0.53,"hc-key":"es-ba","hc-a2":"BA","labelrank":"3","hasc":"ES.EX","alt-name":null,"woe-id":"12602128","subregion":null,"fips":"SP90","postal-code":"BA","name":"Badajoz","country":"Spain","type-en":"Autonomous Community","region":"Extremadura","longitude":"-6.26724","woe-name":"Extremadura","latitude":"38.5731","woe-label":"Extremadura, ES, Spain","type":"Comunidad Autónoma"}},{"type":"Polygon","arcs":[[-61,142,-97,-139,143,144]],"id":"ES.CO","properties":{"hc-group":"admin1","hc-middle-x":0.43,"hc-middle-y":0.47,"hc-key":"es-co","hc-a2":"CO","labelrank":"3","hasc":"ES.AN","alt-name":null,"woe-id":"12602098","subregion":null,"fips":"SP80","postal-code":"CO","name":"Córdoba","country":"Spain","type-en":"Autonomous Community","region":"Andalucía","longitude":"-4.74788","woe-name":"Andalucía","latitude":"37.9699","woe-label":"Andalusia, ES, Spain","type":"Comunidad Autónoma"}},{"type":"Polygon","arcs":[[145,-140,-95]],"id":"ES.H","properties":{"hc-group":"admin1","hc-middle-x":0.39,"hc-middle-y":0.37,"hc-key":"es-h","hc-a2":"HU","labelrank":"3","hasc":"ES.AN","alt-name":null,"woe-id":"12602100","subregion":null,"fips":"SP80","postal-code":"H","name":"Huelva","country":"Spain","type-en":"Autonomous Community","region":"Andalucía","longitude":"-6.90248","woe-name":"Andalucía","latitude":"37.6217","woe-label":"Andalusia, ES, Spain","type":"Comunidad Autónoma"}},{"type":"Polygon","arcs":[[146,147,148]],"id":"ES.C","properties":{"hc-group":"admin1","hc-middle-y":0.55,"hc-key":"es-c","hc-a2":"LC","labelrank":"3","hasc":"ES.GA","alt-name":null,"woe-id":"12602130","subregion":null,"fips":"SP91","postal-code":"C","name":"La Coruña","country":"Spain","type-en":"Autonomous Community","region":"Galicia","longitude":"-8.397360000000001","woe-name":"Galicia","latitude":"43.1026","woe-label":"Galicia, ES, Spain","type":"Comunidad Autónoma"}},{"type":"Polygon","arcs":[[-60,149,150,-98,-143]],"id":"ES.MA","properties":{"hc-group":"admin1","hc-middle-x":0.41,"hc-key":"es-ma","hc-a2":"MA","labelrank":"3","hasc":"ES.AN","alt-name":null,"woe-id":"12602102","subregion":null,"fips":"SP80","postal-code":"MA","name":"Málaga","country":"Spain","type-en":"Autonomous Community","region":"Andalucía","longitude":"-4.68606","woe-name":"Andalucía","latitude":"36.838","woe-label":"Andalusia, ES, Spain","type":"Comunidad Autónoma"}},{"type":"Polygon","arcs":[[151,-149,152,-116]],"id":"ES.PO","properties":{"hc-group":"admin1","hc-middle-x":0.41,"hc-middle-y":0.31,"hc-key":"es-po","hc-a2":"PO","labelrank":"3","hasc":"ES.GA","alt-name":null,"woe-id":"12602133","subregion":null,"fips":"SP91","postal-code":"PO","name":"Pontevedra","country":"Spain","type-en":"Autonomous Community","region":"Galicia","longitude":"-8.499800000000001","woe-name":"Galicia","latitude":"42.5257","woe-label":"Galicia, ES, Spain","type":"Comunidad Autónoma"}},{"type":"Polygon","arcs":[[153,-69,-51,-36,-123]],"id":"ES.LO","properties":{"hc-group":"admin1","hc-middle-x":0.42,"hc-middle-y":0.45,"hc-key":"es-lo","hc-a2":"LO","labelrank":"3","hasc":"ES.LO","alt-name":null,"woe-id":"12578023","subregion":null,"fips":"SP85","postal-code":"LO","name":"La Rioja","country":"Spain","type-en":"Autonomous Community","region":"La Rioja","longitude":"-2.40337","woe-name":"La Rioja","latitude":"42.3179","woe-label":"La Rioja, ES, Spain","type":"Comunidad Autónoma"}},{"type":"Polygon","arcs":[[-154,-122,-88,-93,-70]],"id":"ES.SO","properties":{"hc-group":"admin1","hc-middle-x":0.51,"hc-middle-y":0.51,"hc-key":"es-so","hc-a2":"SO","labelrank":"3","hasc":"ES.CL","alt-name":null,"woe-id":"12602121","subregion":null,"fips":"SP85","postal-code":"SO","name":"Soria","country":"Spain","type-en":"Autonomous Community","region":"Castilla y León","longitude":"-2.55925","woe-name":"Castilla y León","latitude":"41.6463","woe-label":"Castille and Leon, ES, Spain","type":"Comunidad Autónoma"}},{"type":"Polygon","arcs":[[154,-58,-67]],"id":"ES.AL","properties":{"hc-group":"admin1","hc-middle-x":0.54,"hc-middle-y":0.61,"hc-key":"es-al","hc-a2":"AL","labelrank":"3","hasc":"ES.AN","alt-name":null,"woe-id":"12602095","subregion":null,"fips":"SP80","postal-code":"AL","name":"Almería","country":"Spain","type-en":"Autonomous Community","region":"Andalucía","longitude":"-2.22473","woe-name":"Andalucía","latitude":"37.1563","woe-label":"Andalusia, ES, Spain","type":"Comunidad Autónoma"}},{"type":"Polygon","arcs":[[155,-103,-121,-125]],"id":"ES.B","properties":{"hc-group":"admin1","hc-middle-x":0.41,"hc-middle-y":0.53,"hc-key":"es-b","hc-a2":"BA","labelrank":"3","hasc":"ES.CT","alt-name":null,"woe-id":"12602124","subregion":null,"fips":"SP86","postal-code":"B","name":"Barcelona","country":"Spain","type-en":"Autonomous Community","region":"Cataluña","longitude":"2.00777","woe-name":"Cataluña","latitude":"41.6575","woe-label":"Catalonia, ES, Spain","type":"Comunidad Autónoma"}},{"type":"Polygon","arcs":[[156,-99,-151]],"id":"ES.CA","properties":{"hc-group":"admin1","hc-middle-x":0.44,"hc-middle-y":0.54,"hc-key":"es-ca","hc-a2":"CA","labelrank":"3","hasc":"ES.AN","alt-name":null,"woe-id":"12602096","subregion":null,"fips":"SP80","postal-code":"CA","name":"Cádiz","country":"Spain","type-en":"Autonomous Community","region":"Andalucía","longitude":"-5.82488","woe-name":"Andalucía","latitude":"36.4828","woe-label":"Andalusia, ES, Spain","type":"Comunidad Autónoma"}},{"type":"Polygon","arcs":[[157,-28,-20,158]],"id":"ES.O","properties":{"hc-group":"admin1","hc-middle-y":0.46,"hc-key":"es-o","hc-a2":"AS","labelrank":"3","hasc":"ES.AS","alt-name":null,"woe-id":"12578027","subregion":null,"fips":"SP95","postal-code":"O","name":"Asturias","country":"Spain","type-en":"Autonomous Community","region":"Asturias","longitude":"-5.84196","woe-name":"Principado de Asturias","latitude":"43.3261","woe-label":"Asturias, ES, Spain","type":"Comunidad Autónoma"}},{"type":"Polygon","arcs":[[159,-113,-106,-105]],"id":"ES.CS","properties":{"hc-group":"admin1","hc-middle-x":0.59,"hc-middle-y":0.47,"hc-key":"es-cs","hc-a2":"CS","labelrank":"6","hasc":"ES.VC","alt-name":null,"woe-id":"12602138","subregion":null,"fips":"SP89","postal-code":"CS","name":"Castellón","country":"Spain","type-en":"Autonomous Community","region":"Valenciana","longitude":"-0.097511","woe-name":"Comunidad Valenciana","latitude":"40.222","woe-label":"Valencia, ES, Spain","type":"Comunidad Autónoma"}},{"type":"MultiPolygon","arcs":[[[-46,-128,160,-144,-138,-137]],[[-136,-142]]],"id":"ES.CR","properties":{"hc-group":"admin1","hc-middle-x":0.58,"hc-middle-y":0.53,"hc-key":"es-cr","hc-a2":"CR","labelrank":"3","hasc":"ES.CM","alt-name":null,"woe-id":"12602111","subregion":null,"fips":"SP84","postal-code":"CR","name":"Ciudad Real","country":"Spain","type-en":"Autonomous Community","region":"Castilla-La Mancha","longitude":"-3.74727","woe-name":"Castilla-La Mancha","latitude":"38.8936","woe-label":"Castille la Mancha, ES, Spain","type":"Comunidad Autónoma"}},{"type":"Polygon","arcs":[[-62,-145,-161,-127]],"id":"ES.J","properties":{"hc-group":"admin1","hc-middle-x":0.45,"hc-middle-y":0.47,"hc-key":"es-j","hc-a2":"JA","labelrank":"3","hasc":"ES.AN","alt-name":null,"woe-id":"12602101","subregion":null,"fips":"SP80","postal-code":"J","name":"Jaén","country":"Spain","type-en":"Autonomous Community","region":"Andalucía","longitude":"-3.43703","woe-name":"Andalucía","latitude":"37.9829","woe-label":"Andalusia, ES, Spain","type":"Comunidad Autónoma"}},{"type":"Polygon","arcs":[[-19,-117,-153,-148,161,-159]],"id":"ES.LU","properties":{"hc-group":"admin1","hc-middle-x":0.46,"hc-middle-y":0.61,"hc-key":"es-lu","hc-a2":"LU","labelrank":"3","hasc":"ES.GA","alt-name":null,"woe-id":"12602131","subregion":null,"fips":"SP91","postal-code":"LU","name":"Lugo","country":"Spain","type-en":"Autonomous Community","region":"Galicia","longitude":"-7.44266","woe-name":"Galicia","latitude":"42.9467","woe-label":"Galicia, ES, Spain","type":"Comunidad Autónoma"}},{"type":"MultiPolygon","arcs":[[[162]],[[163]],[[164]],[[165]]],"id":"ES.TF","properties":{"hc-group":"admin1","hc-middle-x":0.75,"hc-middle-y":0.65,"hc-key":"es-tf","hc-a2":"TF","labelrank":"20","hasc":"ES.CN","alt-name":null,"woe-id":"12602109","subregion":null,"fips":null,"postal-code":"TF","name":"Santa Cruz de Tenerife","country":"Spain","type-en":"Autonomous Community","region":"Canary Is.","longitude":"-16.6144","woe-name":"Santa Cruz de Tenerife","latitude":"28.2566","woe-label":null,"type":"Comunidad Autónoma","hc-inset":"es-all-canaries"}},{"type":"MultiPolygon","arcs":[[[166]],[[167]],[[168]],[[169]]],"id":"ES.GC","properties":{"hc-group":"admin1","hc-middle-x":0.73,"hc-middle-y":0.63,"hc-key":"es-gc","hc-a2":"GC","labelrank":"20","hasc":"ES.CN","alt-name":null,"woe-id":"12602108","subregion":null,"fips":null,"postal-code":"GC","name":"Las Palmas","country":"Spain","type-en":"Autonomous Community","region":"Canary Is.","longitude":"-15.6013","woe-name":"Palmas","latitude":"27.9463","woe-label":null,"type":"Comunidad Autónoma","hc-inset":"es-all-canaries"}}],"hc-recommended-transform":{"default":{"crs":"+proj=lcc +lat_1=40 +lat_0=40 +lon_0=0 +k_0=0.9988085293 +x_0=600000 +y_0=600000 +a=6378298.3 +b=6356657.142669561 +pm=madrid +units=m +no_defs","scale":0.000612848427797,"jsonres":15.5,"jsonmarginX":-999,"jsonmarginY":9851,"xoffset":142692.792586,"yoffset":1028372.5328},"es-all-canaries":{"xpan":500,"ypan":450,"crs":"+proj=lcc +lat_1=40 +lat_0=40 +lon_0=0 +k_0=0.9988085293 +x_0=600000 +y_0=600000 +a=6378298.3 +b=6356657.142669561 +pm=madrid +units=m +no_defs","scale":0.000264609209011,"jsonres":15.5,"jsonmarginX":-999,"jsonmarginY":9851,"xoffset":-850558.031443,"yoffset":-529925.129088,"geometry":{"type":"Polygon","coordinates":[[[-0.11579714726292692,36.530853111146996],[0.41579892099773214,37.419072409229415],[4.214082981641347,37.2144217210403],[4.115058325669424,36.31232733523957],[-0.11579714726292692,36.530853111146996]]]}}},"hc-recommended-mapview":{"insets":[{"id":"es-canaries","borderPath":{"type":"MultiLineString","coordinates":[[[65,90],[70,75],[90,75]]]},"field":{"type":"Polygon","coordinates":[[[70,75],[90,75],[90,90],[65,90],[70,75]]]},"geoBounds":{"type":"Polygon","coordinates":[[[-18.5,29.6],[-12.4,29.6],[-14,27.5],[-18.5,27.5]]]},"padding":[0,0,0,"20%"],"projection":{"name":"LambertConformalConic","parallels":[40],"rotation":[0]}}]}}},"arcs":[[[8711,6876],[21,-34],[35,-2],[8,-23],[-26,-3],[-29,20],[-33,-25],[0,44],[24,23]],[[9397,7118],[-23,-14],[-8,21],[30,21],[1,-28]],[[8611,6971],[10,39],[29,1],[-4,41],[29,27],[80,25],[18,-7],[20,-48],[-50,-61],[-42,-25],[-6,-36],[-26,19],[-37,-3],[-21,28]],[[9535,7495],[27,22],[54,-22],[-3,-38],[-25,-32],[-3,-27],[-37,-42],[-17,-64],[-28,-38],[-71,-56],[-46,58],[-58,0],[-29,23],[-11,38],[8,26],[-18,25],[-26,13],[-39,-21],[-21,-36],[-13,-1],[-17,41],[-28,-9],[-15,22],[0,33],[50,30],[22,25],[23,8],[60,62],[48,37],[54,25],[63,14],[45,20],[11,-12],[-47,-22],[-1,-20],[50,7],[-6,-21],[-27,-12],[13,-44],[58,-12]],[[9928,7553],[-72,51],[-82,7],[9,29],[-21,19],[8,21],[131,7],[28,-12],[42,-43],[28,-64],[-15,13],[-2,-41],[-22,-3],[-32,16]],[[5683,8914],[-5,95],[12,19],[17,-13],[25,9],[13,28],[30,3],[33,25],[24,-26],[18,14]],[[5850,9068],[-12,-84],[44,-2],[3,-37],[-10,-45],[-27,-50],[8,-15],[53,12],[35,-71],[14,5],[37,44],[46,-50],[35,14],[-1,-36],[26,-10],[16,10],[39,-5],[32,20],[52,1],[10,-20],[26,-4]],[[6276,8745],[5,-85],[22,-29]],[[6303,8631],[-15,-43],[-106,-39],[-69,-6],[-47,-20],[19,-73],[-27,17],[-28,1],[7,-26],[-31,-35],[-23,-42]],[[5983,8365],[-41,-11],[-19,-20],[-21,1],[-40,31],[-67,-15]],[[5795,8351],[-61,40],[-12,-9]],[[5722,8382],[-23,8],[20,36],[-15,65],[-1,76],[46,30],[-27,21],[-17,67],[-28,55],[49,33],[-13,36],[2,52],[11,15],[-43,38]],[[5715,9045],[-14,-3],[-5,19],[17,9],[2,-25]],[[5619,8949],[44,-41]],[[5663,8908],[-7,-39],[-37,80]],[[5683,8914],[-20,-6]],[[5619,8949],[-15,-22],[-31,13],[-8,28],[-45,-9],[-5,15],[-37,-12],[-24,20],[-28,-15],[-40,19],[-70,-5],[-48,36],[-52,-3],[-28,-12],[-30,15],[-65,6],[-35,22]],[[5058,9045],[20,32],[-7,36],[-38,30],[8,46],[-44,17],[-23,-10],[-44,5]],[[4930,9201],[25,84],[-8,41],[51,32],[24,31],[2,41],[14,25]],[[5038,9455],[26,-13],[22,16],[70,-2],[51,21],[-12,26],[27,8],[22,29],[58,-23],[15,16],[29,-9],[25,24],[40,-2],[16,-28],[48,-28],[30,2],[21,41],[29,4],[55,-16],[30,18],[24,1],[26,24],[66,2],[42,9],[21,40],[72,39],[34,-30]],[[5925,9624],[2,-49],[25,-18],[20,-39]],[[5972,9518],[-28,-17],[-11,-39],[-23,-41],[-16,-7],[-1,-43],[-13,-24],[21,-18],[-13,-103],[12,-5],[-10,-96],[-28,-4],[14,-18],[-6,-31],[-20,-4]],[[6762,4759],[16,-32],[-14,-6],[-10,28],[8,10]],[[6253,8974],[0,21],[15,-4],[3,-14],[-18,-3]],[[5972,9518],[78,5],[39,16],[28,-11],[19,-29],[52,-22],[8,-62],[32,7],[-15,-24],[44,-37]],[[6257,9361],[-27,-7],[-62,-47],[5,-36],[-14,-30],[19,-21],[9,-50],[-39,-10],[6,-34],[17,0],[19,-96],[20,-29],[-6,-29],[37,-4],[18,-54],[41,6],[7,-13],[-25,-33],[10,-12],[40,22],[10,-19],[-37,-20],[-9,-27],[-41,-9],[0,-25],[21,-39]],[[6620,9648],[-14,-6],[-2,27],[8,-2],[8,-19]],[[5925,9624],[40,3],[12,45],[32,4],[22,16],[31,-6],[-6,37],[10,34]],[[6066,9757],[15,-12],[22,12],[21,-11],[87,13],[40,18],[31,2],[47,27],[43,9],[26,-11],[-34,-20],[21,-10],[18,26],[90,28],[21,-23],[31,-6],[-29,-25],[18,-11],[30,8],[56,-13],[52,-27]],[[6672,9731],[-4,-32],[-19,-10],[-53,5],[-53,-42],[8,-57]],[[6551,9595],[-42,2],[-58,20],[-53,-51],[-31,-6],[-3,-17],[-48,-36],[-14,-45],[12,-13],[33,24],[22,-14],[-34,-26],[7,-17],[28,13],[7,-39],[-45,-22],[-38,-3],[-1,34],[-19,-34],[-17,-4]],[[7549,9139],[-8,12],[14,10],[2,-9],[-8,-13]],[[7598,9159],[-30,6],[4,16],[12,6],[14,-28]],[[7741,9457],[-27,-8],[-18,-34],[-5,-39],[-21,-27]],[[7670,9349],[-53,-29],[-9,-29],[-45,-5],[-27,-52],[-23,-3],[-6,-41],[-31,-45],[3,-40],[-22,-30],[-14,-50],[10,-58],[35,-55],[-47,-80],[-28,8],[-32,-6],[-45,31],[-30,-1],[-23,20],[-34,6]],[[7249,8890],[-17,15],[-2,31],[32,43],[49,-6],[12,8],[-5,42],[-73,42],[-51,67],[-25,0],[-20,31],[-57,2],[-32,27],[-57,4]],[[7003,9196],[0,62],[-20,-13],[-18,21],[37,31],[19,-13],[33,15],[-13,36],[16,15],[19,58],[-5,38]],[[7071,9446],[17,31],[36,-2],[41,29],[12,45],[39,30],[4,48],[43,28],[32,35]],[[7295,9690],[33,6],[16,-30],[23,-3],[12,21],[69,-26],[-9,-66],[-28,-34],[23,-28],[24,-4],[15,40],[33,-29],[55,-25],[54,-13],[21,-18],[52,-9],[34,7],[19,-22]],[[5673,5127],[14,0],[34,-21],[-22,-27],[-26,48]],[[7269,7899],[38,-41],[4,-29],[23,-3],[47,-48],[49,-6],[-2,-29]],[[7428,7743],[32,-79],[53,-15],[42,9]],[[7555,7658],[8,-25]],[[7563,7633],[-27,-21],[1,-46],[-9,-42],[-19,-33],[-11,-43],[-36,7],[-24,-24],[-34,-62],[-7,-58],[8,-18]],[[7405,7293],[-106,-63],[-14,-25],[-51,15],[-46,-7],[-14,36],[-31,5],[19,-57],[-54,8],[-53,-33],[-14,35],[-24,-31],[-61,67],[-8,-9],[-40,8],[-54,-14]],[[6854,7228],[-21,50],[-19,-27],[-23,-2],[6,24],[-27,50]],[[6770,7323],[2,81],[8,25],[-41,49],[-27,72],[-28,25],[12,68],[-20,-1],[-10,50]],[[6666,7692],[31,3],[14,21],[-4,32]],[[6707,7748],[26,-1],[7,33],[38,-32],[43,32],[7,35],[-7,37],[3,50],[17,9],[21,-14],[43,34],[50,-21],[-14,73],[26,-15],[43,23],[-11,18],[11,20],[26,-24],[14,7],[6,37],[33,-13],[24,22],[32,-11],[25,-25],[44,-5],[17,-37],[16,-64],[22,-17]],[[6940,9562],[3,-39],[-27,-26],[19,-12],[91,-8],[45,-31]],[[7003,9196],[-42,26],[-37,-26],[-45,25],[0,28],[-28,23],[-14,-21],[-21,3],[-4,33]],[[6812,9287],[-7,13],[-94,75],[-25,-10],[-14,30],[17,31],[-8,13],[-38,-37],[-28,36],[21,31],[19,6],[21,-19],[29,-6],[39,12],[2,15],[-24,23],[23,13],[-22,26],[-17,-23],[-40,8],[10,48],[-13,17],[13,21]],[[6676,9610],[17,-12],[27,6],[19,31],[28,-36],[-5,-40],[24,-22],[87,-16],[30,9],[-11,25],[48,7]],[[6955,9293],[-39,32],[20,32],[-36,11],[-39,13],[-41,-1],[-22,-26],[24,-30],[80,-30],[53,-1]],[[6940,9562],[22,19],[4,64],[32,28],[-10,13],[15,25]],[[7003,9711],[54,-16],[39,7],[30,-17],[108,43],[33,24],[6,-33],[22,-29]],[[7033,6428],[34,-45],[23,-23]],[[7090,6360],[-27,-21],[-9,-38],[4,-35],[-18,-41],[3,-47],[-27,-6],[8,-55],[-58,-21],[-68,-66],[-10,-61],[2,-45],[-43,13],[-21,23],[-25,-5],[-11,-51],[-19,-14],[-7,-27],[-32,-27],[9,-61],[-32,-35],[17,-43],[-49,-35],[5,-26]],[[6682,5636],[-44,5],[-46,-6],[-37,-30],[-60,10],[-23,18],[-58,-11],[-20,7]],[[6394,5629],[4,41],[-27,33],[-21,-1],[-121,59],[-50,47],[-26,100]],[[6153,5908],[28,27],[-3,19],[24,57],[32,4],[27,28],[33,-1]],[[6294,6042],[23,-15],[48,5],[22,50],[48,32],[25,7],[54,52],[36,-28],[49,6],[28,34],[29,2],[43,-25],[17,11],[30,-8],[4,20],[32,20],[6,67],[46,86],[38,38],[13,-8],[33,27],[-3,36],[25,11]],[[6940,6462],[36,-19],[57,-15]],[[7033,6428],[6,23],[33,46],[17,36],[38,25],[30,34],[33,-7],[44,17],[60,46],[30,-12],[1,-18],[24,-13],[27,9],[39,48],[-10,82],[21,33],[9,41],[21,26],[23,-7],[45,35],[27,7],[67,-62]],[[7618,6817],[7,-55],[-8,-51],[-26,-32],[2,-50],[30,-9],[18,-40],[-6,-42],[-22,-53],[6,-31],[46,-83],[34,-40],[35,-14]],[[7734,6317],[-41,-76],[19,-35],[47,-29],[-98,-40],[-21,13],[-43,4],[-23,-15],[7,-17],[-61,30],[-36,-11],[-66,-50],[-7,-30],[-69,-32]],[[7342,6029],[-40,35],[-47,10],[-72,124],[-1,83],[9,51],[-84,16],[-17,12]],[[6551,9595],[64,35],[56,-10],[5,-10]],[[6812,9287],[-31,-10],[-48,9],[-28,-10],[7,-16],[-23,-32],[19,-12],[-6,-23],[15,-25],[-3,-44],[-23,-19],[9,-49],[-15,-46],[19,-36],[30,-35],[34,1],[11,-37]],[[6779,8903],[-10,-3],[-19,-54],[-18,-28],[-26,-2],[-43,-56],[-36,44],[-15,-5],[4,-52],[-35,-21],[-1,-27],[-16,-2],[-29,-62],[-30,11],[-7,-18]],[[6498,8628],[-58,-12],[-25,-34],[0,-29],[-18,1],[-7,27],[-22,-2],[-24,29],[-41,23]],[[5795,8351],[-10,-50],[23,-30],[-14,-29],[7,-25],[-23,-29],[0,-31],[-36,-49],[-53,-40],[-10,-34],[-27,-20],[-31,-3],[2,-21],[34,0],[-11,-43],[-25,-14],[-8,-24],[-18,31],[-19,0],[-31,-27],[3,-47],[-21,-34]],[[5527,7832],[-28,2],[-2,28],[-38,-15],[-10,-20],[-38,11],[-48,34],[12,24],[-61,50],[-52,-19],[-17,-22],[-68,-37],[-19,-18],[1,-22],[-59,-23],[-60,-2],[-23,20]],[[5017,7823],[36,48],[-25,33],[-3,20],[19,37],[-15,39],[15,51],[-10,60],[1,60],[-22,67],[-26,42],[16,24],[39,-1],[24,34],[3,27],[50,72],[37,1],[36,20]],[[5192,8457],[71,-14],[86,-51],[8,9],[39,-14],[-2,-15],[50,-2],[-3,27],[14,18],[35,-11],[67,17],[22,-22],[28,-1],[23,-19],[39,5],[3,-23],[44,-17],[6,38]],[[5192,8457],[47,58],[24,15],[16,41],[36,52],[-30,35],[-42,23],[-41,8],[-24,-16],[-19,14],[-9,40],[23,79],[-23,10],[4,27],[-25,9],[-60,-2],[-30,29],[-13,-25],[-40,0],[-17,11]],[[4969,8865],[8,41],[-26,29],[30,36],[11,26],[29,26],[27,1],[10,21]],[[7741,9457],[6,-25],[37,-17],[29,-34],[22,8],[48,-11],[46,32],[38,-35],[33,6],[19,-49],[36,-19],[92,26],[31,-11],[16,-26],[35,31],[16,-20],[97,2],[25,5]],[[8367,9320],[20,-39],[25,-14],[-2,-26],[-26,-52],[22,-85],[-5,-52],[-17,-60],[0,-29],[-27,-79],[-29,-26],[9,-47],[-44,-41],[-19,-28],[-22,-6],[-34,-47],[16,-49],[26,-4],[8,-28],[-18,-31],[-23,-15],[-5,-41]],[[8222,8521],[-43,14],[-34,-14],[-26,-34],[-39,5],[-15,15],[-24,-6],[-15,63],[-32,66],[-37,-3],[-41,37],[-13,30],[-48,31],[-16,65],[-37,30],[-27,41],[-49,1],[-33,25],[-6,18],[17,35],[17,-15],[20,26],[-5,98],[10,19],[-3,53],[-18,10],[4,-29],[-15,-38],[-25,0],[-14,-21],[-13,14],[37,60],[-1,24],[-25,16],[-3,111],[-9,21],[18,14],[-9,46]],[[6666,7692],[-10,13],[-45,-21],[-95,-4],[-11,-15],[-47,-20],[-2,-11],[-44,-21],[-27,-27],[-34,19],[42,17],[64,56],[4,42],[-65,19],[-13,15],[-82,31],[-36,26],[-29,-5],[-19,20],[-26,-9],[-28,-30],[-20,18],[-13,36],[-31,-43],[-41,-25],[-17,9]],[[6041,7782],[18,52],[-3,23],[35,-5],[23,51],[36,3],[3,81],[15,25],[-2,23],[21,-12],[32,18],[4,35]],[[6223,8076],[32,51],[47,12],[22,85],[19,24],[46,19],[15,29],[58,60],[34,14]],[[6496,8370],[31,-44],[18,-9],[11,-54],[-38,-120],[26,-40],[-9,-22],[31,-6],[32,-25],[-4,-30],[16,-40],[38,-12],[2,-38],[28,-35],[-18,-51],[-4,-39],[27,16],[18,-22],[6,-51]],[[6152,8058],[1,15],[19,6]],[[6172,8079],[8,-19],[-28,-2]],[[6496,8370],[60,32],[-2,31],[34,-7],[40,8],[23,22]],[[6651,8456],[51,-13],[45,4],[32,22],[29,-34],[52,3],[8,-12],[55,-23],[-11,-15],[11,-26],[24,5],[29,-44],[26,-13],[19,9],[34,-8],[49,15],[22,16],[32,-20],[2,41]],[[7160,8363],[48,8],[79,-61],[15,-24],[49,-50]],[[7351,8236],[10,-54],[25,-25],[-6,-58],[9,-38],[-6,-42],[-16,-15],[-38,11],[-12,-59],[-48,-57]],[[6223,8076],[-37,9],[-14,-6]],[[6152,8058],[-44,-15],[-11,73],[-22,49],[-23,-5],[-8,76],[-21,19],[-14,32],[-31,39],[5,39]],[[6498,8628],[8,-24],[45,-17],[4,-21],[29,-11],[7,-52],[60,-47]],[[5303,5733],[-23,14],[-25,-13]],[[5255,5734],[-17,18],[11,32],[-12,55],[12,25],[3,117],[-14,15],[6,43],[22,25],[-38,85],[3,18],[-61,17],[28,58],[70,24],[31,-20],[25,45],[27,0],[-10,27],[9,37],[-25,20]],[[5325,6375],[31,24],[61,12],[29,46],[-2,26],[35,37],[48,9],[14,-25],[-17,-12],[18,-23],[31,28],[19,-1]],[[5592,6496],[0,-12],[38,-45],[8,-38],[25,-26],[4,-34],[46,-69],[-1,-47],[-35,0],[-11,-15],[15,-38],[46,8],[39,27],[27,-2],[11,16],[34,12],[20,-13],[24,-66],[-6,-39],[54,-100],[26,-18],[23,20],[15,-13],[11,-52]],[[6005,5952],[-30,2],[-8,-49],[-26,-14],[-20,21],[-16,-16],[-36,0],[25,-20],[-6,-13],[-101,-67]],[[5787,5796],[-34,-34],[-43,41],[-48,-41],[-11,17],[10,30],[-28,9],[-15,-63],[-29,-10],[-36,27],[-21,-28],[-40,0],[-27,-15],[-10,-34],[-96,10],[-56,28]],[[8149,8103],[44,61],[-10,37],[18,58],[-33,54]],[[8168,8313],[-3,30],[40,28],[10,31],[17,12]],[[8232,8414],[11,28],[22,-2],[1,31],[16,2],[16,-25],[24,22],[26,-16],[82,21],[12,16],[20,-10],[35,8],[30,32],[22,47],[19,-6],[24,14],[17,48],[73,-4],[9,5]],[[8691,8625],[17,0],[-12,-42],[35,-18],[-5,-31],[39,-38],[20,-66],[-14,-15],[23,-26]],[[8794,8389],[-38,-3],[-112,-44],[-31,-8],[-15,-25],[-57,0],[-29,-15],[-50,-53],[-73,-86],[-8,-18],[32,-1],[47,-35],[-11,-32],[-29,-9],[-34,-49],[-40,-18],[-11,18],[32,-5],[30,37],[-58,-13],[-34,-54]],[[8305,7976],[-30,15],[-31,33],[-42,18],[-2,32],[-31,29],[-20,0]],[[8149,8103],[-57,-22],[-12,19],[-41,3],[-40,30],[-26,-21],[-5,-31],[-31,-20],[-33,-2],[2,-26],[35,-7],[-1,-61],[9,-23],[-26,-27],[19,-38],[-44,-44],[0,-19],[-23,-16],[-45,1],[-31,-104],[-59,-19],[-35,-37],[-6,-22],[22,-42]],[[7721,7575],[-26,-14],[-24,6],[-9,56],[-34,15],[-65,-5]],[[7555,7658],[32,14],[5,19],[-31,28],[-38,8],[-26,48],[-13,-32],[-56,0]],[[7351,8236],[70,3],[3,39],[29,35],[55,-10],[7,46],[38,-4],[36,23],[66,-47],[24,29],[27,-23],[23,36],[14,3],[21,-27],[37,49],[-15,29],[6,45],[13,6],[30,-54],[11,10],[-23,46],[4,18],[26,1],[38,-51],[31,-19],[11,9],[20,-25],[103,-51],[25,-49],[23,14],[64,-4]],[[7986,7474],[-7,-32],[-51,-91],[1,-80],[9,-40],[38,-87],[-12,-10],[15,-54],[39,-79],[40,-42]],[[8058,6959],[-88,-19],[-36,18],[-47,-39],[-80,-14],[14,-25],[26,-8],[-49,-30],[-50,36],[-39,-7],[-22,20],[-29,8]],[[7658,6899],[5,62],[-31,40],[-58,-11],[-57,65],[-6,22],[37,91],[1,52],[-120,38],[-24,35]],[[7721,7575],[24,-35],[20,19],[15,-10],[4,-48],[13,-8],[38,31],[24,-42],[31,11],[29,32],[67,-51]],[[6672,9731],[27,4],[36,-29],[-9,32],[44,41],[77,8],[19,-16],[10,-36],[13,28],[80,-26],[34,-26]],[[4969,8865],[-30,-12],[-42,28],[-24,-15],[1,-38],[-24,-24],[-68,-17],[-17,-19],[-12,29],[-67,-12],[6,25],[-51,16],[-77,-25],[-5,34],[-17,-29],[-21,-2],[-25,-29],[-59,-4],[-2,30],[-21,17],[23,49],[32,28],[6,19],[-19,20],[-23,-7],[-14,57]],[[4419,8984],[17,12],[8,45],[-31,-9],[-18,29],[6,23],[-25,28],[-11,45],[1,37],[17,-2],[57,51],[12,-15],[57,-4],[12,18],[27,5]],[[4548,9247],[15,-46],[16,-1],[49,-32],[16,0],[44,-31],[42,-4],[46,24],[72,-17],[24,-50],[23,63],[35,48]],[[8232,8414],[7,55],[-22,30],[5,22]],[[8367,9320],[-13,30],[10,58],[30,4],[39,-9],[48,-28],[66,-6],[29,-37],[82,-2],[18,-16],[31,-57],[-10,-41],[19,-15],[-18,-11],[17,-32],[27,-4],[59,24],[4,16],[28,0]],[[8833,9194],[13,-35],[29,-11],[15,-70]],[[8890,9078],[-56,-11],[-13,-16],[2,-31],[19,-14],[-29,-119],[-23,-63],[7,-41],[-32,-38],[-67,9],[-1,-48],[14,-38],[-30,-25],[10,-18]],[[7160,8363],[-43,26],[-11,63],[4,32],[17,19],[12,40],[21,-4],[17,-29],[30,17],[-14,57],[-4,54],[28,5],[52,42],[10,30],[-27,44],[13,38],[-18,64]],[[7247,8861],[5,17],[-3,12]],[[8833,9194],[35,-7],[60,-28],[16,-43],[40,-9],[37,39],[63,8],[64,-28],[19,-26],[27,-9],[10,16],[51,-8],[-10,20],[22,21],[35,2],[74,38],[42,-3],[16,-21],[51,0],[-3,-42],[13,-15],[51,-10],[-24,-52],[-50,11],[-15,-24],[3,-48],[40,-45],[-8,-22],[17,-42],[-17,-48],[-20,-26],[-32,-12],[-4,-17],[-61,-53],[-36,-10],[-33,-32]],[[9306,8669],[-13,56],[-20,8],[-69,-18],[-49,52],[-33,-3],[-20,30],[9,26],[20,-11],[26,10],[-1,38],[28,48],[-19,29],[-18,0],[-24,30],[-25,-5],[-13,19],[-67,-15],[-28,11],[-18,53],[7,43],[-30,1],[-27,15],[-32,-8]],[[7658,6899],[-10,-15],[23,-46],[-16,-15],[-37,-6]],[[6940,6462],[46,67],[6,43],[-18,25],[-8,62],[-38,22],[1,41],[-45,0],[-37,21]],[[6847,6743],[-4,24],[17,32],[21,7],[16,44],[-16,43],[-30,22],[-6,43],[-17,16],[-31,3],[-4,21],[31,67],[-15,49],[54,84],[-9,30]],[[8058,6959],[63,-21],[33,-28],[19,-43],[-29,-13],[-45,-49],[-34,-6],[-33,-55],[-50,-10],[-63,-36],[-27,-39],[-4,-21],[-43,-17],[3,-81],[-47,-17],[-16,-39],[-4,-78],[-28,-29],[-19,-60]],[[6041,7782],[-31,-9],[-20,12],[-6,36],[-48,-9],[-3,-19],[-40,-35],[-8,-20],[-30,-17],[-11,23],[-19,-1],[-37,-34],[-83,13]],[[5705,7722],[-15,30],[3,56],[-31,-7],[-24,-24],[-27,-5],[-29,15],[-37,37],[-18,8]],[[5705,7722],[-14,-7],[-14,-114],[2,-24],[25,5],[18,-17],[-12,-56],[25,-12],[23,25],[18,0],[11,-45],[-4,-35],[-20,-40],[52,-66],[18,-9],[42,-53]],[[5875,7274],[-50,-18],[-18,22],[-11,-37],[-25,-18],[-71,9],[-4,-59],[-28,-40],[-15,-3],[-32,31],[-43,-13],[16,-25],[-6,-19],[-44,-21],[-35,33],[-19,5],[-21,-26],[-29,-12],[-8,15],[-31,-24],[-4,36],[-54,-59],[-48,42],[-27,10],[-4,43],[-23,-14],[-70,7],[-58,16],[-10,-14],[-39,8],[-14,30],[22,40],[-21,46],[-40,4],[-71,33],[-8,-14],[20,-25],[-8,-33],[-14,-3],[-1,40],[-39,-12],[2,-29],[-21,-30],[-21,3]],[[4850,7199],[-34,44],[6,71],[-37,23],[-52,62],[-19,53],[96,-5],[47,9],[24,-7],[65,9],[11,16],[5,54],[34,43],[0,32],[19,53],[-34,58],[-26,10],[-13,39],[9,21],[66,39]],[[5987,7310],[-5,-7],[-22,-13]],[[5960,7290],[5,37],[-15,26],[-39,22],[-16,-23],[-20,-78]],[[6770,7323],[-21,-16],[-41,3],[-32,28],[-19,-13],[-48,-2],[-15,-38],[-32,-3],[-32,-20],[-3,-18],[-35,-27],[-55,-3],[-25,-16],[-20,16],[-27,-22],[-55,24],[-3,33],[-45,9],[-30,-5],[10,61],[26,11],[-7,30],[15,32],[-52,1],[-15,-48],[-22,-13],[-82,19],[-22,-14],[-16,39],[-18,-6],[-29,-52],[-33,-3]],[[5987,7310],[6,-20],[-14,-45],[-21,-18],[21,-56],[23,-32],[-30,14],[-36,2],[-18,-21],[-9,-37],[15,-36],[-19,-10],[-34,9],[18,-54],[30,-8],[-2,-37],[-28,-3],[-38,-90],[-17,-5]],[[5834,6863],[-54,-6],[-10,-32],[-81,-51],[-25,-43],[-66,-56],[1,-54],[20,-43],[-8,-65],[-19,-17]],[[5325,6375],[-77,37],[-25,33],[-32,-22],[-39,4],[-6,20],[-26,23],[-46,0],[-28,12],[6,37],[-61,22],[-7,-6]],[[4984,6535],[-34,1],[-34,-16],[-28,61],[-67,94],[-19,14],[19,68],[18,29],[-6,21],[9,62],[53,50],[42,23],[-5,30],[41,68],[-11,44],[-18,15],[-39,-7],[-18,10],[0,35],[-34,16],[-3,46]],[[5875,7274],[29,-16],[56,32]],[[6153,5908],[-24,18],[-5,39],[-27,0],[-42,-41],[-50,28]],[[5834,6863],[40,-27],[28,0],[25,-50],[44,-15],[52,-51],[42,-26],[30,-37],[78,-28]],[[6173,6629],[15,-8],[19,-76],[13,-21],[-11,-33],[-40,-77],[10,-24],[-10,-89],[23,-28],[5,-37],[21,-11],[-18,-44],[46,-55],[10,-32],[22,-19],[16,-33]],[[5255,5734],[-3,-52],[-18,-8],[-27,60],[-23,34],[-109,88],[-66,40],[-11,30],[29,50],[-35,-38],[-14,0],[16,-38],[-77,32],[7,-11],[-108,-3],[-38,-5],[-9,41],[-5,78],[-13,67],[-24,45],[25,43],[21,71],[40,38],[30,85],[-2,17],[53,15],[13,24],[44,-11],[33,109]],[[4192,9315],[-32,-27],[-15,23],[-4,-25],[-54,-39],[-19,-30],[-27,41],[19,69],[48,49],[-3,10],[-54,-5],[-14,-25],[-24,36],[16,12],[-18,16],[3,37],[-40,14],[-20,-31],[-11,20],[19,58],[-13,24],[27,37],[30,9],[-29,16],[35,29],[16,-8],[33,13],[7,17],[23,-6],[-13,34],[65,35],[67,-28],[44,19],[16,-7],[51,38],[24,6],[15,-22],[11,35],[28,-12],[28,-36],[-1,44],[14,11],[-40,6],[-10,22],[45,6],[5,13],[-70,-14],[9,60],[35,5],[65,50],[12,33],[47,13],[33,20],[14,-32],[50,24],[22,27],[-5,-38]],[[4652,9961],[-25,-104],[3,-26],[-15,-45],[-25,-29],[-20,3],[-3,-41],[-19,-26],[1,-27],[-14,-41],[16,-60],[-4,-25],[12,-40],[-2,-32],[-39,-54]],[[4518,9414],[-22,-9],[-56,12],[-51,-21],[-21,15],[0,-32],[-25,-1],[-13,-21],[-69,-6],[-69,-36]],[[6394,5629],[-28,10],[-54,-15],[-43,13],[-23,-14],[-51,-8],[-79,7],[-14,-8],[-41,-81],[-28,-4],[-11,-26],[-48,-24],[-80,8],[-41,-30],[-30,-3],[-56,-25],[-29,-71]],[[5738,5358],[-11,25],[-19,-8],[-15,68],[-39,55],[-57,-18],[-10,28],[37,13],[29,36],[47,30],[18,64],[-16,43],[32,21],[30,-28],[28,9],[19,31],[-4,39],[-20,30]],[[4419,8984],[-55,-33],[-69,-11],[-56,-20],[-19,-31],[-36,-20],[-12,-19],[-38,-30],[-7,11],[-9,120],[32,18],[-9,19],[34,39],[65,49],[1,28],[-23,-30],[-54,-25],[-32,-2],[16,53],[24,-1],[51,54],[-12,8],[-30,-20],[-49,5],[-30,39],[24,11],[24,-22],[2,68],[21,21],[19,52]],[[4518,9414],[15,-4],[-6,-38],[43,-36],[-5,-54],[-17,-35]],[[7247,8861],[-29,-18],[-84,23],[-2,36],[-15,27],[12,16],[-30,8],[-25,-9],[-16,25],[-29,7],[-40,-5],[-33,-17],[-2,-23],[-25,-42],[-44,0],[-32,13],[12,57],[-31,-8],[-12,-39],[-43,-9]],[[7342,6029],[-38,-61],[-38,-47],[-18,-81],[-23,-54],[3,-24],[-46,-39],[-5,-25],[-25,-44],[-25,-24],[-34,0],[-36,46],[-34,16],[-32,-12],[-21,8],[-43,-12],[-18,-51],[-18,-21],[-44,-9],[-29,21],[-12,-9],[-38,33],[-24,-10],[-62,6]],[[9306,8669],[-145,-68],[-35,-29],[-33,-14],[-26,-28],[-49,-73],[-30,-18],[-108,-22],[-86,-28]],[[5738,5358],[-36,-68],[-2,-29],[-39,24],[-9,-76],[-73,-31],[-8,19],[-74,30],[-54,61],[-53,3],[-30,57],[-25,14],[-58,145],[26,-40],[23,25],[-19,-2],[-5,40],[-26,26],[-45,12],[-17,71],[33,22],[10,20],[-1,40],[15,14],[32,-2]],[[4941,9807],[20,46],[103,7],[29,-7],[25,13],[61,-19],[87,13],[41,16],[20,-12],[48,-4],[21,12],[51,0],[0,30],[25,16],[31,-16],[32,-42],[38,-8],[89,3],[15,-12],[47,-5],[47,-27],[39,-2],[52,-17],[9,7],[52,-13],[45,-20],[98,-9]],[[5038,9455],[-4,30],[-48,38],[-19,-3],[19,36],[50,26],[-15,34],[-34,-26],[-10,39],[-38,26],[-9,37],[-43,55],[3,27],[22,-1],[29,34]],[[8305,7976],[-78,-149],[-64,-71],[-27,-57],[-35,-29],[-30,-62],[-39,-51],[-46,-83]],[[6847,6743],[-54,-46],[-32,9],[-23,-28],[-30,33],[-19,-16],[-57,4],[-30,11],[-24,-5],[-15,-29],[-22,-12],[-33,4],[-11,22],[-34,-29],[-77,15],[-44,-28],[-126,6],[-39,7],[-4,-32]],[[4652,9961],[25,13],[15,-39],[29,26],[23,-4],[55,-28],[28,-51],[32,-18],[68,0],[20,-10],[-6,-43]],[[125,96],[-18,-35],[-1,-10],[0,-5],[-7,-4],[-3,-7],[-6,-8],[-2,-6],[-1,-14],[-4,-7],[-6,0],[-10,6],[-6,10],[-5,8],[-5,6],[-33,5],[-9,5],[-6,9],[-3,22],[12,7],[19,-2],[18,-6],[7,6],[17,21],[4,6],[0,5],[2,3],[9,6],[16,13],[9,-2],[7,-6],[6,-8],[1,-8],[-2,-10]],[[426,237],[-11,-5],[-11,3],[-23,19],[-15,27],[0,23],[2,23],[13,22],[22,7],[21,-7],[19,-16],[25,-22],[5,-14],[2,-13],[-7,-13],[-9,-7],[-13,-15],[-9,-9],[-11,-3]],[[911,575],[-5,-17],[-13,-12],[-33,-22],[-7,-17],[-22,-27],[-12,-13],[-8,-4],[-6,-5],[-4,-12],[-1,-14],[4,-16],[-1,-6],[-9,-11],[-3,-14],[-14,-34],[-4,-26],[-1,-11],[-12,-21],[-29,-36],[-11,-21],[-14,4],[-44,-21],[-7,2],[-5,9],[-1,5],[1,7],[-8,7],[-1,5],[-1,16],[-7,10],[-16,21],[-5,8],[-3,15],[-6,9],[-8,8],[-4,9],[-3,28],[-1,5],[-7,12],[-5,14],[-14,19],[-5,13],[11,9],[23,14],[10,-5],[10,-9],[11,-2],[12,5],[11,5],[24,12],[9,-3],[26,2],[10,9],[10,2],[6,2],[8,1],[9,9],[30,33],[3,5],[3,13],[19,14],[11,3],[8,4],[2,11],[8,-4],[43,0],[27,11],[11,-7]],[[134,741],[11,-3],[18,9],[8,-4],[8,-8],[4,-7],[-1,-13],[3,-14],[4,-11],[8,-6],[1,-10],[-13,-19],[-6,-15],[9,-33],[-4,-12],[-3,-17],[-11,-17],[-9,-25],[-8,-20],[-4,-13],[-2,-1],[-3,7],[-9,6],[-4,13],[-3,30],[-6,7],[-3,11],[-9,14],[-3,14],[-16,32],[-2,16],[-4,20],[-7,7],[-4,7],[2,18],[11,21],[16,17],[11,9],[10,-8],[10,-2]],[[1223,309],[0,-17],[2,-25],[4,-19],[5,-8],[10,-9],[2,-4],[-1,-10],[-5,-11],[0,-12],[6,-10],[-1,-4],[-4,-2],[-3,-6],[-5,-13],[5,-8],[2,-12],[0,-9],[-8,-5],[-5,-4],[-15,-22],[-6,-7],[-31,-12],[-8,-4],[-11,-17],[-6,-2],[-13,10],[-19,1],[-9,2],[-7,4],[-23,26],[-5,10],[-10,6],[-6,9],[-13,35],[-2,12],[2,13],[-2,7],[-1,10],[1,9],[2,7],[4,6],[17,11],[8,8],[11,13],[8,16],[-3,15],[5,6],[2,11],[0,12],[-4,9],[10,0],[9,-5],[6,2],[24,-9],[34,0],[28,-9],[10,5],[-2,21],[14,2],[1,-1],[2,-8],[1,-5],[-5,-2],[-2,-7]],[[1743,300],[-13,-19],[-12,-18],[-18,-11],[-12,0],[-18,11],[-9,2],[-29,-3],[-6,4],[2,1],[3,15],[3,4],[15,-4],[8,2],[17,6],[26,15],[31,25],[14,16],[7,11],[5,10],[2,11],[3,32],[4,11],[9,19],[11,43],[3,7],[6,5],[13,28],[10,29],[18,33],[5,30],[6,20],[3,22],[1,8],[5,6],[7,5],[17,9],[16,2],[16,-5],[13,-17],[5,-21],[1,-28],[-3,-53],[-4,-13],[-7,-24],[-2,-8],[0,-20],[1,-7],[4,-13],[2,-5],[-3,-6],[-8,-9],[-2,-3],[-1,-12],[0,-6],[-8,-13],[-4,-10],[-5,-21],[-10,-21],[-14,-9],[-48,-10],[-21,-8],[-14,-13],[-18,-5],[-9,-7],[-14,-20]],[[2092,931],[-2,-9],[4,-17],[1,-12],[-1,-4],[-5,-13],[0,-22],[-7,-14],[-13,-14],[-14,-10],[-22,-6],[-8,-12],[-5,-2],[-6,0],[-11,-3],[-7,-1],[-16,-5],[-11,-11],[-9,-16],[-8,-19],[-3,0],[-5,9],[-9,2],[-21,1],[-3,4],[-3,6],[-1,8],[1,3],[5,2],[4,5],[5,11],[1,10],[2,30],[1,8],[15,30],[8,11],[6,5],[7,4],[9,2],[9,1],[9,3],[15,16],[9,6],[8,4],[7,1],[22,0],[7,2],[5,8],[6,16],[5,20],[3,10],[5,9],[9,3],[8,-6],[12,-16],[-4,-13],[-1,-9],[-4,-9],[-9,-7]],[[2077,990],[-11,-9],[-11,1],[1,5],[7,9],[3,13],[4,10],[10,-3],[4,-11],[-7,-15]]],"bbox":[-18.167256607253446,27.64300003438003,4.337091388960082,43.79342296779894],"transform":{"scale":[0.002250659865607914,0.0016152038137232634],"translate":[-18.167256607253446,27.64300003438003]},"title":"Spain","version":"2.0.1","copyright":"Copyright (c) 2022 Highsoft AS, Based on data from Natural Earth","copyrightShort":"Natural Earth","copyrightUrl":"http://www.naturalearthdata.com"}