{"type":"Topology","objects":{"default":{"type":"GeometryCollection","geometries":[{"type":"MultiPolygon","arcs":[[[0]],[[1]]],"id":"BS.RC","properties":{"hc-group":"admin1","hc-middle-x":0.76,"hc-middle-y":0.82,"hc-key":"bs-rc","hc-a2":"RC","labelrank":"20","hasc":"BS.RC","alt-name":null,"woe-id":"24551252","subregion":null,"fips":"BF49","postal-code":"RC","name":"Rum Cay","country":"The Bahamas","type-en":"District","region":null,"longitude":"-74.8408","woe-name":"Rum Cay","latitude":"23.6787","woe-label":"Rum Cay, BS, The Bahamas","type":"Third Schedule District"}},{"type":"MultiPolygon","arcs":[[[2]],[[3]],[[4]],[[5]],[[6]]],"id":"BS.RI","properties":{"hc-group":"admin1","hc-middle-x":0.85,"hc-middle-y":0.92,"hc-key":"bs-ri","hc-a2":"RI","labelrank":"20","hasc":"BS.RI","alt-name":null,"woe-id":"2344775","subregion":null,"fips":"BF18","postal-code":"RI","name":"Ragged Island","country":"The Bahamas","type-en":"District","region":null,"longitude":"-75.7413","woe-name":"Ragged Island","latitude":"22.2296","woe-label":"Ragged Island, BS, The Bahamas","type":"Third Schedule District"}},{"type":"MultiPolygon","arcs":[[[7]],[[8]],[[9]]],"id":"BS.CK","properties":{"hc-group":"admin1","hc-middle-x":0.25,"hc-middle-y":0.66,"hc-key":"bs-ck","hc-a2":"CK","labelrank":"20","hasc":"BS.CK","alt-name":null,"woe-id":"24551238","subregion":null,"fips":"BF40","postal-code":"CK","name":"Crooked Island and Long Cay","country":"The Bahamas","type-en":"District","region":null,"longitude":"-74.2405","woe-name":"Crooked Island","latitude":"22.7472","woe-label":"Crooked Island, BS, The Bahamas","type":"Third Schedule District"}},{"type":"MultiPolygon","arcs":[[[10]],[[11]],[[12]]],"id":"BS.AK","properties":{"hc-group":"admin1","hc-middle-x":0.38,"hc-middle-y":0.57,"hc-key":"bs-ak","hc-a2":"AK","labelrank":"20","hasc":"BS.AK","alt-name":null,"woe-id":"2344778","subregion":null,"fips":"BF24","postal-code":"AK","name":"Acklins","country":"The Bahamas","type-en":"District","region":null,"longitude":"-74.00239999999999","woe-name":"Acklins","latitude":"22.3745","woe-label":"Acklins, BS, The Bahamas","type":"Third Schedule District"}},{"type":"MultiPolygon","arcs":[[[13]],[[14]],[[15]]],"id":"BS.BI","properties":{"hc-group":"admin1","hc-middle-x":0.91,"hc-middle-y":0.03,"hc-key":"bs-bi","hc-a2":"BI","labelrank":"20","hasc":"BS.BI","alt-name":null,"woe-id":"2344769","subregion":null,"fips":"BF05","postal-code":"BI","name":"Bimini","country":"The Bahamas","type-en":"District","region":null,"longitude":"-79.2811","woe-name":"Bimini","latitude":"25.7074","woe-label":"Bimini, BS, The Bahamas","type":"Third Schedule District"}},{"type":"Polygon","arcs":[[16]],"id":"BS.HT","properties":{"hc-group":"admin1","hc-middle-x":0.58,"hc-middle-y":0.52,"hc-key":"bs-ht","hc-a2":"HT","labelrank":"20","hasc":"BS.HT","alt-name":null,"woe-id":"24551240","subregion":null,"fips":"BF43","postal-code":"HT","name":"Hope Town","country":"The Bahamas","type-en":"District","region":null,"longitude":"-76.96639999999999","woe-name":"Hope Town","latitude":"26.5321","woe-label":"Hope Town, BS, The Bahamas","type":"Third Schedule District"}},{"type":"Polygon","arcs":[[17,18,19,20]],"id":"BS.CE","properties":{"hc-group":"admin1","hc-middle-x":0.88,"hc-middle-y":0.78,"hc-key":"bs-ce","hc-a2":"CE","labelrank":"20","hasc":"BS.CE","alt-name":null,"woe-id":"24551244","subregion":null,"fips":"BF39","postal-code":"CE","name":"Central Eleuthera","country":"The Bahamas","type-en":"District","region":null,"longitude":"-76.176","woe-name":"Central Eleuthera","latitude":"25.1588","woe-label":"Central Eleuthera, BS, The Bahamas","type":"Second Schedule District"}},{"type":"MultiPolygon","arcs":[[[21]],[[22,23,24,25]]],"id":"BS.WG","properties":{"hc-group":"admin1","hc-middle-x":0.73,"hc-middle-y":0.31,"hc-key":"bs-wg","hc-a2":"WG","labelrank":"20","hasc":"BS.WG","alt-name":null,"woe-id":"24551257","subregion":null,"fips":"BF54","postal-code":"WG","name":"West Grand Bahama","country":"The Bahamas","type-en":"District","region":null,"longitude":"-78.9085","woe-name":"West Grand Bahama","latitude":"26.6389","woe-label":"West Grand Bahama, BS, The Bahamas","type":"Second Schedule District"}},{"type":"MultiPolygon","arcs":[[[26]],[[-26,27]]],"id":"BS.EG","properties":{"hc-group":"admin1","hc-middle-x":0.35,"hc-middle-y":0.44,"hc-key":"bs-eg","hc-a2":"EG","labelrank":"20","hasc":"BS.EG","alt-name":null,"woe-id":"24551245","subregion":null,"fips":"BF41","postal-code":"EG","name":"East Grand Bahama","country":"The Bahamas","type-en":"District","region":null,"longitude":"-78.215","woe-name":"East Grand Bahama","latitude":"26.6596","woe-label":"East Grand Bahama, BS, The Bahamas","type":"Second Schedule District"}},{"type":"Polygon","arcs":[[28]],"id":"BS.GC","properties":{"hc-group":"admin1","hc-middle-x":0.54,"hc-middle-y":0.38,"hc-key":"bs-gc","hc-a2":"GC","labelrank":"20","hasc":"BS.GC","alt-name":null,"woe-id":"24551246","subregion":null,"fips":"BF42","postal-code":"GC","name":"Grand Cay","country":"The Bahamas","type-en":"District","region":null,"longitude":"-78.3185","woe-name":"Grand Cay","latitude":"27.2289","woe-label":"Grand Cay, BS, The Bahamas","type":"Third Schedule District"}},{"type":"MultiPolygon","arcs":[[[29]],[[30]],[[31]],[[32]],[[33,34,35,36]]],"id":"BS.CO","properties":{"hc-group":"admin1","hc-middle-x":0.66,"hc-middle-y":0.64,"hc-key":"bs-co","hc-a2":"CO","labelrank":"20","hasc":"BS.CO","alt-name":null,"woe-id":"24551242","subregion":null,"fips":"BF37","postal-code":"CO","name":"Central Abaco","country":"The Bahamas","type-en":"District","region":null,"longitude":"-77.11790000000001","woe-name":"Central Abaco","latitude":"26.4215","woe-label":"Central Abaco, BS, The Bahamas","type":"Second Schedule District"}},{"type":"MultiPolygon","arcs":[[[37]],[[-36,38]]],"id":"BS.SO","properties":{"hc-group":"admin1","hc-middle-x":0.55,"hc-middle-y":0.66,"hc-key":"bs-so","hc-a2":"SO","labelrank":"20","hasc":"BS.SO","alt-name":null,"woe-id":"24551253","subregion":null,"fips":"BF50","postal-code":"SO","name":"South Abaco","country":"The Bahamas","type-en":"District","region":null,"longitude":"-77.24209999999999","woe-name":"South Abaco","latitude":"26.0179","woe-label":"South Abaco, BS, The Bahamas","type":"Second Schedule District"}},{"type":"Polygon","arcs":[[39]],"id":"BS.MI","properties":{"hc-group":"admin1","hc-middle-x":0.52,"hc-middle-y":0.47,"hc-key":"bs-mi","hc-a2":"MI","labelrank":"20","hasc":"BS.MI","alt-name":null,"woe-id":"24551248","subregion":null,"fips":"BF45","postal-code":"MI","name":"Moore's Island","country":"The Bahamas","type-en":"District","region":null,"longitude":"-77.5526","woe-name":"Moore's Island","latitude":"26.2973","woe-label":"Moore's Island, BS, The Bahamas","type":"Third Schedule District"}},{"type":"MultiPolygon","arcs":[[[40]],[[41]]],"id":"BS.BY","properties":{"hc-group":"admin1","hc-middle-x":0.68,"hc-middle-y":0.11,"hc-key":"bs-by","hc-a2":"BY","labelrank":"20","hasc":"BS.BY","alt-name":null,"woe-id":"24551241","subregion":null,"fips":"BF32","postal-code":"BY","name":"Berry Islands","country":"The Bahamas","type-en":"District","region":null,"longitude":"-77.8527","woe-name":"Berry Islands","latitude":"25.7591","woe-label":"Berry Islands, BS, The Bahamas","type":"Third Schedule District"}},{"type":"MultiPolygon","arcs":[[[42]],[[43]],[[44]],[[45]],[[46,47]]],"id":"BS.CS","properties":{"hc-group":"admin1","hc-middle-x":0.45,"hc-middle-y":0.28,"hc-key":"bs-cs","hc-a2":"CS","labelrank":"20","hasc":"BS.CS","alt-name":null,"woe-id":"24551243","subregion":null,"fips":"BF38","postal-code":"CS","name":"Central Andros","country":"The Bahamas","type-en":"District","region":null,"longitude":"-77.93550000000001","woe-name":"Central Andros","latitude":"24.4757","woe-label":"Central Andros, BS, The Bahamas","type":"Second Schedule District"}},{"type":"MultiPolygon","arcs":[[[48]],[[49]],[[50]],[[51,52]]],"id":"BS.SA","properties":{"hc-group":"admin1","hc-middle-x":0.34,"hc-middle-y":0.45,"hc-key":"bs-sa","hc-a2":"SA","labelrank":"20","hasc":"BS.SA","alt-name":null,"woe-id":"24551254","subregion":null,"fips":"BF51","postal-code":"SA","name":"South Andros","country":"The Bahamas","type-en":"District","region":null,"longitude":"-77.6043","woe-name":"South Andros","latitude":"23.7822","woe-label":"South Andros, BS, The Bahamas","type":"Second Schedule District"}},{"type":"MultiPolygon","arcs":[[[53]],[[54]],[[55]]],"id":"BS.BP","properties":{"hc-group":"admin1","hc-middle-x":0.91,"hc-middle-y":0.88,"hc-key":"bs-bp","hc-a2":"BP","labelrank":"20","hasc":"BS.BP","alt-name":null,"woe-id":"24551258","subregion":null,"fips":"BF36","postal-code":"BP","name":"Black Point","country":"The Bahamas","type-en":"District","region":null,"longitude":"-76.36230000000001","woe-name":"Black Point","latitude":"24.072","woe-label":null,"type":"Third Schedule District"}},{"type":"MultiPolygon","arcs":[[[56]],[[57]]],"id":"BS.EX","properties":{"hc-group":"admin1","hc-middle-x":0.15,"hc-middle-y":0.25,"hc-key":"bs-ex","hc-a2":"EX","labelrank":"20","hasc":"BS.EX","alt-name":null,"woe-id":"2344771","subregion":null,"fips":"BF10","postal-code":"EX","name":"Exuma","country":"The Bahamas","type-en":"District","region":null,"longitude":"-75.90689999999999","woe-name":"Exuma","latitude":"23.5855","woe-label":"Exuma, BS, The Bahamas","type":"Second Schedule District"}},{"type":"Polygon","arcs":[[58]],"id":"BS.SW","properties":{"hc-group":"admin1","hc-middle-x":0.49,"hc-middle-y":0.45,"hc-key":"bs-sw","hc-a2":"SW","labelrank":"20","hasc":"BS.SW","alt-name":null,"woe-id":"24551256","subregion":null,"fips":"BF53","postal-code":"SW","name":"Spanish Wells","country":"The Bahamas","type-en":"District","region":null,"longitude":"-76.8334","woe-name":"Spanish Wells","latitude":"25.5237","woe-label":null,"type":"Third Schedule District"}},{"type":"Polygon","arcs":[[59]],"id":"BS.HI","properties":{"hc-group":"admin1","hc-middle-x":0.51,"hc-middle-y":0.46,"hc-key":"bs-hi","hc-a2":"HI","labelrank":"20","hasc":"BS.HI","alt-name":null,"woe-id":"2344776","subregion":null,"fips":"BF22","postal-code":"HI","name":"Harbour Island","country":"The Bahamas","type-en":"District","region":null,"longitude":"-76.7641","woe-name":"Harbour Island","latitude":"25.5443","woe-label":null,"type":"Third Schedule District"}},{"type":"Polygon","arcs":[[60,-24]],"id":"BS.FP","properties":{"hc-group":"admin1","hc-middle-x":0.44,"hc-middle-y":0.37,"hc-key":"bs-fp","hc-a2":"FP","labelrank":"20","hasc":"BS.FP","alt-name":null,"woe-id":"2344779","subregion":null,"fips":"BF25","postal-code":"FP","name":"City of Freeport","country":"The Bahamas","type-en":"District","region":null,"longitude":"-78.62520000000001","woe-name":"City of Freeport","latitude":"26.5339","woe-label":"City of Freeport, BS, The Bahamas","type":"Third Schedule District"}},{"type":"Polygon","arcs":[[-19,61]],"id":"BS.NE","properties":{"hc-group":"admin1","hc-middle-x":0.29,"hc-middle-y":0.35,"hc-key":"bs-ne","hc-a2":"NE","labelrank":"20","hasc":"BS.NE","alt-name":null,"woe-id":"24551251","subregion":null,"fips":"BF48","postal-code":"NE","name":"North Eleuthera","country":"The Bahamas","type-en":"District","region":null,"longitude":"-76.59","woe-name":"North Eleuthera","latitude":"25.4383","woe-label":"North Eleuthera, BS, The Bahamas","type":"Third Schedule District"}},{"type":"Polygon","arcs":[[-21,62]],"id":"BS.SE","properties":{"hc-group":"admin1","hc-middle-x":0.81,"hc-key":"bs-se","hc-a2":"SE","labelrank":"20","hasc":"BS.SE","alt-name":null,"woe-id":"24551255","subregion":null,"fips":"BF52","postal-code":"SE","name":"South Eleuthera","country":"The Bahamas","type-en":"District","region":null,"longitude":"-76.19670000000001","woe-name":"South Eleuthera","latitude":"24.7344","woe-label":"South Eleuthera, BS, The Bahamas","type":"Second Schedule District"}},{"type":"Polygon","arcs":[[-34,63]],"id":"BS.NO","properties":{"hc-group":"admin1","hc-middle-x":0.56,"hc-middle-y":0.18,"hc-key":"bs-no","hc-a2":"NO","labelrank":"20","hasc":"BS.NO","alt-name":null,"woe-id":"24551249","subregion":null,"fips":"BF46","postal-code":"NO","name":"North Abaco","country":"The Bahamas","type-en":"District","region":null,"longitude":"-77.6354","woe-name":"North Abaco","latitude":"26.8873","woe-label":"North Abaco, BS, The Bahamas","type":"Second Schedule District"}},{"type":"Polygon","arcs":[[-52,64]],"id":"BS.MC","properties":{"hc-group":"admin1","hc-middle-x":0.43,"hc-middle-y":0.61,"hc-key":"bs-mc","hc-a2":"MC","labelrank":"20","hasc":"BS.MC","alt-name":null,"woe-id":"24551247","subregion":null,"fips":"BF44","postal-code":"MC","name":"Mangrove Cay","country":"The Bahamas","type-en":"District","region":null,"longitude":"-77.8018","woe-name":"Mangrove Cay","latitude":"24.0806","woe-label":"Mangrove Cay, BS, The Bahamas","type":"Third Schedule District"}},{"type":"Polygon","arcs":[[65]],"id":"BS.CI","properties":{"hc-group":"admin1","hc-middle-x":0.87,"hc-middle-y":0.86,"hc-key":"bs-ci","hc-a2":"CI","labelrank":"20","hasc":"BS.CI","alt-name":null,"woe-id":"2344770","subregion":null,"fips":"BF06","postal-code":"CI","name":"Cat Island","country":"The Bahamas","type-en":"District","region":null,"longitude":"-75.3894","woe-name":"Cat Island","latitude":"24.2583","woe-label":"Cat Island, BS, The Bahamas","type":"Second Schedule District"}},{"type":"Polygon","arcs":[[66]],"id":"BS.SS","properties":{"hc-group":"admin1","hc-middle-x":0.54,"hc-middle-y":0.52,"hc-key":"bs-ss","hc-a2":"SS","labelrank":"20","hasc":"BS.SS","alt-name":null,"woe-id":"2344789","subregion":null,"fips":"BF35","postal-code":"SS","name":"San Salvador","country":"The Bahamas","type-en":"District","region":null,"longitude":"-74.4785","woe-name":"San Salvador","latitude":"24.0513","woe-label":"San Salvador, BS, The Bahamas","type":"Third Schedule District"}},{"type":"Polygon","arcs":[[67]],"id":"BS.LI","properties":{"hc-group":"admin1","hc-middle-x":0.89,"hc-middle-y":0.82,"hc-key":"bs-li","hc-a2":"LI","labelrank":"20","hasc":"BS.LI","alt-name":null,"woe-id":"2344773","subregion":null,"fips":"BF15","postal-code":"LI","name":"Long Island","country":"The Bahamas","type-en":"District","region":null,"longitude":"-74.9132","woe-name":"Long Island","latitude":"23.037","woe-label":"Long Island, BS, The Bahamas","type":"Second Schedule District"}},{"type":"Polygon","arcs":[[68]],"id":"BS.MG","properties":{"hc-group":"admin1","hc-middle-x":0.21,"hc-middle-y":0.38,"hc-key":"bs-mg","hc-a2":"MG","labelrank":"20","hasc":"BS.MG","alt-name":null,"woe-id":"2344774","subregion":null,"fips":"BF16","postal-code":"MG","name":"Mayaguana","country":"The Bahamas","type-en":"District","region":null,"longitude":"-73.0295","woe-name":"Mayaguana","latitude":"22.3849","woe-label":"Mayaguana, BS, The Bahamas","type":"Third Schedule District"}},{"type":"MultiPolygon","arcs":[[[69]],[[70]]],"id":"BS.IN","properties":{"hc-group":"admin1","hc-middle-x":0.38,"hc-middle-y":0.74,"hc-key":"bs-in","hc-a2":"IN","labelrank":"20","hasc":"BS.IN","alt-name":null,"woe-id":"2344772","subregion":null,"fips":"BF13","postal-code":"IN","name":"Inagua","country":"The Bahamas","type-en":"District","region":null,"longitude":"-73.36069999999999","woe-name":"Inagua","latitude":"21.06","woe-label":"Inagua, BS, The Bahamas","type":"Third Schedule District"}},{"type":"Polygon","arcs":[[71,-48]],"id":"BS.NS","properties":{"hc-group":"admin1","hc-middle-x":0.53,"hc-middle-y":0.54,"hc-key":"bs-ns","hc-a2":"NS","labelrank":"20","hasc":"BS.NS","alt-name":null,"woe-id":"24551250","subregion":null,"fips":"BF47","postal-code":"NS","name":"North Andros","country":"The Bahamas","type-en":"District","region":null,"longitude":"-77.99760000000001","woe-name":"North Andros","latitude":"24.8276","woe-label":"North Andros, BS, The Bahamas","type":"Second Schedule District"}},{"type":"Polygon","arcs":[[72]],"id":"BS.NW","properties":{"hc-group":"admin1","hc-middle-y":0.46,"hc-key":"bs-nw","hc-a2":"NW","labelrank":"20","hasc":"BS.NW","alt-name":null,"woe-id":"2344777","subregion":null,"fips":null,"postal-code":"NW","name":"New Providence","country":"The Bahamas","type-en":"Capital","region":null,"longitude":"-77.43559999999999","woe-name":"New Providence","latitude":"25.0149","woe-label":"New Providence, BS, The Bahamas","type":"First Schedule District"}}],"hc-recommended-transform":{"default":{"crs":"+proj=utm +zone=18 +datum=WGS84 +units=m +no_defs","scale":0.000994342136171,"jsonres":15.5,"jsonmarginX":-999,"jsonmarginY":9851,"xoffset":30836.463015,"yoffset":3017030.41423}}}},"arcs":[[[6546,4595],[-9,-6],[-9,25],[9,24],[12,2],[4,-8],[1,-17],[-8,-20]],[[7001,4430],[32,-23],[-15,-24],[-9,-21],[-15,-12],[-30,2],[0,-10],[9,-12],[-26,0],[-35,11],[-18,22],[-27,-12],[-48,0],[-25,-9],[-6,36],[9,21],[24,11],[33,8],[73,21],[55,-1],[19,-8]],[[5654,2040],[10,-31],[-10,-12],[-18,0],[-12,13],[-11,33],[7,2],[17,-9],[-9,36],[5,3],[21,-35]],[[5619,2093],[-11,2],[2,41],[7,-3],[4,-27],[-2,-13]],[[5598,2213],[-1,-13],[-8,5],[0,24],[9,-16]],[[5536,2278],[-4,-9],[-11,14],[-11,24],[-5,23],[7,3],[8,-16],[16,-39]],[[5488,2449],[-9,-1],[-7,11],[4,19],[12,-18],[0,-11]],[[7650,2610],[-45,-34],[13,67],[42,46],[52,40],[42,53],[-8,-45],[-42,-65],[-54,-62]],[[8435,3465],[110,-11],[82,8],[28,-8],[0,-12],[-130,-26],[-61,2],[-29,47]],[[7951,2791],[-108,28],[-14,13],[-24,27],[-8,-19],[-18,-16],[-18,-9],[-7,4],[8,34],[0,19],[-12,7],[-96,141],[11,22],[16,1],[34,10],[17,-5],[41,-28],[15,-4],[33,-3],[13,-4],[42,-33],[3,-13],[2,-28],[5,-12],[28,0],[10,-23],[29,-9],[52,-4],[31,-8],[-11,22],[32,-9],[87,-34],[-108,-99],[-6,17],[-15,5],[1,27],[-27,-5],[-38,-12]],[[8741,2632],[-26,-4],[11,42],[17,13],[19,-11],[-21,-40]],[[8944,2649],[-9,-3],[-90,28],[-29,5],[-4,8],[51,7],[33,-9],[33,-15],[15,-21]],[[8351,2460],[-22,-21],[-22,-18],[-17,-8],[-17,-13],[-48,-95],[-77,-64],[-13,-6],[-16,-2],[-88,-36],[-37,-8],[-22,-21],[-37,-58],[-12,-14],[-38,-34],[-15,-6],[-33,-6],[-26,-14],[-47,-46],[-2,15],[1,56],[8,16],[14,4],[58,-5],[12,6],[45,39],[1,10],[-16,12],[0,10],[39,22],[-15,6],[-5,16],[28,11],[44,27],[34,5],[7,5],[16,23],[19,13],[-1,20],[-6,21],[0,15],[28,11],[40,5],[36,9],[15,25],[6,38],[17,18],[26,7],[32,6],[58,21],[40,38],[14,51],[-22,64],[-41,30],[-103,2],[-47,22],[-22,22],[21,34],[9,9],[22,10],[-9,10],[-21,34],[49,-14],[11,-7],[5,18],[11,12],[13,7],[12,-5],[19,10],[0,12],[-17,7],[-13,16],[76,-2],[36,6],[38,16],[10,-21],[-34,-61],[-16,-15],[-6,29],[-9,8],[-14,5],[5,-22],[12,-20],[16,-10],[16,10],[10,-24],[14,-117],[8,-24],[18,-41],[-25,-7],[-10,-26],[-5,-35],[-9,-29],[-14,-19]],[[117,4085],[-5,-3],[-28,19],[-2,7],[35,-23]],[[60,4145],[-2,-1],[-58,66],[9,-6],[36,-39],[15,-20]],[[509,7670],[4,-33],[-8,-6],[-27,-10],[-2,14],[9,24],[-5,8],[-20,-19],[-18,-25],[-4,-21],[16,-12],[23,-10],[14,-12],[-5,-9],[-41,7],[-16,0],[-6,7],[5,23],[10,30],[20,34],[29,23],[15,5],[7,-18]],[[3845,8888],[-32,-54],[-3,10],[6,13],[5,-3],[3,24],[18,42],[5,-13],[-2,-19]],[[5000,6446],[16,14],[6,12],[11,90],[0,33],[-26,73],[-46,38],[-52,27],[-47,36],[-100,145]],[[4762,6914],[27,22]],[[4789,6936],[44,-59],[88,-85],[91,-68],[45,-28],[19,-21],[8,-31],[-13,-134],[-8,-39],[-6,-17],[-35,-20]],[[5022,6434],[-22,12]],[[1641,9256],[-3,-12],[-21,-5],[-10,13],[-3,13],[18,-13],[13,19],[6,-15]],[[1727,8984],[-134,-34],[-26,-5],[-28,-8],[-44,-37],[-28,-8],[-12,-8]],[[1455,8884],[-22,23],[-33,0],[-31,-40],[15,-25]],[[1384,8842],[-13,-11],[-31,-3],[-14,-6],[-60,5],[-57,20],[-36,35],[-63,38],[-154,153],[-70,56],[-15,24],[28,-3],[21,-19],[188,-115],[43,-58],[52,9],[47,-20],[35,-1],[33,15],[30,20],[20,10],[29,17],[5,12],[19,16],[3,19],[21,17],[18,36],[27,17],[-3,17],[-35,21],[-61,12],[10,20],[40,44],[8,20],[12,66],[28,-19],[26,-31],[19,-35],[7,-27],[27,-17],[68,-25]],[[1636,9171],[41,-81],[50,-106]],[[2551,8985],[-12,-36],[-9,-13],[-10,-1],[-26,35],[-10,26],[8,7],[44,8],[6,-8],[-16,-21],[10,7],[29,25],[4,-5],[-18,-24]],[[1636,9171],[52,-21],[31,8],[68,-16],[73,-12],[49,-2],[19,28],[31,15],[45,-20],[28,-5],[52,21],[70,-10],[47,14],[46,21],[29,4],[93,1],[23,9],[14,18],[9,21],[14,17],[22,9],[4,-29],[-8,-32],[-4,-32],[26,-56],[2,-31],[-13,-25],[-26,-12],[-11,5],[-25,21],[-13,7],[-20,3],[-95,-5],[-87,-20],[-200,-39],[-82,0],[-172,-42]],[[1855,9992],[-10,-14],[-15,14],[13,7],[12,-7]],[[3351,8606],[14,-1],[11,-36],[-5,-37],[-12,1],[7,34],[-11,24],[-13,5],[-17,-12],[-4,6],[30,16]],[[3361,8689],[-2,7],[36,30],[11,1],[-4,-11],[-15,-14],[-26,-13]],[[3441,8794],[-7,-6],[-2,-26],[4,-18],[-20,-7],[-12,6],[-7,18],[-16,20],[25,19],[11,3],[24,-9]],[[3155,9027],[14,-8],[0,-24],[-13,5],[-1,27]],[[3239,9149],[70,17]],[[3309,9166],[31,-21],[34,-11],[48,-3],[-12,-17],[-20,-6],[-48,2],[22,-43],[30,-35],[37,-23],[90,-16],[40,-19],[71,-50],[53,-29],[17,-15],[13,-20],[11,-28],[1,-26],[-20,-12],[-5,-11],[0,-70],[5,-26],[13,-16],[20,-10],[22,-6],[-18,-38],[-3,-11]],[[3741,8606],[-290,-111]],[[3451,8495],[-4,20],[-24,24],[46,66],[-2,16],[-13,19],[-2,111],[21,1],[16,8],[12,15],[12,27],[-1,31],[4,11],[26,15],[15,26],[6,27],[-10,24],[-51,13],[-35,16],[-135,19],[-26,16],[-16,26],[-18,40],[9,22],[-4,14],[-17,21],[-13,25],[-8,1]],[[3021,8187],[-9,-18],[-25,22],[18,23],[6,0],[10,-27]],[[3741,8606],[4,-17],[14,-19],[7,-27],[-3,-6],[-23,-23],[-12,-5],[-26,-6],[10,30],[-47,-5],[-45,-25],[-40,-35],[-33,-36],[-14,-39],[-13,-121],[3,-30],[-16,-89],[8,-127],[-6,-114],[-52,-49],[-39,19],[-34,45],[-23,50],[-9,32],[-24,21],[-107,22],[-29,39],[24,0],[26,9],[22,17],[16,39],[40,7],[16,9],[54,59],[35,28],[37,16],[-15,25],[-4,35],[-6,11],[-23,21],[-3,16],[9,18],[27,29],[5,23],[-1,42]],[[2996,8516],[-44,-47],[8,35],[-7,22],[-11,21],[0,30],[13,-7],[39,-32],[9,-10],[-7,-12]],[[2559,7132],[-15,-17],[-18,-7],[-62,2],[21,15],[48,1],[18,10],[15,14],[-7,-18]],[[2589,7595],[3,-13],[-18,1],[-18,22],[-24,41],[-30,33],[-10,19],[10,13],[18,-3],[15,-17],[54,-96]],[[2412,5262],[9,-21],[-21,6],[-37,-6],[-21,0],[-16,7],[-17,12],[-6,14],[18,10],[37,8],[38,18],[31,8],[15,-22],[-21,-1],[-9,-13],[0,-20]],[[2549,5400],[-27,-13],[-24,13],[0,21],[21,10],[43,4],[10,-1],[-23,-34]],[[2791,5440],[0,-14],[-11,-9],[-15,5],[-28,15],[-26,-3],[-15,-5],[-29,-31],[-28,-19],[-18,5],[-7,15],[8,16],[32,16],[27,19],[28,12],[28,7],[25,-1],[21,-16],[8,-12]],[[2547,5279],[15,5],[60,1],[-6,-16],[-9,-9],[-25,-7],[-12,0],[-14,8],[-15,-8],[-10,-15],[-14,-44],[-15,-17],[-19,-15],[-74,-36],[-26,-4],[-10,12],[-8,21],[-2,22],[4,15],[13,1],[35,-5],[7,15],[14,6],[80,54],[31,16]],[[2705,5885],[-9,-21],[-8,-30],[11,-39],[32,-68],[8,-55],[-14,-40],[-33,-26],[-55,-7],[-24,-7],[-27,-34],[-15,-13],[-44,-6],[-12,-14],[17,-35],[-18,-17],[-52,-36],[-27,-8],[-51,-1],[-17,-8],[-58,-42],[-7,-12],[9,-39],[-9,-10],[-14,-4],[-14,5],[-22,20],[-17,44],[-9,53],[-15,46],[-34,20],[-45,19],[-10,47],[10,108]],[[2132,5675],[50,72],[41,78],[61,33],[128,33],[159,16],[134,-22]],[[2735,4368],[-8,-3],[-13,9],[11,3],[-4,15],[20,2],[8,-7],[-14,-19]],[[2597,4504],[-8,-9],[-20,9],[6,9],[22,-9]],[[3545,4946],[-9,-17],[-25,18],[27,6],[7,-7]],[[2587,4851],[60,44],[54,43]],[[2701,4938],[27,-8],[24,21],[45,92],[31,34],[14,23],[5,31],[2,39],[5,38],[18,23],[29,-4],[22,-32],[17,-40],[17,-28],[19,-22],[9,-24],[5,-28],[3,-52],[10,-47],[-2,-19],[-9,-46],[25,-39],[4,-15],[-4,-19],[-25,-24],[-15,-8],[-33,-1],[-27,-11],[-6,-40],[51,36],[30,13],[30,-5],[12,-23],[-9,-59],[7,-27],[-24,-57],[-20,-9],[-36,11],[4,-20],[27,-22],[8,-23],[-2,-21],[-8,-24],[-19,-30],[-46,-16],[-35,15],[-32,23],[-37,10],[25,-30],[0,-14],[-14,-21],[-11,0],[-24,34],[-44,11],[-92,-3],[49,23],[-7,27],[32,-1],[77,-26],[8,29],[15,20],[20,15],[78,37],[22,17],[1,18],[-26,10],[-26,-15],[-25,-22],[-24,-11],[-84,-55],[9,-10],[-34,4],[-36,51],[-30,10],[96,34],[49,30],[7,34],[-21,-23],[-29,-9],[-77,-1],[-21,-5],[-34,-11],[-19,4],[-12,13],[-9,19],[-22,106],[-1,40],[9,18]],[[4782,4850],[-9,-9],[-21,22],[-28,56],[-24,36],[-18,47],[-15,26],[-5,17],[0,23],[36,-26],[84,-192]],[[4559,5242],[13,-22],[-27,-1],[-17,8],[-62,80],[-13,23],[-1,19],[22,-13],[14,-19],[10,-23],[14,-20],[17,-14],[30,-18]],[[4120,5703],[-9,-8],[-15,6],[-9,21],[4,28],[11,6],[16,-23],[2,-30]],[[5920,3976],[23,-36],[-53,18],[-61,12],[-51,19],[-24,38],[49,-4],[63,-17],[54,-30]],[[5620,4064],[123,-47],[-21,-23],[-33,9],[-66,36],[-73,5],[-28,15],[11,32],[-27,20],[-28,26],[-25,13],[-20,-14],[-50,54],[-55,40],[-62,21],[-72,-7],[0,11],[50,16],[-3,15],[-10,14],[1,9],[-15,10],[-12,19],[-3,20],[11,17],[19,-4],[30,14],[19,-13],[13,-20],[16,-16],[19,-10],[22,-4],[31,-2],[-11,-15],[-9,-6],[96,-101],[69,-41],[15,-4],[24,-50],[54,-39]],[[3991,7266],[-16,-2],[-1,12],[23,15],[18,4],[22,9],[16,1],[13,-6],[-2,-8],[-26,-11],[-29,0],[-18,-14]],[[4159,7325],[-6,-10],[-55,4],[10,11],[16,5],[35,-10]],[[1455,8884],[-45,-24],[-26,-18]],[[4762,6914],[-20,28],[-37,31],[-55,19],[-117,26],[-60,31],[-89,82],[-56,17],[-32,3],[-61,15],[-27,4],[-32,-9],[-52,-27],[-21,3],[36,37],[21,63],[23,117],[39,0],[23,-2],[17,-9],[-16,-25],[-7,-24],[-1,-27],[4,-33],[23,30],[16,-15],[14,-31],[13,-16],[28,-8],[186,-141],[53,-30],[68,-16],[68,-2],[23,-7],[24,-18],[31,-44]],[[5022,6434],[-5,-31],[7,-29],[18,-39],[6,-27],[-6,-75],[-7,-33],[-35,-54],[-8,-22],[-3,-110],[5,-61],[19,-51],[-49,21],[-26,50],[-15,58],[-20,44],[-25,17],[-63,26],[-27,17],[-31,35],[4,15],[24,2],[142,-25],[11,5],[20,33],[24,24],[6,14],[5,21],[-1,37],[-12,-8],[-17,-25],[-16,-15],[-9,18],[2,40],[12,72],[9,27],[13,16],[26,25]],[[3239,9149],[-22,-18],[-30,3],[-23,9],[-9,16],[8,25],[-24,53],[-67,108],[-39,46],[-25,18],[-32,11],[-32,2],[-28,-15],[-25,-9],[-35,5],[-85,28],[-27,3],[-58,1],[-17,5],[-41,27],[-26,10],[-27,5],[-115,-9],[-46,-16],[-32,-1],[73,44],[65,12],[137,-2],[135,-29],[76,-7],[34,25],[78,-35],[62,-45],[267,-253]],[[2587,4851],[-22,6],[0,18],[6,21],[0,20],[-17,18],[-31,23],[9,14],[0,10],[-28,18],[-92,36],[20,23],[20,-14],[9,4],[2,34],[-5,14],[12,14],[15,9],[40,13],[17,12],[5,13],[9,39],[6,12],[50,4],[19,8],[15,12],[17,41],[22,18],[60,26],[16,21],[41,23],[13,-22],[11,-25],[13,-21],[27,-18],[-14,-18],[-89,-74],[-36,-20],[-45,-9],[-1,-10],[26,-2],[11,-12],[-6,-13],[-26,-6],[-6,-7],[15,-14],[36,-23],[23,10],[8,-17],[-3,-28],[-24,-45],[-6,-21],[-7,-17],[-21,-11]],[[6031,5175],[29,21],[15,24],[28,-1],[13,42],[-7,52],[-30,25],[-42,9],[-31,24],[-78,126],[-11,44],[-29,42],[-5,21],[-10,50],[-24,38],[-38,22],[-48,4],[5,16],[2,20],[-7,39],[-8,19],[-17,12],[-65,56],[-47,23],[-13,9],[-10,13],[-1,12],[7,13],[30,37],[12,4],[22,-2],[10,-8],[39,-36],[38,-15],[18,-9],[16,-20],[11,-101],[9,-29],[14,-17],[23,-21],[22,-25],[17,-49],[41,-74],[82,-117],[26,-22],[57,-30],[28,-23],[35,-75],[10,-12],[16,-11],[63,-69],[11,-24],[25,-91],[-66,21],[-30,3],[-35,-3],[-66,-13],[-23,-13],[-25,-22],[-37,-4],[-39,26],[-16,33],[32,15],[21,6],[31,15]],[[7394,5003],[1,38],[16,23],[25,13],[28,12],[25,21],[10,-5],[22,-39],[6,-20],[17,-33],[-1,-14],[-9,-45],[-60,-104],[-5,19],[3,16],[12,31],[-12,-18],[-21,-65],[-2,-14],[-96,-11],[0,11],[25,31],[17,49],[6,55],[-7,49]],[[6485,3951],[86,-168],[-3,-16],[12,-14],[4,-35],[0,-70],[12,-76],[24,-47],[42,-29],[125,-47],[53,-42],[95,-107],[-22,-30],[19,-17],[12,-41],[7,-47],[2,-62],[-3,-17],[-8,-7],[-19,6],[-8,11],[-10,53],[-20,-10],[-10,41],[-41,74],[-16,65],[-14,22],[-49,61],[-15,14],[-18,9],[-167,33],[-37,23],[-18,15],[-105,67],[-22,9],[11,29],[20,26],[10,0],[15,-23],[40,-20],[15,-22],[-38,5],[-12,5],[10,-19],[15,-15],[18,-10],[17,1],[18,-12],[28,-23],[13,-7],[40,-7],[15,5],[-10,17],[-83,93],[-11,26],[6,43],[12,30],[13,26],[8,25],[-1,38],[-10,43],[-17,37],[-21,24],[-20,-22],[1,38],[-54,46],[2,35],[-37,12],[-9,11],[6,20],[-29,24],[-11,25],[-9,71],[-30,75],[-15,8],[-36,-17],[10,76],[-8,23],[-31,-25],[14,21],[15,12],[-19,6],[-23,-28],[-17,-11],[0,12],[14,16],[12,18],[6,23],[-2,29],[17,-6],[12,-15],[86,-142],[19,-12],[27,-30],[24,-36],[14,-31],[18,-106],[18,-28],[26,-28]],[[9931,2288],[13,-10],[29,0],[13,-6],[13,-29],[-7,-31],[-19,-27],[-23,-9],[-25,8],[-68,67],[-30,22],[-23,13],[-26,6],[-38,2],[-16,-2],[-33,-10],[-17,4],[-17,15],[-12,4],[-31,-7],[-58,-31],[-36,-7],[-15,4],[-25,18],[-55,12],[-25,7],[-14,10],[3,15],[26,21],[-9,18],[10,16],[7,21],[-3,31],[16,14],[24,-34],[13,-8],[22,-3],[21,18],[20,3],[34,-10],[36,-13],[75,-52],[35,0],[-20,33],[49,-25],[24,-6],[16,9],[22,-18],[23,-10],[26,-4],[34,0],[22,-16],[19,-23]],[[9165,40],[0,12],[10,8],[-22,17],[-31,4],[-76,-45],[-51,4],[-86,-21],[-64,27],[-94,8],[-21,-3],[-24,-12],[-19,-39],[-28,14],[-19,22],[-6,44],[-2,36],[-31,53],[5,12],[44,5],[25,15],[8,34],[3,31],[-33,38],[0,17],[51,-25],[54,20],[17,14],[46,14],[10,31],[32,29],[13,30],[33,-8],[29,17],[57,1],[30,19],[22,31],[12,13],[5,-6],[10,-33],[23,-29],[29,-39],[38,-18],[92,-30],[32,20],[32,16],[73,19],[34,44],[30,62],[71,116],[23,30],[28,18],[31,-13],[12,-28],[-2,-36],[-29,-169],[-13,-45],[-92,-119],[-47,-138],[-32,-19],[-109,-47],[-62,10],[-33,-12],[-28,-21],[-10,0]],[[9671,881],[-26,-25],[-16,-3],[-50,-26],[-15,-14],[-13,-3],[-3,17],[4,19],[-11,31],[-18,31],[-6,32],[14,11],[34,12],[28,17],[26,31],[21,16],[14,-9],[18,-22],[15,-15],[29,-16],[29,-12],[14,-16],[-6,-31],[-28,-19],[-54,-6]],[[2132,5675],[-27,-20],[-17,-22],[-23,-16],[-38,-7],[-29,7],[-183,103],[-88,81],[-28,32],[-18,36],[20,5],[30,14],[28,16],[12,14],[5,23],[10,-3],[26,-14],[26,22],[4,15],[-11,17],[19,27],[23,0],[19,-22],[10,-32],[-2,-28],[-5,-23],[-10,-22],[-14,-19],[-29,-22],[9,-30],[11,-5],[39,24],[22,6],[12,13],[-4,35],[29,-14],[0,-28],[-8,-33],[4,-29],[25,-14],[14,20],[3,35],[-7,31],[43,-20],[7,9],[-1,23],[-11,15],[-27,27],[0,43],[-9,12],[-31,32],[-11,46],[-9,16],[-21,-8],[15,-13],[6,-25],[-1,-60],[-13,17],[-21,49],[-21,10],[-2,12],[4,27],[14,47],[22,24],[32,26],[22,31],[-6,40],[14,9],[38,7],[8,10],[4,19],[20,39],[5,22],[13,1],[-23,43],[11,35],[11,20],[14,10],[10,20],[-3,45],[-13,71],[-16,50],[-30,66],[-20,60],[17,35],[25,-1],[53,-10],[21,-10],[19,-16],[22,-32],[24,-6],[22,10],[21,17],[23,10],[25,-10],[59,-39],[16,-21],[-22,-25],[-3,-28],[10,-26],[24,-18],[-18,-63],[-6,-39],[9,-17],[27,-4],[22,-13],[19,-23],[89,-218],[64,-96],[24,-25],[43,-23],[54,-52],[14,-23],[2,-29],[-3,-39],[-6,-36]],[[2991,6466],[-24,27],[17,30],[34,25],[33,15],[22,3],[49,19],[22,2],[63,-3],[62,12],[22,-1],[21,-7],[35,-21],[56,-13],[-16,-18],[-153,-71],[-35,2],[-47,19],[-25,-32],[-21,-11],[-19,6],[-22,12],[-29,4],[-45,1]]],"bbox":[-79.59435587698239,20.91239665720999,-72.74599138105108,27.236551610184517],"transform":{"scale":[0.0006849049400871394,0.0006324787431717699],"translate":[-79.59435587698239,20.91239665720999]},"title":"The Bahamas","version":"2.0.1","copyright":"Copyright (c) 2022 Highsoft AS, Based on data from Natural Earth","copyrightShort":"Natural Earth","copyrightUrl":"http://www.naturalearthdata.com"}