{"type":"Topology","objects":{"default":{"type":"GeometryCollection","geometries":[{"type":"Polygon","arcs":[[0]],"id":"TW.PH","properties":{"hc-group":"admin1","hc-middle-y":0.41,"hc-key":"tw-ph","hc-a2":"PH","labelrank":"9","hasc":"TW.TW.PH","alt-name":null,"woe-id":"22695856","subregion":null,"fips":null,"postal-code":"PH","name":"Penghu","country":"Taiwan","type-en":"County","region":"Taiwan Province","longitude":"119.597","woe-name":"Penghu County","latitude":"23.5724","woe-label":null,"type":"Hsien"}},{"type":"MultiPolygon","arcs":[[[1]],[[2,3,4]]],"id":"CN.SH","properties":{"hc-group":"admin1","hc-middle-x":0.96,"hc-middle-y":0.82,"hc-key":"cn-sh","hc-a2":"SH","labelrank":"7","hasc":"CN.SH","alt-name":"Shàngh?i","woe-id":"12578012","subregion":null,"fips":"CH23","postal-code":"SH","name":"Shanghai","country":"China","type-en":"Municipality","region":"East China","longitude":"121.409","woe-name":"Shanghai","latitude":"31.0909","woe-label":"Shanghai, CN, China","type":"Zhíxiáshì"}},{"type":"Polygon","arcs":[[5]],"id":"TW.KM","properties":{"hc-group":"admin1","hc-middle-x":0.51,"hc-key":"tw-km","hc-a2":"KM","labelrank":"9","hasc":"TW.FK.KM","alt-name":"Chinmen|Jinmen","woe-id":"28760735","subregion":null,"fips":null,"postal-code":"KM","name":"Kinmen","country":"Taiwan","type-en":"County","region":"Fujian Province","longitude":"118.368","woe-name":"Kinmen","latitude":"24.454","woe-label":null,"type":"Hsien"}},{"type":"MultiPolygon","arcs":[[[6]],[[7]],[[-4,8,9,10,11,12]]],"id":"CN.ZJ","properties":{"hc-group":"admin1","hc-middle-x":0.48,"hc-middle-y":0.51,"hc-key":"cn-zj","hc-a2":"ZJ","labelrank":"2","hasc":"CN.ZJ","alt-name":"Zhèji?ng","woe-id":"12577992","subregion":null,"fips":"CH02","postal-code":"ZJ","name":"Zhejiang","country":"China","type-en":"Province","region":"East China","longitude":"119.97","woe-name":"Zhejiang","latitude":"29.1084","woe-label":"Zhejiang, CN, China","type":"Sh?ng"}},{"type":"Polygon","arcs":[[13]],"id":"TW.LK","properties":{"hc-group":"admin1","hc-middle-y":0.21,"hc-key":"tw-lk","hc-a2":"LK","labelrank":"9","hasc":"TW.FK.LK","alt-name":null,"woe-id":"28760734","subregion":null,"fips":null,"postal-code":"LK","name":"Lienchiang","country":"Taiwan","type-en":"County","region":"Fujian Province","longitude":"119.938","woe-name":"Lienchiang","latitude":"26.1519","woe-label":null,"type":"Hsien"}},{"type":"Polygon","arcs":[[14]],"id":"CN.3664","properties":{"hc-group":"admin1","hc-key":"cn-3664","hc-a2":"PI","labelrank":"20","hasc":"CN","alt-name":null,"woe-id":"12497556","subregion":null,"fips":null,"postal-code":null,"name":"Paracel Islands","country":"China","type-en":null,"region":null,"longitude":"111.201","woe-name":"Paracel Islands","latitude":"15.7833","woe-label":null,"type":null}},{"type":"Polygon","arcs":[[15]],"id":"CN.3681","properties":{"hc-group":"admin1","hc-middle-x":0.3,"hc-middle-y":0.41,"hc-key":"cn-3681","hc-a2":"MA","labelrank":"20","hasc":"MO","alt-name":null,"woe-id":"20070017","subregion":null,"fips":null,"postal-code":null,"name":"Macau","country":"Macau S.A.R","type-en":null,"region":null,"longitude":"113.56","woe-name":"Macau","latitude":"22.1349","woe-label":null,"type":null}},{"type":"MultiPolygon","arcs":[[[16,17,18,-10,19],[20]],[[21]]],"id":"CN.FJ","properties":{"hc-group":"admin1","hc-middle-x":0.56,"hc-middle-y":0.36,"hc-key":"cn-fj","hc-a2":"FJ","labelrank":"2","hasc":"CN.FJ","alt-name":"Fújiàn","woe-id":"12577997","subregion":null,"fips":"CH07","postal-code":"FJ","name":"Fujian","country":"China","type-en":"Province","region":null,"longitude":"118.178","woe-name":"Fujian","latitude":"26.408","woe-label":"Fujian, CN, China","type":"Sh?ng"}},{"type":"MultiPolygon","arcs":[[[22]],[[23,24,25,26,27,-18,28]]],"id":"CN.GD","properties":{"hc-group":"admin1","hc-middle-x":0.46,"hc-middle-y":0.32,"hc-key":"cn-gd","hc-a2":"GD","labelrank":"2","hasc":"CN.GD","alt-name":"Gu?ngd?ng","woe-id":"12578019","subregion":null,"fips":"CH30","postal-code":"GD","name":"Guangdong","country":"China","type-en":"Province","region":"South Central China","longitude":"113.72","woe-name":"Guangdong","latitude":"23.7924","woe-label":"Guangdong, CN, China","type":"Sh?ng"}},{"type":"Polygon","arcs":[[29]],"id":"TW.TW","properties":{"hc-group":"admin1","hc-middle-x":0.55,"hc-middle-y":0.55,"hc-key":"tw-tw","hc-a2":"TW","labelrank":"9","hasc":"TW.TP.TC","alt-name":"Taibei Shi","woe-id":"20070568","subregion":null,"fips":"TW03","postal-code":"TW","name":"Taipei City","country":"Taiwan","type-en":"Special Municipality","region":"Special Municipalities","longitude":"121.559","woe-name":"Taipei City","latitude":"25.0904","woe-label":null,"type":"Zhixiashi"}},{"type":"Polygon","arcs":[[30]],"id":"TW.CS","properties":{"hc-group":"admin1","hc-middle-y":0.43,"hc-key":"tw-cs","hc-a2":"CS","labelrank":"9","hasc":"TW.TW.CS","alt-name":"Jiayi Shi|Chiai City","woe-id":"28751583","subregion":null,"fips":null,"postal-code":"CS","name":"Chiayi City","country":"Taiwan","type-en":"Provincial City","region":"Taiwan Province","longitude":"120.441","woe-name":"Chiayi City","latitude":"23.4822","woe-label":null,"type":"Shi"}},{"type":"Polygon","arcs":[[31,32,33,34]],"id":"CN.6657","properties":{"hc-group":"admin1","hc-middle-x":0.47,"hc-middle-y":0.22,"hc-key":"cn-6657","hc-a2":"SO","labelrank":"20","hasc":"HK.","alt-name":null,"woe-id":"24703130","subregion":null,"fips":null,"postal-code":null,"name":"Southern","country":"Hong Kong S.A.R.","type-en":null,"region":"Hong Kong Island","longitude":"114.204","woe-name":"Southern","latitude":"22.2402","woe-label":null,"type":null}},{"type":"Polygon","arcs":[[35,36,37,38,39]],"id":"CN.6663","properties":{"hc-group":"admin1","hc-middle-x":0.43,"hc-middle-y":0.46,"hc-key":"cn-6663","hc-a2":"SK","labelrank":"20","hasc":"HK.","alt-name":null,"woe-id":"24703139","subregion":null,"fips":null,"postal-code":null,"name":"Sai Kung","country":"Hong Kong S.A.R.","type-en":null,"region":"The New Territories","longitude":"114.249","woe-name":"Sai Kung","latitude":"22.3463","woe-label":null,"type":null}},{"type":"MultiPolygon","arcs":[[[40,41]],[[42,43,44,45]]],"id":"CN.6665","properties":{"hc-group":"admin1","hc-middle-x":0.51,"hc-middle-y":0.38,"hc-key":"cn-6665","hc-a2":"KT","labelrank":"20","hasc":"HK.","alt-name":null,"woe-id":"24703132","subregion":null,"fips":null,"postal-code":null,"name":"Kwai Tsing","country":"Hong Kong S.A.R.","type-en":null,"region":"The New Territories","longitude":"114.14","woe-name":"Kwai Tsing","latitude":"22.351","woe-label":null,"type":null}},{"type":"MultiPolygon","arcs":[[[-44,46,47,48,49,50]],[[51,52]]],"id":"CN.6666","properties":{"hc-group":"admin1","hc-middle-x":0.57,"hc-middle-y":0.4,"hc-key":"cn-6666","hc-a2":"TW","labelrank":"20","hasc":"HK.","alt-name":null,"woe-id":"24703140","subregion":null,"fips":null,"postal-code":null,"name":"Tsuen Wan","country":"Hong Kong S.A.R.","type-en":null,"region":"The New Territories","longitude":"114.12","woe-name":"Tsuen Wan","latitude":"22.3869","woe-label":null,"type":null}},{"type":"Polygon","arcs":[[-48,53,54]],"id":"CN.6667","properties":{"hc-group":"admin1","hc-middle-x":0.52,"hc-middle-y":0.43,"hc-key":"cn-6667","hc-a2":"TM","labelrank":"20","hasc":"HK.","alt-name":null,"woe-id":"24703141","subregion":null,"fips":null,"postal-code":null,"name":"Tuen Mun","country":"Hong Kong S.A.R.","type-en":null,"region":"The New Territories","longitude":"113.991","woe-name":"Tuen Mun","latitude":"22.3846","woe-label":null,"type":null}},{"type":"Polygon","arcs":[[55,-24,56,57,58]],"id":"CN.6669","properties":{"hc-group":"admin1","hc-middle-x":0.49,"hc-middle-y":0.37,"hc-key":"cn-6669","hc-a2":"NO","labelrank":"20","hasc":"HK.","alt-name":null,"woe-id":"24703142","subregion":null,"fips":null,"postal-code":null,"name":"North","country":"Hong Kong S.A.R.","type-en":null,"region":"The New Territories","longitude":"114.148","woe-name":"North","latitude":"22.5063","woe-label":null,"type":null}},{"type":"MultiPolygon","arcs":[[[-40,59,60]],[[-50,61,-58,62,63]]],"id":"CN.6670","properties":{"hc-group":"admin1","hc-middle-x":0.43,"hc-middle-y":0.35,"hc-key":"cn-6670","hc-a2":"TP","labelrank":"20","hasc":"HK.","alt-name":null,"woe-id":"24703144","subregion":null,"fips":null,"postal-code":null,"name":"Tai Po","country":"Hong Kong S.A.R.","type-en":null,"region":"The New Territories","longitude":"114.154","woe-name":"Tai Po","latitude":"22.4447","woe-label":null,"type":null}},{"type":"Polygon","arcs":[[-53,64]],"id":"CN.6671","properties":{"hc-group":"admin1","hc-middle-y":0.48,"hc-key":"cn-6671","hc-a2":"IS","labelrank":"20","hasc":"HK.","alt-name":null,"woe-id":"24703127","subregion":null,"fips":null,"postal-code":null,"name":"Islands","country":"Hong Kong S.A.R.","type-en":null,"region":"The New Territories","longitude":"113.954","woe-name":"Islands","latitude":"22.2597","woe-label":null,"type":null}},{"type":"Polygon","arcs":[[65,66,67,68,69,70,71]],"id":"TW.KH","properties":{"hc-group":"admin1","hc-middle-x":0.22,"hc-middle-y":0.74,"hc-key":"tw-kh","hc-a2":"KH","labelrank":"9","hasc":"TW.KH.KC","alt-name":"Gaoxiong Shi","woe-id":"20070571","subregion":null,"fips":null,"postal-code":"KH","name":"Kaohsiung City","country":"Taiwan","type-en":"Special Municipality","region":"Special Municipalities","longitude":"120.609","woe-name":"Kaohsiung City","latitude":"23.0157","woe-label":null,"type":"Zhixiashi"}},{"type":"Polygon","arcs":[[72,73,74]],"id":"TW.HS","properties":{"hc-group":"admin1","hc-middle-x":0.43,"hc-middle-y":0.58,"hc-key":"tw-hs","hc-a2":"HS","labelrank":"9","hasc":"TW.TW.HS","alt-name":"Xinzhu Shi","woe-id":"28751582","subregion":null,"fips":null,"postal-code":"HS","name":"Hsinchu City","country":"Taiwan","type-en":"Provincial City","region":"Taiwan Province","longitude":"120.959","woe-name":"Hsinchu City","latitude":"24.7757","woe-label":null,"type":"Shi"}},{"type":"Polygon","arcs":[[75,76,77,78,79]],"id":"CN.YN","properties":{"hc-group":"admin1","hc-middle-x":0.42,"hc-middle-y":0.59,"hc-key":"cn-yn","hc-a2":"YN","labelrank":"2","hasc":"CN.YN","alt-name":"Yúnnán","woe-id":"12578018","subregion":"Western","fips":"CH29","postal-code":"YN","name":"Yunnan","country":"China","type-en":"Province","region":"Southwest China","longitude":"101.661","woe-name":"Yunnan","latitude":"24.4603","woe-label":"Yunnan, CN, China","type":"Sh?ng"}},{"type":"Polygon","arcs":[[-76,80,81,82,83]],"id":"CN.XZ","properties":{"hc-group":"admin1","hc-middle-x":0.4,"hc-key":"cn-xz","hc-a2":"XZ","labelrank":"2","hasc":"CN.XZ","alt-name":"Tibet|X?zàng","woe-id":"12578004","subregion":"Western","fips":"CH14","postal-code":"XZ","name":"Xizang","country":"China","type-en":"Autonomous Region","region":"Southwest China","longitude":"88.41370000000001","woe-name":"Xizang","latitude":"31.4515","woe-label":"Tibet, CN, China","type":"Zìzhìqu"}},{"type":"Polygon","arcs":[[-74,84,85,86,87,88]],"id":"TW.HH","properties":{"hc-group":"admin1","hc-middle-x":0.43,"hc-middle-y":0.54,"hc-key":"tw-hh","hc-a2":"HH","labelrank":"9","hasc":"TW.TW.HH","alt-name":"Xinzhu","woe-id":"2347334","subregion":null,"fips":null,"postal-code":"HH","name":"Hsinchu","country":"Taiwan","type-en":"County","region":"Taiwan Province","longitude":"121.163","woe-name":"Hsinchu County","latitude":"24.6748","woe-label":null,"type":"Hsien"}},{"type":"Polygon","arcs":[[89,90]],"id":"TW.CL","properties":{"hc-group":"admin1","hc-middle-x":0.6,"hc-middle-y":0.39,"hc-key":"tw-cl","hc-a2":"CL","labelrank":"9","hasc":"TW.TW.CL","alt-name":"Jilong Shi|Chilung City","woe-id":"22695855","subregion":null,"fips":null,"postal-code":"CL","name":"Keelung City","country":"Taiwan","type-en":"Provincial City","region":"Taiwan Province","longitude":"121.704","woe-name":"Keelung City","latitude":"25.1131","woe-label":null,"type":"Shi"}},{"type":"Polygon","arcs":[[-89,91,92,-75]],"id":"TW.ML","properties":{"hc-group":"admin1","hc-middle-x":0.49,"hc-middle-y":0.6,"hc-key":"tw-ml","hc-a2":"ML","labelrank":"9","hasc":"TW.TW.ML","alt-name":null,"woe-id":"2347338","subregion":null,"fips":null,"postal-code":"ML","name":"Miaoli","country":"Taiwan","type-en":"County","region":"Taiwan Province","longitude":"120.942","woe-name":"Miaoli County","latitude":"24.5253","woe-label":null,"type":"Hsien"}},{"type":"Polygon","arcs":[[93,94,95]],"id":"CN.NX","properties":{"hc-group":"admin1","hc-middle-x":0.51,"hc-middle-y":0.43,"hc-key":"cn-nx","hc-a2":"NX","labelrank":"2","hasc":"CN.NX","alt-name":"Ningxia Hui|Níngxià Húizú","woe-id":"12578010","subregion":"Western","fips":"CH21","postal-code":"NX","name":"Ningxia","country":"China","type-en":"Autonomous Region","region":"Northwest China","longitude":"106.038","woe-name":"Ningxia","latitude":"37.1762","woe-label":"Ningxia, CN, China","type":"Zìzhìqu"}},{"type":"Polygon","arcs":[[-94,96,97,98,99,100,101,102]],"id":"CN.SA","properties":{"hc-group":"admin1","hc-middle-x":0.54,"hc-middle-y":0.75,"hc-key":"cn-sa","hc-a2":"SA","labelrank":"2","hasc":"CN.SA","alt-name":"Sh?nx?","woe-id":"12578015","subregion":"Western","fips":"CH26","postal-code":"SA","name":"Shaanxi","country":"China","type-en":"Province","region":"Northwest China","longitude":"108.363","woe-name":"Shaanxi","latitude":"33.7713","woe-label":"Shaanxi, CN, China","type":"Sh?ng"}},{"type":"Polygon","arcs":[[-86,103,104,105]],"id":"TW.TY","properties":{"hc-group":"admin1","hc-middle-x":0.66,"hc-middle-y":0.46,"hc-key":"tw-ty","hc-a2":"TY","labelrank":"9","hasc":"TW.TW.TY","alt-name":null,"woe-id":"2347345","subregion":null,"fips":null,"postal-code":"TY","name":"Taoyuan","country":"Taiwan","type-en":"County","region":"Taiwan Province","longitude":"121.227","woe-name":"Taoyuan County","latitude":"24.961","woe-label":null,"type":"Hsien"}},{"type":"Polygon","arcs":[[106,107,-33]],"id":"CN.3682","properties":{"hc-group":"admin1","hc-middle-x":0.53,"hc-middle-y":0.42,"hc-key":"cn-3682","hc-a2":"CA","labelrank":"20","hasc":"HK.","alt-name":null,"woe-id":"24703128","subregion":null,"fips":null,"postal-code":null,"name":"Central and Western","country":"Hong Kong S.A.R.","type-en":null,"region":"Hong Kong Island","longitude":"114.144","woe-name":"Central and Western","latitude":"22.2741","woe-label":null,"type":null}},{"type":"Polygon","arcs":[[108,109,110,111]],"id":"TW.CG","properties":{"hc-group":"admin1","hc-middle-x":0.56,"hc-middle-y":0.48,"hc-key":"tw-cg","hc-a2":"CG","labelrank":"9","hasc":"TW.TW.CG","alt-name":"Zhanghua|Changhwa","woe-id":"20070572","subregion":null,"fips":null,"postal-code":"CG","name":"Changhua","country":"Taiwan","type-en":"County","region":"Taiwan Province","longitude":"120.464","woe-name":"Changhua County","latitude":"24.0016","woe-label":null,"type":"Hsien"}},{"type":"Polygon","arcs":[[-108,112,113,-34]],"id":"CN.6655","properties":{"hc-group":"admin1","hc-key":"cn-6655","hc-a2":"WC","labelrank":"20","hasc":"HK.","alt-name":null,"woe-id":"24703129","subregion":null,"fips":null,"postal-code":null,"name":"Wan Chai","country":"Hong Kong S.A.R.","type-en":null,"region":"Hong Kong Island","longitude":"114.178","woe-name":"Wan Chai","latitude":"22.2699","woe-label":null,"type":null}},{"type":"Polygon","arcs":[[114,115,116,117,-12,118]],"id":"CN.AH","properties":{"hc-group":"admin1","hc-middle-x":0.44,"hc-middle-y":0.59,"hc-key":"cn-ah","hc-a2":"AH","labelrank":"2","hasc":"CN.AH","alt-name":"?nhu?","woe-id":"12578022","subregion":"Central","fips":"CH01","postal-code":"AH","name":"Anhui","country":"China","type-en":"Province","region":"East China","longitude":"117.253","woe-name":"Anhui","latitude":"31.9537","woe-label":"Anhui, CN, China","type":"Sh?ng"}},{"type":"Polygon","arcs":[[-115,119,120,121,-100,122]],"id":"CN.HU","properties":{"hc-group":"admin1","hc-middle-x":0.55,"hc-middle-y":0.52,"hc-key":"cn-hu","hc-a2":"HU","labelrank":"2","hasc":"CN.HU","alt-name":"Húb?i","woe-id":"12578002","subregion":"Central","fips":"CH12","postal-code":"HU","name":"Hubei","country":"China","type-en":"Province","region":"South Central China","longitude":"112.264","woe-name":"Hubei","latitude":"30.9857","woe-label":"Hubei, CN, China","type":"Sh?ng"}},{"type":"Polygon","arcs":[[123,124,-70,125,126,127,128,129]],"id":"TW.HL","properties":{"hc-group":"admin1","hc-middle-x":0.51,"hc-middle-y":0.48,"hc-key":"tw-hl","hc-a2":"HL","labelrank":"9","hasc":"TW.TW.HL","alt-name":"Hualian","woe-id":"2347335","subregion":null,"fips":null,"postal-code":"HL","name":"Hualien","country":"Taiwan","type-en":"County","region":"Taiwan Province","longitude":"121.381","woe-name":"Hualien County","latitude":"23.7743","woe-label":null,"type":"Hsien"}},{"type":"Polygon","arcs":[[130,-110,131,-92,-88,132,-129]],"id":"TW.TH","properties":{"hc-group":"admin1","hc-middle-x":0.08,"hc-middle-y":0.51,"hc-key":"tw-th","hc-a2":"TH","labelrank":"9","hasc":"TW.TW.TG","alt-name":"Taizhong Shi","woe-id":"28751584","subregion":null,"fips":null,"postal-code":"TH","name":"Taichung City","country":"Taiwan","type-en":"Special Municipality","region":"Special Municipalities","longitude":"120.966","woe-name":"Taichung City","latitude":"24.238","woe-label":null,"type":"Zhixiashi"}},{"type":"Polygon","arcs":[[-114,133,-35]],"id":"CN.6656","properties":{"hc-group":"admin1","hc-middle-x":0.51,"hc-middle-y":0.37,"hc-key":"cn-6656","hc-a2":"EA","labelrank":"20","hasc":"HK.","alt-name":null,"woe-id":"24703131","subregion":null,"fips":null,"postal-code":null,"name":"Eastern","country":"Hong Kong S.A.R.","type-en":null,"region":"Hong Kong Island","longitude":"114.213","woe-name":"Eastern","latitude":"22.2706","woe-label":null,"type":null}},{"type":"Polygon","arcs":[[-126,-69,134,135,-111,-131,136,137]],"id":"TW.NT","properties":{"hc-group":"admin1","hc-middle-x":0.46,"hc-middle-y":0.46,"hc-key":"tw-nt","hc-a2":"NT","labelrank":"9","hasc":"TW.TW.NT","alt-name":null,"woe-id":"2347339","subregion":null,"fips":null,"postal-code":"NT","name":"Nantou","country":"Taiwan","type-en":"County","region":"Taiwan Province","longitude":"120.988","woe-name":"Nantou County","latitude":"23.7977","woe-label":null,"type":"Hsien"}},{"type":"Polygon","arcs":[[138,139,140]],"id":"CN.6658","properties":{"hc-group":"admin1","hc-middle-x":0.84,"hc-middle-y":0.42,"hc-key":"cn-6658","hc-a2":"YT","labelrank":"20","hasc":"HK.","alt-name":null,"woe-id":"24703134","subregion":null,"fips":null,"postal-code":null,"name":"Yau Tsim Mong","country":"Hong Kong S.A.R.","type-en":null,"region":"Kowloon","longitude":"114.169","woe-name":"Yau Tsim Mong","latitude":"22.3128","woe-label":null,"type":null}},{"type":"Polygon","arcs":[[141,-141,142,143,144,145]],"id":"CN.6659","properties":{"hc-group":"admin1","hc-middle-x":0.52,"hc-middle-y":0.48,"hc-key":"cn-6659","hc-a2":"KC","labelrank":"20","hasc":"HK.","alt-name":null,"woe-id":"24703135","subregion":null,"fips":null,"postal-code":null,"name":"Kowloon City","country":"Hong Kong S.A.R.","type-en":null,"region":"Kowloon","longitude":"114.19","woe-name":"Kowloon City","latitude":"22.3268","woe-label":null,"type":null}},{"type":"Polygon","arcs":[[146,147,148,-101,-122]],"id":"CN.CQ","properties":{"hc-group":"admin1","hc-middle-x":0.42,"hc-middle-y":0.62,"hc-key":"cn-cq","hc-a2":"CQ","labelrank":"2","hasc":"CN.CQ","alt-name":"Chóngqìng","woe-id":"20070171","subregion":"Western","fips":"CH33","postal-code":"CQ","name":"Chongqing","country":"China","type-en":"Municipality","region":"Southwest China","longitude":"107.73","woe-name":"Chongqing","latitude":"30.0173","woe-label":"Chongqing, CN, China","type":"Zhíxiáshì"}},{"type":"Polygon","arcs":[[-147,-121,149,-27,150,151]],"id":"CN.HN","properties":{"hc-group":"admin1","hc-middle-x":0.51,"hc-key":"cn-hn","hc-a2":"HN","labelrank":"2","hasc":"CN.HN","alt-name":"Húnán","woe-id":"12578001","subregion":"Central","fips":"CH11","postal-code":"HN","name":"Hunan","country":"China","type-en":"Province","region":"South Central China","longitude":"111.712","woe-name":"Hunan","latitude":"27.6667","woe-label":"Hunan, CN, China","type":"Sh?ng"}},{"type":"Polygon","arcs":[[-136,152,153,-112]],"id":"TW.YL","properties":{"hc-group":"admin1","hc-middle-x":0.44,"hc-middle-y":0.38,"hc-key":"tw-yl","hc-a2":"YL","labelrank":"9","hasc":"TW.TW.YL","alt-name":"Yüanlin","woe-id":"2347346","subregion":null,"fips":null,"postal-code":"YL","name":"Yunlin","country":"Taiwan","type-en":"County","region":"Taiwan Province","longitude":"120.427","woe-name":"Yunlin County","latitude":"23.7253","woe-label":null,"type":"Hsien"}},{"type":"MultiPolygon","arcs":[[[154,41]],[[-140,155,-46,156,-143]]],"id":"CN.6660","properties":{"hc-group":"admin1","hc-middle-x":0.61,"hc-middle-y":0.37,"hc-key":"cn-6660","hc-a2":"SS","labelrank":"20","hasc":"HK.","alt-name":null,"woe-id":"24703133","subregion":null,"fips":null,"postal-code":null,"name":"Sham Shui Po","country":"Hong Kong S.A.R.","type-en":null,"region":"Kowloon","longitude":"114.164","woe-name":"Sham Shui Po","latitude":"22.3331","woe-label":null,"type":null}},{"type":"Polygon","arcs":[[-145,157,-38,158]],"id":"CN.6661","properties":{"hc-group":"admin1","hc-middle-y":0.66,"hc-key":"cn-6661","hc-a2":"WT","labelrank":"20","hasc":"HK.","alt-name":null,"woe-id":"24703137","subregion":null,"fips":null,"postal-code":null,"name":"Wong Tai Sin","country":"Hong Kong S.A.R.","type-en":null,"region":"Kowloon","longitude":"114.215","woe-name":"Wong Tai Sin","latitude":"22.3432","woe-label":null,"type":null}},{"type":"Polygon","arcs":[[159,-146,-159,-37]],"id":"CN.6662","properties":{"hc-group":"admin1","hc-middle-x":0.61,"hc-middle-y":0.47,"hc-key":"cn-6662","hc-a2":"KT","labelrank":"20","hasc":"HK.","alt-name":null,"woe-id":"24703136","subregion":null,"fips":null,"postal-code":null,"name":"Kwun Tong","country":"Hong Kong S.A.R.","type-en":null,"region":"Kowloon","longitude":"114.225","woe-name":"Kwun Tong","latitude":"22.3159","woe-label":null,"type":null}},{"type":"Polygon","arcs":[[-39,-158,-144,-157,-45,-51,-64,160,-60]],"id":"CN.6664","properties":{"hc-group":"admin1","hc-middle-x":0.52,"hc-middle-y":0.48,"hc-key":"cn-6664","hc-a2":"ST","labelrank":"20","hasc":"HK.","alt-name":null,"woe-id":"24703138","subregion":null,"fips":null,"postal-code":null,"name":"Sha Tin","country":"Hong Kong S.A.R.","type-en":null,"region":"The New Territories","longitude":"114.2","woe-name":"Sha Tin","latitude":"22.3807","woe-label":null,"type":null}},{"type":"Polygon","arcs":[[-49,-55,161,-59,-62]],"id":"CN.6668","properties":{"hc-group":"admin1","hc-middle-x":0.52,"hc-middle-y":0.58,"hc-key":"cn-6668","hc-a2":"YL","labelrank":"20","hasc":"HK.","alt-name":null,"woe-id":"24703143","subregion":null,"fips":null,"postal-code":null,"name":"Yuen Long","country":"Hong Kong S.A.R.","type-en":null,"region":"The New Territories","longitude":"114.058","woe-name":"Yuen Long","latitude":"22.4415","woe-label":null,"type":null}},{"type":"Polygon","arcs":[[162,-72,163]],"id":"TW.PT","properties":{"hc-group":"admin1","hc-key":"tw-pt","hc-a2":"PT","labelrank":"9","hasc":"TW.TW.PT","alt-name":"Pingdong","woe-id":"2347340","subregion":null,"fips":null,"postal-code":"PT","name":"Pingtung","country":"Taiwan","type-en":"County","region":"Taiwan Province","longitude":"120.661","woe-name":"Pingtung County","latitude":"22.5344","woe-label":null,"type":"Hsien"}},{"type":"Polygon","arcs":[[-164,-71,-125,164]],"id":"TW.TT","properties":{"hc-group":"admin1","hc-middle-x":0.1,"hc-middle-y":0.72,"hc-key":"tw-tt","hc-a2":"TT","labelrank":"9","hasc":"TW.TW.TT","alt-name":"Taidong","woe-id":"2347344","subregion":null,"fips":null,"postal-code":"TT","name":"Taitung","country":"Taiwan","type-en":"County","region":"Taiwan Province","longitude":"121.54","woe-name":"Taitung County","latitude":"22.0499","woe-label":null,"type":"Hsien"}},{"type":"Polygon","arcs":[[-67,165,166]],"id":"TW.TN","properties":{"hc-group":"admin1","hc-middle-x":0.42,"hc-middle-y":0.48,"hc-key":"tw-tn","hc-a2":"TN","labelrank":"9","hasc":"TW.TW.TN","alt-name":"Tainan Shi","woe-id":"28751581","subregion":null,"fips":null,"postal-code":"TN","name":"Tainan City","country":"Taiwan","type-en":"Special Municipality","region":"Special Municipalities","longitude":"120.182","woe-name":"Tainan City","latitude":"23.0464","woe-label":null,"type":"Zhixiashi"}},{"type":"Polygon","arcs":[[167,168,169,170]],"id":"CN.BJ","properties":{"hc-group":"admin1","hc-middle-x":0.48,"hc-middle-y":0.54,"hc-key":"cn-bj","hc-a2":"BJ","labelrank":"7","hasc":"CN.BJ","alt-name":"B?ij?ng","woe-id":"12578011","subregion":null,"fips":"CH22","postal-code":"BJ","name":"Beijing","country":"China","type-en":"Municipality","region":"North China","longitude":"116.389","woe-name":"Beijing","latitude":"39.9488","woe-label":"Beijing, CN, China","type":"Zhíxiáshì"}},{"type":"MultiPolygon","arcs":[[[-168,171]],[[172,173,174,175,176,177,178,179,-170,180]]],"id":"CN.HB","properties":{"hc-group":"admin1","hc-middle-x":0.29,"hc-middle-y":0.7,"hc-key":"cn-hb","hc-a2":"HB","labelrank":"2","hasc":"CN.HB","alt-name":"Héb?i","woe-id":"12578000","subregion":null,"fips":"CH10","postal-code":"HB","name":"Hebei","country":"China","type-en":"Province","region":"North China","longitude":"115.314","woe-name":"Hebei","latitude":"38.5205","woe-label":"Hebei, CN, China","type":"Sh?ng"}},{"type":"Polygon","arcs":[[-87,-106,181,182,-130,-133]],"id":"TW.IL","properties":{"hc-group":"admin1","hc-middle-x":0.57,"hc-middle-y":0.47,"hc-key":"tw-il","hc-a2":"IL","labelrank":"9","hasc":"TW.TW.IL","alt-name":"Ilan","woe-id":"2347336","subregion":null,"fips":null,"postal-code":"IL","name":"Yilan","country":"Taiwan","type-en":"County","region":"Taiwan Province","longitude":"121.644","woe-name":"Yilan County","latitude":"24.5913","woe-label":null,"type":"Hsien"}},{"type":"Polygon","arcs":[[183,-182,-105,184,-91],[-30]],"id":"TW.TP","properties":{"hc-group":"admin1","hc-middle-x":0.43,"hc-middle-y":0.39,"hc-key":"tw-tp","hc-a2":"TP","labelrank":"9","hasc":"TW.TW.TP","alt-name":"Xinbei Shi","woe-id":"20070569","subregion":null,"fips":"TW03","postal-code":"TP","name":"New Taipei City","country":"Taiwan","type-en":"Special Municipality","region":"Special Municipalities","longitude":"121.646","woe-name":"Taipei County","latitude":"24.911","woe-label":null,"type":"Zhixiashi"}},{"type":"Polygon","arcs":[[-117,185,-174,186,187]],"id":"CN.SD","properties":{"hc-group":"admin1","hc-middle-x":0.37,"hc-middle-y":0.52,"hc-key":"cn-sd","hc-a2":"SD","labelrank":"2","hasc":"CN.SD","alt-name":"Sh?nd?ng","woe-id":"12578014","subregion":null,"fips":"CH25","postal-code":"SD","name":"Shandong","country":"China","type-en":"Province","region":"East China","longitude":"118.114","woe-name":"Shandong","latitude":"36.3271","woe-label":"Shandong, CN, China","type":"Sh?ng"}},{"type":"Polygon","arcs":[[-68,-167,188,-153,-135],[-31]],"id":"TW.CH","properties":{"hc-group":"admin1","hc-key":"tw-ch","hc-a2":"CH","labelrank":"9","hasc":"TW.TW.CH","alt-name":"Jiayi|Chiai","woe-id":"7153409","subregion":null,"fips":null,"postal-code":"CH","name":"Chiayi","country":"Taiwan","type-en":"County","region":"Taiwan Province","longitude":"120.26","woe-name":"Chiayi County","latitude":"23.4465","woe-label":null,"type":"Hsien"}},{"type":"Polygon","arcs":[[-181,-169,-172,-171,-180,189]],"id":"CN.TJ","properties":{"hc-group":"admin1","hc-middle-x":0.8,"hc-middle-y":0.63,"hc-key":"cn-tj","hc-a2":"TJ","labelrank":"7","hasc":"CN.TJ","alt-name":"Ti?nj?n","woe-id":"12578017","subregion":null,"fips":"CH28","postal-code":"TJ","name":"Tianjin","country":"China","type-en":"Municipality","region":"North China","longitude":"117.347","woe-name":"Tianjin","latitude":"39.3708","woe-label":"Tianjin, CN, China","type":"Zhíxiáshì"}},{"type":"Polygon","arcs":[[190]],"id":"CN.HA","properties":{"hc-group":"admin1","hc-middle-x":0.38,"hc-middle-y":0.58,"hc-key":"cn-ha","hc-a2":"HA","labelrank":"2","hasc":"CN.HA","alt-name":"H?inán","woe-id":"12578020","subregion":null,"fips":"CH31","postal-code":"HA","name":"Hainan","country":"China","type-en":"Province","region":"South Central China","longitude":"109.825","woe-name":"Hainan","latitude":"19.1865","woe-label":"Hainan, CN, China","type":"Sh?ng"}},{"type":"Polygon","arcs":[[191,192,193,194]],"id":"CN.JL","properties":{"hc-group":"admin1","hc-middle-x":0.47,"hc-middle-y":0.52,"hc-key":"cn-jl","hc-a2":"JL","labelrank":"2","hasc":"CN.JL","alt-name":"Jílín","woe-id":"12577995","subregion":"Northeast","fips":"CH05","postal-code":"JL","name":"Jilin","country":"China","type-en":"Province","region":"Northeast China","longitude":"126.466","woe-name":"Jilin","latitude":"43.2978","woe-label":"Jilin, CN, China","type":"Sh?ng"}},{"type":"Polygon","arcs":[[195,196,197,-83]],"id":"CN.QH","properties":{"hc-group":"admin1","hc-middle-y":0.49,"hc-key":"cn-qh","hc-a2":"QH","labelrank":"2","hasc":"CN.QH","alt-name":null,"woe-id":"12577996","subregion":"Western","fips":null,"postal-code":"QH","name":"Qinghai","country":"China","type-en":"Province","region":"Northwest China","longitude":"96.2377","woe-name":"Qinghai","latitude":"35.2652","woe-label":"Qinghai, CN, China","type":"Sh?ng"}},{"type":"Polygon","arcs":[[-196,-82,198,199]],"id":"CN.XJ","properties":{"hc-group":"admin1","hc-middle-x":0.54,"hc-middle-y":0.55,"hc-key":"cn-xj","hc-a2":"XJ","labelrank":"2","hasc":"CN.XJ","alt-name":"Xinjiang Uygur|X?nji?ng Wéiwú?r","woe-id":"12578003","subregion":"Western","fips":"CH13","postal-code":"XJ","name":"Xinjiang","country":"China","type-en":"Autonomous Region","region":"Northwest China","longitude":"85.42529999999999","woe-name":"Xinjiang","latitude":"41.122","woe-label":"Xinjiang, CN, China","type":"Zìzhìqu"}},{"type":"Polygon","arcs":[[200,201,-194,202,-177,203,-97,-96,204]],"id":"CN.NM","properties":{"hc-group":"admin1","hc-middle-x":0.68,"hc-middle-y":0.61,"hc-key":"cn-nm","hc-a2":"NM","labelrank":"2","hasc":"CN.NM","alt-name":"Nei Mongol|Nèim?ngg?","woe-id":"12578009","subregion":"Western","fips":"CH20","postal-code":"NM","name":"Inner Mongol","country":"China","type-en":"Autonomous Region","region":"North China","longitude":"111.623","woe-name":"Inner Mongol","latitude":"41.5938","woe-label":"Nei Mongol, CN, China","type":"Zìzhìqu"}},{"type":"Polygon","arcs":[[-195,-202,205]],"id":"CN.HL","properties":{"hc-group":"admin1","hc-middle-x":0.54,"hc-middle-y":0.68,"hc-key":"cn-hl","hc-a2":"HL","labelrank":"2","hasc":"CN.HL","alt-name":"H?ilóngji?ng","woe-id":"12577998","subregion":"Northeast","fips":"CH08","postal-code":"HL","name":"Heilongjiang","country":"China","type-en":"Province","region":"Northeast China","longitude":"127.97","woe-name":"Heilongjiang","latitude":"46.8451","woe-label":"Heilongjiang, CN, China","type":"Sh?ng"}},{"type":"Polygon","arcs":[[-77,-84,-198,206,-102,-149,207]],"id":"CN.SC","properties":{"hc-group":"admin1","hc-middle-x":0.47,"hc-middle-y":0.48,"hc-key":"cn-sc","hc-a2":"SC","labelrank":"2","hasc":"CN.SC","alt-name":"Sìchu?n","woe-id":"12578016","subregion":"Western","fips":"CH32","postal-code":"SC","name":"Sichuan","country":"China","type-en":"Province","region":"Southwest China","longitude":"102.384","woe-name":"Sichuan","latitude":"30.5431","woe-label":"Sichuan, CN, China","type":"Sh?ng"}},{"type":"Polygon","arcs":[[-78,-208,-148,-152,208]],"id":"CN.GZ","properties":{"hc-group":"admin1","hc-middle-x":0.55,"hc-middle-y":0.58,"hc-key":"cn-gz","hc-a2":"GZ","labelrank":"2","hasc":"CN.GZ","alt-name":"Gùizh?u","woe-id":"12578007","subregion":"Western","fips":"CH18","postal-code":"GZ","name":"Guizhou","country":"China","type-en":"Province","region":"Southwest China","longitude":"106.559","woe-name":"Guizhou","latitude":"26.8033","woe-label":"Guizhou, CN, China","type":"Sh?ng"}},{"type":"Polygon","arcs":[[-79,-209,-151,-26,209]],"id":"CN.GX","properties":{"hc-group":"admin1","hc-middle-x":0.56,"hc-middle-y":0.49,"hc-key":"cn-gx","hc-a2":"GX","labelrank":"2","hasc":"CN.GX","alt-name":"Guangxi Zhuang|Guangxi Zhuàngzú","woe-id":"12578006","subregion":"Western","fips":"CH16","postal-code":"GX","name":"Guangxi","country":"China","type-en":"Autonomous Region","region":"South Central China","longitude":"108.756","woe-name":"Guangxi","latitude":"23.7451","woe-label":"Guangxi, CN, China","type":"Zìzhìqu"}},{"type":"Polygon","arcs":[[-203,-193,210,-178]],"id":"CN.LN","properties":{"hc-group":"admin1","hc-middle-x":0.63,"hc-middle-y":0.44,"hc-key":"cn-ln","hc-a2":"LN","labelrank":"2","hasc":"CN.LN","alt-name":"Liáoníng","woe-id":"12578008","subregion":"Northeast","fips":"CH19","postal-code":"LN","name":"Liaoning","country":"China","type-en":"Province","region":"Northeast China","longitude":"123.07","woe-name":"Liaoning","latitude":"41.386","woe-label":"Liaoning, CN, China","type":"Sh?ng"}},{"type":"Polygon","arcs":[[211,-5,-13,-118,-188]],"id":"CN.JS","properties":{"hc-group":"admin1","hc-middle-x":0.53,"hc-middle-y":0.39,"hc-key":"cn-js","hc-a2":"JS","labelrank":"2","hasc":"CN.JS","alt-name":"Ji?ngs?","woe-id":"12577994","subregion":null,"fips":"CH04","postal-code":"JS","name":"Jiangsu","country":"China","type-en":"Province","region":"East China","longitude":"119.942","woe-name":"Jiangsu","latitude":"32.9844","woe-label":"Jiangsu, CN, China","type":"Sh?ng"}},{"type":"Polygon","arcs":[[-197,-200,212,-205,-95,-103,-207]],"id":"CN.GS","properties":{"hc-group":"admin1","hc-middle-x":0.24,"hc-middle-y":0.23,"hc-key":"cn-gs","hc-a2":"GS","labelrank":"2","hasc":"CN.GS","alt-name":"G?nsù","woe-id":"12578005","subregion":"Western","fips":"CH15","postal-code":"GS","name":"Gansu","country":"China","type-en":"Province","region":"Northwest China","longitude":"100.735","woe-name":"Gansu","latitude":"38.7393","woe-label":"Gansu, CN, China","type":"Sh?ng"}},{"type":"Polygon","arcs":[[-98,-204,-176,213]],"id":"CN.SX","properties":{"hc-group":"admin1","hc-middle-y":0.44,"hc-key":"cn-sx","hc-a2":"SX","labelrank":"2","hasc":"CN.SX","alt-name":"Sh?nx?","woe-id":"12578013","subregion":"Central","fips":"CH24","postal-code":"SX","name":"Shanxi","country":"China","type-en":"Province","region":"North China","longitude":"112.389","woe-name":"Shanxi","latitude":"37.7586","woe-label":"Shanxi, CN, China","type":"Sh?ng"}},{"type":"Polygon","arcs":[[-214,-175,-186,-116,-123,-99]],"id":"CN.HE","properties":{"hc-group":"admin1","hc-middle-x":0.51,"hc-middle-y":0.46,"hc-key":"cn-he","hc-a2":"HE","labelrank":"2","hasc":"CN.HE","alt-name":"Hénán","woe-id":"12577999","subregion":"Central","fips":"CH09","postal-code":"HE","name":"Henan","country":"China","type-en":"Province","region":"South Central China","longitude":"113.484","woe-name":"Henan","latitude":"33.9055","woe-label":"Henan, CN, China","type":"Sh?ng"}},{"type":"Polygon","arcs":[[-150,-120,-119,-11,-19,-28]],"id":"CN.JX","properties":{"hc-group":"admin1","hc-middle-x":0.36,"hc-middle-y":0.48,"hc-key":"cn-jx","hc-a2":"JX","labelrank":"2","hasc":"CN.JX","alt-name":"Ji?ngx?","woe-id":"12577993","subregion":"Central","fips":"CH03","postal-code":"JX","name":"Jiangxi","country":"China","type-en":"Province","region":"East China","longitude":"116.017","woe-name":"Jiangxi","latitude":"27.6397","woe-label":"Jiangxi, CN, China","type":"Sh?ng"}}],"hc-recommended-transform":{"default":{"crs":"+proj=lcc +lat_1=18 +lat_2=24 +lat_0=21 +lon_0=114 +x_0=500000 +y_0=500000 +ellps=WGS72 +towgs84=0,0,1.9,0,0,0.814,-0.38 +units=m +no_defs","scale":0.000129831107685,"jsonres":15.5,"jsonmarginX":-999,"jsonmarginY":9851,"xoffset":-3139937.49309,"yoffset":4358972.7486}},"hc-recommended-mapview":{"projection":{"name":"LambertConformalConic","parallels":[18,24],"rotation":[-114]}}}},"arcs":[[[7520,2069],[5,-9],[-8,-3],[-3,9],[6,3]],[[7897,4149],[-10,-5],[-88,57],[-23,34],[15,16],[34,-19],[31,-31],[52,-31],[-11,-21]],[[7803,4158],[63,-56],[25,-48],[16,-48],[-11,-16],[-45,-5],[-58,-39]],[[7793,3946],[-28,39],[-20,-2],[-2,47],[-10,1]],[[7733,4031],[-8,33],[33,4],[20,81],[25,9]],[[7331,2310],[-1,-25],[-26,-3],[0,20],[27,8]],[[7974,3757],[0,-29],[-25,-8],[23,12],[2,25]],[[7939,3829],[-16,11],[23,15],[-6,-65],[24,-18],[-5,-26],[-18,16],[-26,0],[-8,20],[-14,-23],[-1,25],[28,32],[14,-21],[5,34]],[[7793,3946],[-49,-39],[-6,-32],[-25,-34],[-15,27],[-43,-1],[36,-9],[14,-33],[25,-16],[42,40],[38,0],[20,-27],[29,-58],[49,-29],[25,-2],[-27,-19],[-43,-64],[-29,-16],[-14,3],[11,-33],[10,20],[57,44],[9,-51],[-10,-14],[4,-88],[-25,15],[3,68],[-9,-46],[-15,-5],[-11,29],[-31,-49],[36,1],[11,-52],[-31,10],[28,-34],[-11,-26],[-24,-9],[27,-49],[-6,-16],[12,-28],[-30,-3],[-13,-12],[-4,-31],[-16,11],[2,-28],[-22,-16],[-5,25],[21,36],[-11,29],[-10,-43],[-25,-61],[-42,6],[21,-14],[-5,-33],[-35,-70],[14,-19],[-7,-31],[-14,6],[-5,-53],[-16,1]],[[7653,3024],[-12,45],[-33,7],[-13,-16],[-49,-7],[-13,52],[-22,43],[-14,-39],[-33,-27],[-57,14],[-5,65],[-11,50],[-11,16],[7,71],[-9,22],[-39,-16],[-8,6]],[[7331,3310],[4,12],[-8,96],[-33,69],[-26,26],[-11,23],[9,35],[13,7],[7,29]],[[7286,3607],[32,12],[30,46],[27,27],[4,25],[25,42],[-7,47],[4,43],[60,-5],[24,16],[-11,41],[-14,7],[24,37],[10,-12],[21,55],[9,75]],[[7524,4063],[18,11],[31,-6],[1,-18],[31,-38],[38,0],[14,-13],[7,-33],[36,33],[-3,22],[36,10]],[[7574,2747],[4,1],[-6,-6],[-2,4],[4,1]],[[6147,1],[-2,-1],[0,4],[2,0],[0,-3]],[[6531,1690],[5,-9],[-7,-7],[-2,16],[4,0]],[[7498,2706],[16,12],[21,-17],[-19,-44],[0,-36],[-22,1],[21,-59],[-38,22],[-2,-29],[-16,12],[-22,-16],[12,-25],[17,1],[11,-24],[-9,-14],[-31,3],[-19,22],[-19,-14],[16,-9],[-18,-26],[23,-38],[-46,-30],[-8,30],[-8,-29],[24,-25],[-19,-47],[-35,15],[-39,-19],[-6,-31],[-16,21],[-10,-19],[-34,4],[19,-20],[23,4],[13,-37],[-26,-27],[-12,-35],[-17,-6],[-5,18],[-19,-44],[-8,-45],[-2,41],[-14,-4],[-8,-36],[13,0],[-34,-44],[12,28],[-16,29],[-9,-49],[-10,3]],[[7123,2074],[-23,33],[-19,89],[8,29],[-15,55],[-21,42],[3,31],[-39,-15],[-26,60],[-42,2],[-37,19]],[[6912,2419],[-7,73],[22,41],[7,76],[23,37],[-4,24],[30,23],[16,52],[-4,36],[36,54],[-18,53],[7,47],[19,31],[42,9],[19,24],[19,43],[-9,19],[2,58],[29,55],[0,22],[36,30],[16,-28],[23,-14],[13,33],[38,12],[11,16],[39,16],[-2,31],[16,18]],[[7653,3024],[-10,-28],[-19,8],[7,-52],[-26,-1],[-17,-18],[17,-18],[-8,-39],[-20,-9],[-12,-24],[-2,24],[19,11],[15,34],[-25,3],[-11,-37],[-11,8],[1,42],[-16,-62],[19,-41],[-9,-12],[-17,24],[4,-48],[24,29],[8,-31],[-33,-7],[-13,-32],[8,-22],[-18,5],[-10,-25]],[[7498,2706],[-6,-5],[-29,4],[14,-16],[15,12],[3,-1],[3,6]],[[7540,2611],[24,-24],[-20,-39],[-10,8],[14,23],[-8,32]],[[6043,1368],[-34,15],[-16,-8],[4,27],[39,1],[7,-35]],[[6641,1794],[-11,2],[-13,-9]],[[6617,1787],[-20,3],[-12,-23],[-23,81],[-16,0],[-6,38],[3,34],[-16,-9],[8,26],[-16,-12],[15,-58],[-37,15],[47,-62],[-13,-72],[16,13],[-26,-69],[-11,3],[-28,58],[-15,46],[0,-25],[39,-80],[-22,-24],[-12,-32],[-18,64],[-10,-18],[0,-47],[-18,-28],[-15,29],[-29,-32],[-6,-19],[-27,14],[-13,-25],[-19,-8],[-12,30],[-26,-3],[-20,32],[2,-29],[15,-11],[-17,-31],[15,-12],[-26,-14],[7,42],[-28,11],[13,-22],[-24,-38],[-31,0],[-58,-16],[-62,-33],[-23,-62],[-24,17],[0,53],[-9,-19],[5,-38],[-31,-21],[-8,-62],[35,0],[-11,-51],[29,-24],[9,-23],[-22,-47],[-44,-14],[-17,14],[-18,-14],[-9,42],[18,-14],[7,17],[-14,23],[-15,1],[-10,83],[-19,27],[6,65],[12,12],[-1,37],[26,2],[3,35],[-23,-6],[-9,27]],[[5908,1534],[28,30],[8,48],[68,9],[-8,76],[22,-10],[29,8],[4,23],[17,4],[-15,53],[12,25],[44,16],[7,26],[19,3],[28,43],[10,43],[-8,17],[4,78],[13,47],[22,13],[9,47],[19,-2],[20,45],[-5,61],[17,13],[12,27],[-7,45],[-12,13],[11,36]],[[6276,2371],[24,14],[-3,42],[10,53],[45,3],[33,-12],[23,-46],[30,6],[-4,57],[8,18],[-20,-2],[3,21],[50,49],[60,-47],[40,8],[16,24]],[[6591,2559],[14,-4],[3,-44],[14,11],[27,-5],[25,25],[22,6],[23,-31],[4,-43],[-52,-39],[-19,-59],[-21,-22],[42,-46],[12,15],[40,18],[20,-9],[29,30],[16,-5],[45,26],[47,-62],[15,4],[-6,70],[21,24]],[[7123,2074],[-16,-17],[-2,27],[-18,-29],[-8,30],[-7,-55],[-15,-26],[-42,16],[11,-25],[26,3],[-16,-44],[-6,20],[-12,-34],[4,-24],[-11,-21],[-32,7],[-33,-37],[5,19],[-49,-40],[-24,37],[-25,-39],[8,-19],[-33,8],[8,18],[-31,6],[12,14],[-39,-11],[-31,-63],[-20,7],[5,61],[-37,-23],[-3,-42],[13,-16],[-17,-15],[-20,41],[-27,-14]],[[7849,2434],[-9,0],[-17,38],[17,23],[15,-48],[-6,-13]],[[7648,2046],[10,2],[9,-14],[-9,-5],[-10,17]],[[6645,1712],[-8,-15],[-15,21]],[[6622,1718],[2,0],[6,-3]],[[6630,1715],[2,0],[2,1]],[[6634,1716],[7,-1],[4,-3]],[[6664,1765],[-10,-40],[-11,-2]],[[6643,1723],[0,8],[-2,4]],[[6641,1735],[-1,6]],[[6640,1741],[2,6],[3,4]],[[6645,1751],[11,6],[8,8]],[[6626,1730],[-1,0],[1,0]],[[6626,1730],[0,0]],[[6627,1735],[-5,5],[0,1]],[[6622,1741],[4,2],[2,0]],[[6628,1743],[1,-2],[1,-4]],[[6630,1737],[-2,-1],[-1,-1]],[[6622,1741],[-6,2],[-9,-3]],[[6607,1740],[0,6],[2,2]],[[6609,1748],[6,4],[11,3]],[[6626,1755],[3,2],[2,0]],[[6631,1757],[1,-5],[-4,-9]],[[6603,1730],[12,8],[-7,-8]],[[6608,1730],[-5,0]],[[6607,1740],[-24,8],[11,12]],[[6594,1760],[7,-6],[8,-6]],[[6618,1785],[-1,2]],[[6641,1794],[10,0],[7,-12]],[[6658,1782],[-20,-3],[-12,-8]],[[6626,1771],[-6,1],[-2,13]],[[6645,1751],[0,5],[0,5]],[[6645,1761],[11,13],[8,-9]],[[6626,1755],[-2,11],[2,5]],[[6658,1782],[-13,-16],[-8,-7]],[[6637,1759],[-4,-2],[-2,0]],[[6608,1730],[-2,-24],[-28,-7],[8,25],[17,6]],[[7651,1775],[-13,9],[-15,37],[-11,72]],[[7612,1893],[29,-10],[13,12],[37,77]],[[7691,1972],[8,17],[42,48]],[[7741,2037],[7,-3],[3,-8]],[[7751,2026],[-5,-18],[10,-18]],[[7756,1990],[-21,-15],[-11,-101]],[[7724,1874],[-20,8],[-43,-14],[-10,-93]],[[7727,2374],[6,18],[1,10]],[[7734,2402],[21,-21],[-14,-15]],[[7741,2366],[-3,-3],[-11,11]],[[4007,3273],[19,15],[11,40],[31,-28],[25,46],[-9,65],[15,24],[-3,57],[21,7],[10,-47],[26,66],[-3,35],[19,5]],[[4169,3558],[2,-136],[8,-28],[-1,-44],[36,-67],[2,95],[17,10],[21,61],[15,8],[2,-26],[18,-37],[49,-70],[4,-28],[-19,-13],[1,-32],[48,-84],[10,22],[41,12],[34,-83],[0,-17],[20,-44],[2,-35],[27,-2],[-5,-39],[34,-45],[10,-38],[14,-6],[-13,-36],[21,-20],[17,-38],[-8,-38],[27,-9],[14,-36],[12,16],[32,-3],[22,38],[52,40],[16,-41],[34,36],[13,-4],[17,50],[-14,78],[-12,25],[-2,97],[15,25],[23,7],[16,41],[48,79],[-9,71],[31,36],[10,-14],[28,28],[-14,54],[9,37],[17,-14],[75,6],[5,-9],[-32,-19],[3,-53],[18,-14],[11,-47],[-17,-15],[6,-23],[38,-29],[48,14],[11,39],[15,11],[37,-23],[-9,-39],[11,-36]],[[5181,3160],[-17,-85],[-19,3],[-34,-26],[-45,1],[-25,8],[-16,25],[-28,-45],[-32,35],[-11,-4],[-51,-82],[17,-7],[12,-25],[-8,-27],[10,-74],[38,-16],[22,36],[34,0],[11,16],[6,-26],[15,-8],[19,-54],[-21,-29],[-7,-63],[-18,-22],[4,-23],[-18,-52],[37,-42],[5,-32],[35,-32],[-10,-14],[-3,-56],[-25,-48],[-1,-19]],[[5057,2373],[-6,-44],[15,-47],[22,-10],[3,27],[60,-15],[10,-26],[-1,-38],[45,-35],[12,21],[44,-25],[38,25],[22,-37],[7,-28],[-11,-86],[-24,-20],[-22,14],[-53,-95]],[[5218,1954],[-35,54],[-16,-27],[-56,-26],[-12,-21],[4,-43],[-16,-22],[-28,-1],[-35,-40],[-20,37],[-31,-28],[-7,-51],[-19,13],[-36,59],[-21,-55],[-19,39],[-15,13],[-28,-66],[-25,-26],[-23,39],[-65,47],[-11,-40],[-27,-54],[-33,10],[-23,-19],[-14,25],[-21,-6],[-9,-43],[-14,-14],[15,-70],[23,-40],[-3,-26],[12,-25],[-12,-18],[-2,-67],[15,-11],[-16,-33],[-36,28],[-36,-17],[-10,19],[4,30],[-10,11],[2,34],[-11,60],[-40,-22],[-28,-43],[-40,-15],[-22,18],[-22,-25],[-17,26],[10,32],[-32,19],[-5,35],[4,51],[-21,-8],[-13,14],[-49,15],[-30,-6],[-18,13],[17,63],[18,28],[-8,66],[17,49],[20,-1],[-7,35],[-29,17],[-16,-18],[-31,28],[-28,5],[9,31],[-4,29],[-18,33],[14,19],[-14,43],[-19,8],[1,46],[31,30],[2,16],[-46,-18],[-14,12],[-52,0],[-48,-27],[-41,-42],[-20,21],[31,49],[2,40],[-13,43],[-20,-2],[3,83],[39,29],[-11,28],[19,80],[11,-15],[36,48],[5,59],[31,-12],[30,72],[16,-9],[13,20],[-18,28],[-6,32],[26,18],[-10,21],[13,41],[6,57],[-7,63],[3,49],[-10,34],[5,34],[-4,72],[-44,28],[-4,-33],[-15,-5],[-15,50],[-4,46],[-12,19],[2,46]],[[4007,3273],[-42,59],[-19,3],[-12,35],[-20,6],[-16,-40],[0,-24],[-20,-20],[-35,39],[-24,-9],[-44,68],[-23,-2],[-10,-43],[-10,51],[27,25],[-4,27],[-37,76],[-25,-18],[-3,22],[23,16],[3,28],[-21,-5],[-11,30],[-65,-8],[-4,-33],[-21,8],[-13,-30],[-33,0],[-4,-22],[-54,31],[-29,0],[-24,40],[-16,-23],[-22,-6],[-20,-30],[12,-19],[-34,-33],[-84,-61],[-29,1],[-48,-47],[-10,-34],[-39,-46],[-33,-23],[8,-18],[-12,-32],[-54,-34],[-38,2],[-15,-19],[-56,9],[3,43],[-38,19],[-21,27],[-32,-32],[-67,30],[-34,-3],[18,42],[-59,34],[-59,-18],[-18,-29],[-31,-13],[-37,-70],[-18,-16],[-16,-48],[-13,-5],[-16,-47],[7,-27],[-17,-4],[-19,25],[-6,37],[19,78],[-6,40],[-34,29],[-38,-32],[-43,-10],[1,-23],[-48,13],[-16,-27],[-32,8],[-27,-9],[-35,6],[-20,30],[-47,22],[-13,23],[-20,-4],[-17,-48],[-38,24],[-8,41],[-14,-22],[7,-39],[-22,-11],[-21,72],[-15,12],[-10,34],[-14,-21],[-30,11],[-13,-9],[-44,16],[-1,30],[15,40],[-18,14],[-22,-27],[-40,18],[-11,24],[-26,10],[-16,34],[-19,11],[-1,33],[-22,58],[-35,9],[-26,-13],[-11,-18],[-23,8],[-31,78],[-27,36],[-13,-12],[-17,22],[-22,0],[-49,68],[-24,23],[-41,17],[2,29],[-11,40],[-51,7],[-30,15],[-18,-22],[-15,11],[-11,-63],[-21,-35],[-16,4],[-20,62],[-32,19],[-9,18],[-65,41],[-24,3],[9,44],[-28,17],[-38,46],[-42,-6],[-28,22],[-17,26],[-16,54],[-22,29],[-14,-31],[-40,5],[-6,46],[20,25],[-25,44],[13,52],[-47,70],[-1,48],[-12,30],[41,14],[13,15],[9,-46],[24,-29],[26,5],[6,27],[27,4],[33,41],[4,27],[-27,55],[7,56],[-66,38],[-31,64],[2,51],[-11,89],[40,36],[-3,33]],[[875,4912],[41,26],[50,8],[46,-10],[27,67],[-12,62],[26,26],[-5,18],[26,44],[24,68],[27,-28],[61,-14],[20,-15],[13,25],[24,-19],[24,4],[31,-21],[28,-2],[47,20],[13,33],[34,27],[23,37],[46,-10],[37,6],[6,-48],[20,-21],[25,3],[51,-16],[50,3],[19,11],[38,-7],[57,46],[35,11],[24,23],[36,16],[40,1],[28,-26],[26,27],[34,0],[26,31],[20,64],[40,26],[120,23],[25,19],[37,-12],[58,14],[12,12],[76,6],[40,-22],[20,2],[21,-23],[43,-7],[75,-47]],[[2628,5373],[-27,-8],[-13,-17],[8,-29],[50,-14],[-16,-85],[6,-17],[-40,-27],[-5,-33],[19,-37],[-1,-32],[36,-7],[6,-21],[-16,-29],[20,-98],[-9,-45],[-25,-28],[17,-48],[22,-24],[16,-50],[27,-15],[11,-45],[19,-30],[18,-3],[38,-33],[22,-4],[24,26],[30,5],[10,21],[28,0],[30,-68],[44,-29],[27,-32],[35,5],[4,-32],[41,6],[30,-8],[58,-1],[4,-19],[30,-1],[48,-38],[37,14],[23,-20],[38,-4],[34,16],[43,36],[59,-66],[1,-24],[19,-19],[32,-5],[27,-39],[-11,-37],[8,-39],[14,-18],[38,2],[60,-13],[13,-41],[11,9],[-4,42],[-11,11],[21,34],[34,-41],[51,-10],[-10,65],[46,17],[18,-5],[21,19],[0,34],[18,14],[0,64],[44,-16],[14,27]],[[3942,4436],[48,-20],[31,-30],[3,-26],[38,-71],[-4,-45],[27,-58],[47,-65],[-19,-32],[-20,21],[-6,-37],[33,-47],[-6,-25],[30,-40],[-8,-23],[9,-52],[4,-85],[12,-61],[-12,-69],[9,-24],[4,-67],[7,-22]],[[7734,2402],[6,14],[3,11]],[[7743,2427],[11,1],[43,-51],[-2,-27],[20,-17]],[[7815,2333],[-5,-19],[-11,-22]],[[7799,2292],[-1,0],[-8,-2]],[[7790,2290],[-8,23],[-23,-4],[2,24],[-20,33]],[[7860,2486],[2,-4],[10,-4]],[[7872,2478],[2,-19],[-23,19],[9,8]],[[7790,2290],[-35,-33],[-17,9],[-14,-13],[-38,44]],[[7686,2297],[13,39],[28,38]],[[5566,5840],[-8,-22],[-16,0],[-31,-46],[-13,-77],[14,-38],[-6,-23]],[[5506,5634],[-16,13],[-41,-3],[-24,22],[-24,-3],[-1,-48],[-10,-18],[12,-25],[-8,-29],[-16,-6],[-1,-115],[17,2],[35,-17],[21,-36],[-17,-51],[12,-25],[-31,-30],[-21,13],[-28,-7],[13,-38],[-6,-59],[-25,-16],[-17,33],[-49,2],[24,16],[-20,17],[-17,-10],[-23,50],[-42,21],[-18,46],[4,33],[15,13],[1,39],[-29,79],[-8,37],[17,24],[-23,49],[-42,34],[-11,32],[-38,9],[16,24],[-5,19],[-38,7],[-17,-10]],[[5027,5722],[11,26],[86,12],[22,30],[44,24],[50,-3],[21,17],[6,53],[-11,34],[11,25],[3,92],[9,43],[27,64],[8,37],[28,10],[3,35],[32,-1],[19,19],[29,1],[2,-43],[29,-43],[-8,-30],[-37,-76],[-9,-47],[-30,-44],[59,-38],[39,-9],[16,7],[26,-19],[13,-39],[41,-19]],[[5566,5840],[45,-17],[18,-41],[48,1],[71,13],[2,59],[9,22],[20,-17],[12,50],[-12,23],[5,35],[28,55],[25,21],[18,40],[19,4],[23,59],[23,12],[24,34],[34,27],[-10,37],[18,0],[19,-29],[25,16],[24,-35],[34,58],[28,27],[16,4],[-12,-42],[11,-10]],[[6131,6246],[19,-20],[-17,-64],[-21,-16],[-2,-50],[-18,-51],[-3,-44],[-56,-67],[0,-66],[38,-50],[7,-54],[-25,-44],[5,-30],[-22,-37],[-26,-66],[11,-45],[-7,-11],[15,-24],[-6,-119],[10,-67],[8,-10],[10,-66],[-46,-106],[-13,-67],[-1,-75],[14,-13]],[[6005,4984],[-2,-35],[25,-41],[-8,-18],[31,-25],[4,-49],[-8,-27],[25,-20],[7,-25],[29,-28],[7,-60],[-6,-28]],[[6109,4628],[-26,-19],[-10,-26],[-25,14],[-9,25],[-19,-19],[-33,-4],[-22,14],[-71,14],[-24,-7],[-9,-23],[48,-18],[-2,-41],[26,-4],[32,-20],[12,-57],[-27,-19],[-20,11],[-40,0],[-12,-49],[-12,-14],[18,-37],[11,-45],[-9,-31],[-3,-50]],[[5883,4223],[-42,-9],[-46,62],[-43,29],[-45,40]],[[5707,4345],[-6,13],[-40,4],[-30,-9],[-8,-21],[-26,21],[-30,43],[-33,5],[-2,30],[-40,-18],[-22,18],[0,49],[-58,8],[-18,-17],[-61,-22],[-28,32],[8,39],[-38,-4],[-11,-24],[-39,-6],[-12,47]],[[5213,4533],[24,-7],[40,25],[5,68],[-27,15],[-6,26],[19,29],[40,31],[16,-15],[36,15],[17,-19],[10,14],[-12,27],[-10,53],[15,55],[12,8],[-5,38],[16,-7],[3,34],[-29,37],[-21,0],[-8,16],[28,41],[9,33],[-9,45],[12,12],[58,3],[22,-13],[26,-39],[18,12],[28,-4],[12,11],[42,4],[-25,65],[12,25],[36,-26],[31,18],[55,-5],[21,32],[-3,42],[-15,40],[-3,47],[31,33],[3,32],[-8,27],[8,34],[-15,20],[-27,8],[-14,22],[-52,14],[-25,42],[-31,18],[-67,24],[0,41]],[[7743,2427],[15,27],[37,20]],[[7795,2474],[20,-23],[-14,-18],[4,-31],[16,-16],[6,-30]],[[7827,2356],[-4,-16],[-8,-7]],[[6622,1718],[4,5],[4,-2]],[[6630,1721],[0,-6]],[[7624,2133],[16,49],[22,48]],[[7662,2230],[19,-26],[13,-23]],[[7694,2181],[-6,-20],[2,-45]],[[7690,2116],[-43,16],[-23,1]],[[6630,1721],[3,0]],[[6633,1721],[2,-2],[-1,-3]],[[6954,3708],[-11,47],[-6,67],[-27,44],[12,15],[-30,65],[16,45],[28,34],[-26,37],[-34,23],[-19,-9],[-29,62]],[[6828,4138],[3,25],[23,60],[21,13],[39,2],[5,61],[-9,134],[-29,-11],[-22,-23],[-32,41],[-28,9],[-2,71],[-42,25],[-7,34],[14,10],[28,-10],[24,17],[9,28],[0,66],[48,23],[-11,42],[10,24],[-11,16],[15,40],[13,4],[37,-18],[2,-25],[34,-49],[39,20],[4,14],[32,28],[-16,44],[1,44],[-24,-3],[-40,46],[-1,32]],[[6955,4972],[19,2],[18,17]],[[6992,4991],[70,-64],[24,-3],[14,-61],[20,-17],[56,-11],[20,-11],[20,-34],[-3,-40],[64,10],[9,-20],[-10,-56],[-8,2],[-22,-67],[25,-22],[22,7],[4,-67],[9,-39],[17,-12],[52,0],[22,63],[22,-2],[28,-38],[7,-60],[-20,-38],[-31,39],[-21,5],[-34,-11],[18,-32],[-3,-57],[-22,-9],[-21,-39],[-5,-29],[21,-23],[-1,-19],[34,-23],[-3,-12],[32,-7],[4,-28],[-22,-43],[11,-35],[42,3],[14,13],[31,-1],[2,-25],[44,-15]],[[7286,3607],[-10,29],[-21,15],[-46,-5],[-29,18],[-20,39],[0,15],[-29,5],[-6,21],[-20,-23],[2,-34],[-31,-40],[-27,-2],[-13,20],[4,21],[21,13],[14,43],[-15,27],[-23,8],[-26,-44],[-17,-2],[-25,-26],[-15,3]],[[6954,3708],[-47,-14],[-25,33],[-36,0],[-11,-39],[-24,-27],[-30,12],[8,-19],[-41,-16],[-11,-35],[-56,-20],[-30,11],[-7,-30],[-31,-11],[-25,-37]],[[6588,3516],[-41,16],[-11,44],[24,38],[-14,63],[-18,4],[8,50],[-28,-30],[-47,-79],[-33,7],[2,53],[-9,26],[-38,-44],[-34,4],[-27,-27],[-10,35],[-48,50],[-25,16],[-58,2],[-28,28],[-82,17],[-5,-17],[-27,6],[-13,-11],[5,-40],[16,-24],[-28,-13],[-10,-19],[-42,35],[-53,-13],[-15,-34],[-13,3],[-29,-22],[-16,-64],[-21,-49]],[[5820,3527],[-32,54],[-15,11],[-7,76],[-30,16],[-13,42],[-15,-35],[-20,27],[23,15],[-1,114],[-25,22],[9,23],[22,3],[16,20],[11,-14],[38,23],[34,-11],[35,5],[40,35],[18,31],[20,14],[32,-15],[11,20],[-4,57],[11,18],[-10,56],[-30,31],[-32,11],[-2,20],[-21,27]],[[6109,4628],[22,-32],[17,-58],[48,-65],[4,-18],[29,-3],[12,-22],[44,-17],[38,-28],[41,7],[35,-7],[49,20],[28,-3],[19,-26],[31,-6],[33,33],[9,-15],[-5,-59],[7,-43],[28,-61],[29,27],[36,-29],[32,1],[-2,-45],[36,-21],[38,-4],[21,32],[14,-13],[1,-27],[25,-8]],[[7872,2262],[-25,-66],[3,-14],[-17,-97],[-7,-59]],[[7826,2026],[-24,-71],[-10,-15],[-36,50]],[[7751,2026],[33,46],[-1,44]],[[7783,2116],[18,83],[2,22]],[[7803,2221],[1,17]],[[7804,2238],[14,23],[4,14]],[[7822,2275],[25,-12],[25,-1]],[[7804,2238],[-29,-3],[-30,-26],[-25,-5],[-7,-21],[-19,-2]],[[7662,2230],[15,53],[9,14]],[[7799,2292],[3,-10],[20,-7]],[[6633,1721],[9,0],[3,-9]],[[7741,2037],[-21,2],[-1,29],[-14,7]],[[7705,2075],[-17,6],[2,35]],[[7804,2238],[1,-6],[-2,-11]],[[7803,2221],[-20,-105]],[[6632,1724],[-1,4],[-1,5]],[[6630,1733],[2,0]],[[6632,1733],[1,-5],[-1,-4]],[[6638,1729],[-3,2],[-3,-7]],[[6632,1733],[0,3],[-1,2]],[[6631,1738],[2,0]],[[6633,1738],[2,-3],[2,0]],[[6637,1735],[0,-3],[1,-3]],[[5820,3527],[11,-15],[-10,-111],[7,-33]],[[5828,3368],[-17,-18],[-9,-62],[-60,10],[8,49],[-23,8],[7,-31],[-16,10],[0,60],[-42,22],[6,24],[-12,80],[-38,-5],[-30,-20],[-14,14],[-1,26],[-37,13],[-10,16],[-12,-45],[13,-22],[-11,-31],[-30,-18],[-14,19],[-22,2],[-11,-25],[-18,-5],[0,-31],[-26,-46],[-22,14],[11,26],[-10,35],[-17,14],[10,-39],[-6,-35],[-17,9]],[[5358,3386],[-13,26],[-7,52],[-41,28],[-22,-14],[-21,19],[-7,61],[-47,32],[-16,33],[-4,30],[20,32],[22,9],[2,18],[24,17],[5,43],[-29,30],[28,37],[10,36],[54,-21],[19,-32],[49,31],[13,-19],[16,-55],[52,-1],[32,48],[23,70],[17,29],[-4,39],[9,17],[35,17],[15,-23],[19,19],[13,44],[4,48],[26,30],[5,35],[30,26],[18,38],[-3,22],[-34,35],[-3,14],[24,32],[-10,19],[26,8]],[[6588,3516],[0,-29],[39,-45],[-5,-45],[-9,-14],[19,-15],[9,-26],[-7,-31],[-16,-9],[-12,-40],[-16,-22],[-30,-11],[-6,-43],[-23,-60],[7,-59],[11,-10],[30,4],[-15,-54],[22,-52],[-10,-31],[6,-46],[35,-20],[-2,-33],[-24,-74],[39,13],[8,-14],[-28,-27],[-3,-35],[-19,-49],[12,-45],[-9,-35]],[[6276,2371],[-12,10],[-42,2],[-24,-38],[-15,11],[7,30],[-7,82],[-25,12],[-24,-28],[-16,-33],[-12,28],[6,34],[20,23],[8,33],[25,36],[-2,37],[23,75],[-27,-17],[-14,26],[9,85],[-50,30],[-11,-31],[-25,0],[-28,17],[-2,-31],[-32,-29],[-16,-35],[-18,19],[-17,-4],[4,30],[-21,12],[-25,-77],[-16,-4],[-13,43],[-23,-4]],[[5861,2715],[-9,61],[-18,11],[18,60],[-18,50],[37,35],[-12,11],[10,21],[-11,41],[-35,5],[-11,-19],[-11,14],[-23,-29],[-26,16],[68,95],[12,-2],[23,33],[4,24],[-14,29],[-10,77],[9,56],[-15,16],[-1,48]],[[7705,2075],[-26,-8],[-31,10],[-25,-28],[-18,-1]],[[7605,2048],[10,69],[9,16]],[[6626,1730],[1,0],[-1,0]],[[6630,1733],[-2,1],[-1,1]],[[6630,1737],[1,1]],[[6633,1738],[7,3]],[[6641,1735],[-4,0]],[[6643,1723],[-1,-1],[-4,7]],[[6637,1759],[2,-6],[6,8]],[[6594,1760],[9,17],[15,8]],[[7727,1709],[-6,-87],[-22,10],[-1,45],[-20,69],[-27,29]],[[7724,1874],[6,-38],[-23,-30],[1,-62],[19,-35]],[[7826,2026],[-13,-76],[-42,-107],[-20,-25],[-22,-74],[-2,-35]],[[7612,1893],[-18,59],[9,43]],[[7603,1995],[14,-4],[19,23],[20,6],[15,-22],[4,-27],[16,1]],[[7133,6434],[-41,-16],[-37,-6],[3,-32],[25,-23],[-10,-31]],[[7073,6326],[-8,-18],[-5,-4]],[[7060,6304],[-31,3],[-29,-25],[-7,-21],[-29,34],[-43,2],[-30,-18],[-23,26],[-25,10],[-3,36],[19,8],[-22,40],[25,36],[43,17],[16,34],[-35,66],[24,18],[19,-3],[35,40],[41,12],[-17,29],[16,0],[33,33],[4,-23],[38,-51],[24,-18],[71,-5],[-13,-17],[-28,-7],[-9,-20],[11,-41],[17,-22]],[[7152,6477],[-7,-39],[-12,-4]],[[7133,6434],[-15,-39],[18,-23],[-17,-64],[-46,18]],[[7183,6044],[28,-64],[20,-29]],[[7231,5951],[-25,-52],[-20,-7],[-23,-52],[-101,-2],[-63,-96],[-11,37],[-22,-41],[6,-20],[-46,-17],[-20,-70],[-37,-70],[-24,-10],[-33,-74],[30,-84]],[[6842,5393],[-27,-19],[-8,19],[-23,6],[-21,-32],[-14,15],[-56,5],[-34,29],[-30,0],[-27,30],[-44,-1]],[[6558,5445],[-31,34],[-13,67],[26,8],[11,28],[16,4],[-4,59],[49,103],[8,52],[-12,14],[-39,106],[-41,27],[-1,75],[48,72],[-11,27],[15,43],[26,12],[34,-13],[29,27],[4,34],[20,61],[-23,34],[-3,53],[-48,15],[-25,26],[24,44],[70,38],[-37,14],[-4,45],[-17,52]],[[6629,6606],[-23,48],[-32,45],[23,16],[-8,36],[3,33],[16,30],[27,17],[10,71],[27,25],[10,31],[18,17],[35,10],[19,-64],[-7,-33],[2,-53],[55,-6],[19,7],[-1,28],[40,18],[45,37],[13,0],[16,-33],[56,55],[36,-23],[42,25],[4,54],[-9,23],[10,23],[28,18],[58,-1],[19,42],[11,-18],[31,16],[40,-61],[-7,-42],[16,-11],[8,-42],[22,14],[9,-56],[-7,-29],[-20,-10],[26,-39],[6,-61],[62,2],[69,-9],[13,-10]],[[7459,6746],[-12,-26],[-36,-41],[-14,-52],[34,-45],[21,12],[0,-21],[17,-24],[43,3],[12,-88],[18,-1],[0,-28],[18,-29]],[[7560,6406],[-52,-26],[-32,-46],[-13,-59],[7,-16],[-47,-64],[-26,4],[-10,-14],[-44,-1],[6,-38],[-8,-22],[-7,46],[-21,-17],[-18,6],[-15,31],[-21,12]],[[7259,6202],[0,33],[-19,15],[0,43],[-45,7],[-14,43],[-5,63],[43,-7],[-2,27],[-65,51]],[[7060,6304],[10,-69],[-3,-40],[9,-23],[-30,-24],[1,-51],[28,-32],[22,3],[12,-27],[29,-13],[45,16]],[[7827,2356],[19,28],[28,22],[12,25],[21,6]],[[7907,2437],[-27,-48],[5,-85],[-13,-42]],[[7872,2478],[21,-8],[14,-33]],[[7795,2474],[20,8],[4,22],[27,8],[14,-26]],[[6955,4972],[-10,13],[-44,-12],[-45,2],[-18,25],[-1,28],[-35,14],[-7,29],[-28,18],[-27,1],[3,44],[15,10],[20,43],[26,9],[43,70],[21,13],[40,52],[28,10],[7,37],[-24,-22],[-79,-32],[-19,-33],[1,42],[14,17],[6,43]],[[7231,5951],[40,-34],[21,2],[54,-22],[18,21],[31,3],[45,-80],[21,-22],[2,-26],[-36,13],[-10,-29],[-6,-61],[5,-27],[28,-26],[49,-16],[54,8],[20,27],[-6,28],[33,21],[39,43],[2,17],[70,45],[31,-4],[17,-28],[17,-4],[9,-33],[30,10],[17,-38],[18,-11],[57,10],[30,26],[10,-38],[83,-2],[-20,-18],[10,-39],[-19,-10],[-17,-40],[21,6],[-2,-22],[-33,-32],[-23,7],[14,13],[-37,23],[-67,-42],[1,-21],[-30,2],[-48,-23],[-21,-22],[-29,17],[15,-51],[-13,-21],[-19,21],[-18,-36],[9,-48],[-56,-26],[-10,5],[11,35],[-39,4],[-4,-30],[15,-39],[-24,-28],[-7,-30],[-10,8],[-5,-35],[-16,5],[-26,-16],[-16,-54],[-21,-15],[-11,-60],[-13,-6]],[[7466,5106],[-17,9],[-16,-16],[-34,-3],[-18,-76],[-12,-17],[-34,1],[-14,-65],[-36,-11],[-3,39],[-17,27],[-42,0],[-3,-33],[-49,-14],[-22,30],[-26,-36],[-20,68],[-19,46],[-18,20],[-59,-15],[-15,-69]],[[7603,1995],[8,11],[-6,42]],[[7259,6202],[-21,-4],[-27,-24],[18,-34],[-15,-6],[-25,-39],[-6,-51]],[[5948,1092],[27,43],[17,-9],[20,13],[30,-26],[5,33],[13,14],[18,-40],[24,-4],[11,-81],[-20,-39],[-34,-41],[-26,-127],[-13,-22],[-1,-37],[-25,-3],[-28,-35],[-8,-39],[-10,14],[-40,-13],[-3,-25],[-27,-35],[-20,32],[-45,-1],[-61,53],[-16,5],[0,57],[-11,31],[5,23],[-7,47],[2,46],[64,86],[31,31],[16,-2],[-6,22],[-16,-18],[-1,21],[23,31],[26,-24],[10,32],[32,15],[19,-21],[18,17],[7,-24]],[[9423,7327],[6,-24],[-33,-89],[3,-34],[-18,-17],[-36,5],[-59,-35],[28,-44],[-42,22],[-13,24],[-1,42],[-23,5],[3,16],[-44,-5],[-14,-57],[-10,-81],[-18,1],[-9,-21],[-32,21],[-16,-17],[-5,-43],[-50,-50],[-30,5],[-36,-14],[-39,10],[-38,-10],[2,-30],[19,-46],[23,-33],[-26,-55],[-23,26],[-25,-11],[-34,-1],[-16,16],[-44,4],[-28,29],[-28,49],[-23,-27],[-28,-9],[-19,-60],[-39,-77],[-19,-14],[-21,-48],[-51,-14]],[[8517,6636],[-21,15],[19,24],[12,35],[-5,28],[-15,12],[-29,76],[-3,28],[-23,-1],[-3,74],[31,51],[-25,3],[-20,65],[-17,22],[-1,22],[-22,21],[4,19],[-21,43],[5,53],[-20,5],[-22,-40],[-24,-28],[-18,43],[7,19],[-22,37],[-45,22],[-42,44],[-9,-31]],[[8188,7297],[-51,25],[6,45],[12,-8],[5,28],[-33,92],[6,29],[-16,14],[-24,52],[-3,34],[-62,-52],[-55,-30],[-21,6],[5,49],[-39,70],[-5,112],[29,22],[8,23],[-16,43],[-19,9],[-14,55],[-34,-3],[-13,16],[27,46],[-7,26],[37,-9],[39,-44],[27,36],[15,-33],[35,-29],[11,20],[4,79],[44,6],[15,28]],[[8101,8054],[98,11],[32,8],[13,-72],[-11,-17],[15,-22],[-6,-28],[19,-35],[14,1],[25,-47],[30,-12],[4,12],[47,-3],[4,22],[21,-8],[12,-27],[45,1],[10,20],[43,10],[1,-41],[22,-33],[50,-24],[67,27],[38,-26],[27,-3],[20,-53],[-16,-29],[10,-60],[17,14],[21,-10],[17,9],[30,-20],[-11,-43],[36,-66],[22,-28],[33,19],[-1,57],[18,3],[9,23],[25,16],[9,-14],[5,-78],[49,-93],[3,-25],[20,-40],[21,-5],[35,18],[3,48],[47,22],[36,1],[25,39],[15,-11],[5,-33],[12,-2],[29,31],[8,-10],[14,-68],[28,-11],[34,-31],[7,-17],[25,16],[26,-19],[16,9]],[[2628,5373],[30,-5],[17,10],[7,40],[25,-33],[75,-5],[42,-29],[38,19],[4,18],[-21,96],[-33,14],[-19,38],[4,32],[15,24],[41,8],[37,19],[5,27],[-13,21],[-26,78],[-104,76],[0,58],[-40,87],[-7,28],[27,9],[52,42],[3,13],[59,7],[46,12],[32,20],[64,14],[60,30],[14,16],[98,28]],[[3160,6185],[56,9],[37,22],[36,10],[30,-6],[34,10],[60,-1],[94,-45],[41,9],[25,-36],[17,-9],[25,-37],[47,-32],[8,-19],[42,-14],[31,-21],[2,-20],[54,-31],[17,1],[7,169],[-5,27],[10,25],[56,-11],[55,-45],[66,-45],[36,55],[19,-16],[26,-3],[29,32],[52,-30],[0,-18],[66,-76],[9,-23],[41,-40],[32,-13],[26,-28],[-13,49],[10,25],[35,-47],[33,-15],[13,-40],[68,-37],[39,-43],[81,-74],[25,56],[21,-48],[-6,-19],[65,-53],[20,-30],[-15,-55],[35,-42],[-10,-37],[26,-42],[8,-45],[36,-30],[-17,-34],[11,-25],[-4,-42],[-46,1],[3,-58],[-5,-28],[-25,6],[-17,-26],[-23,-8],[-4,-34],[19,-20],[-18,-39],[-43,-30],[-14,-41],[-27,-22],[6,-19],[20,7],[7,-27],[31,-16],[10,-39],[-46,-57],[-24,-18],[-27,33],[-95,40],[-16,12],[-20,-24],[-4,-38],[26,-59],[30,-20],[4,-50],[32,-7],[23,18],[20,-52],[27,6]],[[4606,4698],[-19,-56],[10,-14],[-13,-37],[-33,29],[-46,-29],[-5,-50],[16,-22],[-10,-44],[-43,-15],[-38,13],[-11,-61],[-12,-13],[-9,22],[14,21],[-27,51],[-24,-8],[-4,-24],[-18,8],[7,30],[-18,41],[-31,25],[-15,-29],[-11,-47],[-31,24],[-36,14],[-10,29],[-62,47],[-12,34],[-7,50],[-17,33],[3,16],[-31,43],[-26,2],[-15,25],[-28,5],[-48,-25],[-8,38],[-13,-21],[-38,-16],[2,-68],[24,-42],[30,-12],[-36,-57],[0,-44],[-23,-35],[11,-52],[47,-41]],[[875,4912],[-57,54],[-37,9],[-18,20],[-23,105],[-21,58],[9,48],[-28,-6],[-14,17],[-23,-9],[-41,3],[-60,30],[-24,1],[-53,43],[-5,40],[-23,-19],[-38,-7],[-17,50],[-27,28],[19,34],[-6,62],[-31,59],[-35,22],[-26,-5],[-11,44],[-41,21],[-31,-8],[-39,23],[-21,-7],[-26,26],[18,27],[38,19],[10,-21],[47,25],[15,23],[-44,53],[12,45],[-14,20],[2,39],[-17,24],[-3,54],[11,24],[-10,35],[-72,41],[-38,0],[-13,-37],[-38,20],[-18,67],[22,37],[-19,22],[-16,42],[5,56],[30,5],[18,33],[-17,56],[29,69],[27,12],[33,-2],[56,60],[25,-1],[-12,25],[8,24],[33,-18],[25,0],[47,46],[18,-2],[13,-41],[1,-42],[40,4],[53,35],[11,-25],[23,18],[28,56],[1,27],[23,36],[0,21],[38,26],[53,-6],[24,-10],[64,22],[34,-7],[47,66],[0,24],[42,26],[9,16],[50,27],[53,39],[18,-2],[32,23],[23,3],[15,32],[55,6],[12,16],[2,41],[-21,102],[15,44],[53,29],[-30,34],[34,24],[34,2],[-8,43],[-15,10],[11,36],[-38,119],[-22,50],[5,44],[-7,40],[4,62],[20,22],[-42,22],[-38,-6],[-21,29],[32,30],[57,10],[48,23],[25,-5],[145,56],[11,-39],[24,-12],[56,22],[29,-29],[18,16],[6,68],[-42,12],[-12,14],[14,53],[19,45],[12,78],[18,35],[27,107],[24,55],[5,66],[21,5],[62,-39],[62,-24],[42,6],[82,-3],[17,-45],[25,10],[47,48],[48,5],[9,33],[17,8],[2,46],[-15,38],[3,26],[-14,78],[12,59],[32,71],[66,2],[24,19],[37,11],[30,46],[7,35],[-10,40],[27,31],[37,6],[46,-15],[68,25],[9,-52],[-19,-13],[8,-32],[42,-30],[-19,-23],[13,-15],[35,-13],[54,-39],[2,-35],[37,-28],[21,-3],[19,-28],[31,-3],[15,14],[34,0],[34,-55],[49,15],[6,-33],[43,-25],[15,-44],[5,-50],[39,-77],[20,-9],[28,-64],[7,-46],[-24,-69],[17,-75],[-47,-71],[-10,-68],[14,-14],[22,-68],[43,3],[18,-18],[34,3],[34,-21],[56,4],[31,-16],[46,-5],[46,11],[67,-8],[58,-15],[32,-20],[34,-54],[44,-5],[24,-37],[40,-20],[18,-25],[56,-23],[56,8],[-9,-74],[30,-7],[53,-151],[12,-52],[63,-74],[12,-55]],[[3721,7130],[-45,-36],[-8,-23],[-4,-96],[3,-39],[-29,-36],[-14,-7],[-46,7],[-71,-18],[-78,-54],[-93,-127],[-71,-136],[-48,-32],[-56,1],[-4,-94],[-23,-55],[-1,-27],[29,-94],[-2,-79]],[[3856,7147],[373,-60],[89,31],[196,-40],[32,4],[36,-8],[17,-14],[24,-48],[25,-25],[169,-48],[106,-65],[128,30],[-1,-54],[65,-5],[19,-13],[31,38],[109,67],[147,77],[231,44],[101,-14],[33,13],[42,-6],[37,6],[30,27],[40,21],[26,3],[55,33],[33,47],[12,30],[41,61],[27,20],[81,42],[27,37],[28,9],[3,24],[-18,40],[-33,34],[-39,74],[24,68],[1,23],[30,73],[45,32],[70,-9],[24,-34],[26,-16],[60,-19],[86,-12],[42,43],[27,8],[59,69],[19,48],[33,11],[33,-13],[65,6],[49,12],[62,63],[25,8],[14,24],[-7,28],[24,53],[40,54],[33,19],[81,-9],[15,59],[26,8],[24,-24],[88,54],[79,-10],[16,21],[25,-4],[15,-21],[42,-13],[59,-6],[37,31],[-2,52],[-21,24],[-11,43],[-68,67],[4,17],[-25,11],[-12,38],[-51,26],[-37,55],[-59,17],[-60,-7],[-21,-13],[-53,-81],[-48,42],[-35,17],[-58,-10],[-42,7],[-26,-14],[-18,-26],[-20,-1],[-47,60],[-8,50],[42,27],[6,13],[-1,68],[37,63],[2,27],[106,252],[61,-40],[32,-14],[35,-1],[47,-27],[67,42],[78,75],[73,8],[36,28],[6,68],[-34,7],[16,19],[9,40],[32,37],[4,44],[38,48],[12,50],[15,15],[11,41],[21,48],[75,63],[13,1],[22,56],[-4,31],[-21,28],[15,53],[-47,24],[-42,-14],[-20,5],[-3,43],[40,27],[28,37],[69,73],[54,-1],[34,11]],[[7815,9933],[32,-21],[32,-57],[-49,-66],[-54,-48],[52,-40],[33,-14],[22,-31],[32,3],[24,52],[27,-7],[27,-44],[38,-10],[7,-13],[-23,-28],[20,-65],[-7,-39],[39,-84],[52,-31],[38,-1],[11,-15],[35,7],[13,21],[49,4],[31,-13],[24,22],[27,-7],[25,8],[50,66],[34,-8],[25,-20],[38,-68],[43,-39],[12,-33],[-38,-57],[-11,-3],[9,-51],[-44,-40],[-20,-57],[-25,-23],[5,-25],[-18,-16],[9,-20],[-3,-55],[-16,-3],[23,-58],[-7,-57],[-10,-19],[-49,6],[-7,-30],[-46,-129],[-3,-54],[7,-35],[-13,-32],[-25,58],[-5,42],[-11,10],[-25,-22],[-57,-67],[-25,-37],[-47,-29],[-14,-35],[-105,-74],[-25,-54],[27,-52],[37,-26],[32,-51],[31,-21],[31,36],[18,-21],[14,15],[6,-26],[-34,-48],[-50,7],[-15,-9],[-2,-48],[28,-50]],[[8188,7297],[-14,-72],[-70,-37],[-8,-32],[-39,-21],[-27,0],[-41,29],[-18,-15],[9,-32],[-20,-10],[-42,22],[-20,-19],[-7,-29],[-38,-22],[-17,20],[-28,-8],[-54,-64],[-20,10],[-47,-37],[-20,-3],[-6,-28],[-21,-20],[-49,-69],[-2,41],[-36,69],[2,23],[-31,12],[-11,32],[-38,-22],[-14,-26],[19,-25],[-10,-85],[15,-81],[-5,-25],[-21,-27]],[[6629,6606],[-21,-29],[3,-39],[-61,-16],[-25,-22],[-31,-7],[-17,27],[-44,-16],[-25,-43],[-17,-6],[-50,30],[-19,-15],[-29,-60],[-29,-83],[-27,-24],[-44,14],[-24,-54],[-38,-17]],[[5027,5722],[-15,-4],[-25,20],[-70,83],[-40,17],[-8,68],[21,11],[-8,78],[53,41],[31,45],[10,30],[21,23],[8,34],[-27,58],[0,32],[-51,-1],[-75,-34],[-52,-47],[-61,15],[-33,16],[-93,-45],[34,-49],[-32,-51],[-41,0],[-44,21],[-23,67],[-21,-6],[-32,44],[-3,57],[-47,8],[-38,37],[-20,38],[-24,9],[-58,39],[-42,1],[32,51],[44,35],[19,53],[32,57],[-5,30],[-27,43],[-57,2],[-27,-16],[-56,-1],[-54,-30],[-29,-41],[-22,-10],[-46,3],[16,82],[-63,71],[-38,60],[-11,28],[33,43],[-107,310]],[[7815,9933],[78,29],[31,0],[43,16],[21,-7],[64,3],[47,10],[17,15],[48,-15],[11,14],[19,-16],[39,-13],[25,-28],[18,8],[28,-38],[45,-10],[35,-21],[-2,14],[41,9],[64,-43],[16,5],[19,-21],[-11,-28],[28,8],[22,-38],[15,5],[1,-28],[-17,-12],[40,-26],[21,-38],[-4,-19],[20,-11],[-20,-20],[34,-13],[-13,-45],[33,-63],[11,-5],[-6,-36],[21,-15],[-1,-30],[17,-4],[-16,-30],[29,6],[-11,-21],[3,-45],[34,-42],[24,-41],[12,-51],[-13,-24],[7,-37],[41,-28],[-15,-51],[4,-54],[21,-15],[14,-31],[17,-14],[27,0],[16,-14],[48,9],[68,-1],[-8,-24],[43,-13],[11,-21],[18,9],[27,-10],[7,21],[16,-5],[12,-35],[22,-1],[34,-63],[55,-45],[22,8],[47,-7],[-23,-62],[17,-42],[17,5],[13,-43],[-22,-76],[36,-43],[5,-43],[14,-10],[64,15],[26,-19],[97,5],[27,13],[31,-7],[22,42],[3,22],[24,-2],[44,43],[15,5],[46,-9],[16,5],[26,36],[55,21],[54,14],[25,-5],[26,-26],[-3,-33],[-18,-25],[33,-87],[-15,-33],[-33,-42],[-30,-5],[-23,-41],[12,-37],[-17,-12],[-17,-63],[-5,-56],[-23,-37],[13,-30],[-5,-29],[-34,-31],[4,-16],[-10,-39],[-23,-15],[-3,-54],[-11,-25],[-36,-18],[-11,-19],[-7,-51],[3,-32],[-26,-27],[-19,9],[-20,52],[-48,22],[-37,0],[-33,-28],[-29,27],[-15,-31],[-16,-5],[-3,-29],[-31,-34],[-61,-13],[-18,-18],[21,-42],[33,-166],[-8,-10],[-8,-62],[0,-69],[13,-14]],[[4606,4698],[17,4],[6,-37],[-15,-36],[4,-39],[70,67],[33,23],[0,20],[-21,19],[-2,30],[-28,57],[32,9],[12,22],[29,6],[-7,16],[34,36],[24,5],[31,-34],[11,-91],[13,-15],[48,11],[-7,-25],[37,-10],[57,-2],[14,-47],[33,-44],[-16,-14],[20,-55],[-19,-57],[19,-11],[25,-32],[55,-20],[32,-3],[29,11],[28,28],[-9,33],[18,10]],[[5358,3386],[-7,-24],[-58,71],[-15,-38],[-34,-7],[-11,-27],[6,-37],[35,-21],[4,-28],[36,5],[31,-46],[7,-43],[-16,-17],[-24,4],[-77,-28],[-24,27],[-30,-17]],[[5861,2715],[-9,-10],[-17,-68],[-19,16],[-38,-7],[-8,-32],[21,17],[2,-47],[-44,-6],[-13,21],[-20,-48],[-45,32],[-27,-41],[-1,-31],[-43,-32],[-30,16],[-5,26],[-24,-24],[-15,42],[-27,49],[-27,-7],[-17,-24],[3,-49],[-17,-16],[-36,-6],[-13,-18],[-46,-32],[-25,-5],[3,-48],[-25,-37],[-17,22],[-21,-3],[-19,19],[-26,8],[-11,29],[-25,2],[-17,20],[-23,-30],[-5,-27],[-23,-10],[-24,-33],[-31,30]],[[5908,1534],[-1,-26],[-21,27],[-7,48],[-12,-16],[13,-32],[-7,-22],[-64,-25],[-16,13],[17,16],[-2,25],[-27,1],[-19,20],[-17,-9],[-29,43],[11,19],[-31,-5],[9,-21],[2,-51],[-15,-10],[-3,28],[-14,13],[-6,-43],[-12,22],[-5,-27],[-19,9],[-8,-25],[-44,50],[-22,-13],[-43,-3],[-13,33],[-15,-1],[-31,33],[4,22],[-59,19],[2,59],[-22,55],[7,38],[18,1],[10,44],[-13,34],[-29,14],[-28,-18],[-19,24],[-32,8],[-24,-19],[-27,37],[-22,4],[-5,27]],[[8517,6636],[-4,-24],[-20,3],[-24,-39],[-26,-4],[-38,-22],[1,-20],[-21,7],[-30,-46],[-12,-4],[-46,-54],[-12,-43],[-28,-25],[-22,-6],[-42,5],[-16,20],[-6,-32],[-29,-13],[-4,14],[-29,-15],[-6,-17],[-27,3],[-7,-17],[-19,1],[-43,-40],[-31,-15],[-46,-55],[2,-16],[-43,-53],[-15,22],[-30,-20],[19,-20],[-36,-17],[-23,1],[-32,-23],[-5,58],[35,6],[56,31],[-13,28],[30,48],[-38,-2],[-14,29],[-10,-28],[-17,6],[3,31],[-15,5],[14,18],[39,21],[-15,20],[13,29],[56,35],[19,51],[50,84],[-27,32],[-14,32],[-32,23],[-5,31],[-13,-26],[-27,-2],[-36,25],[-30,-4],[-57,-65],[-5,-20],[-40,-53],[-7,-40],[-11,-15],[-80,-36],[-16,-18]],[[7466,5106],[-14,-20],[0,-74],[25,16],[20,-8],[-1,-17],[30,-36],[48,-24],[52,-38],[19,-74],[5,-47],[16,-27],[-3,-28],[24,-45],[5,-38],[15,-18],[13,-65],[11,-3],[2,-44],[-8,-46],[42,-43],[44,-33],[-3,-38],[12,-34],[35,-13],[27,-29],[16,-53],[-16,-16],[-24,8],[-63,44],[-29,-25],[-22,5],[-28,55],[-52,16],[-36,-35],[-22,-1],[-23,18],[-29,80],[14,-61],[17,-36],[37,-10],[37,19],[0,10],[48,-11],[12,-40],[-13,-6],[65,-32],[32,-51]],[[3721,7130],[18,2],[117,15]],[[6558,5445],[-8,-36],[2,-43],[-15,-66],[2,-43],[-28,-42],[-68,-41],[-19,-25],[-36,20],[-26,-25],[-76,5],[-3,-51],[-35,10],[-24,-20],[-20,-39],[-73,-24],[-37,-28],[-58,-21],[-31,8]]],"bbox":[73.60292699854267,15.77607021639086,134.7729396305676,53.56870570696176],"transform":{"scale":[0.006117613024504943,0.003779641513208411],"translate":[73.60292699854267,15.77607021639086]},"title":"China with Hong Kong, Macau, and Taiwan","version":"2.0.1","copyright":"Copyright (c) 2022 Highsoft AS, Based on data from Natural Earth","copyrightShort":"Natural Earth","copyrightUrl":"http://www.naturalearthdata.com"}