{"type":"Topology","objects":{"default":{"type":"GeometryCollection","geometries":[{"type":"Polygon","arcs":[[0]],"id":"AT.WI","properties":{"hc-group":"admin1","hc-middle-x":0.57,"hc-key":"at-wi","hc-a2":"WI","labelrank":"9","hasc":"AT.WI","alt-name":"Vienna|Viena","woe-id":"2344716","subregion":null,"fips":"AU09","postal-code":"WI","name":"Wien","country":"Austria","type-en":"State","region":null,"longitude":"16.3798","woe-name":"Wien","latitude":"48.2247","woe-label":"Vienna, AT, Austria","type":"Bundesländ|Länd"}},{"type":"Polygon","arcs":[[1,2]],"id":"AT.VO","properties":{"hc-group":"admin1","hc-middle-x":0.53,"hc-key":"at-vo","hc-a2":"VO","labelrank":"6","hasc":"AT.VO","alt-name":null,"woe-id":"2344715","subregion":null,"fips":"AU08","postal-code":"VO","name":"Vorarlberg","country":"Austria","type-en":"State","region":null,"longitude":"9.873749999999999","woe-name":"Vorarlberg","latitude":"47.2617","woe-label":"Vorarlberg, AT, Austria","type":"Bundesländ|Länd"}},{"type":"Polygon","arcs":[[3,4,5]],"id":"AT.BU","properties":{"hc-group":"admin1","hc-middle-x":0.61,"hc-middle-y":0.2,"hc-key":"at-bu","hc-a2":"BU","labelrank":"6","hasc":"AT.BU","alt-name":"Burgenlândia","woe-id":"2344708","subregion":null,"fips":"AU01","postal-code":"BU","name":"Burgenland","country":"Austria","type-en":"State","region":null,"longitude":"16.3584","woe-name":"Burgenland","latitude":"47.4281","woe-label":"Burgenland, AT, Austria","type":"Bundesländ|Länd"}},{"type":"Polygon","arcs":[[-5,6,7,8,9,10]],"id":"AT.ST","properties":{"hc-group":"admin1","hc-middle-x":0.58,"hc-middle-y":0.44,"hc-key":"at-st","hc-a2":"ST","labelrank":"6","hasc":"AT.ST","alt-name":"Styria|Est¡ria|Estiria","woe-id":"2344713","subregion":null,"fips":"AU06","postal-code":"ST","name":"Steiermark","country":"Austria","type-en":"State","region":null,"longitude":"14.8565","woe-name":"Steiermark","latitude":"47.3901","woe-label":"Styria, AT, Austria","type":"Bundesländ|Länd"}},{"type":"Polygon","arcs":[[-8,11,12,13]],"id":"AT.KA","properties":{"hc-group":"admin1","hc-middle-x":0.57,"hc-middle-y":0.51,"hc-key":"at-ka","hc-a2":"KA","labelrank":"6","hasc":"AT.KA","alt-name":"Carinthia|Caríntia|Carintia","woe-id":"2344709","subregion":null,"fips":"AU02","postal-code":"KA","name":"Kärnten","country":"Austria","type-en":"State","region":null,"longitude":"13.8695","woe-name":"Kärnten","latitude":"46.7201","woe-label":"Carinthia, AT, Austria","type":"Bundesländ|Länd"}},{"type":"Polygon","arcs":[[-10,14,15,16]],"id":"AT.OO","properties":{"hc-group":"admin1","hc-middle-x":0.53,"hc-middle-y":0.4,"hc-key":"at-oo","hc-a2":"OO","labelrank":"6","hasc":"AT.OO","alt-name":"Upper Austria|Alta-Áustria|Alta Austria|Österreich ober der Enns|Oberösterreich","woe-id":"2344711","subregion":null,"fips":"AU04","postal-code":"OO","name":"Oberösterreich","country":"Austria","type-en":"State","region":null,"longitude":"13.856","woe-name":"Oberösterreich","latitude":"48.2377","woe-label":"Upper Austria, AT, Austria","type":"Bundesländ|Länd"}},{"type":"Polygon","arcs":[[-9,-14,17,18,19,20,-15]],"id":"AT.SZ","properties":{"hc-group":"admin1","hc-middle-x":0.55,"hc-middle-y":0.65,"hc-key":"at-sz","hc-a2":"SZ","labelrank":"7","hasc":"AT.SZ","alt-name":"Salzburgo","woe-id":"2344712","subregion":null,"fips":"AU05","postal-code":"SZ","name":"Salzburg","country":"Austria","type-en":"State","region":null,"longitude":"13.0106","woe-name":"Salzburg","latitude":"47.2534","woe-label":"Salzburg, AT, Austria","type":"Bundesländ|Länd"}},{"type":"MultiPolygon","arcs":[[[-13,21,-18]],[[22,-3,23,-20]]],"id":"AT.TR","properties":{"hc-group":"admin1","hc-middle-x":0.39,"hc-middle-y":0.47,"hc-key":"at-tr","hc-a2":"TR","labelrank":"6","hasc":"AT.TR","alt-name":"Tyrol","woe-id":"2344714","subregion":null,"fips":"AU07","postal-code":"TR","name":"Tirol","country":"Austria","type-en":"State","region":null,"longitude":"11.38","woe-name":"Tirol","latitude":"47.2082","woe-label":"Tyrol, AT, Austria","type":"Bundesländ|Länd"}},{"type":"Polygon","arcs":[[-11,-17,24,-6],[-1]],"id":"AT.NO","properties":{"hc-group":"admin1","hc-middle-x":0.43,"hc-middle-y":0.55,"hc-key":"at-no","hc-a2":"NO","labelrank":"6","hasc":"AT.NO","alt-name":"Lower Austria|Baixa-Áustria|Baja Austria|Niederdonau|Österreich unter der Enns","woe-id":"2344710","subregion":null,"fips":"AU03","postal-code":"NO","name":"Niederösterreich","country":"Austria","type-en":"State","region":null,"longitude":"15.7448","woe-name":"Niederösterreich","latitude":"48.2477","woe-label":"Lower Austria, AT, Austria","type":"Bundesländ|Länd"}}],"hc-recommended-transform":{"default":{"crs":"+proj=tmerc +lat_0=0 +lon_0=13.33333333333333 +k=1 +x_0=0 +y_0=-5000000 +ellps=bessel +towgs84=577.326,90.129,463.919,5.137,1.474,5.297,2.4232 +units=m +no_defs","scale":0.00122132554851,"jsonres":15.5,"jsonmarginX":-999,"jsonmarginY":9851,"xoffset":-288444.120202,"yoffset":431577.633379}}}},"arcs":[[[9122,7269],[42,44],[34,-86],[24,-119],[-17,-196],[38,-169],[-91,33],[-81,-17],[-39,-84],[-30,2],[-54,52],[-69,-13],[-81,13],[-39,95],[11,109],[-29,103],[25,121],[33,-29],[34,12],[33,62],[88,111],[69,56],[16,48],[40,-9],[43,-139]],[[792,1780],[-75,37],[-81,129],[-140,91],[-48,95],[5,237],[-12,51],[-247,155],[-115,3],[36,90],[9,99],[-13,98],[-31,85],[-40,45],[15,117],[-30,120],[9,53],[-34,75],[42,141],[44,106],[18,128],[65,183],[0,161],[-37,65],[-49,44],[-39,115],[70,-44],[25,42],[56,-45],[26,82],[72,-1],[-35,102],[46,134],[38,25],[34,-47],[7,-132],[26,-26],[34,26],[78,-34],[36,32],[3,-63],[31,-68],[28,-113],[39,43],[64,-186],[5,-85],[-29,-46],[26,-149],[75,-10],[21,41],[58,21],[24,-25],[-1,-69],[-30,-226],[-40,-85],[26,-1]],[[857,3396],[22,-109],[15,-170],[-1,-144],[-20,-94],[-51,-152],[-13,-72],[-18,-211],[6,-140],[-11,-113],[-48,-110],[-1,-69],[30,-97],[25,-135]],[[9887,6589],[22,-56],[-27,-142],[21,-31],[-7,-63],[73,-61],[30,-53],[-82,-135],[14,-32],[-28,-129],[17,-20],[-14,-118],[-35,-70],[-62,-36],[1,-42],[46,-58],[22,-94],[-20,-44],[13,-266],[32,-85],[-26,-24],[-96,-26],[-104,-52],[-50,19],[-19,100],[-69,-142],[-74,22],[-28,46],[-23,114],[-121,102],[-55,14],[-48,-41],[-24,-141],[-76,-93],[-21,34],[-41,-111],[97,-85],[36,15],[87,-68],[43,14],[29,-26],[34,-136],[-7,-76],[40,-59],[9,-107],[-14,-48],[-53,-64],[5,-152],[-68,-105],[-141,-125],[-33,73],[-30,-56],[4,-146],[-16,-28],[59,-220],[-4,-113],[-59,-78],[4,-66],[-20,-83],[5,-64],[29,-13],[-2,-144],[18,-23],[44,42],[38,-50],[-36,-122],[-28,-34],[1,-107],[41,-32],[0,-41],[-90,-94],[56,-23],[25,-76],[-100,-30],[-29,44],[-81,-7],[-67,16],[-18,-100],[-37,-46],[-3,-66],[-94,-145],[-47,-130],[-125,-149]],[[8530,1742],[-1,58],[-31,94],[20,174],[47,82],[64,167],[43,139],[-2,58],[-59,162],[-7,92],[14,221],[-36,276],[-12,203],[-27,200],[-23,108],[2,65],[34,81],[32,-60],[24,27],[75,156]],[[8687,4045],[109,10],[54,68],[68,143],[-3,267],[71,279],[-83,219],[-30,114],[0,233],[45,9],[32,61],[13,79],[3,147],[40,118],[63,97],[84,27],[92,-60],[51,52],[89,146],[32,142],[61,78],[30,1],[55,51],[53,75],[58,34],[81,-99],[27,84],[0,114],[27,42],[41,-34],[37,47]],[[8530,1742],[-53,-27],[-12,-79],[-11,-252],[16,-93],[43,-93],[3,-89],[-39,82],[-54,20],[-89,89],[-73,8],[-89,-72],[-134,26],[-22,25],[-12,-138],[-30,-31],[-48,12],[-48,-46],[-25,-134],[-64,-53],[-59,88],[-39,29],[-240,-24],[-130,28]],[[7321,1018],[-93,215],[-16,91],[-3,127],[-44,310],[25,149],[3,114],[-103,313],[-51,126],[-53,55],[-145,-69],[-161,-23],[-36,28],[-121,-5],[-134,-94],[-167,118],[-87,103],[-85,-11],[-144,-136],[-31,-57],[-31,-114],[-49,-46],[-81,-125],[-47,-19],[-81,120]],[[5586,2188],[50,127],[57,207],[22,116],[-1,124],[75,171],[-7,72],[-39,55],[-54,145],[-17,109],[-49,174],[-18,21],[-76,-46],[-59,-59],[-83,118],[-34,141],[-39,255],[-12,136],[21,155]],[[5323,4209],[122,-46],[65,91],[15,69],[-7,114],[-64,195],[-5,76],[13,177],[38,77],[140,138],[170,-100],[57,17],[60,-138],[23,-138],[34,37],[143,82],[75,-101],[55,-39],[70,18],[92,126],[78,75],[19,65],[189,147],[84,133]],[[6789,5284],[45,-72],[137,2],[59,-98],[60,7],[112,98],[54,-6],[172,112],[56,147],[63,-14],[81,38],[46,-23],[55,-98],[109,-104],[51,-71],[88,-16],[43,-98],[43,-51],[56,-9],[16,-44],[22,-204],[27,-14],[43,48],[42,-50],[-1,-164],[50,-14],[34,-51],[33,-147],[107,-36],[64,-67],[43,38],[43,-201],[45,-77]],[[7321,1018],[-58,11],[-74,-47],[-50,-141],[-43,80],[-48,-58],[-61,-17],[-38,-129],[-43,-231],[-37,-39],[-67,-14],[-39,-128],[-118,-94],[-43,-190],[-22,-21],[-50,151],[-46,-22],[-61,45],[-18,57],[-59,-13],[-278,15],[-90,138],[-41,31],[-88,-9],[-121,114],[-39,13],[-103,-30],[-87,43],[-60,-1],[-158,104],[-56,3],[-38,64],[-80,-13],[-57,20],[-134,-56],[-52,6],[-112,124],[-107,50],[-307,44],[-74,96],[-45,30],[-30,-18],[-59,55]],[[4130,1041],[50,199],[19,167],[28,27],[117,36],[53,46],[29,-7],[46,-70],[17,69],[-79,217],[-74,166],[-18,162],[-67,144],[-33,109],[-5,71],[22,135],[-10,71],[-112,74],[-29,57],[-4,74]],[[4080,2788],[42,93],[28,-18],[112,-125],[123,-49],[63,-39],[105,-134],[85,-44],[99,9],[52,22],[68,67],[64,110],[43,13],[173,-94],[160,-60],[58,-10],[80,-69],[113,-172],[38,-100]],[[5323,4209],[-75,94],[-47,94],[-12,109],[35,146],[-22,148],[48,289],[-16,66],[-80,59],[1,74],[72,12],[17,40],[-31,54],[-237,103],[-32,60],[-27,271],[6,153],[25,63],[72,-14],[14,58],[-76,112],[-90,-80],[-75,-18],[-50,10],[-64,50],[-71,117],[-89,3],[-40,-40],[-14,-74],[-103,-73]],[[4362,6095],[-23,126],[-93,188],[-30,133],[10,78],[102,153],[40,111],[32,45],[73,28],[131,207],[136,104],[180,60],[44,49],[128,216],[18,60],[25,184],[-2,108],[26,143],[1,70],[-22,136],[19,46],[86,43],[136,-73],[64,-114],[57,-53],[23,146],[42,14],[47,184],[-2,240],[21,77],[-40,111],[39,158],[53,-25],[78,-108],[88,-93],[66,-197],[-36,-59],[46,-145],[45,-35],[185,-42],[130,-87],[118,108],[21,41],[30,149],[18,25],[32,-71],[52,-52],[75,37],[30,-60],[42,-9],[33,-97],[42,37]],[[6778,8390],[27,-55],[82,-36],[85,-77],[48,-12],[40,-45],[9,-104],[-35,2],[-5,-110],[36,-119],[31,-23],[8,-123],[31,-70],[15,-188],[-9,-413],[-51,72],[-88,-27],[-58,-119],[-187,-89],[-50,56],[-35,100],[-60,80],[-59,2],[-46,-100],[-20,-238],[14,-145],[-46,-188],[-23,-41],[23,-55],[212,-311],[110,-90],[56,-74],[23,-61],[-1,-72],[-23,-66],[-18,-140],[-3,-134],[-22,-93]],[[4080,2788],[-73,121],[-133,45],[-104,-25],[-22,-20],[-78,-150],[-153,-143]],[[3517,2616],[-31,69],[-62,-25]],[[3424,2660],[-2,163],[-15,89],[-47,120],[-3,110],[22,206],[-4,76],[37,37],[58,6],[147,103],[46,56],[35,-1],[67,-46],[84,49],[29,73],[30,124],[87,30],[60,101],[28,119],[57,182],[-29,151],[1,123],[-90,154],[-34,114]],[[3988,4799],[46,81],[71,46],[143,-30],[-13,-67],[81,-143],[-36,-35],[-16,-87],[7,-94],[65,-68],[71,-147],[79,-105],[35,20],[51,-21],[37,86],[-12,185],[16,72],[-2,88],[44,147],[4,92],[-14,103],[-58,149],[-73,-29],[-73,26],[-22,43],[33,102],[13,103],[84,264],[-34,96],[-45,199],[-90,144],[-18,76]],[[4130,1041],[-67,15],[-76,-20],[-82,80],[-71,24],[-53,44],[-45,80],[-37,205],[-97,89],[10,172],[-13,130],[-21,28],[-72,18],[-31,73],[-59,36],[19,39],[-39,280],[13,67],[79,88],[29,127]],[[3424,2660],[-22,-8],[-132,-138],[-94,-8],[-114,-98],[-45,-73],[-60,-18],[-40,-61],[-39,13],[-43,61],[-114,33],[-107,-41],[-33,54],[-49,-11],[-55,-116],[-40,5],[-87,59],[-92,-30],[-114,-88],[-85,-167],[-48,-351],[-76,-193],[-87,19],[-66,-37],[-74,61],[-38,-14],[-53,53],[-49,16],[42,93],[-14,39],[-100,118],[-44,6],[-133,-72],[-53,12],[-43,67],[-4,82],[17,129],[-8,64],[-55,99],[-28,87],[-35,39],[-38,-45],[-56,-161],[0,-71],[-80,1],[-44,-214],[-100,-75]],[[857,3396],[84,21],[87,93],[50,109],[29,114],[60,77],[41,133],[12,86],[-12,161],[-30,45],[14,187],[-21,118],[52,31],[0,-134],[37,-52],[56,-15],[32,31],[45,99],[32,-2],[173,-129],[16,-50],[50,4],[89,54],[45,-58],[-54,-83],[77,-93],[65,-139],[-6,-87],[32,-72],[136,-3],[26,14],[86,117],[61,-4],[-3,-103],[60,18],[62,131],[102,36],[6,67],[-30,28],[61,138],[31,14],[61,-26],[90,42],[24,52],[26,163],[42,73],[81,-24],[107,-1],[74,-30],[41,90],[110,46],[301,-26],[48,99],[0,182],[-34,105],[86,100],[-25,-138],[21,-64],[72,42],[76,-31],[73,45],[21,-8],[38,-158],[58,-80],[54,10],[33,38]],[[6778,8390],[12,111],[4,219],[25,76],[69,117],[33,199],[88,-3],[68,-53],[26,4],[15,66],[-17,86],[40,312],[-5,331],[23,136],[29,8],[73,-48],[102,-16],[15,-105],[-9,-106],[126,50],[32,121],[95,-28],[179,-146],[65,-107],[108,-80],[102,-111],[59,-12],[69,61],[52,5],[28,-84],[60,-31],[29,-85],[163,-235],[69,-57],[121,13],[237,-73],[36,37],[65,219],[24,28],[74,11],[174,-101],[25,-145],[88,-27],[92,-91],[97,38],[31,-84],[18,-251],[46,-101],[11,-178],[-9,-68],[-43,-77],[-51,-182],[-19,-105],[-22,-297],[76,-99],[-4,-88],[23,-98],[45,-53],[25,-228],[15,-211],[34,-70],[53,-44],[20,-71]]],"bbox":[9.521156931259416,46.37865484509136,17.14835053194834,49.009776862605385],"transform":{"scale":[0.0007627956396328556,0.00026313851560296267],"translate":[9.521156931259416,46.37865484509136]},"title":"Austria","version":"2.0.1","copyright":"Copyright (c) 2022 Highsoft AS, Based on data from Natural Earth","copyrightShort":"Natural Earth","copyrightUrl":"http://www.naturalearthdata.com"}