{"type":"Topology","objects":{"default":{"type":"GeometryCollection","geometries":[{"type":"Polygon","arcs":[[0]],"id":"EE.6019","properties":{"hc-group":"admin1","hc-middle-x":0.58,"hc-middle-y":0.51,"hc-key":"ee-6019","hc-a2":"NU","labelrank":"20","hasc":"-99","alt-name":null,"woe-id":"-99","subregion":null,"fips":null,"postal-code":null,"name":null,"country":"Estonia","type-en":null,"region":null,"longitude":"22.5034","woe-name":null,"latitude":"58.1495","woe-label":null,"type":null}},{"type":"MultiPolygon","arcs":[[[1]],[[2,3,4,5,6]]],"id":"EE.HA","properties":{"hc-group":"admin1","hc-middle-x":0.66,"hc-key":"ee-ha","hc-a2":"HA","labelrank":"8","hasc":"EE.HA","alt-name":"Harjumaa|Harju maakond","woe-id":"2345276","subregion":null,"fips":"EN01","postal-code":"HA","name":"Harju","country":"Estonia","type-en":"County","region":null,"longitude":"25.1734","woe-name":"Harju","latitude":"59.3206","woe-label":"Harju County, EE, Estonia","type":"Maakond"}},{"type":"MultiPolygon","arcs":[[[7]],[[8,9,10,11,12]]],"id":"EE.TA","properties":{"hc-group":"admin1","hc-middle-x":0.45,"hc-middle-y":0.54,"hc-key":"ee-ta","hc-a2":"TA","labelrank":"8","hasc":"EE.TA","alt-name":"Tartumaa|Tartu maakond|Dorpat","woe-id":"2345287","subregion":null,"fips":"EN18","postal-code":"TA","name":"Tartu","country":"Estonia","type-en":"County","region":null,"longitude":"26.7967","woe-name":"Tartu","latitude":"58.3727","woe-label":"Tartu County, EE, Estonia","type":"Maakond"}},{"type":"Polygon","arcs":[[13]],"id":"EE.HI","properties":{"hc-group":"admin1","hc-middle-x":0.61,"hc-middle-y":0.47,"hc-key":"ee-hi","hc-a2":"HI","labelrank":"8","hasc":"EE.HI","alt-name":"Hiiumaa|Hiiu maakond|Dagö","woe-id":"2345277","subregion":null,"fips":"EN02","postal-code":"HI","name":"Hiiu","country":"Estonia","type-en":"County","region":null,"longitude":"22.5428","woe-name":"Hiiu","latitude":"58.8594","woe-label":"Hiiu County, EE, Estonia","type":"Maakond"}},{"type":"MultiPolygon","arcs":[[[14]],[[15,-7,16,17]]],"id":"EE.LN","properties":{"hc-group":"admin1","hc-middle-x":0.66,"hc-middle-y":0.43,"hc-key":"ee-ln","hc-a2":"LN","labelrank":"8","hasc":"EE.LN","alt-name":"Laeaene|Läänemaa|Lääne maakond","woe-id":"2345281","subregion":null,"fips":"EN07","postal-code":"LN","name":"Lääne","country":"Estonia","type-en":"County","region":null,"longitude":"23.2541","woe-name":"Lääne","latitude":"59.0075","woe-label":"Laane County, EE, Estonia","type":"Maakond"}},{"type":"MultiPolygon","arcs":[[[18]],[[19,20,21,-18,22]]],"id":"EE.PR","properties":{"hc-group":"admin1","hc-middle-x":0.53,"hc-middle-y":0.25,"hc-key":"ee-pr","hc-a2":"PR","labelrank":"8","hasc":"EE.PR","alt-name":"Paernu|Pärnumaa|Pärnu maakond","woe-id":"2345283","subregion":null,"fips":"EN11","postal-code":"PR","name":"Pärnu","country":"Estonia","type-en":"County","region":null,"longitude":"23.9802","woe-name":"Pärnu","latitude":"58.1294","woe-label":"Parnu County, EE, Estonia","type":"Maakond"}},{"type":"MultiPolygon","arcs":[[[23]],[[24]],[[25]]],"id":"EE.SA","properties":{"hc-group":"admin1","hc-middle-x":0.46,"hc-middle-y":0.26,"hc-key":"ee-sa","hc-a2":"SA","labelrank":"8","hasc":"EE.SA","alt-name":"Saaremaa|Saare maakond|Ösel","woe-id":"2345286","subregion":null,"fips":"EN14","postal-code":"SA","name":"Saare","country":"Estonia","type-en":"Municipality","region":null,"longitude":"23.2464","woe-name":"Saare","latitude":"57.8027","woe-label":"Saare County, EE, Estonia","type":"Novads"}},{"type":"Polygon","arcs":[[26,27,28]],"id":"EE.IV","properties":{"hc-group":"admin1","hc-middle-x":0.43,"hc-middle-y":0.43,"hc-key":"ee-iv","hc-a2":"IV","labelrank":"8","hasc":"EE.IV","alt-name":"Ida-Virumaa|Ida-Viru maakond","woe-id":"2345278","subregion":null,"fips":"EN03","postal-code":"IV","name":"Ida-Viru","country":"Estonia","type-en":"County","region":null,"longitude":"27.4446","woe-name":"Ida-Viru","latitude":"59.1333","woe-label":"Ida-Viru County, EE, Estonia","type":"Maakond"}},{"type":"Polygon","arcs":[[-5,29,30,31,-20,32]],"id":"EE.JR","properties":{"hc-group":"admin1","hc-middle-x":0.45,"hc-key":"ee-jr","hc-a2":"JR","labelrank":"8","hasc":"EE.JR","alt-name":"Jaerva|Järvamaa|Järva maakond","woe-id":"2345279","subregion":null,"fips":"EN04","postal-code":"JR","name":"Järva","country":"Estonia","type-en":"County","region":null,"longitude":"25.6829","woe-name":"Järva","latitude":"58.9729","woe-label":"Jarva County, EE, Estonia","type":"Maakond"}},{"type":"Polygon","arcs":[[-28,33,-13,34,-31,35]],"id":"EE.JN","properties":{"hc-group":"admin1","hc-middle-y":0.53,"hc-key":"ee-jn","hc-a2":"JN","labelrank":"8","hasc":"EE.JN","alt-name":"Jogeva|Jõgevamaa|Jõgeva maakond","woe-id":"2345280","subregion":null,"fips":"EN05","postal-code":"JN","name":"Jõgeva","country":"Estonia","type-en":"County","region":null,"longitude":"26.5975","woe-name":"Jõgeva","latitude":"58.7313","woe-label":"Jogeva County, EE, Estonia","type":"Maakond"}},{"type":"Polygon","arcs":[[-36,-30,-4,36,-29]],"id":"EE.LV","properties":{"hc-group":"admin1","hc-middle-x":0.44,"hc-key":"ee-lv","hc-a2":"LV","labelrank":"8","hasc":"EE.LV","alt-name":"Laeaene-Viru|Lääne-Virumaa|Lääne-Viru maakond","woe-id":"2345282","subregion":null,"fips":"EN08","postal-code":"LV","name":"Lääne-Viru","country":"Estonia","type-en":"County","region":null,"longitude":"26.3773","woe-name":"Lääne-Viru","latitude":"59.229","woe-label":"Laane-Viru County, EE, Estonia","type":"Maakond"}},{"type":"Polygon","arcs":[[37,38,39,-10]],"id":"EE.PL","properties":{"hc-group":"admin1","hc-middle-x":0.49,"hc-middle-y":0.42,"hc-key":"ee-pl","hc-a2":"PL","labelrank":"8","hasc":"EE.PL","alt-name":"Polva|Põlvamaa|Põlva maakond","woe-id":"2345284","subregion":null,"fips":"EN12","postal-code":"PL","name":"Põlva","country":"Estonia","type-en":"County","region":null,"longitude":"27.1696","woe-name":"Põlva","latitude":"58.0905","woe-label":"Polva County, EE, Estonia","type":"Maakond"}},{"type":"Polygon","arcs":[[-33,-23,-17,-6]],"id":"EE.RA","properties":{"hc-group":"admin1","hc-middle-x":0.54,"hc-middle-y":0.55,"hc-key":"ee-ra","hc-a2":"RA","labelrank":"8","hasc":"EE.RA","alt-name":"Raplamaa|Rapla maakond","woe-id":"2345285","subregion":null,"fips":"EN13","postal-code":"RA","name":"Rapla","country":"Estonia","type-en":"County","region":null,"longitude":"24.6953","woe-name":"Rapla","latitude":"58.9829","woe-label":"Rapla County, EE, Estonia","type":"Maakond"}},{"type":"Polygon","arcs":[[-40,40,41,42,-11]],"id":"EE.VG","properties":{"hc-group":"admin1","hc-middle-x":0.53,"hc-middle-y":0.33,"hc-key":"ee-vg","hc-a2":"VG","labelrank":"8","hasc":"EE.VG","alt-name":"Valgamaa|Valga maakond","woe-id":"2345288","subregion":null,"fips":"EN19","postal-code":"VG","name":"Valga","country":"Estonia","type-en":"County","region":null,"longitude":"26.0733","woe-name":"Valga","latitude":"57.9402","woe-label":"Valga County, EE, Estonia","type":"Maakond"}},{"type":"Polygon","arcs":[[-12,-43,43,-21,-32,-35]],"id":"EE.VD","properties":{"hc-group":"admin1","hc-middle-x":0.53,"hc-middle-y":0.49,"hc-key":"ee-vd","hc-a2":"VD","labelrank":"7","hasc":"EE.VD","alt-name":"Viljandimaa|Viljandi maakond|Vilyandi","woe-id":"2345289","subregion":null,"fips":"EN20","postal-code":"VD","name":"Viljandi","country":"Estonia","type-en":"County","region":null,"longitude":"25.5603","woe-name":"Viljandi","latitude":"58.3005","woe-label":"Viljandi County, EE, Estonia","type":"Maakond"}},{"type":"Polygon","arcs":[[-39,44,-41]],"id":"EE.VR","properties":{"hc-group":"admin1","hc-middle-y":0.48,"hc-key":"ee-vr","hc-a2":"VR","labelrank":"8","hasc":"EE.VR","alt-name":"Voru|Võrumaa|Võru maakond","woe-id":"2345290","subregion":null,"fips":"EN21","postal-code":"VR","name":"Võru","country":"Estonia","type-en":"County","region":null,"longitude":"26.9602","woe-name":"Võru","latitude":"57.7735","woe-label":"Voru County, EE, Estonia","type":"Maakond"}}],"hc-recommended-transform":{"default":{"crs":"+proj=utm +zone=35 +datum=WGS84 +units=m +no_defs","scale":0.00189457394706,"jsonres":15.5,"jsonmarginX":-999,"jsonmarginY":9851,"xoffset":197944.712809,"yoffset":6615615.53295}}}},"arcs":[[[1097,2914],[-47,-106],[-35,102],[50,148],[32,-144]],[[4265,9428],[-41,-16],[-44,71],[-2,88],[21,82],[24,9],[53,-188],[-11,-46]],[[2968,7960],[18,-4],[20,90],[-30,71],[17,58],[35,28],[139,4],[69,-27],[73,7],[83,49],[79,11],[66,-102],[31,108],[-12,83],[-101,209],[-10,96],[42,78],[50,2],[45,-49],[88,-142],[45,-30],[45,34],[-14,80],[-78,138],[31,31],[138,16],[55,31],[19,55],[25,185],[104,37],[66,-41],[58,-99],[31,-21],[79,88],[29,-14],[92,-97],[55,7],[-6,44],[-55,61],[0,35],[58,6],[13,93],[48,-4],[75,-204],[71,55],[41,141],[-14,72],[-37,69],[-17,186],[48,50],[61,-76],[105,-199],[40,-15],[122,48],[38,-15],[98,-81],[29,25],[-14,120],[23,48],[37,-1],[76,-76],[336,-148],[-8,109],[20,59],[39,24],[147,-1],[4,80],[-61,100],[-24,187],[-5,187],[10,85],[27,-34],[52,-155],[62,-56],[75,-169],[85,-67],[46,14],[20,86],[-12,79],[-41,111],[10,96],[-32,29],[38,71],[48,-23],[87,-141],[21,-206],[21,-49],[47,-19]],[[6302,9561],[0,-126],[-35,-78],[0,-51],[41,-115],[12,-187],[17,-61],[46,-54],[20,-236],[36,-144],[32,-234],[-1,-68],[-28,-39]],[[6442,8168],[-123,62],[-77,11],[-210,-90],[-27,-69],[-87,67],[-163,-39],[-1,-47],[34,-101],[10,-93],[-20,-126],[-71,-244],[49,-215],[-40,-67],[-85,17],[-19,-64],[-2,-209],[-121,-111]],[[5489,6850],[-64,51],[-101,118],[-31,71],[-18,171],[-44,63],[-61,-6],[-90,77],[-23,74],[-104,55],[-36,43],[-53,132],[-29,41],[-11,85],[9,108],[-59,4],[-107,-45],[-35,-35],[-176,36],[-105,-139],[-37,-96],[-8,-94],[-21,-54],[27,-112],[-11,-63],[-130,11],[-171,-59],[-99,-234],[-34,-95],[-191,34],[-33,-39],[-23,-86],[-44,-52]],[[3576,6815],[-24,51],[25,131],[67,174],[-41,75],[-11,136],[-65,90],[-81,50],[-85,-11],[-58,-30],[-36,15],[-53,103],[-125,104],[-45,140],[-51,48],[-25,69]],[[8963,3981],[-50,-8],[-48,43],[24,59],[47,-33],[27,-61]],[[8355,5414],[31,-91],[57,-248],[50,-412],[0,-349],[12,-101],[37,-71],[104,-21],[110,-94],[34,-60],[-22,-78],[0,-99],[21,-137],[-11,-52],[86,-187],[6,-193],[19,-83]],[[8889,3138],[-235,119],[-55,-14],[-48,39],[-7,85],[-29,48],[-139,-2],[-54,54],[-24,-49],[-52,-4],[-44,45],[-36,-11],[-39,-122],[-32,-5],[-41,66],[-72,-20],[-29,14],[-35,-34],[-38,-155],[-44,-70],[-98,-52],[-46,2],[-21,55],[-32,-15],[-33,-67],[-46,11],[3,-144],[-24,-60],[-44,-33]],[[7495,2819],[-27,79],[-92,125],[-158,-84],[-64,121],[-39,-23],[-62,-117],[-118,-114],[-264,33]],[[6671,2839],[-42,446],[-9,353],[93,286],[105,238],[1,34],[-54,300]],[[6765,4496],[57,31],[47,-5],[59,33],[139,159],[52,11],[24,-60],[29,-2],[35,61],[40,14],[28,-40],[84,58],[112,-81],[59,-7],[31,52],[43,136],[89,-59],[143,54],[47,140],[32,193],[46,-17],[75,-90],[117,-36],[0,208],[57,49],[65,85],[80,31]],[[1398,6940],[24,-30],[159,16],[153,-113],[24,-62],[-3,-120],[17,-85],[33,-42],[56,-120],[10,-128],[28,-15],[2,-93],[-34,-55],[-98,85],[-23,-62],[-20,28],[-79,-34],[-19,-59],[25,-13],[6,-124],[-65,-65],[-87,22],[-18,50],[16,49],[60,77],[-12,48],[-66,-23],[-64,-84],[-34,-113],[-54,-270],[-40,-98],[-69,-56],[-88,-18],[-85,37],[-60,100],[53,98],[-51,136],[-35,168],[-4,179],[-16,51],[-76,138],[-89,66],[-52,-6],[-102,-41],[-50,8],[-209,176],[-28,47],[17,76],[61,16],[116,-26],[464,95],[-30,31],[17,45],[53,-29],[-2,165],[27,42],[63,21],[45,105],[9,119],[31,52],[107,-22],[75,-71],[-35,-131],[46,-138]],[[2165,7091],[110,-54],[104,31],[71,-147],[7,-52],[-30,-96],[-55,39],[-64,-61],[-33,-1],[-86,62],[-20,-51],[-57,-22],[-42,26],[-53,223],[27,87],[61,24],[60,-8]],[[2760,4771],[-20,36],[-20,144],[-23,-14],[-47,-118],[-29,82],[32,146],[-40,323],[22,150],[46,-14],[16,54],[-25,41],[4,114],[81,-45],[117,52],[60,10],[92,-83],[74,-13],[3,80],[-33,38],[3,102],[48,31],[92,-61],[-42,78],[-50,53],[-49,5],[-43,-72],[-28,59],[-99,-28],[-115,13],[-36,-12],[-70,-82],[-50,22],[-118,-67],[58,167],[31,41],[52,14],[11,34],[-98,205],[-13,87],[-52,119],[-1,94],[34,71],[105,-12],[34,70],[27,-27],[56,13],[64,88],[4,87],[-10,111],[-25,81],[-71,93],[66,-131],[19,-61],[-54,-30],[-32,-63],[-11,-95],[-43,61],[-101,39],[-41,53],[-42,100],[44,1],[-2,142],[87,149],[44,-69],[2,239],[-52,229],[-25,175],[86,85],[70,-29],[72,83],[41,71],[33,5],[88,-125]],[[3576,6815],[-31,-91],[6,-68],[60,-155],[93,-372],[-69,-79],[5,-78],[24,-40],[-78,-114],[-57,-41],[-7,-46],[37,-41],[73,-1],[22,-38],[-33,-150]],[[3621,5501],[-115,-82],[-61,-59],[-90,9],[-17,-123],[-33,-75],[-53,-23],[-62,22],[9,-204],[52,-93],[7,-49],[-123,17],[-121,-47],[-152,34],[-102,-57]],[[3415,2749],[-50,-40],[-43,62],[-8,112],[27,67],[45,26],[46,-17],[14,-110],[-31,-100]],[[5299,5613],[131,-56],[15,-53],[-22,-83],[-32,-237]],[[5391,5184],[-41,-33],[-14,-63],[14,-113],[-79,-57],[-64,-125],[-66,-77],[-106,-77],[-70,-138],[29,-126],[1,-111],[-45,-54],[-3,-160],[-33,-244],[18,-57],[37,-25],[49,76],[156,-57],[85,-105],[93,-94],[25,-74],[-27,-51],[2,-222],[-43,16],[-85,-30],[-24,-59],[1,-130],[-44,20],[-30,-84],[37,-68],[-17,-40],[-77,-12],[-12,-62],[-44,-52],[-13,-54],[38,-170]],[[5039,2472],[-94,-152],[-40,-45],[-121,-27],[-88,-111],[-40,11],[-90,62],[-24,-48],[-29,-128],[-24,-31],[-96,-16],[-110,15],[-32,-11],[-83,-119],[-82,-88],[-43,-157],[-82,-36],[-68,44],[28,85],[15,162],[75,290],[27,182],[75,145],[28,82],[0,225],[14,158],[-28,142],[20,151],[5,154],[33,69],[89,108],[19,108],[-15,99],[-35,78],[-133,165],[-65,43],[-65,8],[-55,-41],[-49,-155],[-14,-169],[-49,-135],[-71,-84],[-85,26],[-27,-42],[-44,-125],[-44,46],[-47,127],[-73,103],[-42,84],[-105,69],[-93,29],[-33,67],[-44,-34],[-45,39],[-34,-69],[-22,13],[-19,91],[-16,171],[-57,105],[-9,60],[11,300],[-9,114],[-23,55],[-65,-32],[-57,69]],[[3621,5501],[44,-60],[194,-58],[124,-27],[80,32],[45,61],[30,111],[48,68],[51,35],[42,-11],[21,-104],[141,57],[56,127],[54,-5],[97,-40],[80,35],[68,-11],[27,-51],[29,-294],[34,20],[54,113],[82,89],[58,-3],[3,40],[106,-36],[110,24]],[[2262,1252],[-31,-6],[-51,77],[10,106],[73,-75],[-1,-102]],[[1272,4978],[65,53],[85,-57],[34,24],[84,138],[56,-44],[83,32],[142,-86],[74,-81],[86,-62],[54,-166],[36,-64],[63,-51],[105,-47],[99,-128],[24,-75],[-13,-65],[-101,109],[-37,-44],[38,-22],[25,-71],[-67,16],[-61,77],[-22,85],[-40,13],[-42,-177],[-34,-48],[-38,3],[4,-161],[-102,-147],[-70,85],[-47,-42],[34,-58],[-105,-225],[-77,-59],[-67,-118],[-108,1],[-34,-16],[-17,-57],[73,-73],[-53,-79],[-85,-17],[-22,108],[-82,34],[-59,-79],[-48,88],[-27,-110],[-32,-34],[-10,101],[-75,-50],[-34,-58],[-53,24],[-102,-93],[-44,-65],[-37,-85],[-3,-173],[-20,-203],[-44,-191],[-46,-122],[5,-148],[-21,-47],[-223,-319],[-48,-3],[-43,99],[6,53],[-20,90],[-27,23],[-1,58],[54,0],[37,172],[60,145],[41,140],[17,17],[62,-44],[28,45],[18,141],[60,145],[-36,60],[-60,40],[-110,29],[-30,50],[-57,220],[-36,49],[-102,3],[-51,25],[-45,64],[-39,175],[19,22],[83,-37],[-55,198],[34,23],[78,-129],[30,36],[-13,81],[20,49],[68,-3],[-33,154],[-70,211],[-70,166],[-108,198],[83,-59],[49,13],[19,81],[106,-28],[39,-61],[69,-198],[15,-138],[39,-4],[-9,109],[9,122],[23,103],[72,72],[45,136],[40,16],[25,-165],[70,-41],[15,94],[8,218],[53,73],[222,38],[138,169],[51,24],[47,-135],[44,-78]],[[2385,5147],[-1,-84],[42,-96],[41,-144],[-60,-106],[-76,56],[-56,8],[-85,-50],[-141,205],[-81,50],[-37,60],[5,98],[20,24],[49,-25],[23,19],[21,155],[32,65],[67,22],[143,-66],[87,-101],[7,-90]],[[7787,9218],[72,-119],[77,-42],[97,-82],[282,-37],[460,45],[243,-92],[242,-23],[246,-91],[66,33],[61,64],[46,87],[56,160],[32,-87],[70,-56],[33,-53],[37,-139],[34,-76],[58,-84],[-8,-87],[-39,37],[-69,-86],[-127,-16],[-50,-39],[115,-69],[36,3],[-32,-65],[-184,6],[-88,-75],[-33,-69],[13,-82],[-27,-99],[-48,-351],[-92,-390],[-94,-291],[-15,-86],[-280,95],[-393,-69],[-324,-193],[-58,-74],[-53,-97],[-50,-128],[-30,-139]],[[8069,6262],[-55,8],[-45,70],[-78,48],[-78,-39],[-72,-12],[-9,24],[-29,254],[-39,67]],[[7664,6682],[57,67],[48,30],[31,140],[34,60],[-18,95],[0,261],[14,95],[106,99],[83,18],[21,34],[-18,74],[13,135],[-24,48],[-70,20],[-28,48],[-27,165],[-108,-55],[-52,81],[9,108],[80,261],[-19,33],[-95,13],[-24,61],[53,72],[-8,95],[39,48],[35,-51],[12,27],[-14,210],[-31,139],[24,105]],[[6442,8168],[-14,-118],[68,-170],[-6,-85],[41,-49],[56,-30],[-11,-107],[-63,-159],[-50,-89],[-18,-176],[18,-34],[64,0],[95,-57],[40,-126],[33,-17],[76,-152],[40,-152],[8,-97],[-19,-188]],[[6800,6362],[-42,-51],[-24,-89],[3,-101],[-130,-15],[-103,-99],[-16,-172],[-44,-55],[-31,37],[-32,-10],[-94,-119],[-24,-94],[-46,-77],[-10,-70]],[[6207,5447],[-184,-109],[-61,-58],[-101,-55],[-27,-56],[-48,17],[-58,-69],[-55,-23],[-139,6],[-143,84]],[[5299,5613],[33,126],[-2,97],[-25,77],[1,54],[57,39],[58,203],[-62,118],[32,124],[68,87],[-1,146],[-23,77],[54,89]],[[8069,6262],[-22,-213],[14,-111],[40,-81],[148,-157],[37,-78],[69,-208]],[[6765,4496],[-106,134],[-49,95],[-32,104],[-69,13],[-41,125],[-41,48],[-139,30],[-108,3],[-17,43],[58,81],[13,60],[-14,180],[-13,35]],[[6800,6362],[128,53],[94,82],[56,-1],[41,-93],[85,-48],[65,45],[8,116],[76,86],[53,-28],[56,4],[146,103],[56,1]],[[6302,9561],[38,45],[23,69],[-12,31],[23,109],[33,-33],[64,-136],[32,12],[-1,111],[20,46],[39,6],[55,-42],[59,-89],[27,-87],[297,8],[94,-78],[97,-34],[89,-80],[62,-27],[61,12],[76,80],[127,-37],[117,-121],[65,-108]],[[8889,3138],[84,-266],[37,-175],[50,-36],[7,-374],[34,-210],[40,178],[44,-46],[9,-112],[-24,-164],[21,-92],[159,-102],[26,-45],[14,-93],[-20,-62],[-37,-42],[-99,-64],[-226,-54]],[[9008,1379],[-17,22],[-153,96],[-86,28],[-114,-70],[-36,10],[-35,77],[-43,23],[25,106],[54,75],[-5,67],[-35,54],[-27,-38],[-40,11],[-88,69],[-127,138],[-60,-20],[-23,-34],[8,-111],[-13,-17],[-174,105],[-82,-45],[-33,15],[-139,-18],[-49,39],[-84,29],[-76,-31],[-47,10],[-101,71]],[[7408,2040],[6,242],[19,140],[-3,178],[33,165],[32,54]],[[7408,2040],[-180,-42],[-52,-29],[-14,-163],[-30,-121],[45,-18],[15,-49],[-20,-90],[5,-168],[42,-57],[43,-22],[16,-70],[-8,-62],[-38,-65],[12,-107],[50,-83],[-5,-69],[-61,-127],[56,-117],[-5,-52],[-51,-81],[13,-65],[-5,-170]],[[7236,213],[-145,99],[-65,74],[-53,101],[-150,386],[-52,96],[-174,230],[-18,153],[19,99],[-35,81],[-331,46],[-40,59],[-34,188],[-24,65],[-24,1],[-103,-56],[-76,3],[-68,103],[-10,72]],[[5853,2013],[90,280],[3,122],[15,24],[91,12],[129,185],[86,68],[17,56],[-5,74],[48,114],[61,-52],[60,-145],[81,25],[142,63]],[[5853,2013],[-16,60],[-71,36],[-62,63],[-95,181],[-64,55],[-36,-14],[-24,40],[-29,117],[-57,44],[-20,-30],[-2,-81],[45,-126],[10,-74],[-32,-65],[-50,-40],[-47,30],[-56,309],[-40,44],[-112,-21],[-56,-69]],[[9008,1379],[-50,-27],[45,-59],[-43,-35],[-37,-67],[-8,-78],[15,-191],[-27,-46],[-129,-73],[-26,-40],[-23,-110],[16,-135],[-19,-138],[-60,-28],[-14,-40],[12,-136],[27,-121],[-52,-54],[-243,142],[-126,12],[-38,30],[-89,200],[-92,77],[-78,-2],[-37,57],[-54,-81],[-35,-133],[-61,-59],[-121,10],[-53,-27],[-98,-113],[-39,-106],[-60,50],[-66,-58],[-109,213]]],"bbox":[21.832511582046575,57.51591719783914,28.186478952439447,59.67085863297154],"transform":{"scale":[0.000635460283067594,0.0002155156950827483],"translate":[21.832511582046575,57.51591719783914]},"title":"Estonia","version":"2.0.1","copyright":"Copyright (c) 2022 Highsoft AS, Based on data from Natural Earth","copyrightShort":"Natural Earth","copyrightUrl":"http://www.naturalearthdata.com"}