{"title":"Cape Verde","version":"2.0.1","type":"FeatureCollection","copyright":"Copyright (c) 2022 Highsoft AS, Based on data from Natural Earth","copyrightShort":"Natural Earth","copyrightUrl":"http://www.naturalearthdata.com","crs":{"type":"name","properties":{"name":"urn:ogc:def:crs:EPSG:4826"}},"hc-transform":{"default":{"crs":"+proj=lcc +lat_1=15 +lat_2=16.66666666666667 +lat_0=15.83333333333333 +lon_0=-24 +x_0=161587.83 +y_0=128511.202 +datum=WGS84 +units=m +no_defs","scale":0.00243493113571,"jsonres":15.5,"jsonmarginX":-999,"jsonmarginY":9851.0,"xoffset":16748.103877,"yoffset":279682.237337}},
"features":[{"type":"Feature","id":"CV.BR","properties":{"hc-group":"admin1","hc-middle-x":0.50,"hc-middle-y":0.50,"hc-key":"cv-br","hc-a2":"BR","labelrank":"20","hasc":"CV.BR","alt-name":null,"woe-id":"2345122","subregion":null,"fips":"CV02","postal-code":"BR","name":"Brava","country":"Cape Verde","type-en":null,"region":"Ilhas de Sotavento","longitude":"-24.7204","woe-name":"Brava","latitude":"14.851","woe-label":"Brava, CV, Cape Verde","type":null},"geometry":{"type":"Polygon","coordinates":[[[1692,12],[1677,-54],[1643,-84],[1606,-106],[1580,-148],[1550,-148],[1520,-106],[1442,-53],[1414,-2],[1384,-31],[1402,6],[1408,42],[1402,78],[1385,114],[1440,114],[1424,193],[1472,220],[1546,230],[1607,256],[1653,214],[1678,153],[1689,83],[1692,12]]]}},{"type":"Feature","id":"CV.MA","properties":{"hc-group":"admin1","hc-middle-x":0.52,"hc-middle-y":0.50,"hc-key":"cv-ma","hc-a2":"MA","labelrank":"20","hasc":"CV.MA","alt-name":null,"woe-id":"2345124","subregion":null,"fips":"CV04","postal-code":"MA","name":"Maio","country":"Cape Verde","type-en":null,"region":"Ilhas de Sotavento","longitude":"-23.1806","woe-name":"Maio","latitude":"15.2115","woe-label":"Maio, CV, Cape Verde","type":null},"geometry":{"type":"Polygon","coordinates":[[[7806,2005],[7864,1978],[7955,2000],[8002,1975],[8027,1922],[8032,1856],[8029,1744],[8075,1506],[8069,1391],[8005,1285],[7985,1277],[7921,1269],[7894,1259],[7880,1239],[7860,1189],[7839,1173],[7783,1167],[7729,1182],[7643,1229],[7548,1298],[7501,1347],[7476,1400],[7488,1451],[7520,1503],[7536,1554],[7503,1602],[7560,1636],[7586,1690],[7569,1735],[7503,1742],[7525,1803],[7612,1869],[7670,1973],[7651,1981],[7640,2004],[7696,2029],[7751,2062],[7751,2005],[7795,2042],[7806,2062],[7836,2031],[7806,2005]]]}},{"type":"Feature","id":"CV.6566","properties":{"hc-group":"admin1","hc-middle-x":0.52,"hc-middle-y":0.54,"hc-key":"cv-6566","hc-a2":"BV","labelrank":"20","hasc":"CV.BV","alt-name":null,"woe-id":"2345121","subregion":null,"fips":"CV01","postal-code":null,"name":"Boa Vista","country":"Cape Verde","type-en":null,"region":"Ilhas de Barlavento","longitude":"-22.807","woe-name":"Boa Vista","latitude":"16.1024","woe-label":"Boa Vista, CV, Cape Verde","type":null},"geometry":{"type":"Polygon","coordinates":[[[9098,5717],[9191,5707],[9231,5744],[9262,5809],[9334,5822],[9573,5763],[9617,5745],[9657,5717],[9674,5687],[9699,5608],[9716,5592],[9785,5563],[9800,5492],[9788,5333],[9803,5326],[9834,5286],[9851,5241],[9815,5201],[9809,5162],[9798,5122],[9731,5079],[9512,4901],[9365,4821],[9290,4796],[9058,4780],[9016,4786],[8977,4806],[8920,4855],[8873,4869],[8726,4934],[8677,4981],[8651,5070],[8654,5149],[8675,5224],[8717,5279],[8777,5301],[8853,5377],[8807,5742],[8842,5872],[8859,5842],[8876,5820],[8926,5784],[8995,5751],[9098,5717]]]}},{"type":"Feature","id":"CV.6567","properties":{"hc-group":"admin1","hc-middle-x":0.49,"hc-middle-y":0.42,"hc-key":"cv-6567","hc-a2":"SA","labelrank":"20","hasc":"CV.SL","alt-name":null,"woe-id":"2345127","subregion":null,"fips":"CV08","postal-code":null,"name":"Sal","country":"Cape Verde","type-en":null,"region":"Ilhas de Barlavento","longitude":"-22.9363","woe-name":"Sal","latitude":"16.7251","woe-label":"Sal, CV, Cape Verde","type":null},"geometry":{"type":"Polygon","coordinates":[[[8906,7820],[8959,7770],[8971,7746],[8967,7700],[8950,7617],[8946,7574],[8939,7551],[8901,7524],[8889,7503],[8891,7480],[8910,7424],[8917,7417],[8890,7384],[8862,7368],[8826,7355],[8780,7331],[8729,7648],[8668,7773],[8583,7729],[8566,7790],[8560,7871],[8572,7947],[8609,7988],[8609,8017],[8561,8031],[8535,8071],[8525,8127],[8527,8258],[8610,8324],[8802,8446],[8824,8416],[8897,8348],[8912,8317],[8907,8299],[8882,8249],[8854,8208],[8886,8174],[8876,7926],[8887,7847],[8906,7820]]]}},{"type":"Feature","id":"CV.6570","properties":{"hc-group":"admin1","hc-middle-x":0.21,"hc-middle-y":0.26,"hc-key":"cv-6570","hc-a2":"SV","labelrank":"20","hasc":"CV.SV","alt-name":null,"woe-id":"2345130","subregion":null,"fips":"CV11","postal-code":null,"name":"São Vicente","country":"Cape Verde","type-en":null,"region":"Ilhas de Barlavento","longitude":"-24.972","woe-name":"São Vicente","latitude":"16.8449","woe-label":"São Vicente, CV, Cape Verde","type":null},"geometry":{"type":"MultiPolygon","coordinates":[[[[2174,7434],[2151,7373],[2092,7380],[2046,7392],[2034,7440],[2081,7452],[2174,7434]]],[[[1547,8010],[1623,7991],[1669,8022],[1716,8003],[1710,7949],[1640,7919],[1558,7913],[1488,7913],[1454,7950],[1430,7998],[1355,8029],[1297,8083],[1297,8144],[1355,8198],[1454,8161],[1506,8101],[1547,8010]]],[[[737,8683],[773,8643],[789,8605],[756,8570],[790,8531],[847,8491],[904,8473],[924,8450],[943,8398],[953,8340],[947,8299],[883,8249],[784,8214],[674,8193],[572,8187],[547,8178],[507,8139],[492,8130],[463,8134],[210,8234],[170,8257],[138,8288],[118,8329],[66,8303],[84,8392],[131,8466],[190,8515],[244,8533],[370,8535],[422,8559],[397,8615],[511,8676],[535,8706],[562,8705],[586,8647],[627,8654],[697,8705],[737,8683]]]]}},{"type":"Feature","id":"CV.SF","properties":{"hc-group":"admin1","hc-middle-x":0.35,"hc-middle-y":0.50,"hc-key":"cv-sf","hc-a2":"SF","labelrank":"20","hasc":"CV.SF","alt-name":null,"woe-id":"56051564","subregion":null,"fips":"CV18","postal-code":"SF","name":"São Filipe","country":"Cape Verde","type-en":null,"region":"Ilhas de Sotavento","longitude":"-24.4403","woe-name":"São Filipe","latitude":"14.9241","woe-label":"São Filipe, CV, Cape Verde","type":null},"geometry":{"type":"Polygon","coordinates":[[[3256,230],[3276,184],[3278,136],[3251,95],[3109,-35],[2938,-101],[2781,-81],[2643,-9],[2410,188],[2354,267],[2331,354],[2354,440],[2410,539],[2483,628],[2582,700],[2724,772],[2816,629],[2949,437],[2910,283],[2949,189],[3034,122],[3164,135],[3256,230]]]}},{"type":"Feature","id":"CV.MO","properties":{"hc-group":"admin1","hc-middle-x":0.46,"hc-middle-y":0.33,"hc-key":"cv-mo","hc-a2":"MO","labelrank":"20","hasc":"CV.MO","alt-name":null,"woe-id":"56051566","subregion":null,"fips":"CV13","postal-code":"MO","name":"Mosteiros","country":"Cape Verde","type-en":null,"region":"Ilhas de Sotavento","longitude":"-24.3541","woe-name":"Mosteiros","latitude":"15.0008","woe-label":"Mosteiros, CV, Cape Verde","type":null},"geometry":{"type":"Polygon","coordinates":[[[2949,437],[2816,629],[2724,772],[2830,826],[2903,849],[2987,857],[3074,837],[3131,787],[3168,721],[3220,581],[3243,478],[3095,471],[2949,437]]]}},{"type":"Feature","id":"CV.CF","properties":{"hc-group":"admin1","hc-middle-x":0.51,"hc-middle-y":0.50,"hc-key":"cv-cf","hc-a2":"CF","labelrank":"20","hasc":"CV.CF","alt-name":null,"woe-id":"56051565","subregion":null,"fips":"CV24","postal-code":"CF","name":"Santa Catarina do Fogo","country":"Cape Verde","type-en":null,"region":"Ilhas de Sotavento","longitude":"-24.3301","woe-name":"Santa Catarina do Fogo","latitude":"14.9241","woe-label":null,"type":null},"geometry":{"type":"Polygon","coordinates":[[[2949,437],[3095,471],[3243,478],[3267,376],[3263,322],[3243,276],[3256,230],[3164,135],[3034,122],[2949,189],[2910,283],[2949,437]]]}},{"type":"Feature","id":"CV.TA","properties":{"hc-group":"admin1","hc-middle-x":0.53,"hc-middle-y":0.63,"hc-key":"cv-ta","hc-a2":"TA","labelrank":"20","hasc":"CV.TA","alt-name":null,"woe-id":"2345131","subregion":null,"fips":"CV20","postal-code":"TA","name":"Tarrafal","country":"Cape Verde","type-en":null,"region":"Ilhas de Sotavento","longitude":"-23.717","woe-name":"Tarrafal","latitude":"15.2355","woe-label":"Tarrafal, CV, Cape Verde","type":null},"geometry":{"type":"Polygon","coordinates":[[[5400,1435],[5413,1475],[5417,1524],[5426,1569],[5466,1619],[5475,1641],[5461,1712],[5427,1793],[5382,1859],[5336,1885],[5363,1894],[5447,1939],[5387,1963],[5361,1968],[5474,2056],[5504,2056],[5507,2024],[5530,1968],[5605,2015],[5670,1976],[5692,1904],[5640,1854],[5694,1777],[5758,1731],[5892,1657],[5862,1626],[5804,1529],[5741,1437],[5584,1418],[5463,1432],[5400,1435]]]}},{"type":"Feature","id":"CV.CA","properties":{"hc-group":"admin1","hc-middle-x":0.49,"hc-middle-y":0.40,"hc-key":"cv-ca","hc-a2":"CA","labelrank":"20","hasc":"CV.CA","alt-name":null,"woe-id":"2345128","subregion":null,"fips":"CV15","postal-code":"CA","name":"Santa Catarina","country":"Cape Verde","type-en":null,"region":"Ilhas de Sotavento","longitude":"-23.7027","woe-name":"Santa Catarina","latitude":"15.0918","woe-label":"Santa Catarina, CV, Cape Verde","type":null},"geometry":{"type":"Polygon","coordinates":[[[5624,535],[5561,607],[5560,744],[5514,776],[5448,797],[5392,825],[5390,840],[5362,936],[5319,991],[5309,1024],[5320,1058],[5378,1160],[5392,1198],[5388,1253],[5336,1395],[5375,1406],[5400,1435],[5463,1432],[5584,1418],[5741,1437],[5737,1363],[5813,1289],[5885,1238],[5894,1173],[5926,1164],[5982,1216],[6007,1183],[6016,1109],[5920,1032],[5896,1009],[5911,930],[5940,872],[5971,831],[5931,785],[5922,725],[5891,706],[5805,697],[5770,641],[5693,609],[5624,535]]]}},{"type":"Feature","id":"CV.SM","properties":{"hc-group":"admin1","hc-middle-x":0.62,"hc-middle-y":0.35,"hc-key":"cv-sm","hc-a2":"SM","labelrank":"20","hasc":"CV.SM","alt-name":null,"woe-id":"56051558","subregion":null,"fips":"CV19","postal-code":"SM","name":"São Miguel","country":"Cape Verde","type-en":null,"region":"Ilhas de Sotavento","longitude":"-23.6356","woe-name":"São Miguel","latitude":"15.178","woe-label":"São Miguel, CV, Cape Verde","type":null},"geometry":{"type":"Polygon","coordinates":[[[5982,1216],[5926,1164],[5894,1173],[5885,1238],[5813,1289],[5737,1363],[5741,1437],[5804,1529],[5862,1626],[5932,1612],[5967,1582],[6028,1481],[6124,1378],[6007,1238],[5982,1216]]]}},{"type":"Feature","id":"CV.CR","properties":{"hc-group":"admin1","hc-middle-x":0.50,"hc-middle-y":0.26,"hc-key":"cv-cr","hc-a2":"CR","labelrank":"20","hasc":"CV.CR","alt-name":null,"woe-id":"56051561","subregion":null,"fips":"CV16","postal-code":"CR","name":"Santa Cruz","country":"Cape Verde","type-en":null,"region":"Ilhas de Sotavento","longitude":"-23.5494","woe-name":"Santa Cruz","latitude":"15.1157","woe-label":"Santa Cruz, CV, Cape Verde","type":null},"geometry":{"type":"Polygon","coordinates":[[[6016,1109],[6007,1183],[5982,1216],[6007,1238],[6124,1378],[6154,1346],[6222,1303],[6283,1311],[6313,1265],[6336,1254],[6330,1248],[6385,1200],[6403,1197],[6439,1202],[6452,1187],[6450,1140],[6559,936],[6533,883],[6479,860],[6439,888],[6389,915],[6295,997],[6236,979],[6172,1008],[6178,1035],[6169,1077],[6016,1109]]]}},{"type":"Feature","id":"CV.SS","properties":{"hc-group":"admin1","hc-middle-x":0.55,"hc-middle-y":0.46,"hc-key":"cv-ss","hc-a2":"SS","labelrank":"20","hasc":"CV.SS","alt-name":null,"woe-id":"56051557","subregion":null,"fips":"CV26","postal-code":"SS","name":"São Salvador do Mundo","country":"Cape Verde","type-en":null,"region":"Ilhas de Sotavento","longitude":"-23.6164","woe-name":"São Salvador do Mundo","latitude":"15.0678","woe-label":null,"type":null},"geometry":{"type":"Polygon","coordinates":[[[5971,831],[5940,872],[5911,930],[5896,1009],[5920,1032],[6016,1109],[6169,1077],[6178,1035],[6172,1008],[6151,901],[6070,841],[6042,838],[5971,831]]]}},{"type":"Feature","id":"CV.SO","properties":{"hc-group":"admin1","hc-middle-x":0.41,"hc-middle-y":0.41,"hc-key":"cv-so","hc-a2":"SO","labelrank":"20","hasc":"CV.SO","alt-name":null,"woe-id":"56051560","subregion":null,"fips":"CV25","postal-code":"SO","name":"São Lourenço dos Órgãos","country":"Cape Verde","type-en":null,"region":"Ilhas de Sotavento","longitude":"-23.5781","woe-name":"São Lourenço dos Órgãos","latitude":"15.0439","woe-label":null,"type":null},"geometry":{"type":"Polygon","coordinates":[[[6042,838],[6070,841],[6151,901],[6172,1008],[6236,979],[6295,997],[6389,915],[6322,892],[6246,827],[6187,762],[6106,716],[6043,771],[6042,838]]]}},{"type":"Feature","id":"CV.SD","properties":{"hc-group":"admin1","hc-middle-x":0.50,"hc-middle-y":0.49,"hc-key":"cv-sd","hc-a2":"SD","labelrank":"20","hasc":"CV.SD","alt-name":null,"woe-id":"56051562","subregion":null,"fips":"CV17","postal-code":"SD","name":"São Domingos","country":"Cape Verde","type-en":null,"region":"Ilhas de Sotavento","longitude":"-23.5254","woe-name":"São Domingos","latitude":"15.0152","woe-label":null,"type":null},"geometry":{"type":"Polygon","coordinates":[[[6106,716],[6187,762],[6246,827],[6322,892],[6389,915],[6439,888],[6479,860],[6533,883],[6559,936],[6617,827],[6656,798],[6681,748],[6707,720],[6728,713],[6709,651],[6681,610],[6613,559],[6534,611],[6453,596],[6350,527],[6237,503],[6170,536],[6156,647],[6106,716]]]}},{"type":"Feature","id":"CV.RS","properties":{"hc-group":"admin1","hc-middle-x":0.42,"hc-middle-y":0.56,"hc-key":"cv-rs","hc-a2":"RS","labelrank":"20","hasc":"CV.RS","alt-name":null,"woe-id":"56051563","subregion":null,"fips":"CV23","postal-code":"RS","name":"Ribeira Grande de Santiago","country":"Cape Verde","type-en":null,"region":"Ilhas de Sotavento","longitude":"-23.6404","woe-name":"Ribeira Grande","latitude":"14.9768","woe-label":"Ribeira Grande, CV, Cape Verde","type":null},"geometry":{"type":"Polygon","coordinates":[[[6106,716],[6156,647],[6170,536],[6237,503],[6252,424],[6304,357],[6338,282],[6306,286],[6271,303],[6241,308],[6106,310],[5994,325],[5781,397],[5624,535],[5693,609],[5770,641],[5805,697],[5891,706],[5922,725],[5931,785],[5971,831],[6042,838],[6043,771],[6106,716]]]}},{"type":"Feature","id":"CV.PR","properties":{"hc-group":"admin1","hc-middle-x":0.66,"hc-middle-y":0.76,"hc-key":"cv-pr","hc-a2":"PR","labelrank":"20","hasc":"CV.PR","alt-name":null,"woe-id":"2345125","subregion":null,"fips":"CV14","postal-code":"PR","name":"Praia","country":"Cape Verde","type-en":null,"region":"Ilhas de Sotavento","longitude":"-23.5159","woe-name":"Praia","latitude":"14.9529","woe-label":"Praia, CV, Cape Verde","type":null},"geometry":{"type":"Polygon","coordinates":[[[6613,559],[6587,539],[6617,511],[6578,445],[6553,379],[6522,329],[6464,308],[6432,304],[6369,286],[6338,282],[6304,357],[6252,424],[6237,503],[6350,527],[6453,596],[6534,611],[6613,559]]]}},{"type":"Feature","id":"CV.6568","properties":{"hc-group":"admin1","hc-middle-x":0.76,"hc-middle-y":0.44,"hc-key":"cv-6568","hc-a2":"RB","labelrank":"20","hasc":"CV.RB","alt-name":null,"woe-id":"56051567","subregion":null,"fips":"CV22","postal-code":null,"name":"Ribeira Brava","country":"Cape Verde","type-en":null,"region":"Ilhas de Barlavento","longitude":"-24.287","woe-name":"Ribeira Brava","latitude":"16.6197","woe-label":"Ribeira Brava, CV, Cape Verde","type":null},"geometry":{"type":"Polygon","coordinates":[[[2955,7671],[3012,7689],[3041,7685],[3096,7663],[3144,7632],[3239,7548],[3288,7523],[3330,7521],[3554,7555],[3593,7547],[3740,7476],[3773,7469],[4105,7441],[4195,7406],[4274,7342],[4317,7318],[4335,7334],[4335,7190],[4290,7180],[4005,7177],[3694,7316],[3528,7357],[3371,7295],[3314,7226],[3197,7016],[3159,6858],[3154,6983],[3178,7160],[3201,7270],[3178,7402],[3105,7464],[2991,7471],[2951,7527],[2991,7582],[2955,7671]]]}},{"type":"Feature","id":"CV.6569","properties":{"hc-group":"admin1","hc-middle-x":0.17,"hc-middle-y":0.25,"hc-key":"cv-6569","hc-a2":"TD","labelrank":"20","hasc":"CV.TS","alt-name":null,"woe-id":"2345129","subregion":null,"fips":"CV27","postal-code":null,"name":"Tarrafal de São Nicolau","country":"Cape Verde","type-en":null,"region":"Ilhas de Barlavento","longitude":"-24.3493","woe-name":"Tarrafal de São Nicolau","latitude":"16.6006","woe-label":"Tarrafal de São Nicolau, CV, Cape Verde","type":null},"geometry":{"type":"Polygon","coordinates":[[[3159,6858],[3124,6910],[3068,7064],[3044,7100],[3017,7128],[2995,7163],[2986,7220],[2983,7263],[2974,7295],[2953,7314],[2917,7321],[2823,7350],[2757,7421],[2733,7514],[2766,7609],[2955,7671],[2991,7582],[2951,7527],[2991,7471],[3105,7464],[3178,7402],[3201,7270],[3178,7160],[3154,6983],[3159,6858]]]}},{"type":"Feature","id":"CV.6571","properties":{"hc-group":"admin1","hc-middle-x":0.40,"hc-middle-y":0.58,"hc-key":"cv-6571","hc-a2":"PN","labelrank":"20","hasc":"CV.PN","alt-name":null,"woe-id":"56051556","subregion":null,"fips":"CV21","postal-code":null,"name":"Porto Novo","country":"Cape Verde","type-en":null,"region":"Ilhas de Barlavento","longitude":"-25.2258","woe-name":"Porto Novo","latitude":"17.0173","woe-label":"Porto Novo, CV, Cape Verde","type":null},"geometry":{"type":"Polygon","coordinates":[[[503,9357],[388,9233],[370,9233],[353,9218],[277,9189],[260,9175],[225,9132],[-18,9019],[-129,8905],[-208,8803],[-309,8732],[-483,8711],[-636,8712],[-683,8703],[-718,8688],[-755,8689],[-803,8726],[-813,8778],[-813,9055],[-868,9153],[-882,9164],[-951,9178],[-977,9196],[-999,9267],[-979,9326],[-879,9440],[-822,9478],[-764,9486],[-711,9481],[-674,9482],[-633,9511],[-535,9604],[-317,9481],[-186,9389],[-2,9463],[157,9503],[336,9469],[503,9357]]]}},{"type":"Feature","id":"CV.6572","properties":{"hc-group":"admin1","hc-middle-x":0.52,"hc-middle-y":0.51,"hc-key":"cv-6572","hc-a2":"RG","labelrank":"20","hasc":"CV.RG","alt-name":null,"woe-id":"2345126","subregion":null,"fips":"CV07","postal-code":null,"name":"Ribeira Grande","country":"Cape Verde","type-en":null,"region":"Ilhas de Barlavento","longitude":"-25.1204","woe-name":"Ribeira Grande","latitude":"17.1418","woe-label":"Ribeira Grande, CV, Cape Verde","type":null},"geometry":{"type":"Polygon","coordinates":[[[157,9503],[-2,9463],[-186,9389],[-317,9481],[-535,9604],[-458,9637],[-363,9695],[-270,9718],[-24,9836],[40,9851],[86,9836],[133,9804],[235,9806],[293,9791],[330,9761],[346,9729],[347,9634],[297,9606],[233,9561],[157,9503]]]}},{"type":"Feature","id":"CV.6573","properties":{"hc-group":"admin1","hc-middle-x":0.75,"hc-middle-y":0.56,"hc-key":"cv-6573","hc-a2":"PA","labelrank":"20","hasc":"CV.PA","alt-name":null,"woe-id":"20069964","subregion":null,"fips":"CV05","postal-code":null,"name":"Paul","country":"Cape Verde","type-en":null,"region":"Ilhas de Barlavento","longitude":"-25.0151","woe-name":"Paul","latitude":"17.1179","woe-label":"Paul, CV, Cape Verde","type":null},"geometry":{"type":"Polygon","coordinates":[[[157,9503],[233,9561],[297,9606],[347,9634],[368,9614],[463,9588],[484,9574],[496,9553],[551,9505],[566,9475],[558,9431],[534,9390],[503,9357],[336,9469],[157,9503]]]}}]}