{"type":"Topology","objects":{"default":{"type":"GeometryCollection","geometries":[{"type":"Polygon","arcs":[[0]],"id":"CV.BR","properties":{"hc-group":"admin1","hc-key":"cv-br","hc-a2":"BR","labelrank":"20","hasc":"CV.BR","alt-name":null,"woe-id":"2345122","subregion":null,"fips":"CV02","postal-code":"BR","name":"Brava","country":"Cape Verde","type-en":null,"region":"Ilhas de Sotavento","longitude":"-24.7204","woe-name":"Brava","latitude":"14.851","woe-label":"Brava, CV, Cape Verde","type":null}},{"type":"Polygon","arcs":[[1]],"id":"CV.MA","properties":{"hc-group":"admin1","hc-middle-x":0.52,"hc-key":"cv-ma","hc-a2":"MA","labelrank":"20","hasc":"CV.MA","alt-name":null,"woe-id":"2345124","subregion":null,"fips":"CV04","postal-code":"MA","name":"Maio","country":"Cape Verde","type-en":null,"region":"Ilhas de Sotavento","longitude":"-23.1806","woe-name":"Maio","latitude":"15.2115","woe-label":"Maio, CV, Cape Verde","type":null}},{"type":"Polygon","arcs":[[2]],"id":"CV.6566","properties":{"hc-group":"admin1","hc-middle-x":0.52,"hc-middle-y":0.54,"hc-key":"cv-6566","hc-a2":"BV","labelrank":"20","hasc":"CV.BV","alt-name":null,"woe-id":"2345121","subregion":null,"fips":"CV01","postal-code":null,"name":"Boa Vista","country":"Cape Verde","type-en":null,"region":"Ilhas de Barlavento","longitude":"-22.807","woe-name":"Boa Vista","latitude":"16.1024","woe-label":"Boa Vista, CV, Cape Verde","type":null}},{"type":"Polygon","arcs":[[3]],"id":"CV.6567","properties":{"hc-group":"admin1","hc-middle-x":0.49,"hc-middle-y":0.42,"hc-key":"cv-6567","hc-a2":"SA","labelrank":"20","hasc":"CV.SL","alt-name":null,"woe-id":"2345127","subregion":null,"fips":"CV08","postal-code":null,"name":"Sal","country":"Cape Verde","type-en":null,"region":"Ilhas de Barlavento","longitude":"-22.9363","woe-name":"Sal","latitude":"16.7251","woe-label":"Sal, CV, Cape Verde","type":null}},{"type":"MultiPolygon","arcs":[[[4]],[[5]],[[6]]],"id":"CV.6570","properties":{"hc-group":"admin1","hc-middle-x":0.21,"hc-middle-y":0.26,"hc-key":"cv-6570","hc-a2":"SV","labelrank":"20","hasc":"CV.SV","alt-name":null,"woe-id":"2345130","subregion":null,"fips":"CV11","postal-code":null,"name":"São Vicente","country":"Cape Verde","type-en":null,"region":"Ilhas de Barlavento","longitude":"-24.972","woe-name":"São Vicente","latitude":"16.8449","woe-label":"São Vicente, CV, Cape Verde","type":null}},{"type":"Polygon","arcs":[[7,8,9]],"id":"CV.SF","properties":{"hc-group":"admin1","hc-middle-x":0.35,"hc-key":"cv-sf","hc-a2":"SF","labelrank":"20","hasc":"CV.SF","alt-name":null,"woe-id":"56051564","subregion":null,"fips":"CV18","postal-code":"SF","name":"São Filipe","country":"Cape Verde","type-en":null,"region":"Ilhas de Sotavento","longitude":"-24.4403","woe-name":"São Filipe","latitude":"14.9241","woe-label":"São Filipe, CV, Cape Verde","type":null}},{"type":"Polygon","arcs":[[-9,10,11]],"id":"CV.MO","properties":{"hc-group":"admin1","hc-middle-x":0.46,"hc-middle-y":0.33,"hc-key":"cv-mo","hc-a2":"MO","labelrank":"20","hasc":"CV.MO","alt-name":null,"woe-id":"56051566","subregion":null,"fips":"CV13","postal-code":"MO","name":"Mosteiros","country":"Cape Verde","type-en":null,"region":"Ilhas de Sotavento","longitude":"-24.3541","woe-name":"Mosteiros","latitude":"15.0008","woe-label":"Mosteiros, CV, Cape Verde","type":null}},{"type":"Polygon","arcs":[[-12,12,-10]],"id":"CV.CF","properties":{"hc-group":"admin1","hc-middle-x":0.51,"hc-key":"cv-cf","hc-a2":"CF","labelrank":"20","hasc":"CV.CF","alt-name":null,"woe-id":"56051565","subregion":null,"fips":"CV24","postal-code":"CF","name":"Santa Catarina do Fogo","country":"Cape Verde","type-en":null,"region":"Ilhas de Sotavento","longitude":"-24.3301","woe-name":"Santa Catarina do Fogo","latitude":"14.9241","woe-label":null,"type":null}},{"type":"Polygon","arcs":[[13,14,15]],"id":"CV.TA","properties":{"hc-group":"admin1","hc-middle-x":0.53,"hc-middle-y":0.63,"hc-key":"cv-ta","hc-a2":"TA","labelrank":"20","hasc":"CV.TA","alt-name":null,"woe-id":"2345131","subregion":null,"fips":"CV20","postal-code":"TA","name":"Tarrafal","country":"Cape Verde","type-en":null,"region":"Ilhas de Sotavento","longitude":"-23.717","woe-name":"Tarrafal","latitude":"15.2355","woe-label":"Tarrafal, CV, Cape Verde","type":null}},{"type":"Polygon","arcs":[[16,-16,17,18,19,20]],"id":"CV.CA","properties":{"hc-group":"admin1","hc-middle-x":0.49,"hc-middle-y":0.4,"hc-key":"cv-ca","hc-a2":"CA","labelrank":"20","hasc":"CV.CA","alt-name":null,"woe-id":"2345128","subregion":null,"fips":"CV15","postal-code":"CA","name":"Santa Catarina","country":"Cape Verde","type-en":null,"region":"Ilhas de Sotavento","longitude":"-23.7027","woe-name":"Santa Catarina","latitude":"15.0918","woe-label":"Santa Catarina, CV, Cape Verde","type":null}},{"type":"Polygon","arcs":[[-18,-15,21,22]],"id":"CV.SM","properties":{"hc-group":"admin1","hc-middle-x":0.62,"hc-middle-y":0.35,"hc-key":"cv-sm","hc-a2":"SM","labelrank":"20","hasc":"CV.SM","alt-name":null,"woe-id":"56051558","subregion":null,"fips":"CV19","postal-code":"SM","name":"São Miguel","country":"Cape Verde","type-en":null,"region":"Ilhas de Sotavento","longitude":"-23.6356","woe-name":"São Miguel","latitude":"15.178","woe-label":"São Miguel, CV, Cape Verde","type":null}},{"type":"Polygon","arcs":[[-19,-23,23,24,25,26]],"id":"CV.CR","properties":{"hc-group":"admin1","hc-middle-y":0.26,"hc-key":"cv-cr","hc-a2":"CR","labelrank":"20","hasc":"CV.CR","alt-name":null,"woe-id":"56051561","subregion":null,"fips":"CV16","postal-code":"CR","name":"Santa Cruz","country":"Cape Verde","type-en":null,"region":"Ilhas de Sotavento","longitude":"-23.5494","woe-name":"Santa Cruz","latitude":"15.1157","woe-label":"Santa Cruz, CV, Cape Verde","type":null}},{"type":"Polygon","arcs":[[-20,-27,27,28]],"id":"CV.SS","properties":{"hc-group":"admin1","hc-middle-x":0.55,"hc-middle-y":0.46,"hc-key":"cv-ss","hc-a2":"SS","labelrank":"20","hasc":"CV.SS","alt-name":null,"woe-id":"56051557","subregion":null,"fips":"CV26","postal-code":"SS","name":"São Salvador do Mundo","country":"Cape Verde","type-en":null,"region":"Ilhas de Sotavento","longitude":"-23.6164","woe-name":"São Salvador do Mundo","latitude":"15.0678","woe-label":null,"type":null}},{"type":"Polygon","arcs":[[-28,-26,29,30]],"id":"CV.SO","properties":{"hc-group":"admin1","hc-middle-x":0.41,"hc-middle-y":0.41,"hc-key":"cv-so","hc-a2":"SO","labelrank":"20","hasc":"CV.SO","alt-name":null,"woe-id":"56051560","subregion":null,"fips":"CV25","postal-code":"SO","name":"São Lourenço dos Órgãos","country":"Cape Verde","type-en":null,"region":"Ilhas de Sotavento","longitude":"-23.5781","woe-name":"São Lourenço dos Órgãos","latitude":"15.0439","woe-label":null,"type":null}},{"type":"Polygon","arcs":[[-30,-25,31,32,33]],"id":"CV.SD","properties":{"hc-group":"admin1","hc-middle-y":0.49,"hc-key":"cv-sd","hc-a2":"SD","labelrank":"20","hasc":"CV.SD","alt-name":null,"woe-id":"56051562","subregion":null,"fips":"CV17","postal-code":"SD","name":"São Domingos","country":"Cape Verde","type-en":null,"region":"Ilhas de Sotavento","longitude":"-23.5254","woe-name":"São Domingos","latitude":"15.0152","woe-label":null,"type":null}},{"type":"Polygon","arcs":[[-34,34,35,-21,-29,-31]],"id":"CV.RS","properties":{"hc-group":"admin1","hc-middle-x":0.42,"hc-middle-y":0.56,"hc-key":"cv-rs","hc-a2":"RS","labelrank":"20","hasc":"CV.RS","alt-name":null,"woe-id":"56051563","subregion":null,"fips":"CV23","postal-code":"RS","name":"Ribeira Grande de Santiago","country":"Cape Verde","type-en":null,"region":"Ilhas de Sotavento","longitude":"-23.6404","woe-name":"Ribeira Grande","latitude":"14.9768","woe-label":"Ribeira Grande, CV, Cape Verde","type":null}},{"type":"Polygon","arcs":[[36,-35,-33]],"id":"CV.PR","properties":{"hc-group":"admin1","hc-middle-x":0.66,"hc-middle-y":0.76,"hc-key":"cv-pr","hc-a2":"PR","labelrank":"20","hasc":"CV.PR","alt-name":null,"woe-id":"2345125","subregion":null,"fips":"CV14","postal-code":"PR","name":"Praia","country":"Cape Verde","type-en":null,"region":"Ilhas de Sotavento","longitude":"-23.5159","woe-name":"Praia","latitude":"14.9529","woe-label":"Praia, CV, Cape Verde","type":null}},{"type":"Polygon","arcs":[[37,38]],"id":"CV.6568","properties":{"hc-group":"admin1","hc-middle-x":0.76,"hc-middle-y":0.44,"hc-key":"cv-6568","hc-a2":"RB","labelrank":"20","hasc":"CV.RB","alt-name":null,"woe-id":"56051567","subregion":null,"fips":"CV22","postal-code":null,"name":"Ribeira Brava","country":"Cape Verde","type-en":null,"region":"Ilhas de Barlavento","longitude":"-24.287","woe-name":"Ribeira Brava","latitude":"16.6197","woe-label":"Ribeira Brava, CV, Cape Verde","type":null}},{"type":"Polygon","arcs":[[39,-39]],"id":"CV.6569","properties":{"hc-group":"admin1","hc-middle-x":0.17,"hc-middle-y":0.25,"hc-key":"cv-6569","hc-a2":"TD","labelrank":"20","hasc":"CV.TS","alt-name":null,"woe-id":"2345129","subregion":null,"fips":"CV27","postal-code":null,"name":"Tarrafal de São Nicolau","country":"Cape Verde","type-en":null,"region":"Ilhas de Barlavento","longitude":"-24.3493","woe-name":"Tarrafal de São Nicolau","latitude":"16.6006","woe-label":"Tarrafal de São Nicolau, CV, Cape Verde","type":null}},{"type":"Polygon","arcs":[[40,41,42]],"id":"CV.6571","properties":{"hc-group":"admin1","hc-middle-x":0.4,"hc-middle-y":0.58,"hc-key":"cv-6571","hc-a2":"PN","labelrank":"20","hasc":"CV.PN","alt-name":null,"woe-id":"56051556","subregion":null,"fips":"CV21","postal-code":null,"name":"Porto Novo","country":"Cape Verde","type-en":null,"region":"Ilhas de Barlavento","longitude":"-25.2258","woe-name":"Porto Novo","latitude":"17.0173","woe-label":"Porto Novo, CV, Cape Verde","type":null}},{"type":"Polygon","arcs":[[-42,43,44]],"id":"CV.6572","properties":{"hc-group":"admin1","hc-middle-x":0.52,"hc-middle-y":0.51,"hc-key":"cv-6572","hc-a2":"RG","labelrank":"20","hasc":"CV.RG","alt-name":null,"woe-id":"2345126","subregion":null,"fips":"CV07","postal-code":null,"name":"Ribeira Grande","country":"Cape Verde","type-en":null,"region":"Ilhas de Barlavento","longitude":"-25.1204","woe-name":"Ribeira Grande","latitude":"17.1418","woe-label":"Ribeira Grande, CV, Cape Verde","type":null}},{"type":"Polygon","arcs":[[-45,45,-43]],"id":"CV.6573","properties":{"hc-group":"admin1","hc-middle-x":0.75,"hc-middle-y":0.56,"hc-key":"cv-6573","hc-a2":"PA","labelrank":"20","hasc":"CV.PA","alt-name":null,"woe-id":"20069964","subregion":null,"fips":"CV05","postal-code":null,"name":"Paul","country":"Cape Verde","type-en":null,"region":"Ilhas de Barlavento","longitude":"-25.0151","woe-name":"Paul","latitude":"17.1179","woe-label":"Paul, CV, Cape Verde","type":null}}],"hc-recommended-transform":{"default":{"crs":"+proj=lcc +lat_1=15 +lat_2=16.66666666666667 +lat_0=15.83333333333333 +lon_0=-24 +x_0=161587.83 +y_0=128511.202 +datum=WGS84 +units=m +no_defs","scale":0.00243493113571,"jsonres":15.5,"jsonmarginX":-999,"jsonmarginY":9851,"xoffset":16748.103877,"yoffset":279682.237337}},"hc-recommended-mapview":{"projection":{"name":"LambertConformalConic","parallels":[15,16.66666666666667],"rotation":[24]}}}},"arcs":[[[2514,161],[-14,-67],[-31,-30],[-34,-22],[-23,-42],[-28,0],[-27,42],[-72,53],[-25,51],[-28,-30],[17,38],[5,36],[-6,36],[-15,36],[50,0],[-15,79],[44,27],[67,10],[56,26],[42,-41],[23,-61],[11,-70],[3,-71]],[[8107,2153],[53,-27],[84,21],[43,-25],[22,-53],[5,-66],[-3,-112],[41,-238],[-6,-116],[-59,-105],[-19,-8],[-58,-8],[-25,-10],[-13,-20],[-18,-50],[-20,-16],[-51,-6],[-49,16],[-79,47],[-86,69],[-43,50],[-23,53],[11,51],[30,52],[14,51],[-30,48],[53,34],[24,54],[-16,45],[-60,7],[20,61],[80,66],[54,104],[-18,8],[-10,23],[52,24],[50,33],[0,-57],[40,37],[10,20],[28,-31],[-28,-26]],[[9309,5862],[86,-11],[37,37],[28,65],[67,12],[219,-60],[41,-18],[36,-29],[16,-30],[22,-79],[16,-16],[63,-29],[14,-72],[-12,-159],[13,-7],[29,-40],[15,-45],[-33,-40],[-6,-39],[-10,-40],[-62,-42],[-203,-177],[-135,-79],[-69,-25],[-213,-15],[-39,6],[-36,21],[-52,49],[-43,14],[-135,66],[-44,47],[-24,90],[3,79],[20,75],[39,54],[55,22],[70,76],[-40,365],[32,130],[16,-30],[15,-22],[46,-36],[64,-34],[94,-34]],[[9143,7967],[48,-50],[11,-24],[-4,-46],[-16,-83],[-4,-43],[-6,-23],[-35,-27],[-12,-21],[2,-23],[17,-56],[7,-7],[-25,-33],[-26,-16],[-33,-13],[-43,-24],[-45,318],[-56,125],[-79,-43],[-15,61],[-5,81],[11,76],[35,41],[0,29],[-45,14],[-23,40],[-9,56],[2,131],[77,66],[178,121],[20,-30],[67,-69],[14,-31],[-5,-18],[-23,-50],[-26,-40],[29,-35],[-10,-248],[9,-79],[18,-27]],[[2936,7589],[-21,-61],[-55,7],[-42,12],[-11,48],[43,12],[86,-18]],[[2356,8164],[70,-19],[42,31],[44,-19],[-6,-54],[-64,-30],[-76,-6],[-64,-1],[-32,37],[-22,48],[-69,31],[-54,54],[0,61],[53,54],[92,-36],[48,-60],[38,-91]],[[1606,8834],[33,-40],[15,-38],[-30,-35],[32,-39],[52,-40],[53,-17],[18,-23],[18,-52],[10,-58],[-6,-41],[-59,-51],[-91,-35],[-101,-22],[-94,-6],[-23,-9],[-37,-39],[-14,-9],[-27,3],[-233,99],[-37,23],[-30,31],[-19,41],[-48,-27],[17,90],[43,74],[54,49],[50,19],[116,2],[48,24],[-24,56],[105,62],[22,30],[25,-1],[23,-58],[38,7],[64,52],[37,-22]],[[3942,382],[19,-46],[2,-48],[-25,-41],[-130,-130],[-156,-66],[-143,19],[-126,72],[-214,197],[-51,79],[-21,87],[20,86],[51,99],[67,89],[90,73],[130,72]],[[3455,924],[85,-143],[121,-192]],[[3661,589],[-35,-154],[36,-94],[78,-67],[118,13],[84,95]],[[3455,924],[97,54],[67,23],[77,8],[79,-19],[52,-50],[34,-66],[48,-140],[21,-103]],[[3930,631],[-135,-8],[-134,-34]],[[3930,631],[22,-102],[-3,-55],[-19,-46],[12,-46]],[[5903,1589],[12,40],[4,49],[8,45],[37,50],[8,22],[-13,71],[-31,81],[-41,66],[-42,26],[25,9],[77,45],[-55,24],[-24,5],[104,88],[27,0],[3,-32],[21,-56],[68,47],[60,-39],[20,-72],[-48,-50],[50,-77],[58,-47],[123,-74],[-28,-31]],[[6326,1779],[-53,-97],[-58,-92]],[[6215,1590],[-143,-19],[-111,15],[-58,3]],[[6107,688],[-57,72],[-1,137],[-42,32],[-61,21],[-51,28],[-2,15],[-25,96],[-39,55],[-10,33],[11,34],[53,102],[13,38],[-4,56],[-47,142],[35,11],[23,29]],[[6215,1590],[-4,-74],[70,-74],[66,-51],[8,-65],[29,-9],[51,52]],[[6435,1369],[23,-33],[8,-75]],[[6466,1261],[-88,-76],[-22,-23],[14,-79],[26,-59],[29,-41]],[[6425,983],[-37,-46],[-8,-60],[-29,-19],[-78,-8],[-32,-56],[-71,-32],[-63,-74]],[[6326,1779],[64,-14],[32,-30],[56,-101],[88,-104]],[[6566,1530],[-108,-139],[-23,-22]],[[6566,1530],[27,-32],[62,-43],[56,8],[27,-46],[21,-11],[-5,-6],[50,-48],[17,-3],[33,5],[11,-15],[-1,-47],[99,-205]],[[6963,1087],[-24,-53],[-50,-23],[-36,28],[-46,28]],[[6807,1067],[-86,82],[-54,-18],[-58,29]],[[6609,1160],[5,27],[-8,42],[-140,32]],[[6609,1160],[-19,-107],[-75,-60],[-25,-3]],[[6490,990],[-65,-7]],[[6807,1067],[-61,-23],[-70,-65],[-54,-65],[-74,-46]],[[6548,868],[-57,55],[-1,67]],[[6963,1087],[53,-109],[35,-29],[23,-50],[24,-28],[19,-7],[-18,-62],[-25,-41],[-63,-51]],[[7011,710],[-72,52],[-74,-15],[-94,-69],[-104,-23]],[[6667,655],[-61,33],[-12,111],[-46,69]],[[6667,655],[14,-79],[47,-68],[31,-75]],[[6759,433],[-29,4],[-32,17],[-27,5],[-124,3],[-102,15],[-195,72],[-143,139]],[[7011,710],[-24,-20],[28,-28],[-36,-66],[-23,-66],[-28,-50],[-53,-21],[-30,-4],[-57,-18],[-29,-4]],[[3655,7828],[53,18],[26,-4],[51,-22],[44,-30],[88,-84],[45,-25],[39,-2],[206,34],[36,-8],[136,-71],[30,-7],[307,-28],[82,-35],[73,-64],[40,-24],[17,16],[0,-144],[-42,-10],[-263,-3],[-286,139],[-153,41],[-145,-62],[-52,-69],[-108,-211],[-35,-158]],[[3844,7015],[-4,125],[21,177],[21,110],[-21,132],[-67,62],[-105,7],[-37,56],[36,55],[-33,89]],[[3844,7015],[-32,52],[-52,154],[-22,36],[-25,28],[-20,35],[-9,57],[-2,43],[-9,32],[-19,19],[-33,7],[-87,29],[-61,71],[-22,93],[30,95],[174,62]],[[1387,9507],[-106,-124],[-16,-1],[-16,-15],[-70,-29],[-16,-14],[-32,-43],[-224,-115],[-102,-114],[-72,-103],[-93,-71],[-160,-22],[-142,0],[-43,-10],[-32,-15],[-34,1],[-45,37],[-9,52],[-2,277],[-51,97],[-13,11],[-64,14],[-24,18],[-21,71],[18,59],[92,115],[52,38],[54,8],[49,-4],[34,1],[38,29],[90,94]],[[427,9749],[202,-122],[121,-91],[170,75],[147,40]],[[1067,9651],[165,-33],[155,-111]],[[427,9749],[71,33],[87,59],[86,23],[227,120],[59,15],[43,-15],[43,-32],[94,3],[54,-15],[34,-30],[15,-31],[2,-96]],[[1242,9783],[-46,-28],[-59,-45],[-70,-59]],[[1242,9783],[19,-19],[88,-26],[20,-14],[11,-21],[51,-48],[14,-30],[-7,-44],[-22,-41],[-29,-33]]],"bbox":[-25.36042303187073,14.803966747400965,-22.666574047559006,17.196600610180298],"transform":{"scale":[0.000269411839615134,0.00023928731500943417],"translate":[-25.36042303187073,14.803966747400965]},"title":"Cape Verde","version":"2.0.1","copyright":"Copyright (c) 2022 Highsoft AS, Based on data from Natural Earth","copyrightShort":"Natural Earth","copyrightUrl":"http://www.naturalearthdata.com"}