{"type":"Topology","objects":{"default":{"type":"GeometryCollection","geometries":[{"type":"MultiPolygon","arcs":[[[0]],[[1]],[[2]],[[3]],[[4]],[[5]],[[6,7,8,9,10]]],"id":"AU.NT","properties":{"hc-group":"admin1","hc-middle-x":0.48,"hc-middle-y":0.58,"hc-key":"au-nt","hc-a2":"NT","labelrank":"2","hasc":"AU.NT","alt-name":null,"woe-id":"2344701","subregion":null,"fips":"AS03","postal-code":"NT","name":"Northern Territory","country":"Australia","type-en":"Territory","region":null,"longitude":"133.78","woe-name":"Northern Territory","latitude":"-20.1026","woe-label":"Northern Territory, AU, Australia","type":"Territory"}},{"type":"MultiPolygon","arcs":[[[11]],[[12]],[[13]],[[-10,14,15]]],"id":"AU.WA","properties":{"hc-group":"admin1","hc-middle-x":0.57,"hc-middle-y":0.55,"hc-key":"au-wa","hc-a2":"WA","labelrank":"2","hasc":"AU.WA","alt-name":null,"woe-id":"2344706","subregion":null,"fips":"AS08","postal-code":"WA","name":"Western Australia","country":"Australia","type-en":"State","region":null,"longitude":"121.646","woe-name":"Western Australia","latitude":"-25.8483","woe-label":"Western Australia, AU, Australia","type":"State"}},{"type":"Polygon","arcs":[[16]],"id":"AU.ACT","properties":{"hc-group":"admin1","hc-middle-x":0.37,"hc-middle-y":0.46,"hc-key":"au-act","hc-a2":"ACT","labelrank":"9","hasc":"AU.ACT","alt-name":null,"woe-id":"1100968","subregion":null,"fips":"AS01","postal-code":"ACT","name":"Australian Capital Territory","country":"Australia","type-en":"Territory","region":null,"longitude":"148.983","woe-name":"Canberra","latitude":"-35.4618","woe-label":null,"type":"Territory"}},{"type":"MultiPolygon","arcs":[[[17]],[[18,-15,-9,19,20,21]]],"id":"AU.SA","properties":{"hc-group":"admin1","hc-middle-x":0.55,"hc-middle-y":0.34,"hc-key":"au-sa","hc-a2":"SA","labelrank":"2","hasc":"AU.SA","alt-name":null,"woe-id":"2344703","subregion":null,"fips":"AS05","postal-code":"SA","name":"South Australia","country":"Australia","type-en":"State","region":null,"longitude":"135.783","woe-name":"South Australia","latitude":"-29.6504","woe-label":"South Australia, AU, Australia","type":"State"}},{"type":"MultiPolygon","arcs":[[[22]],[[23]],[[24]],[[25]],[[26]],[[27]],[[28]],[[29,30,-20,-8,31,32,33]]],"id":"AU.QLD","properties":{"hc-group":"admin1","hc-middle-x":0.44,"hc-middle-y":0.68,"hc-key":"au-qld","hc-a2":"QLD","labelrank":"2","hasc":"AU.QLD","alt-name":null,"woe-id":"2344702","subregion":null,"fips":"AS04","postal-code":"QLD","name":"Queensland","country":"Australia","type-en":"State","region":null,"longitude":"144.778","woe-name":"Queensland","latitude":"-23.1364","woe-label":"Queensland, AU, Australia","type":"State"}},{"type":"Polygon","arcs":[[34]],"id":"AU.NF","properties":{"hc-group":"admin1","hc-middle-x":0.52,"hc-middle-y":0.49,"hc-key":"au-nf","hc-a2":"NF","labelrank":"3","hasc":"AU.NF","alt-name":null,"woe-id":"23424905","subregion":null,"fips":"AS02","postal-code":"NF","name":"Norfolk Island","country":"Australia","type-en":"Territory","region":null,"longitude":"159.076","woe-name":"Norfolk Island","latitude":"-31.586","woe-label":null,"type":"Territory"}},{"type":"MultiPolygon","arcs":[[[35]],[[36]],[[37]],[[38]],[[39]]],"id":"AU.TAS","properties":{"hc-group":"admin1","hc-middle-x":0.53,"hc-middle-y":0.63,"hc-key":"au-tas","hc-a2":"TAS","labelrank":"2","hasc":"AU.TAS","alt-name":null,"woe-id":"2344704","subregion":null,"fips":"AS06","postal-code":"TAS","name":"Tasmania","country":"Australia","type-en":"State","region":null,"longitude":"146.603","woe-name":null,"latitude":"-42.1383","woe-label":null,"type":"State"}},{"type":"Polygon","arcs":[[40,41]],"id":"AU.JB","properties":{"hc-group":"admin1","hc-middle-x":0.51,"hc-middle-y":0.47,"hc-key":"au-jb","hc-a2":"JB","labelrank":"2","hasc":"AU.JB","alt-name":null,"woe-id":"1102841","subregion":null,"fips":null,"postal-code":"JB","name":"Jervis Bay Territory","country":"Australia","type-en":"Territory","region":null,"longitude":"150.692","woe-name":"Jervis Bay","latitude":"-35.1532","woe-label":null,"type":"Territory"}},{"type":"Polygon","arcs":[[42,43,-21,-31,44,-34,45,-42],[-17]],"id":"AU.NSW","properties":{"hc-group":"admin1","hc-middle-x":0.45,"hc-middle-y":0.4,"hc-key":"au-nsw","hc-a2":"NS","labelrank":"2","hasc":"AU.NSW","alt-name":null,"woe-id":"2344700","subregion":null,"fips":"AS02","postal-code":"NSW","name":"New South Wales","country":"Australia","type-en":"State","region":null,"longitude":"146.781","woe-name":"New South Wales","latitude":"-32.4751","woe-label":"New South Wales, AU, Australia","type":"State"}},{"type":"Polygon","arcs":[[-22,-44,46]],"id":"AU.VIC","properties":{"hc-group":"admin1","hc-middle-x":0.35,"hc-middle-y":0.59,"hc-key":"au-vic","hc-a2":"VIC","labelrank":"2","hasc":"AU.VIC","alt-name":null,"woe-id":"2344705","subregion":null,"fips":"AS07","postal-code":"VIC","name":"Victoria","country":"Australia","type-en":"State","region":null,"longitude":"144.75","woe-name":"Victoria","latitude":"-37.0082","woe-label":"Victoria, AU, Australia","type":"State"}}],"hc-recommended-transform":{"default":{"crs":"+proj=lcc +lat_1=-18 +lat_2=-36 +lat_0=0 +lon_0=134 +x_0=0 +y_0=0 +ellps=GRS80 +towgs84=0,0,0,0,0,0,0 +units=m +no_defs","scale":0.000158093982027,"jsonres":15.5,"jsonmarginX":-999,"jsonmarginY":9851,"xoffset":-2082021.85219,"yoffset":-1210304.51735}},"hc-recommended-mapview":{"projection":{"name":"LambertConformalConic","parallels":[-18,-36],"rotation":[-134]}}}},"arcs":[[[5212,8350],[19,-18],[-2,-58],[-30,37],[13,39]],[[5107,8888],[11,-11],[12,31],[14,-2],[8,-32],[17,-7],[10,30],[17,-15],[-35,-52],[12,-15],[-24,-14],[4,-33],[15,11],[36,-25],[-11,-20],[-38,13],[-20,-7],[-43,24],[-25,-9],[24,33],[-3,92],[19,8]],[[3782,9577],[15,-37],[-3,-32],[23,0],[16,-31],[-28,-11],[-38,21],[-58,-16],[4,45],[29,6],[-4,49],[18,44],[16,7],[10,-45]],[[3807,9634],[47,-32],[36,21],[27,-12],[47,43],[43,-12],[22,-67],[-12,-37],[-21,5],[-19,-43],[-67,-60],[-58,39],[-47,44],[-28,124],[7,24],[23,-37]],[[5102,9572],[-24,-32],[-43,-29],[23,37],[8,-11],[32,37],[64,131],[-10,-50],[-50,-83]],[[4258,9704],[8,-61],[-6,-30],[-23,53],[-5,41],[26,-3]],[[5430,8066],[-1,1],[0,-4]],[[5429,8063],[0,-2812]],[[5429,5251],[-1948,0]],[[3481,5251],[0,3314]],[[3481,8565],[38,-29],[5,-45],[14,3],[-9,78],[55,-26],[21,-36],[3,-35],[16,9],[-9,54],[-25,48],[65,-19],[33,32],[-42,-20],[-34,45],[-4,30],[-50,47],[4,24],[38,73],[37,20],[-1,40],[16,35],[10,76],[12,22],[17,-28],[36,20],[25,53],[-29,38],[3,65],[41,10],[10,82],[57,-25],[-15,26],[13,57],[35,0],[21,-54],[20,-3],[-21,34],[20,-8],[-31,41],[16,20],[34,-5],[-10,69],[49,-36],[15,58],[5,-41],[36,-34],[63,8],[26,15],[31,-25],[37,29],[35,-3],[9,-26],[4,44],[29,19],[23,-13],[-11,40],[5,41],[-13,23],[22,40],[-16,2],[-27,51],[-27,12],[-62,-25],[-35,58],[-34,3],[25,43],[13,-24],[9,36],[29,-24],[-2,-37],[21,-23],[-3,83],[18,-13],[15,16],[29,-33],[43,-82],[18,5],[25,49],[44,-54],[23,-63],[35,10],[-5,-22],[58,-11],[46,25],[29,-13],[-22,-23],[23,-23],[28,17],[27,-28],[-2,-38],[22,33],[31,-27],[35,-2],[38,35],[9,-29],[38,0],[-22,-27],[18,-4],[22,-33],[64,51],[48,-3],[3,41],[30,5],[35,27],[-38,-47],[37,13],[-53,-60],[18,-43],[33,49],[37,-25],[-16,-40],[8,-27],[51,4],[24,56],[-41,20],[23,36],[-33,3],[40,20],[4,-18],[28,31],[26,-42],[2,-27],[21,-31],[15,35],[25,-18],[12,-37],[-54,-97],[-41,-53],[31,-31],[-30,-5],[16,-26],[-20,-50],[-20,1],[-3,47],[-14,-28],[-32,-30],[-2,42],[-14,-33],[-23,-1],[-20,-27],[17,-36],[-23,-3],[-3,-42],[12,-42],[33,15],[-14,-64],[-14,-17],[-3,-70],[-32,-21],[-50,-94],[-2,-21],[-31,-18],[20,-70],[84,-68],[20,-26],[63,-48],[5,-35],[57,-52],[70,30],[-42,-51],[10,-38],[44,-7],[18,23],[45,-37],[36,-40],[83,-40],[26,-54],[29,-32]],[[9,5405],[10,-4],[9,-66],[34,-95],[0,-30],[-35,59],[-27,92],[9,44]],[[540,6788],[-26,-6],[23,48],[15,-15],[-12,-27]],[[2492,8434],[25,4],[8,-24],[-27,4],[-6,16]],[[3481,5251],[0,-1589],[0,-105]],[[3481,3557],[-74,-46],[-139,-71],[-54,-12],[-103,-44],[-133,-14],[-65,10],[-41,15],[-68,-29],[-72,-64],[-44,-17],[-73,-40],[-21,-28],[-42,-21],[-76,-15],[-52,-50],[-23,-70],[-12,-63],[-43,-43],[-3,-24],[-47,-43],[-39,10],[-17,-25],[-26,-4],[-14,37],[-109,-10],[-4,-15],[-54,11],[-12,-29],[-39,4],[-13,54],[-44,-20],[-40,5],[-21,17],[-42,2],[-37,-16],[-128,-8],[-32,-22],[-92,12],[-42,-18],[-51,-46],[-41,-72],[4,-22],[-30,-19],[-32,14],[-59,6],[8,-15],[-26,-29],[-60,-35],[-21,-56],[-57,-23],[-59,-12],[22,-27],[-57,20],[-14,-26],[-57,34],[-41,2],[-70,-10],[-23,13],[-22,-14],[-37,15],[7,17],[-24,26],[-12,-16],[-77,22],[-10,34],[-69,83],[-61,39],[-36,1],[-10,-15],[-22,29],[-10,54],[-3,119],[7,48],[28,-29],[35,-9],[33,15],[51,92],[1,79],[-16,107],[6,22],[27,-14],[-8,29],[7,94],[-1,88],[-13,83],[-49,103],[-31,93],[-28,49],[-18,57],[-27,125],[-7,55],[6,38],[-5,73],[7,53],[-32,115],[-39,53],[-16,38],[3,39],[-14,40],[-47,87],[-32,37],[-14,86],[10,38],[-28,111],[-54,119],[-38,72],[-64,82],[-4,49],[7,71],[6,-93],[13,40],[23,-60],[13,8],[0,-65],[55,-9],[15,31],[0,45],[-43,36],[-23,40],[-5,43],[-30,64],[21,65],[4,-32],[49,-85],[-12,-73],[20,-18],[24,69],[-1,-42],[15,-64],[29,-35],[27,40],[-9,35],[17,62],[-2,45],[-23,14],[-49,102],[-27,82],[-20,14],[-21,70],[-2,48],[-35,58],[-12,85],[6,59],[40,125],[33,35],[7,55],[-8,50],[14,33],[-11,78],[-22,17],[-3,46],[34,74],[20,83],[26,56],[31,21],[-18,-114],[19,-54],[-11,-36],[15,-13],[23,23],[18,-10],[59,188],[62,45],[38,8],[76,46],[31,50],[45,33],[28,51],[47,27],[14,38],[47,6],[83,82],[-7,-35],[20,-14],[60,35],[9,-26],[34,-14],[54,21],[29,0],[37,29],[7,20],[42,40],[51,-1],[100,30],[31,63],[51,26],[77,-32],[51,32],[94,17],[90,43],[65,39],[52,47],[26,35],[45,85],[27,77],[-7,30],[24,3],[1,36],[21,38],[18,-4],[67,80],[23,14],[8,44],[-41,6],[7,81],[-13,44],[6,89],[23,51],[42,51],[27,-15],[-15,36],[9,18],[54,3],[-13,52],[28,27],[6,29],[37,-2],[-21,-15],[-6,-32],[41,-68],[-2,-31],[25,-30],[31,-94],[33,-57],[3,47],[16,57],[-10,56],[15,-8],[42,-59],[-14,62],[31,39],[-36,-2],[-17,43],[-49,31],[-9,40],[50,3],[-32,23],[44,-7],[0,28],[-23,5],[-2,49],[38,8],[12,-30],[-20,-9],[57,-36],[-18,48],[56,-26],[6,-21],[31,-10],[92,7],[-37,17],[-42,0],[-6,34],[17,48],[15,-36],[15,18],[3,53],[-20,-10],[-24,28],[-3,105],[18,16],[34,-10],[22,43],[-14,32],[40,-3],[3,44],[23,-7],[6,50],[72,-55],[19,1],[2,39],[-53,23],[27,17],[-37,37],[22,39],[-32,3],[7,42],[26,-35],[50,31],[24,-10],[4,88],[17,-82],[26,20],[6,-41],[17,-20],[4,37],[25,2],[-23,38],[27,10],[16,76],[17,17],[3,-53],[44,73],[21,2],[-16,-34],[32,-45],[23,73],[27,0],[-18,57],[44,20],[39,-72],[22,22],[24,-4],[31,-45],[38,-35],[46,-88],[65,-67],[-24,-127],[1,-73],[9,-4],[3,74],[58,101],[30,12],[46,-22],[55,-12]],[[7894,2468],[-43,-10],[-21,-68],[4,-64],[-12,-27],[-23,8],[-11,44],[-22,10],[-5,64],[12,54],[61,49],[60,-60]],[[5348,2398],[-9,-43],[43,-3],[16,-19],[12,22],[34,-10],[13,-31],[-17,-16],[-25,13],[-38,1],[-31,-15],[2,-23],[-36,-25],[-18,21],[-35,10],[-16,-19],[-25,6],[-67,-12],[-12,26],[-27,20],[11,41],[48,19],[58,10],[60,26],[59,1]],[[6073,1661],[-56,-3],[-24,9],[-52,47],[-26,65],[-55,52],[-54,91],[11,17],[-25,51],[24,16],[17,40],[-2,43],[-62,163],[-80,97],[-60,51],[17,-3],[97,-101],[25,-36],[22,-54],[-15,62],[-25,37],[-95,87],[21,31],[21,-14],[2,-44],[21,2],[4,29],[-31,24],[34,14],[-23,39],[-66,-24],[16,-28],[-51,9],[42,-22],[-54,4],[-47,-32],[-71,-8],[-16,34],[65,61],[18,88],[-5,54],[10,40],[-18,16],[-41,74],[-7,35],[-33,57],[-8,-53],[-23,-32],[-5,-63],[-35,-129],[-17,-36],[-58,17],[-35,-14],[-15,-22],[-28,5],[-36,-20],[-8,14],[27,45],[-4,17],[19,42],[89,-5],[15,88],[-11,51],[6,55],[-7,30],[21,27],[10,58],[25,27],[48,77],[-28,80],[10,20],[37,13],[-14,42],[-30,131],[-12,12],[-3,-49],[12,-50],[-8,-40],[-21,12],[-48,-56],[-16,-74],[-33,-78],[-44,-24],[-17,15],[-14,-35],[-59,-31],[-52,-50],[-29,-70],[-26,-23],[-9,-30],[-29,-14],[-13,-34],[1,-36],[20,-6],[8,-57],[-10,-9],[-31,40],[-17,4],[-24,-28],[-6,22],[-38,50],[-43,44],[-24,-12],[7,31],[33,-15],[22,-28],[-13,111],[-18,82],[-16,31],[-75,78],[5,26],[-11,57],[-33,38],[-47,21],[-36,-2],[-19,64],[-28,11],[15,22],[-12,36],[30,-3],[18,14],[-5,27],[-27,38],[-64,-21],[20,42],[-26,42],[-29,17],[-10,27],[-21,-21],[-16,17],[-14,-29],[-56,4],[-38,26],[-38,46],[-70,0],[1,-21],[-53,-2],[-35,37],[-63,54],[-54,36],[-77,38],[-75,-36],[-147,8],[-250,-35]],[[5429,5251],[650,-1],[0,-892]],[[6079,4358],[0,-1494]],[[6079,2864],[-7,10],[1,-1213]],[[8769,4847],[-14,86],[20,15],[-5,-101],[26,-17],[-20,-92],[-12,-1],[5,110]],[[8739,5627],[4,-57],[15,-25],[-46,-134],[-23,-100],[-23,73],[26,67],[-6,43],[23,21],[22,47],[-25,41],[33,24]],[[8252,6010],[34,-24],[22,-65],[-18,-9],[-50,87],[12,11]],[[7212,7566],[26,-55],[-13,-25],[-44,67],[31,13]],[[5797,8095],[8,-17],[-27,-15],[-12,21],[-24,-54],[-31,-18],[-27,18],[24,57],[69,22],[20,-14]],[[6359,9854],[-3,-54],[-29,-10],[-6,30],[38,34]],[[6342,9968],[27,-11],[-11,-20],[-42,42],[10,20],[16,-31]],[[8429,4382],[-27,9]],[[8402,4391],[-38,-20],[-8,-31],[-36,-31],[-14,73],[-45,24],[-7,31],[-55,30],[-74,-4],[-33,34],[-60,-20],[-86,-2],[-30,7],[-15,-29],[-70,-50],[-27,-45],[-1725,0]],[[5429,8063],[1,3]],[[5430,8066],[39,-45],[67,-30],[36,5],[21,-19],[62,-22],[25,-35],[-3,-25],[29,-69],[35,-7],[44,-47],[62,-27],[15,-26],[53,2],[57,20],[71,55],[27,112],[-2,16],[30,66],[24,28],[23,79],[10,64],[17,48],[-11,38],[24,136],[32,101],[7,38],[-14,40],[-18,117],[15,72],[-2,49],[-21,39],[-2,51],[11,60],[36,99],[-23,79],[36,47],[15,46],[18,-28],[23,13],[-40,18],[24,20],[-27,0],[-26,25],[-21,-7],[44,141],[16,26],[10,-43],[24,20],[-16,20],[3,49],[35,140],[9,122],[32,9],[28,56],[36,-10],[-22,-53],[22,17],[11,-41],[16,9],[15,-59],[-2,-31],[15,-34],[-10,-26],[10,-111],[26,-25],[28,7],[18,-21],[-25,-50],[-2,-53],[38,-18],[15,-50],[24,-17],[-15,-74],[38,9],[-9,-27],[6,-122],[16,-58],[-15,-66],[19,-61],[15,-18],[4,-59],[16,-57],[35,-32],[48,41],[5,33],[25,-14],[46,41],[25,-50],[-3,-43],[13,-21],[45,-17],[32,-58],[41,-7],[12,-35],[15,2],[-21,-46],[2,-43],[14,8],[-14,-52],[4,-44],[19,-63],[-2,-46],[23,-47],[0,-63],[-13,-51],[81,-132],[39,4],[-16,-50],[41,-104],[0,-38],[16,-34],[-14,-48],[7,-21],[-24,-87],[5,-32],[35,-35],[6,-33],[27,-10],[-13,-103],[36,-57],[45,-36],[23,0],[32,-36],[22,16],[27,-48],[63,0],[5,21],[22,-54],[10,-54],[19,-37],[22,-2],[-8,43],[21,-12],[22,-53],[28,10],[44,-27],[-3,-35],[30,-26],[12,35],[22,1],[11,-48],[15,-18],[36,0],[1,-45],[-43,-39],[12,-38],[31,-45],[26,-11],[12,-32],[27,-6],[17,-27],[-8,-28],[21,-29],[11,-43],[-10,-26],[22,2],[17,-64],[-9,-21],[38,-135],[21,-42],[23,2],[50,-79],[-26,102],[9,33],[-19,-9],[3,48],[10,-26],[25,1],[35,-75],[19,-7],[67,-57],[-15,72],[-18,17],[10,28],[26,-52],[29,-24],[-18,-26],[23,5],[9,-46],[-13,-137],[17,-27],[-6,-48],[26,-40],[42,-39],[13,-38],[19,-6],[37,-55],[52,-27],[-14,34],[34,-11],[7,-36],[26,-21],[27,-90],[20,-31],[55,-38],[19,-30],[3,-45],[37,-72],[51,-14],[12,-62],[-14,-20],[9,-56],[17,-22],[1,-43],[12,40],[8,-30],[18,0],[-27,-103],[7,-108],[9,-12],[0,-72],[12,-36],[-37,-44],[17,0],[-11,-35],[40,-47],[14,-55],[28,-46],[1,-79],[13,-22]],[[8787,4611],[-27,-26],[-42,-7],[-16,-27],[-59,7],[-20,-9],[-56,29],[-17,-25],[-97,-57],[22,-50],[-8,-52],[-38,-12]],[[9991,3608],[8,-14],[-4,-7],[-3,15],[-1,6]],[[7457,78],[-10,-37],[-33,40],[32,30],[11,-33]],[[7649,938],[-13,-32],[-18,20],[15,22],[-38,8],[2,15],[68,22],[35,-37],[-32,-22],[-19,4]],[[7585,1169],[46,-66],[28,-9],[2,-82],[-23,9],[-16,-18],[-18,14],[-12,39],[-22,18],[-1,41],[-27,4],[43,50]],[[6744,1069],[-32,-24],[-19,58],[6,69],[26,39],[22,-17],[11,-108],[-14,-17]],[[6922,867],[8,33],[22,-17],[-22,-15],[40,-29],[32,11],[17,-18],[80,-26],[17,-25],[28,-7],[64,-35],[45,-3],[78,26],[6,-24],[30,-1],[-27,19],[3,18],[39,19],[33,-9],[25,19],[34,-20],[34,48],[15,7],[33,-20],[20,12],[15,34],[49,-31],[26,-48],[-12,-59],[13,-27],[-12,-48],[8,-46],[-12,-58],[14,-34],[-5,-40],[13,-18],[-10,-61],[-11,19],[12,39],[-34,19],[17,20],[-14,12],[-5,-39],[-14,-6],[-18,-63],[0,-60],[-25,-10],[13,-52],[-13,-12],[-7,-37],[26,5],[-3,-105],[-18,27],[-20,-33],[-19,24],[10,17],[-28,24],[52,-6],[-4,42],[-33,2],[-22,22],[-18,-9],[12,-36],[-26,-22],[8,41],[-12,-5],[-26,41],[13,-41],[-3,-46],[20,-47],[-39,37],[0,-41],[-36,7],[-16,35],[-11,-26],[29,-30],[-53,-101],[-31,3],[-33,31],[-56,-1],[-20,11],[-41,-18],[-5,40],[-13,11],[32,8],[32,-12],[-14,35],[-31,-14],[-23,38],[-19,-29],[-31,73],[-39,27],[-33,91],[-19,14],[-17,122],[11,-21],[40,-31],[8,-39],[21,48],[-17,-1],[-34,59],[-12,-23],[-13,76],[-61,77],[-34,111],[-19,33],[-2,42],[-14,26],[20,32],[-2,55],[44,-7]],[[8180,2536],[12,-17],[-32,-3]],[[8160,2516],[6,13],[14,7]],[[8160,2516],[-12,-7],[-32,-98],[-55,-105],[-7,-77],[4,-51],[-14,-19],[-2,-54],[-36,-107],[10,-37],[-15,-13],[26,-16],[12,-38],[-22,-2],[4,-68]],[[8021,1824],[-379,211],[-21,5],[20,40],[-11,22],[-28,101],[-8,53],[-61,37],[-35,-18],[-34,9],[-12,-33],[-47,10],[-9,-18],[-51,2],[-48,31],[-42,3],[-10,-19],[-37,-3],[-48,13],[-11,14],[-43,1],[-37,35],[-51,-9],[-71,3],[-17,-42],[12,-23],[-53,-16],[-30,22],[-39,44],[-21,48],[-119,100],[-39,18],[-3,32],[-38,21],[-16,65],[6,47],[-47,31],[-56,7],[-19,27],[-15,-5],[-18,-55],[-18,4],[-22,54],[-16,18],[5,52],[-32,25],[-6,24],[-45,24],[-60,3],[-39,-33],[-71,41],[-42,3],[-10,14]],[[8402,4391],[21,-25],[6,16]],[[8787,4611],[18,-36],[-3,-95],[11,-21],[-5,-62],[-32,-50],[-26,-85],[7,-22],[-10,-90],[-26,-128],[-33,-102],[-14,-79],[9,-41],[12,-7],[-5,-53],[-17,-27],[-10,-95],[-19,-25],[-21,-81],[-31,-31],[-21,-64],[12,-14],[-5,-70],[-30,-14],[-47,-54],[-27,-8],[29,-9],[-19,-19],[-59,-21],[-36,-60],[-9,-38],[-24,-41],[-20,-60],[-35,-9],[17,-17],[-13,-100],[-41,-18],[31,-2],[-44,-54],[-23,-38],[-11,-64],[5,-16],[-14,-55],[-23,-25],[11,-35],[16,-9],[-10,-28],[-9,31],[-13,-34]],[[8021,1824],[-41,-13],[-24,-43],[-42,-25],[-149,-4],[-105,-7],[-83,-29],[-72,-48],[-42,-42],[-112,-127],[-100,-28],[-14,14],[-36,-18],[23,-46],[45,39],[-15,-106],[-53,79],[-20,14],[-36,-25],[-25,76],[-51,-3],[-12,25],[-48,16],[-39,-2],[37,23],[15,-24],[15,32],[-30,6],[4,32],[48,-4],[-20,25],[-29,-1],[-36,-50],[-41,-34],[-31,40],[40,11],[29,54],[-2,32],[-28,45],[-34,1],[-64,-61],[-35,-13],[34,-9],[28,15],[15,-11],[-15,-37],[-54,-4],[-76,-55],[-45,-62],[-31,-10],[-35,-39],[-44,30],[-21,-1],[-39,37],[-54,18],[-34,31],[-55,32],[-38,-12],[-60,36],[-40,6],[-31,-22],[8,-18],[-62,3],[2,29],[-53,49],[-35,20]]],"bbox":[112.91986157075046,-43.638865221108574,159.1062862756986,-10.050364254297458],"transform":{"scale":[0.004619104380932908,0.0033591860152826403],"translate":[112.91986157075046,-43.638865221108574]},"title":"Australia","version":"2.0.1","copyright":"Copyright (c) 2022 Highsoft AS, Based on data from Natural Earth","copyrightShort":"Natural Earth","copyrightUrl":"http://www.naturalearthdata.com"}