{"type":"Topology","objects":{"default":{"type":"GeometryCollection","geometries":[{"type":"Polygon","arcs":[[0,1,2]],"id":"CF.VK","properties":{"hc-group":"admin1","hc-middle-x":0.59,"hc-middle-y":0.51,"hc-key":"cf-vk","hc-a2":"VK","labelrank":"8","hasc":"CF.VK","alt-name":"Birao","woe-id":"2345101","subregion":null,"fips":"CT14","postal-code":"VK","name":"Vakaga","country":"Central African Republic","type-en":"Prefecture","region":null,"longitude":"22.2437","woe-name":"Vakaga","latitude":"9.8017","woe-label":"Vakaga, CF, Central African Republic","type":"Préfecture"}},{"type":"Polygon","arcs":[[-2,3,4,5,6,7,8]],"id":"CF.HK","properties":{"hc-group":"admin1","hc-middle-x":0.45,"hc-middle-y":0.43,"hc-key":"cf-hk","hc-a2":"HK","labelrank":"8","hasc":"CF.HK","alt-name":null,"woe-id":"2345091","subregion":null,"fips":"CT03","postal-code":"HK","name":"Haute-Kotto","country":"Central African Republic","type-en":"Prefecture","region":null,"longitude":"22.8492","woe-name":"Haute-Kotto","latitude":"7.48168","woe-label":"Haute-Kotto, CF, Central African Republic","type":"Préfecture"}},{"type":"Polygon","arcs":[[-5,9,10]],"id":"CF.HM","properties":{"hc-group":"admin1","hc-middle-x":0.47,"hc-middle-y":0.61,"hc-key":"cf-hm","hc-a2":"HM","labelrank":"8","hasc":"CF.HM","alt-name":"Haut-M'bomou|Obo-Zemio","woe-id":"2345093","subregion":null,"fips":"CT05","postal-code":"HM","name":"Haut-Mbomou","country":"Central African Republic","type-en":"Prefecture","region":null,"longitude":"25.851","woe-name":"Haut-Mbomou","latitude":"6.15735","woe-label":"Haut-Mbomou, CF, Central African Republic","type":"Préfecture"}},{"type":"Polygon","arcs":[[-6,-11,11,12]],"id":"CF.MB","properties":{"hc-group":"admin1","hc-middle-x":0.55,"hc-middle-y":0.46,"hc-key":"cf-mb","hc-a2":"MB","labelrank":"8","hasc":"CF.MB","alt-name":"M'Bomou","woe-id":"2345096","subregion":null,"fips":"CT08","postal-code":"MB","name":"Mbomou","country":"Central African Republic","type-en":"Prefecture","region":null,"longitude":"23.4601","woe-name":"Mbomou","latitude":"5.48563","woe-label":null,"type":"Préfecture"}},{"type":"Polygon","arcs":[[13,14]],"id":"CF.BG","properties":{"hc-group":"admin1","hc-middle-x":0.51,"hc-middle-y":0.45,"hc-key":"cf-bg","hc-a2":"BG","labelrank":"8","hasc":"CF.BG","alt-name":null,"woe-id":"2345105","subregion":null,"fips":"CT18","postal-code":"BG","name":"Bangui","country":"Central African Republic","type-en":"Autonomous Commune","region":null,"longitude":"18.5457","woe-name":"Bangui","latitude":"4.38332","woe-label":"Bangui, CF, Central African Republic","type":"Commune Autonome"}},{"type":"Polygon","arcs":[[15,16,17,18,19,20,21,22,-15]],"id":"CF.MP","properties":{"hc-group":"admin1","hc-middle-x":0.59,"hc-middle-y":0.39,"hc-key":"cf-mp","hc-a2":"MP","labelrank":"8","hasc":"CF.MP","alt-name":null,"woe-id":"2345104","subregion":null,"fips":"CT17","postal-code":"MP","name":"Ombella-M'Poko","country":"Central African Republic","type-en":"Prefecture","region":null,"longitude":"17.802","woe-name":"Ombella-M'Poko","latitude":"5.17659","woe-label":"Ombella-M'Poko, CF, Central African Republic","type":"Préfecture"}},{"type":"Polygon","arcs":[[-17,23,24,25]],"id":"CF.LB","properties":{"hc-group":"admin1","hc-middle-x":0.41,"hc-middle-y":0.54,"hc-key":"cf-lb","hc-a2":"LB","labelrank":"8","hasc":"CF.LB","alt-name":null,"woe-id":"2345095","subregion":null,"fips":"CT07","postal-code":"LB","name":"Lobaye","country":"Central African Republic","type-en":"Prefecture","region":null,"longitude":"17.6819","woe-name":"Lobaye","latitude":"4.07603","woe-label":"Lobaye, CF, Central African Republic","type":"Préfecture"}},{"type":"Polygon","arcs":[[-26,26,27,28,-18]],"id":"CF.HS","properties":{"hc-group":"admin1","hc-middle-x":0.52,"hc-middle-y":0.49,"hc-key":"cf-hs","hc-a2":"HS","labelrank":"8","hasc":"CF.HS","alt-name":"Haute-Sangha|Mambéré Kadéi","woe-id":"2345092","subregion":null,"fips":"CT04","postal-code":"HS","name":"Mambéré-Kadéï","country":"Central African Republic","type-en":"Prefecture","region":null,"longitude":"15.8888","woe-name":"Mambéré-Kadéï","latitude":"4.5324","woe-label":null,"type":"Préfecture"}},{"type":"Polygon","arcs":[[29,30,-20,31]],"id":"CF.OP","properties":{"hc-group":"admin1","hc-middle-x":0.57,"hc-middle-y":0.49,"hc-key":"cf-op","hc-a2":"OP","labelrank":"8","hasc":"CF.OP","alt-name":null,"woe-id":"2345100","subregion":null,"fips":"CT13","postal-code":"OP","name":"Ouham-Pendé","country":"Central African Republic","type-en":"Prefecture","region":null,"longitude":"16.0108","woe-name":"Ouham-Pendé","latitude":"6.67901","woe-label":"Ouham-Pendé, CF, Central African Republic","type":"Préfecture"}},{"type":"Polygon","arcs":[[-25,32,-27]],"id":"CF.SE","properties":{"hc-group":"admin1","hc-middle-x":0.46,"hc-middle-y":0.34,"hc-key":"cf-se","hc-a2":"SE","labelrank":"8","hasc":"CF.SE","alt-name":"Sangha|Sangha-Économique|Sangha M'baéré","woe-id":"2345103","subregion":null,"fips":"CT16","postal-code":"SE","name":"Sangha-Mbaéré","country":"Central African Republic","type-en":"Economic Prefecture","region":null,"longitude":"16.3383","woe-name":"Sangha-Mbaéré","latitude":"3.21418","woe-label":"Sangha-Mbaéré, CF, Central African Republic","type":"Préfecture"}},{"type":"Polygon","arcs":[[-19,-29,33,-32]],"id":"CF.NM","properties":{"hc-group":"admin1","hc-middle-x":0.46,"hc-middle-y":0.59,"hc-key":"cf-nm","hc-a2":"NM","labelrank":"8","hasc":"CF.NM","alt-name":"Bouar-Baboua|Buar-Baboua|Nana Nambéré","woe-id":"2345097","subregion":null,"fips":"CT09","postal-code":"NM","name":"Nana-Mambéré","country":"Central African Republic","type-en":"Prefecture","region":null,"longitude":"15.4564","woe-name":"Nana-Mambéré","latitude":"5.67426","woe-label":null,"type":"Préfecture"}},{"type":"Polygon","arcs":[[34,-22,35,36,37]],"id":"CF.KG","properties":{"hc-group":"admin1","hc-middle-x":0.42,"hc-middle-y":0.52,"hc-key":"cf-kg","hc-a2":"KG","labelrank":"8","hasc":"CF.KG","alt-name":"Kémo-Gribingui|Kémo-Ibingui","woe-id":"2345094","subregion":null,"fips":"CT06","postal-code":"KG","name":"Kémo","country":"Central African Republic","type-en":"Prefecture","region":null,"longitude":"19.3143","woe-name":"Kémo","latitude":"5.75536","woe-label":null,"type":"Préfecture"}},{"type":"Polygon","arcs":[[-37,38,39,40]],"id":"CF.KB","properties":{"hc-group":"admin1","hc-middle-x":0.41,"hc-middle-y":0.73,"hc-key":"cf-kb","hc-a2":"KB","labelrank":"8","hasc":"CF.KB","alt-name":"Nana-Gribingui|Gribingui|Gribingui-Économique|Ibingui|Nana Gribizi","woe-id":"2345102","subregion":null,"fips":"CT15","postal-code":"KB","name":"Nana-Grébizi","country":"Central African Republic","type-en":"Economic Prefecture","region":null,"longitude":"19.4051","woe-name":"Nana-Grébizi","latitude":"7.11882","woe-label":null,"type":"Préfecture"}},{"type":"Polygon","arcs":[[-7,-13,41,42]],"id":"CF.BK","properties":{"hc-group":"admin1","hc-middle-x":0.67,"hc-middle-y":0.59,"hc-key":"cf-bk","hc-a2":"BK","labelrank":"8","hasc":"CF.BK","alt-name":null,"woe-id":"2345090","subregion":null,"fips":"CT02","postal-code":"BK","name":"Basse-Kotto","country":"Central African Republic","type-en":"Prefecture","region":null,"longitude":"21.3019","woe-name":"Basse-Kotto","latitude":"5.00365","woe-label":null,"type":"Préfecture"}},{"type":"Polygon","arcs":[[-43,43,-38,-41,44,-8]],"id":"CF.UK","properties":{"hc-group":"admin1","hc-middle-x":0.57,"hc-middle-y":0.43,"hc-key":"cf-uk","hc-a2":"UK","labelrank":"8","hasc":"CF.UK","alt-name":null,"woe-id":"2345098","subregion":null,"fips":"CT11","postal-code":"UK","name":"Ouaka","country":"Central African Republic","type-en":"Prefecture","region":null,"longitude":"20.7064","woe-name":"Ouaka","latitude":"5.99454","woe-label":null,"type":"Préfecture"}},{"type":"Polygon","arcs":[[-39,-36,-21,-31,45,46]],"id":"CF.AC","properties":{"hc-group":"admin1","hc-middle-x":0.44,"hc-middle-y":0.6,"hc-key":"cf-ac","hc-a2":"AC","labelrank":"8","hasc":"CF.AC","alt-name":null,"woe-id":"2345099","subregion":null,"fips":"CT12","postal-code":"AC","name":"Ouham","country":"Central African Republic","type-en":"Prefecture","region":null,"longitude":"17.8774","woe-name":"Ouham","latitude":"6.92835","woe-label":"Ouham, CF, Central African Republic","type":"Préfecture"}},{"type":"Polygon","arcs":[[-47,47,-3,-9,-45,-40]],"id":"CF.BB","properties":{"hc-group":"admin1","hc-middle-x":0.47,"hc-middle-y":0.49,"hc-key":"cf-bb","hc-a2":"BB","labelrank":"8","hasc":"CF.BB","alt-name":"Bamingui-Bangora|N'Délé|Ndélé","woe-id":"2345089","subregion":null,"fips":"CT01","postal-code":"BB","name":"Bamingui-Bangoran","country":"Central African Republic","type-en":"Prefecture","region":null,"longitude":"20.6318","woe-name":"Bamingui-Bangoran","latitude":"8.212719999999999","woe-label":null,"type":"Préfecture"}}],"hc-recommended-transform":{"default":{"crs":"+proj=utm +zone=34 +datum=WGS84 +units=m +no_defs","scale":0.000483522882542,"jsonres":15.5,"jsonmarginX":-999,"jsonmarginY":9851,"xoffset":-232243.940332,"yoffset":1216459.15}}}},"arcs":[[[4919,8194],[20,76],[25,20],[95,166],[15,108],[68,36],[20,85],[49,43],[58,114],[53,-30],[26,15],[46,83],[39,134],[46,64],[86,16],[47,71],[2,73],[23,59],[-23,64],[-12,118],[13,75],[48,37],[60,-2],[61,68],[47,18],[34,107],[98,-24],[18,61],[41,52],[106,50],[53,48],[57,-24],[51,9],[90,-26],[20,-24],[89,-28],[1,-32],[110,-234],[80,-81],[139,-200],[254,-607],[17,-51],[22,-197],[-4,-44],[-48,-131],[9,-91],[22,-44],[-19,-90],[8,-71],[-63,-105],[-67,-37]],[[6949,7891],[1,90],[-36,7],[-53,-81],[-16,-122],[-32,-70],[-78,-35],[-53,-59],[-25,-52],[-7,-97],[-26,-37],[-30,8],[-143,-53],[-127,-33],[-107,-116],[-90,10]],[[6127,7251],[1,67],[-25,25],[-113,38],[-57,62],[-18,48],[-21,189],[-43,47],[-26,72],[-105,120],[-51,157],[-18,109],[-52,102],[-65,102],[-68,8],[-25,192],[-34,5],[-16,-38],[-56,-51],[-80,-124],[-113,-36],[-56,-52],[-28,-62],[-44,-18],[-32,-60],[-63,41]],[[6949,7891],[-20,-152],[11,-53],[42,-14],[42,41],[-5,-129],[-54,-115],[17,-83],[83,25],[82,-35],[36,23],[118,-10],[148,-36],[79,12],[-2,-58],[21,-81],[-38,-42],[-43,-107],[-12,-77],[45,-84],[64,-34]],[[7563,6882],[70,-93],[40,-24],[15,-61],[35,-44],[-15,-161],[37,-246],[-3,-95],[51,-149],[24,-18],[-63,-206],[6,-70],[30,-46],[-15,-226],[-35,-31],[-67,-4],[-65,-50],[18,-58],[-44,-80],[10,-39],[-31,-27]],[[7561,5154],[-620,-516],[-43,-99],[-62,-12],[-19,-114],[-38,-11],[-199,74],[-58,29],[-74,99],[-94,-3],[-97,-28],[-26,-33],[-24,-100],[-72,-92],[-78,-11],[-49,23],[-98,-89],[-21,-88],[-5,-155],[-16,-66],[25,-76],[-141,-176],[0,-15]],[[5752,3695],[-117,73],[-66,11]],[[5569,3779],[8,57],[76,88],[66,-63],[34,71],[27,150],[2,110],[-37,125],[-53,42],[-25,126],[-35,54],[49,143],[-21,175],[9,72],[-64,36],[-33,66],[-43,144],[27,51],[5,73],[-13,101],[-23,37],[-20,200],[2,108],[-39,40],[-64,-2],[-27,54],[9,121],[-29,98],[-54,56],[-53,17],[-89,108]],[[5161,6237],[-19,155],[20,136],[16,30],[171,23],[33,16],[-20,165],[102,106],[55,-20],[23,50],[88,53],[24,-3],[82,-146],[84,40],[-20,83],[26,86],[-30,135],[1,50],[35,70],[54,15],[60,-36],[150,-23],[31,29]],[[7563,6882],[53,-26],[75,30],[63,-74],[79,11],[73,-14],[93,-44],[65,-90],[27,-104],[59,-87],[46,-39],[64,4],[34,-28],[36,-99],[11,-135],[-20,-42],[-67,-49],[20,-89],[96,-96],[34,-93],[93,-80],[38,-6],[47,-57],[148,-77],[12,-43],[58,-20],[9,-41],[62,-55],[43,-7],[15,-112],[28,-65],[50,-43],[68,-97],[109,-76],[1,-38],[-69,-183],[0,-82],[67,-85],[57,-38],[4,-56],[40,-28],[-7,-44],[-41,-43],[-17,-66],[44,38],[36,-70],[57,-38],[78,-1],[77,-59],[11,-72],[57,-6],[18,-45],[49,10],[37,-79],[73,-24],[72,-141],[-1,-69],[34,-39],[-32,-125],[14,-134],[49,-135],[64,-70],[43,-84],[-76,36],[-173,113],[-68,-13],[-50,-43],[-74,-130],[-49,9],[-32,49],[-52,6],[-27,-24],[-60,2],[-45,-32],[-44,16],[-55,102],[-76,1],[-50,37],[-22,64],[-52,22],[-27,-54],[-53,-24],[-42,43],[-46,-66],[-30,54],[-35,-25],[-26,77],[-26,-21],[-84,87],[-31,0],[-21,62],[-73,-23],[-94,-51],[-43,-142],[32,-50],[-32,-125],[-61,-26],[-75,10],[-34,-73],[-98,42],[-129,-81],[-104,11],[13,31],[-46,68],[-100,98]],[[7729,3270],[47,7],[-2,75],[52,114],[65,-16],[115,98],[19,-16],[9,65],[73,74],[55,122],[-13,75],[13,155],[62,45],[14,-33],[29,141],[-18,63],[-45,13],[-43,108],[-40,35],[-99,129],[-5,28],[53,-21],[50,33],[17,53],[46,24],[-1,51],[-51,74],[-80,80],[-68,6],[-76,-88],[-77,-24],[-54,64],[-215,350]],[[7729,3270],[-37,-39],[-27,62],[-27,-67],[29,-32],[-79,-37],[-22,-77],[-29,30],[-51,-62],[-57,14],[-85,-75],[-23,-42],[-100,3],[-61,-46],[-131,-63],[-46,-55],[-45,-20],[-16,-66],[-30,-15],[-95,54],[-73,117],[-54,-30],[-62,45],[-25,87],[-66,-4],[-2,-66],[-33,-62],[-51,15],[-74,-265],[-61,-10],[-18,-40],[17,-97],[-54,-98],[5,-47],[-40,-71],[-55,-45],[-91,-7],[-73,25],[-61,61],[-70,29]],[[5856,2274],[24,82],[1,80],[50,114],[-2,72],[-56,5],[-45,-21],[-38,9],[4,43],[-32,44],[1,44],[-52,15],[-23,40],[-58,7],[23,145],[7,120],[40,110],[-27,82],[59,68],[24,234],[-4,128]],[[3218,2435],[-29,-19],[-16,-54]],[[3173,2362],[-34,94],[22,51],[30,5],[27,-77]],[[3173,2362],[27,-47],[36,-109],[21,-141],[-1,-73],[-26,-132]],[[3230,1860],[-93,60],[-53,73],[-64,133],[4,142],[-29,89],[-88,67],[-45,100],[-51,-7],[-88,41],[-45,-25],[-35,12],[-25,53],[-37,23],[-85,-26],[-52,25],[-34,66],[-25,155],[-34,77],[-111,91],[-76,108],[-77,76],[-64,-12]],[[2023,3181],[-31,67],[93,94],[-65,139],[-88,93],[-111,-14],[-33,30],[-43,-22],[-114,-102]],[[1631,3466],[-21,158],[13,177]],[[1623,3801],[66,59],[113,182],[177,91]],[[1979,4133],[1,-75],[31,-77],[61,-14],[370,9],[30,15],[148,122],[61,64],[79,-51],[22,-59],[44,12],[28,-23],[103,7],[18,-57],[45,10],[46,-20],[-19,-59],[39,-139],[129,90],[33,98]],[[3248,3986],[40,-70],[128,-38],[25,-140],[71,-96],[35,-108],[-28,-141],[8,-55],[71,-144],[11,-118]],[[3609,3076],[-28,-47],[-44,-144],[-141,-234],[-39,-144],[-43,-64],[-66,-24],[-30,16]],[[3230,1860],[-14,-179],[25,-265],[-33,0],[-53,132],[-32,45],[-32,-36],[-57,-22],[-82,-8],[-36,-100],[-32,-7],[-20,62],[-40,32],[-77,-27],[-43,27],[-64,-27],[-25,79],[-53,23],[-86,-3],[-59,25],[-53,65],[-51,-25]],[[2313,1651],[-59,135],[-91,75],[-103,44],[-39,39],[-44,7],[-33,35],[-79,193],[-71,112]],[[1794,2291],[35,108],[65,100],[25,-6],[78,-87],[51,21],[-36,36],[-30,98],[-37,38],[-62,170],[-18,86],[0,147],[144,111],[14,68]],[[1794,2291],[-46,16],[-46,-89],[-15,-61],[-10,-145],[-117,-187],[-46,62],[-56,6],[-69,58],[-95,50],[-152,-24],[-120,-70],[-98,-93],[-31,-84],[-50,-7],[-30,41],[-150,-136]],[[663,1628],[-70,109],[-67,145],[-44,161],[50,-12],[77,40],[-45,66],[-32,14],[-14,165],[-56,157],[-48,37],[-122,125],[-47,87],[-20,160],[8,60],[-32,224]],[[201,3166],[142,-20],[87,7],[46,-65],[52,54],[40,11],[216,6],[59,54],[45,-34],[104,-3],[-20,161],[43,85],[37,-8],[13,-131],[35,-44],[74,44],[40,-49],[59,13],[358,219]],[[402,5076],[31,58],[61,62],[80,310],[34,41],[-4,67],[29,104],[88,85],[50,72],[13,58],[47,98],[54,-14],[89,7],[40,-54],[56,-13],[101,35],[38,31],[40,68],[138,43],[58,53],[68,15],[28,141],[37,4],[15,42],[56,38],[1,-85],[43,-44],[14,-100],[65,-47],[56,-99],[25,10]],[[1853,6062],[12,-124],[-38,-121],[-20,-169],[4,-107],[-46,-63],[-16,-59],[35,-126],[-1,-81],[31,-217],[65,-132],[54,-51],[28,29],[66,9],[40,-34],[3,-52],[-60,-68],[-6,-53],[-39,-1],[-16,-124],[9,-74],[-33,-28],[18,-172],[36,-111]],[[1623,3801],[-60,141],[-93,106],[-37,64],[-14,63],[-41,12],[-21,-68],[-49,-55],[-79,1],[-135,143],[-22,134],[-6,127],[-63,142],[61,122],[-27,39],[-92,-58],[-69,-65],[-46,20],[-44,-31],[-56,92],[-16,52],[-22,172],[-78,121],[-18,80],[-128,-75],[-66,-4]],[[2313,1651],[-62,-74],[-58,8],[-34,-41],[-117,-27],[-72,-36],[-19,22],[-69,7],[-31,-44],[-63,25],[-69,-16],[-55,-73],[-43,-271],[-36,-81],[20,-102],[-35,-125],[25,-138],[-216,-685],[-48,147],[-34,165],[17,87],[-16,86],[15,46],[-36,2],[-3,95],[25,88],[-51,131],[-34,-1],[-24,95],[-28,43],[-98,10],[-401,634]],[[201,3166],[3,149],[-30,94],[-65,43],[-16,33],[60,137],[17,131],[-21,112],[30,130],[-10,145],[-26,67],[-79,-16],[-64,125],[25,79],[80,116],[32,-1],[110,78],[48,91],[19,103],[88,294]],[[4186,3222],[-15,32],[-92,55],[-87,2],[-28,19],[-40,-22],[-83,-6],[-27,-49],[-104,-88],[-32,-69],[-69,-20]],[[3248,3986],[-17,162],[11,148],[93,72],[123,163],[-33,37],[-1,117],[-81,135],[-5,61]],[[3338,4881],[172,33],[47,-8],[27,-66],[60,-44],[118,19],[125,47],[50,4],[160,-29]],[[4097,4837],[9,-64],[75,-67],[15,-44],[-18,-78],[9,-60],[-16,-93],[-38,-84],[-55,-14],[-82,-112],[-11,-36],[19,-104],[-5,-57],[31,-14],[-3,-107],[-71,-86],[-61,-25],[33,-79],[325,-5],[53,-24],[-40,-135],[-9,-164],[-13,-80],[-58,-83]],[[3338,4881],[30,96],[51,43],[-2,62],[-79,69],[3,68],[-24,18],[-21,81],[-32,63],[64,138],[-21,36],[42,61],[5,52],[51,68],[-82,350],[46,86],[161,121],[-17,26],[6,153],[31,34],[0,83],[21,63],[1,185],[-30,35],[28,156],[13,15],[-9,102],[3,96]],[[3577,7241],[20,-26],[12,-84],[37,-93],[53,-71],[9,-74],[79,-122],[16,-47],[-3,-76],[19,-18],[-28,-41],[-8,-76],[15,-53],[-24,-18],[24,-46],[-24,-33],[28,-66],[22,21],[25,-37],[62,-2],[72,-94],[-13,-82],[117,-44],[22,-42],[4,-72],[30,-11],[11,-48],[53,-48],[27,-122],[73,-55],[46,-68],[61,-48]],[[4414,5545],[-6,-104],[-26,-120],[-63,-123],[-85,-116],[-38,-74],[-8,-51],[10,-152],[-45,32],[-56,0]],[[5856,2274],[-129,14],[-37,34],[-75,26],[-68,0],[-74,-56],[-59,30],[-78,16],[-46,51],[-67,-44],[-75,56],[-22,54],[-92,52],[-71,22],[-61,-30],[-145,-20],[-33,22],[-79,111]],[[4645,2612],[71,55],[59,81],[56,103],[72,65],[68,10],[17,36],[-4,139],[27,69],[-23,139],[40,108],[0,166],[22,45],[-3,68],[-32,53],[66,36],[-3,51],[27,66],[-15,68],[42,-21],[29,-51],[45,18],[34,-22],[47,29],[30,44],[29,-18],[15,33],[70,-109],[3,-63],[24,-75],[35,-44],[54,22],[22,66]],[[4645,2612],[5,86],[-53,87],[-43,107],[-64,29],[-63,94],[-66,42],[-64,68],[-86,31],[-25,66]],[[4414,5545],[65,-72],[170,-7],[38,43],[46,11],[48,56],[49,141],[74,-18],[63,45],[109,214],[45,63],[-12,93],[52,123]],[[1853,6062],[31,29],[19,66],[121,33],[16,39],[44,-10],[103,155],[104,54],[25,32],[37,-17],[28,49],[74,27],[16,32],[45,7],[106,-26],[61,6],[132,59],[336,13],[63,20],[21,103],[42,79],[107,80],[69,127],[14,49],[77,130],[39,98]],[[3583,7296],[-6,-37],[0,-18]],[[3583,7296],[40,50],[-58,81],[-91,57],[-46,78],[18,39],[81,80],[78,53],[52,-15],[73,30],[81,-33],[208,17],[127,42],[64,-6],[80,43],[89,76],[21,-33],[66,23],[26,-29],[78,0],[58,25],[60,98],[-13,54],[35,57],[97,-21],[-10,45],[79,40],[43,47]]],"bbox":[14.397700706333433,2.2360584898467812,27.44129607825564,11.00082681955975],"transform":{"scale":[0.0013044899861908398,0.0008765644894202389],"translate":[14.397700706333433,2.2360584898467812]},"title":"Central African Republic","version":"2.0.1","copyright":"Copyright (c) 2022 Highsoft AS, Based on data from Natural Earth","copyrightShort":"Natural Earth","copyrightUrl":"http://www.naturalearthdata.com"}