{"title":"Barbados","version":"2.0.1","type":"FeatureCollection","copyright":"Copyright (c) 2022 Highsoft AS, Based on data from Natural Earth","copyrightShort":"Natural Earth","copyrightUrl":"http://www.naturalearthdata.com","crs":{"type":"name","properties":{"name":"urn:ogc:def:crs:EPSG:21292"}},"hc-transform":{"default":{"crs":"+proj=tmerc +lat_0=13.17638888888889 +lon_0=-59.55972222222222 +k=0.9999986 +x_0=30000 +y_0=75000 +ellps=clrk80 +towgs84=31.95,300.99,419.19,0,0,0,0 +units=m +no_defs","scale":0.0215669973812,"jsonres":15.5,"jsonmarginX":-999,"jsonmarginY":9851.0,"xoffset":19582.3649858,"yoffset":93295.6143773}},
"features":[{"type":"Feature","id":"BB.MI","properties":{"hc-group":"admin1","hc-middle-x":0.55,"hc-middle-y":0.57,"hc-key":"bb-mi","hc-a2":"MI","labelrank":"10","hasc":"BB.MI","alt-name":null,"woe-id":"2344737","subregion":null,"fips":"BB08","postal-code":"MI","name":"Saint Michael","country":"Barbados","type-en":"Parish","region":null,"longitude":"-59.6047","woe-name":"Saint Michael","latitude":"13.118","woe-label":"Saint Michael, BB, Barbados","type":"Parish"},"geometry":{"type":"Polygon","coordinates":[[[954,220],[954,220],[668,240],[181,584],[-237,1396],[-508,2346],[-506,2347],[-406,2354],[-220,2180],[-175,2153],[-173,2161],[-99,2205],[79,2283],[145,2333],[177,2367],[562,2665],[1142,2784],[1194,2807],[1431,3074],[2034,1110],[2088,865],[2093,815],[2077,813],[954,220]]]}},{"type":"Feature","id":"BB.PE","properties":{"hc-group":"admin1","hc-middle-x":0.34,"hc-middle-y":0.58,"hc-key":"bb-pe","hc-a2":"PE","labelrank":"10","hasc":"BB.PE","alt-name":null,"woe-id":"2344738","subregion":null,"fips":"BB09","postal-code":"PE","name":"Saint Peter","country":"Barbados","type-en":"Parish","region":null,"longitude":"-59.6109","woe-name":"Saint Peter","latitude":"13.2679","woe-label":"Saint Peter, BB, Barbados","type":"Parish"},"geometry":{"type":"Polygon","coordinates":[[[-877,5942],[-953,7237],[-952,7237],[-810,7268],[-140,7715],[1804,8345],[1837,8366],[1837,8366],[2089,7821],[2089,7821],[2027,7799],[1816,7791],[1766,7802],[1762,7806],[1754,7806],[1694,7753],[1673,7751],[1656,7753],[1644,7762],[1631,7764],[1612,7770],[1594,7780],[1542,7764],[1459,7716],[1305,7567],[1219,7533],[1165,7527],[1144,7543],[1131,7546],[1122,7545],[1109,7543],[1099,7543],[1071,7546],[1054,7545],[1039,7541],[1020,7535],[1003,7535],[973,7545],[947,7554],[925,7566],[914,7577],[903,7581],[893,7585],[883,7581],[871,7573],[849,7566],[815,7405],[767,7310],[745,6062],[-40,6167],[-648,5882],[-875,5942],[-877,5942]]]}},{"type":"Feature","id":"BB.AN","properties":{"hc-group":"admin1","hc-middle-x":0.38,"hc-middle-y":0.42,"hc-key":"bb-an","hc-a2":"AN","labelrank":"10","hasc":"BB.AN","alt-name":null,"woe-id":"2344731","subregion":null,"fips":"BB02","postal-code":"AN","name":"Saint Andrew","country":"Barbados","type-en":"Parish","region":null,"longitude":"-59.5759","woe-name":"Saint Andrew","latitude":"13.2551","woe-label":"Saint Andrew, BB, Barbados","type":"Parish"},"geometry":{"type":"Polygon","coordinates":[[[2089,7821],[2783,6323],[2927,6125],[2926,6124],[2842,6105],[2384,5889],[2275,5861],[2230,5882],[2219,5891],[2207,5910],[2198,5918],[2188,5924],[2175,5926],[2160,5924],[2140,5918],[2027,5736],[1653,4869],[1487,5087],[1358,5135],[926,5110],[745,6062],[767,7310],[815,7405],[849,7566],[871,7573],[883,7581],[893,7585],[903,7581],[914,7577],[925,7566],[947,7554],[973,7545],[1003,7535],[1020,7535],[1039,7541],[1054,7545],[1071,7546],[1099,7543],[1109,7543],[1122,7545],[1131,7546],[1144,7543],[1165,7527],[1219,7533],[1305,7567],[1459,7716],[1542,7764],[1594,7780],[1612,7770],[1631,7764],[1644,7762],[1656,7753],[1673,7751],[1694,7753],[1754,7806],[1762,7806],[1766,7802],[1816,7791],[2027,7799],[2089,7821],[2089,7821]]]}},{"type":"Feature","id":"BB.PH","properties":{"hc-group":"admin1","hc-middle-x":0.53,"hc-middle-y":0.46,"hc-key":"bb-ph","hc-a2":"PH","labelrank":"10","hasc":"BB.PH","alt-name":null,"woe-id":"2344739","subregion":null,"fips":"BB10","postal-code":"PH","name":"Saint Philip","country":"Barbados","type-en":"Parish","region":null,"longitude":"-59.47","woe-name":"Saint Philip","latitude":"13.1368","woe-label":"Saint Philip, BB, Barbados","type":"Parish"},"geometry":{"type":"Polygon","coordinates":[[[5759,4008],[6142,3883],[6812,3577],[7237,3041],[7124,1767],[6193,809],[5467,308],[5466,308],[5290,552],[5197,598],[4990,678],[4929,697],[4894,724],[4895,739],[4849,842],[4637,1205],[4626,1234],[4567,1637],[4505,1737],[4452,1790],[4113,1895],[4272,2499],[4756,3136],[5015,3239],[5260,3392],[5307,3438],[5703,3920],[5759,4008],[5759,4008]]]}},{"type":"Feature","id":"BB.CC","properties":{"hc-group":"admin1","hc-middle-x":0.59,"hc-middle-y":0.50,"hc-key":"bb-cc","hc-a2":"CC","labelrank":"10","hasc":"BB.CC","alt-name":null,"woe-id":"2344730","subregion":null,"fips":"BB01","postal-code":"CC","name":"Christ Church","country":"Barbados","type-en":"Parish","region":null,"longitude":"-59.538","woe-name":"Christ Church","latitude":"13.0873","woe-label":"Christ Church, BB, Barbados","type":"Parish"},"geometry":{"type":"Polygon","coordinates":[[[5466,308],[5040,14],[4267,-772],[3983,-806],[3751,-803],[3527,-842],[3279,-999],[2922,-388],[2252,-6],[1438,185],[954,220],[2077,813],[2093,815],[2088,865],[2034,1110],[4113,1895],[4452,1790],[4505,1737],[4567,1637],[4626,1234],[4637,1205],[4849,842],[4895,739],[4894,724],[4929,697],[4990,678],[5197,598],[5290,552],[5467,308],[5466,308]]]}},{"type":"Feature","id":"BB.TH","properties":{"hc-group":"admin1","hc-middle-x":0.45,"hc-middle-y":0.46,"hc-key":"bb-th","hc-a2":"TH","labelrank":"10","hasc":"BB.TH","alt-name":null,"woe-id":"2344740","subregion":null,"fips":"BB11","postal-code":"TH","name":"Saint Thomas","country":"Barbados","type-en":"Parish","region":null,"longitude":"-59.5898","woe-name":"Saint Thomas","latitude":"13.1877","woe-label":"Saint Thomas, BB, Barbados","type":"Parish"},"geometry":{"type":"Polygon","coordinates":[[[1431,3074],[1194,2807],[1142,2784],[562,2665],[351,3575],[112,3847],[65,3873],[47,3893],[57,3900],[65,3919],[78,3954],[87,3967],[100,3977],[138,3988],[175,4061],[226,4183],[322,4600],[343,4665],[411,4689],[427,4701],[434,4703],[455,4703],[461,4707],[468,4707],[476,4710],[489,4718],[529,4752],[534,4752],[540,4754],[552,4760],[558,4764],[582,4779],[590,4785],[599,4787],[612,4787],[621,4785],[627,4785],[638,4783],[644,4785],[653,4793],[661,4800],[664,4802],[672,4800],[677,4796],[731,4848],[926,5110],[1358,5135],[1487,5087],[1653,4869],[2164,4550],[2215,4504],[2312,4387],[2620,3768],[2359,3455],[2286,3411],[1431,3074]]]}},{"type":"Feature","id":"BB.GE","properties":{"hc-group":"admin1","hc-middle-x":0.50,"hc-middle-y":0.46,"hc-key":"bb-ge","hc-a2":"GE","labelrank":"10","hasc":"BB.GE","alt-name":null,"woe-id":"2344732","subregion":null,"fips":"BB03","postal-code":"GE","name":"Saint George","country":"Barbados","type-en":"Parish","region":null,"longitude":"-59.5479","woe-name":"Saint George","latitude":"13.1489","woe-label":"Saint George, BB, Barbados","type":"Parish"},"geometry":{"type":"Polygon","coordinates":[[[4113,1895],[2034,1110],[1431,3074],[2286,3411],[2359,3455],[2620,3768],[3106,3856],[3130,3858],[3891,3158],[3963,3078],[4272,2499],[4113,1895]]]}},{"type":"Feature","id":"BB.JM","properties":{"hc-group":"admin1","hc-middle-x":0.51,"hc-middle-y":0.24,"hc-key":"bb-jm","hc-a2":"JM","labelrank":"10","hasc":"BB.JM","alt-name":null,"woe-id":"2344733","subregion":null,"fips":"BB04","postal-code":"JM","name":"Saint James","country":"Barbados","type-en":"Parish","region":null,"longitude":"-59.6259","woe-name":"Saint James","latitude":"13.192","woe-label":"Saint James, BB, Barbados","type":"Parish"},"geometry":{"type":"Polygon","coordinates":[[[745,6062],[926,5110],[731,4848],[677,4796],[672,4800],[664,4802],[661,4800],[653,4793],[644,4785],[638,4783],[627,4785],[621,4785],[612,4787],[599,4787],[590,4785],[582,4779],[558,4764],[552,4760],[540,4754],[534,4752],[529,4752],[489,4718],[476,4710],[468,4707],[461,4707],[455,4703],[434,4703],[427,4701],[411,4689],[343,4665],[322,4600],[226,4183],[175,4061],[138,3988],[100,3977],[87,3967],[78,3954],[65,3919],[57,3900],[47,3893],[65,3873],[112,3847],[351,3575],[562,2665],[177,2367],[145,2333],[79,2283],[-99,2205],[-173,2161],[-175,2153],[-220,2180],[-406,2354],[-506,2347],[-508,2346],[-706,3040],[-877,5942],[-875,5942],[-648,5882],[-40,6167],[745,6062]]]}},{"type":"Feature","id":"BB.JN","properties":{"hc-group":"admin1","hc-middle-x":0.41,"hc-middle-y":0.46,"hc-key":"bb-jn","hc-a2":"JN","labelrank":"10","hasc":"BB.JN","alt-name":null,"woe-id":"2344734","subregion":null,"fips":"BB05","postal-code":"JN","name":"Saint John","country":"Barbados","type-en":"Parish","region":null,"longitude":"-59.5039","woe-name":"Saint John","latitude":"13.1795","woe-label":"Saint John, BB, Barbados","type":"Parish"},"geometry":{"type":"Polygon","coordinates":[[[4272,2499],[3963,3078],[3891,3158],[3130,3858],[3164,4437],[3172,4489],[3190,4557],[3222,4557],[3237,4559],[3253,4563],[3847,5115],[3933,5153],[3933,5153],[4884,4429],[5433,4113],[5759,4008],[5759,4008],[5703,3920],[5307,3438],[5260,3392],[5015,3239],[4756,3136],[4272,2499]]]}},{"type":"Feature","id":"BB.JS","properties":{"hc-group":"admin1","hc-middle-x":0.48,"hc-middle-y":0.45,"hc-key":"bb-js","hc-a2":"JS","labelrank":"10","hasc":"BB.JS","alt-name":null,"woe-id":"2344735","subregion":null,"fips":"BB06","postal-code":"JS","name":"Saint Joseph","country":"Barbados","type-en":"Parish","region":null,"longitude":"-59.5495","woe-name":"Saint Joseph","latitude":"13.2118","woe-label":"Saint Joseph, BB, Barbados","type":"Parish"},"geometry":{"type":"Polygon","coordinates":[[[3847,5115],[3253,4563],[3237,4559],[3222,4557],[3190,4557],[3172,4489],[3164,4437],[3130,3858],[3106,3856],[2620,3768],[2312,4387],[2215,4504],[2164,4550],[1653,4869],[2027,5736],[2140,5918],[2160,5924],[2175,5926],[2188,5924],[2198,5918],[2207,5910],[2219,5891],[2230,5882],[2275,5861],[2384,5889],[2842,6105],[2926,6124],[2927,6125],[3261,5666],[3933,5153],[3933,5153],[3847,5115]]]}},{"type":"Feature","id":"BB.LU","properties":{"hc-group":"admin1","hc-middle-x":0.46,"hc-middle-y":0.43,"hc-key":"bb-lu","hc-a2":"LU","labelrank":"10","hasc":"BB.LU","alt-name":null,"woe-id":"2344736","subregion":null,"fips":"BB07","postal-code":"LU","name":"Saint Lucy","country":"Barbados","type-en":"Parish","region":null,"longitude":"-59.615","woe-name":"Saint Lucy","latitude":"13.3177","woe-label":"Saint Lucy, BB, Barbados","type":"Parish"},"geometry":{"type":"Polygon","coordinates":[[[-953,7237],[-999,8023],[-927,8596],[-670,9081],[-155,9607],[499,9851],[1165,9490],[1663,8740],[1837,8366],[1804,8345],[-140,7715],[-810,7268],[-952,7237],[-953,7237]]]}}]}