{"type":"Topology","objects":{"default":{"type":"GeometryCollection","geometries":[{"type":"MultiPolygon","arcs":[[[0]],[[1,2,3,4,5]]],"id":"BR.SP","properties":{"hc-group":"admin1","hc-middle-x":0.43,"hc-middle-y":0.34,"hc-key":"br-sp","hc-a2":"SP","labelrank":"2","hasc":"BR.SP","alt-name":null,"woe-id":"2344868","subregion":null,"fips":"BR32","postal-code":"SP","name":"São Paulo","country":"Brazil","type-en":"State","region":null,"longitude":"-48.5206","woe-name":"São Paulo","latitude":"-22.2267","woe-label":"Sao Paulo, BR, Brazil","type":"Estado"}},{"type":"MultiPolygon","arcs":[[[6]],[[7,8,9,10]]],"id":"BR.MA","properties":{"hc-group":"admin1","hc-middle-x":0.51,"hc-middle-y":0.42,"hc-key":"br-ma","hc-a2":"MA","labelrank":"2","hasc":"BR.MA","alt-name":"São Luíz de Maranhão","woe-id":"2344854","subregion":null,"fips":"BR13","postal-code":"MA","name":"Maranhão","country":"Brazil","type-en":"State","region":null,"longitude":"-45.389","woe-name":"Maranhão","latitude":"-5.01897","woe-label":"Maranhao, BR, Brazil","type":"Estado"}},{"type":"MultiPolygon","arcs":[[[11]],[[12]],[[13]],[[14]],[[15]],[[16]],[[17]],[[18]],[[19]],[[20]],[[21]],[[-10,22,23,24,25,26,27,28]]],"id":"BR.PA","properties":{"hc-group":"admin1","hc-middle-x":0.39,"hc-middle-y":0.55,"hc-key":"br-pa","hc-a2":"PA","labelrank":"2","hasc":"BR.PA","alt-name":null,"woe-id":"2344857","subregion":null,"fips":"BR16","postal-code":"PA","name":"Pará","country":"Brazil","type-en":"State","region":null,"longitude":"-52.6491","woe-name":"Pará","latitude":"-4.44313","woe-label":"Para, BR, Brazil","type":"Estado"}},{"type":"MultiPolygon","arcs":[[[29]],[[30]],[[31,32,33,34]]],"id":"BR.SC","properties":{"hc-group":"admin1","hc-middle-x":0.73,"hc-middle-y":0.33,"hc-key":"br-sc","hc-a2":"SC","labelrank":"2","hasc":"BR.SC","alt-name":"Santa Catharina","woe-id":"2344867","subregion":null,"fips":"BR26","postal-code":"SC","name":"Santa Catarina","country":"Brazil","type-en":"State","region":null,"longitude":"-51.1586","woe-name":"Santa Catarina","latitude":"-27.0392","woe-label":"Santa Catarina, BR, Brazil","type":"Estado"}},{"type":"MultiPolygon","arcs":[[[35]],[[36,37,38,39,40,41,42,43,44]]],"id":"BR.BA","properties":{"hc-group":"admin1","hc-middle-x":0.56,"hc-middle-y":0.35,"hc-key":"br-ba","hc-a2":"BA","labelrank":"2","hasc":"BR.BA","alt-name":"Ba¡a","woe-id":"2344848","subregion":null,"fips":"BR05","postal-code":"BA","name":"Bahia","country":"Brazil","type-en":"State","region":null,"longitude":"-41.8027","woe-name":"Bahia","latitude":"-12.3651","woe-label":"Bahia, BR, Brazil","type":"Estado"}},{"type":"MultiPolygon","arcs":[[[45]],[[46]],[[-28,47]]],"id":"BR.AP","properties":{"hc-group":"admin1","hc-middle-x":0.61,"hc-middle-y":0.58,"hc-key":"br-ap","hc-a2":"AP","labelrank":"2","hasc":"BR.AP","alt-name":null,"woe-id":"2344846","subregion":null,"fips":"BR03","postal-code":"AP","name":"Amapá","country":"Brazil","type-en":"State","region":null,"longitude":"-51.6842","woe-name":"Amapá","latitude":"1.41157","woe-label":"Amapa, BR, Brazil","type":"Estado"}},{"type":"Polygon","arcs":[[48,49,50,51,-2,52]],"id":"BR.MS","properties":{"hc-group":"admin1","hc-middle-x":0.46,"hc-middle-y":0.47,"hc-key":"br-ms","hc-a2":"MS","labelrank":"2","hasc":"BR.MS","alt-name":null,"woe-id":"2344853","subregion":null,"fips":"BR11","postal-code":"MS","name":"Mato Grosso do Sul","country":"Brazil","type-en":"State","region":null,"longitude":"-54.5502","woe-name":"Mato Grosso do Sul","latitude":"-20.6756","woe-label":"Mato Grosso do Sul, BR, Brazil","type":"Estado"}},{"type":"Polygon","arcs":[[-52,53,54,55,-37,56,57,-3]],"id":"BR.MG","properties":{"hc-group":"admin1","hc-middle-x":0.6,"hc-middle-y":0.45,"hc-key":"br-mg","hc-a2":"MG","labelrank":"2","hasc":"BR.MG","alt-name":"Minas|Minas Geraes","woe-id":"2344856","subregion":null,"fips":"BR15","postal-code":"MG","name":"Minas Gerais","country":"Brazil","type-en":"State","region":null,"longitude":"-44.4808","woe-name":"Minas Gerais","latitude":"-18.5895","woe-label":"Minas Gerais, BR, Brazil","type":"Estado"}},{"type":"Polygon","arcs":[[-51,58,59,-38,-56,60,-54]],"id":"BR.GO","properties":{"hc-group":"admin1","hc-middle-x":0.51,"hc-middle-y":0.54,"hc-key":"br-go","hc-a2":"GO","labelrank":"2","hasc":"BR.GO","alt-name":"Goiáz|Goyáz","woe-id":"2344852","subregion":null,"fips":"BR29","postal-code":"GO","name":"Goiás","country":"Brazil","type-en":"State","region":null,"longitude":"-49.5786","woe-name":"Goiás","latitude":"-15.863","woe-label":"Goias, BR, Brazil","type":"Estado"}},{"type":"Polygon","arcs":[[61,-33]],"id":"BR.RS","properties":{"hc-group":"admin1","hc-middle-x":0.52,"hc-middle-y":0.36,"hc-key":"br-rs","hc-a2":"RS","labelrank":"2","hasc":"BR.RS","alt-name":null,"woe-id":"2344864","subregion":null,"fips":"BR23","postal-code":"RS","name":"Rio Grande do Sul","country":"Brazil","type-en":"State","region":null,"longitude":"-53.656","woe-name":"Rio Grande do Sul","latitude":"-29.7277","woe-label":"Rio Grande do Sul, BR, Brazil","type":"Estado"}},{"type":"Polygon","arcs":[[62,-39,-60,63,-23,-9]],"id":"BR.TO","properties":{"hc-group":"admin1","hc-middle-x":0.47,"hc-middle-y":0.58,"hc-key":"br-to","hc-a2":"TO","labelrank":"2","hasc":"BR.TO","alt-name":null,"woe-id":"2344870","subregion":null,"fips":"BR31","postal-code":"TO","name":"Tocantins","country":"Brazil","type-en":"State","region":null,"longitude":"-48.2502","woe-name":"Tocantins","latitude":"-10.223","woe-label":"Tocantins, BR, Brazil","type":"Estado"}},{"type":"Polygon","arcs":[[-63,-8,64,65,66,-40]],"id":"BR.PI","properties":{"hc-group":"admin1","hc-middle-x":0.51,"hc-middle-y":0.66,"hc-key":"br-pi","hc-a2":"PI","labelrank":"2","hasc":"BR.PI","alt-name":"Piauhy","woe-id":"2344861","subregion":null,"fips":"BR20","postal-code":"PI","name":"Piauí","country":"Brazil","type-en":"State","region":null,"longitude":"-43.1974","woe-name":"Piauí","latitude":"-8.086980000000001","woe-label":"Piaui, BR, Brazil","type":"Estado"}},{"type":"Polygon","arcs":[[67,68,-42,69]],"id":"BR.AL","properties":{"hc-group":"admin1","hc-middle-x":0.62,"hc-middle-y":0.61,"hc-key":"br-al","hc-a2":"AL","labelrank":"2","hasc":"BR.AL","alt-name":null,"woe-id":"2344845","subregion":null,"fips":"BR02","postal-code":"AL","name":"Alagoas","country":"Brazil","type-en":"State","region":null,"longitude":"-36.6917","woe-name":"Alagoas","latitude":"-9.773910000000001","woe-label":"Alagoas, BR, Brazil","type":"Estado"}},{"type":"Polygon","arcs":[[70,71,72,73]],"id":"BR.PB","properties":{"hc-group":"admin1","hc-middle-x":0.73,"hc-middle-y":0.46,"hc-key":"br-pb","hc-a2":"PB","labelrank":"2","hasc":"BR.PB","alt-name":"Parahyba","woe-id":"2344858","subregion":null,"fips":"BR17","postal-code":"PB","name":"Paraíba","country":"Brazil","type-en":"State","region":null,"longitude":"-36.2726","woe-name":"Paraíba","latitude":"-7.34234","woe-label":"Paraiba, BR, Brazil","type":"Estado"}},{"type":"Polygon","arcs":[[-73,74,-66,75,76]],"id":"BR.CE","properties":{"hc-group":"admin1","hc-middle-x":0.42,"hc-middle-y":0.43,"hc-key":"br-ce","hc-a2":"CE","labelrank":"2","hasc":"BR.CE","alt-name":null,"woe-id":"2344849","subregion":null,"fips":"BR06","postal-code":"CE","name":"Ceará","country":"Brazil","type-en":"State","region":null,"longitude":"-39.3429","woe-name":"Ceará","latitude":"-5.37602","woe-label":"Ceara, BR, Brazil","type":"Estado"}},{"type":"Polygon","arcs":[[77,-43,-69]],"id":"BR.SE","properties":{"hc-group":"admin1","hc-middle-x":0.6,"hc-middle-y":0.73,"hc-key":"br-se","hc-a2":"SE","labelrank":"2","hasc":"BR.SE","alt-name":null,"woe-id":"2344869","subregion":null,"fips":"BR28","postal-code":"SE","name":"Sergipe","country":"Brazil","type-en":"State","region":null,"longitude":"-37.3836","woe-name":"Sergipe","latitude":"-10.5918","woe-label":"Sergipe, BR, Brazil","type":"Estado"}},{"type":"Polygon","arcs":[[78,-26,79]],"id":"BR.RR","properties":{"hc-group":"admin1","hc-middle-x":0.59,"hc-middle-y":0.51,"hc-key":"br-rr","hc-a2":"RR","labelrank":"2","hasc":"BR.RR","alt-name":"Rio Branco","woe-id":"2344866","subregion":null,"fips":"BR25","postal-code":"RR","name":"Roraima","country":"Brazil","type-en":"State","region":null,"longitude":"-61.3325","woe-name":"Roraima","latitude":"1.93803","woe-label":"Roraima, BR, Brazil","type":"Estado"}},{"type":"Polygon","arcs":[[-70,-41,-67,-75,-72,80]],"id":"BR.PE","properties":{"hc-group":"admin1","hc-middle-x":0.55,"hc-middle-y":0.52,"hc-key":"br-pe","hc-a2":"PE","labelrank":"2","hasc":"BR.PE","alt-name":"Pernambouc","woe-id":"2344860","subregion":null,"fips":"BR30","postal-code":"PE","name":"Pernambuco","country":"Brazil","type-en":"State","region":null,"longitude":"-37.2958","woe-name":"Pernambuco","latitude":"-8.47283","woe-label":"Pernambuco, BR, Brazil","type":"Estado"}},{"type":"Polygon","arcs":[[81,-53,-6,82,-35]],"id":"BR.PR","properties":{"hc-group":"admin1","hc-middle-x":0.45,"hc-key":"br-pr","hc-a2":"PR","labelrank":"2","hasc":"BR.PR","alt-name":null,"woe-id":"2344859","subregion":null,"fips":"BR18","postal-code":"PR","name":"Paraná","country":"Brazil","type-en":"State","region":null,"longitude":"-51.3228","woe-name":"Paraná","latitude":"-24.6618","woe-label":"Parana, BR, Brazil","type":"Estado"}},{"type":"Polygon","arcs":[[-57,-45,83,84]],"id":"BR.ES","properties":{"hc-group":"admin1","hc-middle-x":0.35,"hc-middle-y":0.81,"hc-key":"br-es","hc-a2":"ES","labelrank":"2","hasc":"BR.ES","alt-name":"Espiritu Santo","woe-id":"2344851","subregion":null,"fips":"BR08","postal-code":"ES","name":"Espírito Santo","country":"Brazil","type-en":"State","region":null,"longitude":"-40.5436","woe-name":"Espírito Santo","latitude":"-19.6916","woe-label":"Espirito Santo, BR, Brazil","type":"Estado"}},{"type":"Polygon","arcs":[[-4,-58,-85,85]],"id":"BR.RJ","properties":{"hc-group":"admin1","hc-middle-x":0.72,"hc-middle-y":0.56,"hc-key":"br-rj","hc-a2":"RJ","labelrank":"2","hasc":"BR.RJ","alt-name":null,"woe-id":"2344862","subregion":null,"fips":"BR21","postal-code":"RJ","name":"Rio de Janeiro","country":"Brazil","type-en":"State","region":null,"longitude":"-43.1152","woe-name":"Rio de Janeiro","latitude":"-22.4049","woe-label":"Rio de Janeiro, BR, Brazil","type":"Estado"}},{"type":"Polygon","arcs":[[-77,86,-74]],"id":"BR.RN","properties":{"hc-group":"admin1","hc-middle-x":0.53,"hc-middle-y":0.53,"hc-key":"br-rn","hc-a2":"RN","labelrank":"2","hasc":"BR.RN","alt-name":null,"woe-id":"2344863","subregion":null,"fips":"BR22","postal-code":"RN","name":"Rio Grande do Norte","country":"Brazil","type-en":"State","region":null,"longitude":"-36.5472","woe-name":"Rio Grande do Norte","latitude":"-5.66157","woe-label":"Rio Grande do Norte, BR, Brazil","type":"Estado"}},{"type":"Polygon","arcs":[[-80,-25,87,88,89,90]],"id":"BR.AM","properties":{"hc-group":"admin1","hc-middle-x":0.56,"hc-middle-y":0.56,"hc-key":"br-am","hc-a2":"AM","labelrank":"2","hasc":"BR.AM","alt-name":"Amazone","woe-id":"2344847","subregion":null,"fips":"BR04","postal-code":"AM","name":"Amazonas","country":"Brazil","type-en":"State","region":null,"longitude":"-63.7853","woe-name":"Amazonas","latitude":"-4.21774","woe-label":"Amazonas, BR, Brazil","type":"Estado"}},{"type":"Polygon","arcs":[[-24,-64,-59,-50,91,92,-88]],"id":"BR.MT","properties":{"hc-group":"admin1","hc-middle-x":0.49,"hc-middle-y":0.55,"hc-key":"br-mt","hc-a2":"MT","labelrank":"2","hasc":"BR.MT","alt-name":"Matto Grosso","woe-id":"2344855","subregion":null,"fips":"BR14","postal-code":"MT","name":"Mato Grosso","country":"Brazil","type-en":"State","region":null,"longitude":"-55.9235","woe-name":"Mato Grosso","latitude":"-13.3926","woe-label":"Mato Grosso, BR, Brazil","type":"Estado"}},{"type":"Polygon","arcs":[[-61]],"id":"BR.DF","properties":{"hc-group":"admin1","hc-middle-x":0.89,"hc-middle-y":0.52,"hc-key":"br-df","hc-a2":"DF","labelrank":"7","hasc":"BR.DF","alt-name":null,"woe-id":"2344850","subregion":null,"fips":"BR07","postal-code":"DF","name":"Distrito Federal","country":"Brazil","type-en":"Federal District","region":null,"longitude":"-47.7902","woe-name":"Distrito Federal","latitude":"-15.7665","woe-label":"Distrito Federal, BR, Brazil","type":"Distrito Federal"}},{"type":"Polygon","arcs":[[93,-90,94]],"id":"BR.AC","properties":{"hc-group":"admin1","hc-middle-x":0.49,"hc-middle-y":0.52,"hc-key":"br-ac","hc-a2":"AC","labelrank":"2","hasc":"BR.","alt-name":null,"woe-id":"2344844","subregion":null,"fips":"BR01","postal-code":"AC","name":"Acre","country":"Brazil","type-en":"State","region":null,"longitude":"-70.2976","woe-name":"Acre","latitude":"-8.9285","woe-label":"Acre, BR, Brazil","type":"Estado"}},{"type":"Polygon","arcs":[[95,-95,-89,-93]],"id":"BR.RO","properties":{"hc-group":"admin1","hc-middle-x":0.59,"hc-middle-y":0.58,"hc-key":"br-ro","hc-a2":"RO","labelrank":"2","hasc":"BR.","alt-name":"Guaporé","woe-id":"2344865","subregion":"Guaporé","fips":"BR24","postal-code":"RO","name":"Rondônia","country":"Brazil","type-en":"State","region":null,"longitude":"-63.1439","woe-name":"Rondônia","latitude":"-10.9712","woe-label":"Rondonia, BR, Brazil","type":"Estado"}}],"hc-recommended-transform":{"default":{"crs":"+proj=poly +lat_0=0 +lon_0=-54 +x_0=5000000 +y_0=10000000 +ellps=aust_SA +towgs84=-57,1,-41,0,0,0,0 +units=m +no_defs","scale":0.000161701268187,"jsonres":15.5,"jsonmarginX":-999,"jsonmarginY":9851,"xoffset":2791531.40873,"yoffset":10585904.489}}}},"arcs":[[[7340,2556],[-7,-33],[-33,-10],[-16,16],[31,38],[25,-11]],[[5316,2830],[51,62],[32,10],[42,33],[40,18],[38,31],[14,41],[41,51],[28,19],[-16,29],[61,54],[-2,44],[62,76],[3,45],[75,86],[49,17],[36,50]],[[5870,3496],[31,27],[55,21],[25,28],[34,3],[22,-20],[117,-16],[85,2],[41,-14],[28,3],[-4,-50],[19,-33],[17,0],[27,38],[18,-22],[1,-44],[26,-1],[-5,38],[11,24],[159,13],[37,-9],[22,32],[16,-23],[13,28],[41,8],[15,-14],[47,18],[8,-20],[52,-44],[-15,-56],[36,-26],[11,-27],[-26,-45],[-3,-27],[20,-17],[5,-39],[18,-16],[14,-53],[48,11],[78,-26],[3,-16],[-44,-75],[12,-43],[-21,-21],[26,-18],[-25,-49],[15,-22],[65,-31],[-22,-38],[27,-17],[1,-25],[56,-11],[59,17],[14,-10],[28,16],[-15,25],[40,29],[30,-16],[30,1],[90,47],[58,15]],[[7441,2906],[15,-5],[35,-45],[24,-5],[83,7],[13,-27],[-28,-31],[-51,-8],[-82,-36],[-2,-38],[-15,-18],[34,-37]],[[7467,2663],[-42,3],[-40,-23],[-5,-22],[-20,7],[-14,-22],[-24,0],[-35,-23],[8,-40],[-117,17],[-72,-23],[-6,-35],[-44,3],[-64,-31],[-96,-54],[-8,-28],[-47,-31],[-93,-54],[-60,-47],[-26,-29],[15,37],[-27,-36],[12,-6],[-16,-37],[-34,-27]],[[6612,2162],[13,20],[-30,2],[-20,53],[-47,14],[-25,-32],[-14,7],[6,63],[14,17],[-33,17],[-42,-5],[-63,17],[-15,-15],[-53,6],[-4,35],[21,49],[-46,65],[-49,57],[12,39],[-25,53],[9,25],[-5,38],[-23,39],[-47,18],[-16,32],[-81,-11],[-86,8],[-40,-5],[-24,31],[-59,14],[-62,30],[-49,-9],[-84,19],[-48,23],[-39,-32],[-186,19],[-56,-33]],[[7521,7925],[5,-32],[-25,-29],[13,82],[7,-21]],[[8203,7940],[0,-69],[-41,-51],[-55,-51],[-61,-12],[-11,7],[-45,-64],[3,-22],[-18,-35],[-64,-81],[9,-39],[23,-27],[-23,-42],[0,-30],[25,-40],[12,-58],[-6,-39],[-56,-73],[-13,-6],[6,-111],[29,-34],[29,-17],[-2,-59],[-15,-47],[-16,-20],[-56,-3],[-66,-22],[-56,36],[-92,-17],[-56,-61],[-12,-27],[-37,-9],[-67,-65],[-27,10],[-52,-33],[-70,-17],[-45,-30],[-17,-50],[-9,-73],[-41,-72],[-21,-68],[-28,-23],[-14,-36],[20,-64],[3,-38],[25,-34],[-11,-19],[-5,-120],[-24,-45],[2,-36]],[[7157,6004],[-36,29],[-67,9],[-31,42],[-9,38],[-42,28],[34,50],[-6,14],[-49,23],[-19,26],[-5,36],[-24,25],[-35,9],[44,52],[6,64],[23,37],[74,10],[-10,21],[20,64],[-7,26],[-21,15],[-76,-13],[-37,-22],[-35,48],[-49,51],[-39,53],[-3,44],[-34,-7],[-25,29],[26,9],[32,39],[7,79],[20,56],[9,63],[-14,33],[3,60],[-17,33],[4,40],[-18,27],[-47,22],[-30,3],[-6,27],[-34,11],[-40,-6],[-47,24],[-41,-5],[-28,-37],[-29,-7]],[[6449,7276],[-2,5],[237,189],[37,-2],[19,15],[32,53],[19,17],[23,50],[58,61],[10,63],[20,51],[31,18],[40,60],[6,51],[17,11],[-23,29],[61,59],[4,69],[28,16],[22,63],[0,32],[-25,19],[28,14],[1,49],[29,71]],[[7121,8339],[31,37],[-9,-35],[24,7],[34,-23],[13,33],[17,-35],[-6,-24],[34,25],[4,-38],[15,12],[-5,-35],[46,46],[3,-23],[-18,-14],[11,-71],[25,17],[6,40],[29,16],[34,-10],[22,21],[-11,-33],[28,-40],[71,-36],[5,-48],[-48,-60],[16,-1],[34,31],[25,-12],[9,-30],[-8,-23],[-29,10],[-1,-27],[-30,-59],[-13,-80],[15,-10],[-41,-38],[0,-13],[36,20],[53,57],[17,102],[76,39],[5,-40],[-22,-29],[-51,-30],[38,7],[-3,-28],[21,28],[14,-5],[13,36],[22,23],[41,5],[-12,19],[18,10],[14,39],[20,2],[-6,-27],[45,-50],[11,25],[-11,30],[36,-2],[154,-55],[65,-49],[49,-1],[6,-19],[39,8],[36,-9],[-18,24],[-23,-7],[-37,8],[3,15],[33,-22],[4,22],[64,-22]],[[6576,8386],[-23,18],[31,34],[8,-25],[-16,-27]],[[5912,8500],[-4,-35],[-64,-28],[8,39],[60,24]],[[5811,8506],[19,-20],[-35,-102],[-11,6],[-26,-46],[-90,-67],[-27,-9],[-16,16],[21,46],[52,48],[-2,54],[43,61],[50,23],[22,-10]],[[5773,8531],[28,62],[25,20],[5,-32],[-14,-20],[-44,-30]],[[5895,8571],[-36,17],[23,58],[46,14],[35,-33],[-68,-56]],[[6254,8667],[35,-21],[-23,-28],[-70,-7],[-30,11],[52,42],[36,3]],[[6011,8649],[-31,-1],[-19,19],[7,29],[42,-14],[1,-33]],[[6068,8717],[28,-11],[18,20],[29,-2],[69,24],[23,0],[9,-22],[-43,-24],[-34,-50],[-45,-17],[-16,18],[-71,8],[-5,43],[38,13]],[[6035,8784],[6,-48],[-27,-44],[-23,11],[28,53],[-6,34],[17,18],[5,-24]],[[6116,8799],[-4,-20],[-60,-38],[-6,44],[16,16],[45,13],[9,-15]],[[6244,8217],[-37,-22],[-39,-12],[-46,19],[-5,21],[-33,-31],[-18,11],[-3,30],[-15,-46],[-28,-8],[-51,18],[4,20],[-55,67],[3,86],[60,-25],[-60,43],[4,91],[32,102],[18,18],[44,8],[11,15],[69,-7],[113,-28],[49,5],[62,20],[86,-5],[-3,-13],[68,-3],[50,-9],[14,-29],[-21,-29],[-21,-104],[-32,-29],[5,-20],[-51,-33],[13,-18],[-10,-34],[-28,31],[-10,-10],[36,-28],[-57,-23],[-22,34],[-10,-54],[-27,-2],[-25,23],[5,-30],[-34,16],[-5,-26]],[[6449,7276],[43,-14],[48,2],[57,-62],[-37,-22],[17,-47],[-29,-16],[13,-31],[-37,-19],[10,-49],[-29,3],[-26,-22],[-20,-58],[-83,-30],[-49,-31],[-5,-16],[9,-67],[-48,-71],[-5,-25],[21,-29],[37,-24],[-8,-65],[-29,-82],[-18,-14],[-47,-97],[-49,-28],[-75,-102],[-25,-98],[-22,-37]],[[6063,6125],[-271,14],[-967,58],[-349,25],[-55,23],[-24,-5],[-17,32],[-53,11],[-15,45],[-50,25],[-46,42],[-25,9],[-26,83],[10,52],[-35,48],[-29,90],[-43,72],[-19,18]],[[4049,6767],[-20,60],[-45,39],[-19,65],[44,53],[391,849],[94,204],[-2,29],[-25,29],[-35,-16],[-29,12],[2,32],[-68,30],[-21,32],[-63,21],[-81,35],[-44,38],[-85,53],[-58,48],[-14,48],[-48,25],[-31,37],[3,49],[-29,20],[-5,147]],[[3861,8706],[-26,280]],[[3835,8986],[20,-25],[32,-4],[23,20],[42,-3],[0,44],[33,13],[14,26],[47,-19],[31,0],[11,36],[49,12],[58,1],[34,49],[23,17],[26,-5],[34,19],[24,-26],[52,-12],[42,16],[70,-1],[88,-25],[25,14],[2,38],[-51,76],[26,17],[6,31],[68,-32],[29,9],[53,-1],[25,24],[83,5],[25,-24],[27,3]],[[4906,9279],[15,-49],[-20,-66],[15,-61],[94,-2],[50,-27],[24,-39],[18,5],[30,-31],[58,4],[27,-14],[4,-32],[26,5],[-8,-27],[13,-54],[39,-42],[39,-16],[-4,-85],[22,-36],[6,-49],[26,-64],[23,4],[50,-55],[-1,-42],[27,-23],[3,-58],[30,1],[10,-51],[77,-37],[39,15]],[[5638,8353],[-5,-44],[-36,-20],[-33,15],[-71,-36],[-53,-15],[-7,-14],[72,8],[37,13],[8,-48],[32,22],[53,12],[62,44],[103,46],[27,30],[33,17],[6,26],[48,0],[-3,-31],[-32,-19],[35,-26],[1,-52],[33,-45],[8,-33],[-44,-49],[32,6],[11,27],[55,-34],[4,-33],[37,44],[31,-6],[13,17],[34,6],[26,-14],[4,-43],[13,37],[39,-4],[27,33],[3,-18],[51,37],[15,-13],[-23,-33],[-20,-74],[-27,-59],[2,-26],[-36,-39],[41,10],[23,41],[2,26],[25,42],[25,66],[27,46],[41,43],[19,0],[-20,-48],[40,42],[44,61],[27,-51],[29,-15],[-16,34],[40,10],[-46,5],[6,44],[36,-10],[9,34],[-40,5],[11,22],[57,13],[14,33],[-3,31],[30,30],[19,-30],[-2,37],[38,-8],[21,32],[36,-35],[3,25],[23,-47],[29,-1],[-21,45],[100,-21],[-1,-42],[30,33],[16,-20],[19,20],[31,-43],[25,2],[-2,-23],[27,20],[6,-36],[40,0],[38,26],[-13,-57],[33,17],[2,-34]],[[6495,1519],[-6,19],[14,45],[-1,36],[23,10],[12,-18],[-10,-36],[-32,-56]],[[6485,1877],[-31,27],[39,37],[15,-18],[-23,-46]],[[6485,1989],[0,-45],[-39,-17],[-14,41],[8,-58],[38,-37],[-15,-31],[-4,-42],[26,-15],[-10,-16],[3,-68],[24,-4],[7,-23],[-31,-3],[13,-31],[-23,-35],[18,-29],[-18,-14],[21,-54],[-23,-91],[-32,-70],[-3,29],[-20,7],[4,-33],[20,-13],[-10,-22],[-31,-9],[-103,-71],[-54,-52],[-40,-51]],[[6197,1132],[-62,33],[-31,-12],[6,-29],[-30,19],[1,22],[24,26],[17,-2],[14,39],[-1,40],[41,43],[23,8],[-13,32],[-33,5],[-71,-9],[-14,9],[-103,20],[-40,56],[-23,7],[-4,26],[-33,23],[-17,30],[-38,14],[-58,50],[-25,0],[-28,23],[-30,-11],[-31,6],[-29,43],[-42,16],[-13,-13],[-38,8],[-17,18],[-64,-14],[-43,28],[-27,-14],[-20,30],[-66,-24],[9,20],[-24,11],[-33,-14],[-1,-16],[-44,10],[-42,-3]],[[5144,1686],[33,74],[-8,46],[4,82],[17,30]],[[5190,1918],[52,-7],[26,12],[59,-33],[79,8],[44,-17],[112,-12],[50,-34],[33,-5],[95,1],[20,-26],[48,24],[-13,46],[9,20],[45,29],[44,-11],[43,11],[22,42],[49,12],[35,-8],[94,11],[91,-54],[76,30],[47,29],[135,3]],[[8951,5217],[-10,-69],[-5,41],[-17,27],[32,1]],[[8620,4040],[0,55],[-71,53],[2,24],[-34,19],[12,33],[-3,33],[13,52],[14,15],[44,-2],[11,81],[30,5],[20,39],[30,21],[19,51],[-95,75],[-61,11],[-14,-5],[-35,20],[-24,-5],[-46,16],[-55,-27],[-43,16],[-8,57],[-113,99],[-35,-16],[-38,-3],[-125,65],[-13,-3],[-83,67],[-69,11],[-67,-39],[-55,13],[-41,20],[-4,25],[23,56],[-12,7],[-123,18],[-62,-25],[-70,-45],[-11,-20],[-56,-31],[-31,-6],[-25,-29],[-36,-22],[-23,1],[-41,-48],[-54,-1],[-38,-31],[25,68],[-12,30]],[[7137,4838],[28,45],[-13,40],[11,47],[-52,43],[-34,81],[-4,54],[22,64],[23,15],[3,25],[-22,9],[6,49],[16,28],[-38,31]],[[7083,5369],[19,49],[0,26],[-40,21],[-6,75],[32,33],[35,18],[-20,24],[-23,-2],[1,30],[36,16],[5,16],[-28,15],[-60,11],[-36,47],[27,36],[23,53],[35,22],[-17,32],[54,44],[59,30],[26,36]],[[7205,6001],[39,0],[34,-40],[8,-34],[32,-41],[69,-30],[66,10],[8,19],[55,39],[30,10],[52,-10],[24,11],[33,35],[20,5],[53,101],[6,60],[-11,14],[-22,82],[29,-4],[24,28],[39,8],[18,-28],[50,-2],[14,12],[51,-22],[20,-23],[25,7],[35,-11],[10,21],[22,-4],[46,49],[41,3],[27,23],[49,-12],[30,31],[-1,39],[60,12],[33,57]],[[8323,6416],[54,1],[69,-39],[-1,-46],[10,-29],[38,-17],[4,-32],[-18,-29],[35,-8],[55,33],[20,2],[14,64],[40,-1],[56,34],[0,37],[52,11],[1,33],[73,31],[29,-7],[17,-30],[49,-14],[15,-15],[30,6],[38,-18],[12,-33],[33,38],[4,-33],[26,-22],[22,12],[23,-88]],[[9123,6257],[9,-21],[47,-16],[5,-13]],[[9184,6207],[-13,-21],[21,-68],[46,-53],[-1,-57],[-13,-30],[14,-53],[-48,-33],[-56,10],[-11,-46],[32,-33],[11,-37],[22,-18],[-7,-31],[40,-21],[14,-21],[34,-9],[45,10]],[[9314,5696],[30,12],[-18,-24],[-56,-124],[-101,-152],[-68,-74],[-49,-23],[8,27],[-7,50],[-30,5],[-25,21],[-14,-48],[-21,-10],[46,-7],[24,-29],[-94,-71],[1,-28],[-22,2],[18,-79],[-3,-42],[-35,29],[27,-40],[-14,-14],[18,-16],[16,25],[2,-27],[-17,-54],[2,-25],[-21,-92],[11,-37],[5,-107],[20,-123],[15,-33],[-49,-152],[-20,-94],[3,-25],[-21,-67],[6,-113],[11,-20],[-34,-48],[-58,-36],[-32,-47],[-12,-34]],[[8756,3952],[-130,80],[-6,8]],[[6105,8887],[-8,8],[45,28],[-46,-80],[-43,-3],[12,29],[40,18]],[[6007,9192],[-2,18],[39,-62],[-38,-17],[-16,31],[17,30]],[[4906,9279],[18,-3],[0,-31],[36,-3],[22,-26],[87,-26],[77,51],[77,-17],[48,27],[28,-25],[69,-19],[21,21],[44,26],[40,54],[-6,17],[56,108],[-2,19],[34,33],[55,91],[6,23],[39,41],[13,30],[39,22],[9,37],[26,-28],[-17,64],[11,23],[33,-22],[42,-50],[11,-35],[2,-97],[15,67],[9,-7],[-3,-129],[38,-143],[10,-7],[41,-106],[16,-54],[55,-91],[72,1],[45,-17],[24,-23],[9,-78],[-10,-22],[-57,-20],[55,6],[8,-14],[-71,-63],[-36,-25],[-40,-45],[-36,-70],[-46,-51],[-36,-4],[-35,-45],[-63,-19],[16,-9],[-18,-22],[-31,-66],[-64,-71],[-8,-75],[-45,-29]],[[5041,2484],[-46,35],[-55,28],[-77,-42],[-66,-13],[-50,11],[-12,62],[-22,33],[4,58],[-4,38],[-27,60],[-6,46],[8,49],[-29,23],[-4,37],[-30,20],[-81,9],[-31,18],[-27,35],[-23,-5],[-39,-43],[-12,12],[-33,-20],[-95,27],[-43,-7],[-59,9],[-10,19],[-48,-10],[-37,27],[16,34],[-8,14],[15,41],[-11,17],[2,44],[20,31],[1,76],[8,21],[-24,12],[14,15],[-21,14],[21,13],[-31,13],[-3,66],[-24,15],[-19,54],[77,47],[-68,64],[86,173],[18,3],[-17,34],[59,186],[-46,87],[2,29]],[[4154,4103],[31,-21],[47,-12],[73,20],[39,32],[3,22],[29,23],[25,42],[109,9],[20,17],[38,8],[80,-42],[45,-11],[19,-27],[90,-47],[72,9],[52,34],[43,0],[27,-16],[7,-24],[64,12],[49,43],[33,39],[35,13],[-17,-99],[-27,-12],[-34,-55],[67,-27],[107,3],[64,-6]],[[5344,4030],[0,-70],[17,-25],[20,12],[33,-12],[-28,-63],[5,-11],[65,-11],[31,4],[39,-28],[18,1],[55,-34],[106,-48],[60,-10],[24,-22],[44,-7],[45,-48]],[[5878,3658],[-17,-73],[9,-89]],[[5316,2830],[-80,-33],[-30,-23],[-12,-47],[-20,-49],[-57,-34],[-31,-100],[-2,-34],[-43,-26]],[[5878,3658],[25,-4],[5,49],[49,47],[27,1],[11,45],[46,56],[84,25],[50,-1],[78,31],[33,-32],[58,55],[47,21],[187,-9],[22,-12],[59,-10],[63,33],[26,29],[70,37],[-18,46],[20,54],[-5,31],[-63,25],[9,32],[88,90],[-29,81],[-47,43],[26,50],[12,66]],[[6811,4537],[1,0],[-1,0]],[[6811,4537],[19,3],[25,28],[14,-4],[62,24],[-9,65],[-18,41],[21,27],[-19,24],[10,46],[39,8],[26,-13],[22,8],[-8,62],[16,22],[33,-16],[23,-35],[56,-3],[14,14]],[[8620,4040],[-56,22],[-62,-16],[-62,-4],[34,-31],[-34,-2],[-37,-20],[-21,-30],[36,-40],[-7,-48],[26,-14],[-2,-29],[-77,-12],[33,-9],[14,-37],[27,-29],[4,-38],[-8,-45],[-50,-48],[-8,-53],[-30,-22],[-16,-61],[-10,-7],[-79,2],[-35,-41],[15,-15],[-4,-56],[-14,-34]],[[8197,3323],[-25,-34],[-34,-3],[-32,-107],[-19,-17],[-19,-59],[24,-20],[-193,-80],[-79,6],[-30,-14],[-89,-2],[-72,-28],[-32,-19],[-57,-2],[-56,-29],[-43,-9]],[[5344,4030],[-47,117],[10,72],[40,57],[6,49],[54,32],[45,55],[4,27],[-13,34],[34,17],[-1,14],[54,34],[20,32],[93,28],[52,109],[6,43],[36,37],[50,28],[37,-5],[18,23],[34,95],[-7,30],[19,71],[17,5],[-2,100],[17,9],[10,35],[24,30],[24,50],[-4,38],[23,33],[3,28]],[[6000,5357],[10,37],[24,40],[51,36],[3,-20],[-35,-79],[9,-37],[142,-63],[76,-18],[22,63],[41,68],[31,21],[5,-24],[44,-32],[14,-57],[-1,-65],[23,3],[7,41],[74,-3],[57,29],[-7,-26],[125,-45],[-11,52],[21,10],[26,-48],[114,52],[67,6],[46,38],[105,33]],[[6811,4537],[-14,14],[13,102],[-30,23],[-192,2],[-16,-52],[9,-11],[-19,-26],[25,-52],[224,0]],[[6197,1132],[-25,-30],[-61,-96],[-68,-166],[-103,-149],[-110,-112],[-105,-75],[-76,-41],[-57,-54],[18,50],[-19,24],[9,13],[33,-16],[56,19],[74,71],[43,14],[17,27],[6,74],[37,-1],[13,39],[57,33],[14,38],[-2,74],[21,-33],[17,41],[-17,33],[-17,-24],[-58,-5],[-4,-33],[-30,15],[4,25],[-55,27],[-13,43],[-11,-56],[36,-34],[-27,-68],[-23,-9],[6,-57],[-25,-2],[-8,-32],[12,-17],[-47,-14],[-4,-31],[-72,-13],[-20,-31],[-2,-56],[-7,20],[-15,-32],[-28,-8],[-7,-40],[21,-7],[-22,-15],[6,-31],[34,14],[-2,-34],[-42,-30],[-31,-55],[-25,-78],[-38,-77],[-50,-57],[-114,-90],[-29,-17],[-42,24],[25,32],[-4,74],[35,44],[17,-9],[24,35],[10,41],[32,-6],[30,-25],[37,16],[37,72],[-1,22],[-29,42],[13,39],[-18,-5],[-26,-39],[14,-9],[-54,-29],[-4,-21],[-43,-21],[-62,24],[-60,58],[-6,29],[-26,46],[-75,43],[-17,-7],[-84,60],[-5,23],[-28,29],[-58,9],[-53,42],[-15,-14],[-44,25],[-24,44],[-60,54],[-70,-59],[-38,-2],[1,73],[-57,60],[-36,20],[-66,61],[-51,38],[-62,-1],[-34,-47],[-83,4],[-19,23],[27,10],[46,42],[8,42],[50,17],[107,112],[15,39],[52,28],[6,25],[23,18],[4,27],[26,9],[41,41],[3,23],[28,8],[15,30],[34,-15],[11,20],[-28,24],[43,30],[42,10],[32,42],[36,15],[38,4],[-14,15],[43,11],[3,29],[93,35],[48,24],[15,-9],[28,48],[23,-11],[31,34],[32,-3]],[[7157,6004],[30,-4],[18,1]],[[6000,5357],[-28,9],[-19,45],[15,51],[-16,62],[-3,49],[8,31],[-14,43],[15,27],[-24,27],[33,120],[-6,24],[10,72],[20,26],[23,55],[13,60],[19,22],[17,45]],[[8203,7940],[9,6],[34,-35],[84,-11],[24,-23]],[[8354,7877],[-1,-17],[-44,-62],[-6,-30],[24,-69],[18,-26],[14,-61],[28,-34],[12,-38],[-42,-54],[13,-97],[33,-65],[-3,-36],[30,-28],[16,-152],[22,-63],[8,-61],[16,-43],[59,-19],[15,-19],[-41,-98],[11,-51]],[[8536,6754],[-40,-10],[19,-53],[-10,-31],[29,-19],[0,-51],[-12,-23],[-40,-31],[-45,-49],[-24,3],[-49,-55],[-41,-19]],[[9910,6364],[-41,-72],[-39,-39],[-60,-83],[-26,22],[-2,-38],[-59,-85],[-55,-47],[-39,-65]],[[9589,5957],[-15,24],[-26,0],[-14,40],[-16,-6],[-36,15],[-28,29],[-2,23],[-70,30],[-20,24],[-69,19],[-109,52]],[[9123,6257],[36,38],[31,10],[40,43],[16,30],[17,-31],[43,9],[86,-76],[61,-29],[28,23],[64,-7],[59,24],[57,47],[28,31],[54,6],[21,-12],[63,21],[20,-12],[63,-8]],[[9957,6982],[-2,-29],[17,-70],[11,-6],[-14,-56],[20,36],[10,-43],[-5,-98],[-19,-1]],[[9975,6715],[-44,35],[-52,7],[-27,-20],[-31,1],[-16,-51],[-76,-27],[-3,-12],[-142,-5],[-6,-22],[-31,-4],[-23,-22],[8,-18],[-39,-35],[-46,-16],[-42,30],[-6,47],[-49,-5],[45,61],[-8,49],[47,17],[-1,26],[-61,34],[-46,-19],[-29,-34],[-40,-18],[-69,-57],[-44,0],[-27,-21],[-24,39],[-44,-17],[-44,38]],[[9005,6696],[42,83],[-37,35],[-13,68],[28,34],[-8,17],[32,80]],[[9049,7013],[62,-32],[38,-4],[19,20],[54,26],[22,43],[127,39],[22,-24],[-56,-70],[-9,-33],[-20,-9],[-2,-32],[46,-5],[29,-33],[60,31],[50,-16],[4,-42],[16,-12],[35,13],[19,37],[-9,38],[23,3],[-18,37],[6,26],[28,19],[23,0],[10,-28],[83,-13],[66,10],[52,-11],[40,-16],[66,-2],[22,9]],[[9005,6696],[-31,-12],[-39,-47],[-26,-2],[-10,27],[-34,18],[-27,34],[-47,19],[-31,26],[-49,6],[-54,-15],[-121,4]],[[8354,7877],[-6,34],[34,-1],[143,14],[21,11],[131,-17],[71,-48],[22,0],[34,-27],[32,-11],[71,-49],[24,-5],[18,-28],[28,-10],[37,-34],[47,-5],[25,-44],[33,-24],[37,-50],[64,-55],[21,-6],[15,-31],[27,-23],[72,-23],[23,-34]],[[9378,7411],[-79,-26],[-46,-34],[-49,-102],[-34,-40],[-20,-67],[-44,-50],[-29,3],[-43,-52],[-6,-34],[21,4]],[[9589,5957],[-43,-13],[-83,-57],[-36,-45],[-29,-61],[-28,-23],[-14,-33],[-28,1],[-14,-30]],[[2710,9222],[1,48],[-114,2],[-55,10],[13,60],[-28,62],[-30,45],[-5,76],[10,46],[-30,33],[-53,33],[-34,37],[-38,65],[17,9],[39,-43],[58,8],[62,-17],[15,-45],[17,-7],[31,18],[64,-4],[29,-21],[22,29],[36,-12],[73,-83],[16,-9],[35,9],[12,16],[-10,61],[6,31],[52,5],[6,23],[39,12],[49,-21],[40,17],[26,-3],[55,27],[38,-1],[28,44],[43,7],[-2,20],[37,-9],[36,7],[28,47],[35,14],[39,37],[3,25],[-19,55],[55,-10],[62,24],[60,-46],[-13,-92],[-30,-55],[52,-2],[65,-32],[-9,-52],[50,-64],[-38,-58],[-41,-24],[4,-63],[-35,-76],[-10,-96],[24,-60],[1,-25],[41,-25],[-2,-106],[26,-3],[-9,-19],[28,-9],[84,-90],[68,-16]],[[3861,8706],[-228,2],[-66,-2],[-25,-24],[-47,-93],[-21,-73],[19,-26],[-5,-22],[-33,-9],[-12,-23],[-57,-4],[-20,41],[-29,34],[-46,16],[-89,-38],[-19,-23],[-12,-56],[5,-19],[-15,-65],[4,-37],[-40,15],[-30,-2],[-38,57],[-46,26],[-54,56],[-22,14],[7,20],[26,-6],[16,19],[-14,45],[0,32],[-28,31],[-25,61],[13,20],[-11,21],[9,65],[12,28],[-13,50],[23,18],[-45,156],[-41,49],[18,34],[1,54],[-35,19],[-40,0],[-37,40],[-40,-4],[-21,19]],[[9975,6715],[22,-20],[-11,-51],[10,-22],[-31,-86],[-3,-28],[-47,-116],[-5,-28]],[[5190,1918],[-27,59],[-15,15],[-3,41],[-19,46],[-54,21],[4,12],[-75,-23],[-15,-13],[-36,17],[-2,37],[49,16],[-9,18],[73,18],[-54,6],[-1,19],[26,20],[-30,12],[7,39],[23,-15],[-12,29],[14,20],[32,1],[-30,16],[-4,36],[14,57],[-18,33],[13,29]],[[6612,2162],[-32,-39],[-40,-17],[10,76],[-10,-20],[-23,15],[11,-41],[-12,-16],[-45,6],[-26,21],[31,-42],[24,4],[41,-15],[-19,-13],[-37,-92]],[[8756,3952],[-19,-92],[1,-56],[12,-87],[-3,-45],[-33,-62],[-48,-27],[-39,-72],[-16,-60],[-33,11],[1,-22],[28,0],[-24,-46],[-70,-87],[-26,-1],[-22,-50],[-38,-61]],[[8427,3195],[-26,16],[-51,-5],[-44,9],[-70,23],[-8,74],[-31,11]],[[8427,3195],[0,-22],[-27,-41],[26,-109],[-7,-17],[-63,-34],[-108,-35],[-76,-65],[-7,-42],[25,-21],[-25,-11],[-17,-33],[-144,4],[-18,-8],[-86,-1],[-25,20],[24,31],[-10,28],[-50,-21],[28,-38],[-15,-25],[-200,-25],[102,21],[-66,26],[-27,-4],[-66,-39],[37,-24],[-61,-13],[-11,14],[33,24],[-2,19],[-49,0],[-68,-28],[-1,-28],[50,-14],[-19,-22],[-37,1]],[[9378,7411],[25,-26],[61,-2],[27,-29],[58,-18],[36,10],[74,-3],[34,12],[124,-24],[23,-18],[41,-69],[28,-113],[11,-19],[4,-49],[14,-12],[19,-69]],[[4049,6767],[-18,-20],[-1,-44],[-43,-59],[18,-75],[-8,-36],[-24,-41],[4,-33],[-32,-53],[-782,-5]],[[3163,6401],[-27,21],[-31,-15],[-9,-28],[-66,22],[-10,41],[-34,10],[-17,48],[-43,5],[-47,77],[-46,14],[-161,2],[-14,-42],[-34,-7],[-7,-24],[-42,-13],[-19,-27],[18,-24],[-19,-37],[-34,-2],[3,-64],[-91,-4],[-32,-18],[-46,9],[-37,-34],[5,-24],[-47,-57],[-34,46],[-50,-34],[-54,-15],[-35,-30],[-41,38],[-119,3],[-1,-30],[-27,-29],[-60,-29],[-22,-23]],[[1833,6127],[-759,355],[-144,76],[-585,145],[-291,121]],[[54,6824],[11,55],[20,24],[81,58],[43,10],[17,28],[-26,92],[24,51],[35,43],[7,63],[20,50],[-5,36],[74,27],[95,68],[46,40],[76,31],[28,-6],[40,15],[37,-3],[19,20],[81,-1],[35,52],[51,16],[13,-20],[38,17],[31,-10],[1,-23],[26,-21],[12,18],[43,-11],[11,29],[140,774],[-14,47],[-22,20],[-23,48],[12,22],[-13,36],[-79,52],[-33,46],[4,183],[112,16],[29,20],[36,-23],[57,2],[-13,17],[9,40],[-35,43],[-20,6],[-123,0],[-1,165],[70,16],[59,-12],[302,0],[-29,27],[20,46],[25,-21],[27,-45],[53,17],[50,61],[39,22],[26,-12],[56,-98],[11,-43],[-6,-74],[9,-21],[48,13],[119,-108],[64,-18],[47,20],[58,42],[41,1],[17,-29],[-17,-31],[6,-22],[28,9],[31,56],[32,4],[18,52],[29,3],[46,33],[28,-6],[45,45],[37,22],[3,-29],[68,48],[13,17],[7,64],[14,16],[59,7],[38,29],[52,12],[6,23]],[[4154,4103],[-17,46],[-56,15],[-56,43],[-38,15],[-22,98],[-3,52],[31,45],[4,57],[-31,-12],[-426,16],[-12,13],[-15,184],[-88,104],[79,0],[-4,120],[-45,90],[0,45],[20,29],[-22,49],[-64,35]],[[3389,5147],[87,62],[29,90],[19,24],[29,12],[21,51],[23,29],[22,59],[-17,36],[0,30],[-24,54],[-19,3],[-11,79],[48,55],[-23,61],[-70,16],[-26,-5],[-16,26],[-262,1],[-13,11],[13,133],[-24,45],[-1,51],[12,51],[-11,34],[21,24],[-33,81],[20,24],[-6,24],[18,56],[-32,37]],[[1878,6107],[-64,-45],[-41,-42],[-35,-19],[-35,1],[-39,-36],[-24,-9],[-35,-52],[-36,11],[-60,-9],[-50,-72],[-82,-35],[-44,-3],[8,29],[-163,20],[-82,-8],[-60,12],[-85,-37],[-38,7],[-24,25],[-28,-19],[1,297],[24,33],[-21,41],[25,34],[-89,-59],[-35,-40],[-37,-15],[-10,-16],[-49,-17],[-205,0],[9,30],[-27,32],[-11,57],[-31,15],[-98,18],[-102,1],[65,83],[-4,26],[-51,67],[-45,32],[-1,30],[-44,27],[-36,93],[-28,15],[-4,21],[21,21],[-32,18],[-46,45],[30,44],[48,18],[-24,47]],[[1833,6127],[45,-20]],[[3389,5147],[-43,27],[-33,5],[-6,19],[-26,-14],[-51,6],[-28,-12],[-33,9],[-67,-6],[-39,43],[-43,63],[-65,-3],[-8,12],[-47,13],[-11,17],[-31,-6],[-30,36],[-13,-2],[-25,52],[-41,-12],[-41,8],[-26,29],[-40,20],[-37,5],[-30,-22],[-58,5],[-18,13],[-46,3],[-24,22],[5,29],[-62,29],[-20,30],[-52,9],[-18,62],[-33,3],[-6,57],[-19,4],[-25,90],[23,42],[-4,31],[-20,14],[4,30],[-14,18],[7,46],[31,59],[-12,74],[8,26],[-17,30],[-21,7],[-34,-40],[-32,21],[-123,-12],[-66,-22],[-51,-7]]],"bbox":[-74.0184614956844,-33.741166739108856,-34.797408658550616,5.267222616865218],"transform":{"scale":[0.003922497533466725,0.0039012290585032578],"translate":[-74.0184614956844,-33.741166739108856]},"title":"Brazil","version":"2.0.1","copyright":"Copyright (c) 2022 Highsoft AS, Based on data from Natural Earth","copyrightShort":"Natural Earth","copyrightUrl":"http://www.naturalearthdata.com"}