{"type":"Topology","objects":{"default":{"type":"GeometryCollection","geometries":[{"type":"MultiPolygon","arcs":[[[0]],[[1]],[[2]],[[3]],[[4]],[[5]],[[6]],[[7]],[[8]],[[9]],[[10]],[[11]],[[12]],[[13]]],"id":"BZ.5784","properties":{"hc-group":"admin1","hc-middle-x":0.56,"hc-middle-y":0.06,"hc-key":"bz-5784","hc-a2":"NU","labelrank":"20","hasc":"-99","alt-name":null,"woe-id":"-99","subregion":null,"fips":null,"postal-code":null,"name":null,"country":"Belize","type-en":null,"region":null,"longitude":"-88.2564","woe-name":null,"latitude":"16.1059","woe-label":null,"type":null}},{"type":"MultiPolygon","arcs":[[[14]],[[15]],[[16]],[[17]],[[18]],[[19]],[[20]],[[21]],[[22]],[[23,24,25,26,27]]],"id":"BZ.BZ","properties":{"hc-group":"admin1","hc-middle-x":0.24,"hc-middle-y":0.62,"hc-key":"bz-bz","hc-a2":"BZ","labelrank":"9","hasc":"BZ.BZ","alt-name":null,"woe-id":"2344794","subregion":null,"fips":"BH01","postal-code":"BZ","name":"Belize","country":"Belize","type-en":"District","region":null,"longitude":"-88.41889999999999","woe-name":"Belize","latitude":"17.5367","woe-label":"Belize, BZ, Belize","type":"District"}},{"type":"Polygon","arcs":[[28,29,-24]],"id":"BZ.CZ","properties":{"hc-group":"admin1","hc-middle-x":0.61,"hc-middle-y":0.53,"hc-key":"bz-cz","hc-a2":"CZ","labelrank":"9","hasc":"BZ.CZ","alt-name":null,"woe-id":"2344796","subregion":null,"fips":"BH03","postal-code":"CZ","name":"Corozal","country":"Belize","type-en":"District","region":null,"longitude":"-88.3492","woe-name":"Corozal","latitude":"18.1667","woe-label":"Corozal, BZ, Belize","type":"District"}},{"type":"Polygon","arcs":[[-27,30,31,32,33]],"id":"BZ.CY","properties":{"hc-group":"admin1","hc-middle-x":0.48,"hc-middle-y":0.46,"hc-key":"bz-cy","hc-a2":"CY","labelrank":"9","hasc":"BZ.CY","alt-name":null,"woe-id":"2344795","subregion":null,"fips":"BH02","postal-code":"CY","name":"Cayo","country":"Belize","type-en":"District","region":null,"longitude":"-88.88330000000001","woe-name":"Cayo","latitude":"16.9902","woe-label":"Cayo, BZ, Belize","type":"District"}},{"type":"Polygon","arcs":[[-28,-34,34,-29]],"id":"BZ.OW","properties":{"hc-group":"admin1","hc-middle-x":0.36,"hc-middle-y":0.6,"hc-key":"bz-ow","hc-a2":"OW","labelrank":"9","hasc":"BZ.OW","alt-name":null,"woe-id":"2344797","subregion":null,"fips":"BH04","postal-code":"OW","name":"Orange Walk","country":"Belize","type-en":"District","region":null,"longitude":"-88.8552","woe-name":"Orange Walk","latitude":"17.7122","woe-label":"Orange Walk, BZ, Belize","type":"District"}},{"type":"Polygon","arcs":[[-31,-26,35,36]],"id":"BZ.SC","properties":{"hc-group":"admin1","hc-middle-x":0.56,"hc-middle-y":0.48,"hc-key":"bz-sc","hc-a2":"SC","labelrank":"8","hasc":"BZ.SC","alt-name":null,"woe-id":"2344798","subregion":null,"fips":"BH05","postal-code":"SC","name":"Stann Creek","country":"Belize","type-en":"District","region":null,"longitude":"-88.49630000000001","woe-name":"Stann Creek","latitude":"16.809","woe-label":"Stann Creek, BZ, Belize","type":"District"}},{"type":"Polygon","arcs":[[37,-32,-37]],"id":"BZ.TO","properties":{"hc-group":"admin1","hc-middle-x":0.4,"hc-middle-y":0.48,"hc-key":"bz-to","hc-a2":"TO","labelrank":"8","hasc":"BZ.TO","alt-name":null,"woe-id":"2344799","subregion":null,"fips":"BH06","postal-code":"TO","name":"Toledo","country":"Belize","type-en":"District","region":null,"longitude":"-88.8117","woe-name":"Toledo","latitude":"16.3761","woe-label":"Toledo, BZ, Belize","type":"District"}}],"hc-recommended-transform":{"default":{"crs":"+proj=utm +zone=16 +datum=WGS84 +units=m +no_defs","scale":0.00242660647975,"jsonres":15.5,"jsonmarginX":-999,"jsonmarginY":9851,"xoffset":260534.15139,"yoffset":2045066.23226}}}},"arcs":[[[3075,1160],[-21,-17],[-40,29],[61,39],[40,-19],[-40,-32]],[[6579,3876],[-27,-46],[-10,66],[39,30],[-2,-50]],[[6883,4619],[-14,-29],[-85,-1],[-40,-17],[35,59],[96,6],[8,-18]],[[9461,4945],[-16,19],[40,70],[39,-42],[-63,-47]],[[6531,4986],[-15,32],[26,32],[38,-15],[-49,-49]],[[6577,5289],[-21,27],[4,72],[35,45],[29,-42],[-13,-65],[-34,-37]],[[6744,5746],[-43,-29],[-46,64],[43,20],[46,-55]],[[9981,5960],[-29,-11],[-84,25],[47,49],[61,-6],[23,-32],[-18,-25]],[[6237,6263],[-19,-52],[-60,45],[-10,33],[34,3],[55,-29]],[[6012,6319],[-25,64],[47,-2],[16,-44],[-38,-18]],[[6037,6401],[-35,13],[64,64],[10,-31],[-39,-46]],[[6822,6948],[-35,-55],[4,63],[32,61],[-1,-69]],[[6921,7139],[-88,-62],[12,57],[49,15],[-32,42],[16,80],[57,38],[-24,-36],[-8,-69],[18,-65]],[[6753,7535],[-69,-8],[-36,32],[152,-11],[-47,-13]],[[8176,5500],[1,-90],[-40,0],[1,52],[-54,-17],[-27,-35],[4,232],[-19,96],[-63,40],[71,41],[66,-69],[96,-184],[-36,-66]],[[6616,6219],[53,-50],[-53,-113],[-39,3],[-27,128],[-94,11],[-69,56],[38,39],[86,-22],[105,-52]],[[8258,6328],[35,-77],[-22,-58],[-120,-149],[-133,-131],[-83,-35],[-113,57],[-58,-62],[-138,-83],[-41,-93],[-35,-171],[-70,-114],[-5,-55],[-82,52],[40,53],[14,81],[53,136],[27,183],[45,61],[173,90],[116,79],[59,3],[156,-29],[55,33],[44,75],[9,81],[-47,48],[-115,-55],[-41,27],[58,104],[149,-14],[70,-37]],[[6805,6408],[-38,0],[-78,128],[-74,212],[78,-43],[56,-93],[56,-204]],[[6287,6863],[-186,-11],[39,53],[120,35],[324,143],[65,19],[-52,-125],[-133,-75],[-177,-39]],[[7224,8399],[-63,-6],[-16,24],[41,38],[79,22],[5,-51],[-46,-27]],[[7385,8477],[-67,-19],[-16,35],[69,39],[29,42],[18,-56],[-33,-41]],[[7927,8717],[-9,-85],[-76,-45],[-43,-43],[-116,-206],[-55,-69],[-78,28],[-37,-68],[-80,-36],[43,-81],[52,50],[21,57],[36,0],[-44,-165],[-112,-153],[-179,-111],[-246,-44],[0,26],[78,0],[208,96],[74,67],[29,99],[-89,-3],[24,119],[105,239],[66,48],[15,67],[85,202],[55,34],[91,-24],[126,54],[56,-53]],[[7774,8895],[-24,-58],[-54,-45],[-32,18],[15,66],[36,45],[59,-26]],[[5433,8013],[670,-46]],[[6103,7967],[-236,-300],[35,-98],[-70,-318],[-138,-317],[-47,-64],[-147,-114],[-60,-70],[-26,-82],[25,-91],[70,-47],[202,-67],[43,-58],[55,-32],[239,-26],[53,-32],[-69,-74],[-148,1],[-145,14],[-66,-35],[-15,-59],[-236,-507],[-55,-389],[-26,-231],[40,-81],[23,-80]],[[5404,4810],[-75,-51],[-199,-51],[-1512,-17]],[[3618,4691],[128,30],[42,22],[70,80],[69,134],[-4,77],[-48,74],[-72,79],[8,141],[-59,764],[-35,75],[-47,-16],[-69,-86],[-133,-37]],[[3468,6028],[-72,556],[5,69],[74,133],[65,66],[272,74],[29,43],[-35,69],[14,118],[-17,146],[35,102],[1,50],[-28,102],[54,138],[302,110],[1266,209]],[[5433,8013],[-784,457],[-415,362],[-261,123],[-363,103],[-59,8]],[[3551,9066],[37,139],[55,62],[176,129],[71,73],[43,141],[50,92],[32,115],[72,70],[177,88],[169,-33],[50,3],[215,54],[128,-57],[111,22],[353,3],[130,-75],[-112,-94],[-442,-204],[-41,-55],[66,-60],[80,-3],[273,79],[-84,-115],[-164,-140],[61,-16],[51,23],[95,70],[190,87],[89,27],[95,12],[127,-12],[166,-51],[75,-16],[122,12],[171,77],[198,38],[98,-8],[-11,-54],[-33,-35],[-113,-56],[-130,-36],[-27,-58],[91,5],[42,45],[106,37],[55,7],[19,-21],[45,-453],[-45,-351],[-18,-60],[-80,-92],[-19,-59],[-215,-352],[-97,-43],[-1,0]],[[3618,4691],[-20,-38],[104,-119],[118,-72],[-2,-32],[-78,-48],[-92,-139],[-72,-76],[-93,-49],[-40,-43],[-171,-122],[-26,-230],[-122,-58],[-5,-27],[75,-34],[19,-28],[-252,-50],[-58,-31],[-158,-156],[-93,-130],[-33,-75],[19,-65]],[[2638,3069],[-140,-19],[-112,-81],[-19,-34],[30,-85],[-17,-40],[-114,-76],[-93,-45],[-111,-29],[-204,-96],[-160,-27],[-84,-54],[-16,-56],[-225,-56],[-57,-4],[-120,58],[-167,-106],[-82,-33],[-234,-22],[-201,-54],[-69,-48],[-33,-59],[-99,-77],[-63,-62]],[[248,1964],[50,396],[200,2069],[-9,1091]],[[489,5520],[172,91],[237,101],[144,22],[92,-19],[663,49],[137,43],[75,61],[38,8],[188,-14],[275,7],[154,-4],[130,10],[101,24],[169,72],[163,30],[159,44],[82,-17]],[[489,5520],[-55,1889],[-6,334],[43,151],[123,112],[473,111],[123,-28],[179,-115],[95,-48],[188,-4],[78,-108],[73,-35],[229,-87],[86,41],[25,85],[26,27],[291,141],[54,40],[109,185],[84,46],[147,61],[56,58],[51,165],[141,153],[19,43],[-41,65],[163,77],[167,51],[68,33],[57,58],[16,45]],[[5404,4810],[58,-170],[175,-46],[69,-57],[48,-75],[27,-83],[15,-122],[32,-93],[-13,-44],[-143,-22],[-140,-96],[-65,-66],[-28,-62],[25,-70],[111,-114],[24,-66],[44,-27],[-27,-26],[-99,4],[-102,-61],[-24,-53],[-57,-45],[-6,-86],[33,-98],[-53,-271],[-35,-41],[-108,-82],[-115,-272],[38,-96],[-65,-69],[-38,-3],[-18,60],[179,435],[96,65],[37,39],[-150,-50],[-154,-251],[-124,-94],[117,-28],[-68,-18],[-87,18],[26,-50],[89,-2],[1,-24],[-103,-65],[5,-66]],[[4831,2367],[-67,17],[-15,29],[-81,6],[-118,-12],[-365,15],[-51,-4],[-232,21],[-35,10],[33,40],[21,144],[-127,144],[-93,71],[18,86],[-76,82],[-199,72],[-213,23],[-428,-7],[-165,-35]],[[4831,2367],[20,-29],[-108,-52],[-116,-151],[-108,-32],[-18,-131],[-82,1],[-78,-53],[-74,-114],[-66,-35],[-151,-127],[-60,-101],[8,-32],[-176,-30],[-39,-25],[-27,-60],[0,159],[-38,0],[-41,-83],[-79,-13],[-78,32],[-58,71],[-116,-8],[-5,-81],[-58,-34],[-192,-17],[-101,-49],[-157,-31],[-24,-60],[13,-148],[-22,-80],[-53,-58],[-80,-36],[-129,-22],[-62,-53],[-26,-67],[-138,-53],[-118,-78],[-24,-118],[-150,-28],[-193,-90],[-64,-52],[-20,-95],[118,-159],[-21,-90],[-216,-55],[-504,84],[-183,0],[-164,-19],[-436,14],[-156,-30],[-133,-45],[-48,51],[13,233],[147,885],[88,791]]],"bbox":[-89.23651260194787,15.87965170543851,-87.484184588617,18.490758623191528],"transform":{"scale":[0.00017525032636572332,0.0002611368054558474],"translate":[-89.23651260194787,15.87965170543851]},"title":"Belize","version":"2.0.1","copyright":"Copyright (c) 2022 Highsoft AS, Based on data from Natural Earth","copyrightShort":"Natural Earth","copyrightUrl":"http://www.naturalearthdata.com"}