{"type":"Topology","objects":{"default":{"type":"GeometryCollection","geometries":[{"type":"Polygon","arcs":[[0,1,2,3,4,5,6]],"id":"AZ.CF","properties":{"hc-group":"admin1","hc-middle-x":0.46,"hc-middle-y":0.38,"hc-key":"az-cf","hc-a2":"CF","labelrank":"9","hasc":"AZ.CF","alt-name":"Julfa","woe-id":"24550721","subregion":null,"fips":"AJ35","postal-code":"CF","name":"Culfa","country":"Azerbaijan","type-en":"District","region":"Naxç?van Autonomous Republic","longitude":"45.6847","woe-name":"Culfa","latitude":"39.136","woe-label":"Culfa, AZ, Azerbaijan","type":"Rayon"}},{"type":"Polygon","arcs":[[-5,7,8]],"id":"AZ.SH","properties":{"hc-group":"admin1","hc-middle-x":0.54,"hc-middle-y":0.53,"hc-key":"az-sh","hc-a2":"SH","labelrank":"9","hasc":"AZ.SH","alt-name":"Shakhbuz","woe-id":"24550718","subregion":null,"fips":"AJ35","postal-code":"SH","name":"?ahbuz","country":"Azerbaijan","type-en":"District","region":"Naxç?van Autonomous Republic","longitude":"45.5799","woe-name":null,"latitude":"39.4227","woe-label":null,"type":"Rayon"}},{"type":"MultiPolygon","arcs":[[[9]],[[10]],[[11,12]]],"id":"AZ.QZ","properties":{"hc-group":"admin1","hc-middle-x":0.72,"hc-middle-y":0.58,"hc-key":"az-qz","hc-a2":"QZ","labelrank":"9","hasc":"AZ.QZ","alt-name":"Qazakh","woe-id":"20070267","subregion":null,"fips":"AJ40","postal-code":"QZ","name":"Qazax","country":"Azerbaijan","type-en":"District","region":"Ganja-Gazakh Economic Region","longitude":"45.2004","woe-name":"Qazax","latitude":"41.0778","woe-label":"Qazax, AZ, Azerbaijan","type":"Rayon"}},{"type":"MultiPolygon","arcs":[[[13]],[[14,15,16,17,18],[19]],[[20]]],"id":"AZ.BA","properties":{"hc-group":"admin1","hc-middle-x":0.51,"hc-middle-y":0.14,"hc-key":"az-ba","hc-a2":"BA","labelrank":"9","hasc":"AZ.BA","alt-name":"Baku city","woe-id":"20070218","subregion":null,"fips":"AJ01","postal-code":"BA","name":"Bak?","country":"Azerbaijan","type-en":"Municipality","region":"Absheron Economic Region","longitude":"50.0435","woe-name":"Bak?","latitude":"40.4447","woe-label":"Baki, AZ, Azerbaijan","type":"Sahar"}},{"type":"Polygon","arcs":[[21]],"id":"AZ.6369","properties":{"hc-group":"admin1","hc-middle-x":0.47,"hc-middle-y":0.54,"hc-key":"az-6369","hc-a2":"ST","labelrank":"9","hasc":"AZ.XC","alt-name":"Khojali","woe-id":"20070276","subregion":null,"fips":"AJ61","postal-code":null,"name":"Stepanakert","country":"Azerbaijan","type-en":"District","region":"Yukhari Garabakh Economic Region","longitude":"46.7662","woe-name":"Xankandi","latitude":"39.8285","woe-label":"Xankandi, AZ, Azerbaijan","type":"Rayon"}},{"type":"Polygon","arcs":[[22]],"id":"AZ.SA","properties":{"hc-group":"admin1","hc-middle-x":0.59,"hc-key":"az-sa","hc-a2":"SA","labelrank":"9","hasc":"AZ.SA","alt-name":null,"woe-id":"20070246","subregion":null,"fips":"AJ39","postal-code":"SA","name":"??ki","country":"Azerbaijan","type-en":"Municipality","region":"Shaki-Zaqatala Economic Region","longitude":"47.1885","woe-name":"??ki","latitude":"41.1882","woe-label":"Saki, AZ, Azerbaijan","type":"Sahari"}},{"type":"Polygon","arcs":[[23,24]],"id":"AZ.GA","properties":{"hc-group":"admin1","hc-middle-x":0.8,"hc-middle-y":0.65,"hc-key":"az-ga","hc-a2":"GA","labelrank":"9","hasc":"AZ.GA","alt-name":"Ganja city","woe-id":"20070231","subregion":null,"fips":"AJ20","postal-code":"GA","name":"G?nc?","country":"Azerbaijan","type-en":"Municipality","region":"Ganja-Gazakh Economic Region","longitude":"46.3206","woe-name":"G?nc?","latitude":"40.6864","woe-label":"Ganca, AZ, Azerbaijan","type":"Sahar"}},{"type":"Polygon","arcs":[[-24,25,26,27,28,29,30]],"id":"AZ.XR","properties":{"hc-group":"admin1","hc-middle-x":0.49,"hc-middle-y":0.51,"hc-key":"az-xr","hc-a2":"XR","labelrank":"9","hasc":"AZ.XR","alt-name":"Khanlar","woe-id":"20070268","subregion":null,"fips":"AJ20","postal-code":"XR","name":"Xanlar","country":"Azerbaijan","type-en":"District","region":"Ganja-Gazakh Economic Region","longitude":"46.295","woe-name":"Xanlar","latitude":"40.4627","woe-label":"Xanlar, AZ, Azerbaijan","type":"Rayon"}},{"type":"Polygon","arcs":[[31]],"id":"AZ.NA","properties":{"hc-group":"admin1","hc-middle-x":0.58,"hc-middle-y":0.52,"hc-key":"az-na","hc-a2":"NA","labelrank":"7","hasc":"AZ.NA","alt-name":null,"woe-id":"20070261","subregion":null,"fips":"AJ21","postal-code":"NA","name":"Naftalan","country":"Azerbaijan","type-en":"Municipality","region":"Ganja-Gazakh Economic Region","longitude":"46.8275","woe-name":"Goranboy","latitude":"40.5077","woe-label":null,"type":"Sahari"}},{"type":"Polygon","arcs":[[32,-27,33,34,35],[-32]],"id":"AZ.GR","properties":{"hc-group":"admin1","hc-middle-x":0.53,"hc-middle-y":0.54,"hc-key":"az-gr","hc-a2":"GR","labelrank":"7","hasc":"AZ.GR","alt-name":null,"woe-id":"20070261","subregion":null,"fips":"AJ21","postal-code":"GR","name":"Goranboy","country":"Azerbaijan","type-en":"District","region":"Ganja-Gazakh Economic Region","longitude":"46.645","woe-name":"Goranboy","latitude":"40.5463","woe-label":null,"type":"Rayon"}},{"type":"Polygon","arcs":[[-33,36,37,38,39,40,41,-28]],"id":"AZ.KA","properties":{"hc-group":"admin1","hc-middle-x":0.53,"hc-middle-y":0.46,"hc-key":"az-ka","hc-a2":"KA","labelrank":"9","hasc":"AZ.KA","alt-name":"Kalbajar","woe-id":"20070273","subregion":null,"fips":"AJ26","postal-code":"KA","name":"K?lb?c?r","country":"Azerbaijan","type-en":"District","region":"Kalbajar-Lachin Economic Region","longitude":"46.1688","woe-name":"K?lb?c?r","latitude":"40.0966","woe-label":"Kalbacar, AZ, Azerbaijan","type":"Rayon"}},{"type":"Polygon","arcs":[[42,43,44,-35,45,46],[47],[48]],"id":"AZ.YV","properties":{"hc-group":"admin1","hc-middle-x":0.52,"hc-middle-y":0.58,"hc-key":"az-yv","hc-a2":"YV","labelrank":"7","hasc":"AZ.YV","alt-name":"Yevlakh","woe-id":"20070252","subregion":null,"fips":"AJ67","postal-code":"YV","name":"Yevlakh Rayon","country":"Azerbaijan","type-en":"District","region":"Aran Economic Region","longitude":"46.9101","woe-name":"Yevlax","latitude":"40.6958","woe-label":null,"type":"Rayon"}},{"type":"Polygon","arcs":[[-43,49,50,51,52,53,54]],"id":"AZ.AS","properties":{"hc-group":"admin1","hc-middle-x":0.39,"hc-middle-y":0.34,"hc-key":"az-as","hc-a2":"AS","labelrank":"9","hasc":"AZ.AS","alt-name":"Agdash","woe-id":"20070213","subregion":null,"fips":"AJ04","postal-code":"AS","name":"A?da?","country":"Azerbaijan","type-en":"District","region":"Aran Economic Region","longitude":"47.4132","woe-name":"Agdas","latitude":"40.568","woe-label":null,"type":"Rayon"}},{"type":"Polygon","arcs":[[55,56,57,58,59,60]],"id":"AZ.DV","properties":{"hc-group":"admin1","hc-middle-x":0.36,"hc-middle-y":0.36,"hc-key":"az-dv","hc-a2":"DV","labelrank":"9","hasc":"AZ.DV","alt-name":"Davachi","woe-id":"20070279","subregion":null,"fips":"AJ17","postal-code":"DV","name":"D?v?çi","country":"Azerbaijan","type-en":"District","region":"Guba-Khachmaz Economic Region","longitude":"48.9074","woe-name":"D?v?çi","latitude":"41.1969","woe-label":"Davaci, AZ, Azerbaijan","type":"Rayon"}},{"type":"Polygon","arcs":[[61,62,63,64,65,66]],"id":"AZ.BS","properties":{"hc-group":"admin1","hc-middle-x":0.65,"hc-middle-y":0.53,"hc-key":"az-bs","hc-a2":"BS","labelrank":"9","hasc":"AZ.BS","alt-name":"Bilasuvar","woe-id":"20070242","subregion":null,"fips":"AJ13","postal-code":"BS","name":"Bil?suvar","country":"Azerbaijan","type-en":"District","region":"Aran Economic Region","longitude":"48.3681","woe-name":"Bil?suvar","latitude":"39.4604","woe-label":"Bilasuvar, AZ, Azerbaijan","type":"Rayon"}},{"type":"Polygon","arcs":[[-62,67,68]],"id":"AZ.ST","properties":{"hc-group":"admin1","hc-middle-x":0.54,"hc-middle-y":0.51,"hc-key":"az-st","hc-a2":"ST","labelrank":"9","hasc":"AZ.ST","alt-name":"Saatly","woe-id":"20070243","subregion":null,"fips":"AJ45","postal-code":"ST","name":"Saatl?","country":"Azerbaijan","type-en":"District","region":"Aran Economic Region","longitude":"48.4591","woe-name":"Saatli","latitude":"39.7892","woe-label":null,"type":"Rayon"}},{"type":"Polygon","arcs":[[69,70,-15,71]],"id":"AZ.SQ","properties":{"hc-group":"admin1","hc-middle-x":0.7,"hc-middle-y":0.42,"hc-key":"az-sq","hc-a2":"SQ","labelrank":"9","hasc":"AZ.SQ","alt-name":"Sumqayit city","woe-id":"20070247","subregion":null,"fips":"AJ54","postal-code":"SQ","name":"Sumqay?t","country":"Azerbaijan","type-en":"Municipality","region":"Absheron Economic Region","longitude":"49.5962","woe-name":"Sumqay?t","latitude":"40.5841","woe-label":"Sumqayit, AZ, Azerbaijan","type":"Sahar"}},{"type":"Polygon","arcs":[[72,73,74,-58,75,76,-70]],"id":"AZ.XI","properties":{"hc-group":"admin1","hc-middle-x":0.54,"hc-middle-y":0.52,"hc-key":"az-xi","hc-a2":"XI","labelrank":"9","hasc":"AZ.XI","alt-name":"Khizi","woe-id":"20070271","subregion":null,"fips":"AJ63","postal-code":"XI","name":"Xiz?","country":"Azerbaijan","type-en":"District","region":"Absheron Economic Region","longitude":"49.154","woe-name":"Xiz?","latitude":"40.7249","woe-label":"Xizi, AZ, Azerbaijan","type":"Rayon"}},{"type":"Polygon","arcs":[[-75,77,78,79,80,81,-59]],"id":"AZ.SI","properties":{"hc-group":"admin1","hc-middle-x":0.56,"hc-middle-y":0.36,"hc-key":"az-si","hc-a2":"SI","labelrank":"9","hasc":"AZ.SI","alt-name":"Shamakhi","woe-id":"20070270","subregion":null,"fips":"AJ50","postal-code":"SI","name":"?amax?","country":"Azerbaijan","type-en":"District","region":"Daghlig Shirvan Economic Region","longitude":"48.5986","woe-name":"?amax?","latitude":"40.3768","woe-label":"Samaxi, AZ, Azerbaijan","type":"Rayon"}},{"type":"Polygon","arcs":[[82,83,84,85,86,-51,87,88]],"id":"AZ.QA","properties":{"hc-group":"admin1","hc-middle-x":0.51,"hc-middle-y":0.53,"hc-key":"az-qa","hc-a2":"QA","labelrank":"9","hasc":"AZ.QA","alt-name":"Qabala","woe-id":"20070235","subregion":null,"fips":"AJ37","postal-code":"QA","name":"Q?b?l?","country":"Azerbaijan","type-en":"District","region":"Shaki-Zaqatala Economic Region","longitude":"47.7784","woe-name":"Q?b?l?","latitude":"40.9578","woe-label":"Qabala, AZ, Azerbaijan","type":"Rayon"}},{"type":"Polygon","arcs":[[-85,89,90,-60,-82,91]],"id":"AZ.QB","properties":{"hc-group":"admin1","hc-middle-x":0.6,"hc-middle-y":0.49,"hc-key":"az-qb","hc-a2":"QB","labelrank":"9","hasc":"AZ.QB","alt-name":null,"woe-id":"20070232","subregion":null,"fips":"AJ42","postal-code":"QB","name":"Quba","country":"Azerbaijan","type-en":"District","region":"Guba-Khachmaz Economic Region","longitude":"48.3368","woe-name":"Quba","latitude":"41.1847","woe-label":"Quba, AZ, Azerbaijan","type":"Rayon"}},{"type":"Polygon","arcs":[[92,93,94,-40,95,96]],"id":"AZ.805","properties":{"hc-group":"admin1","hc-middle-x":0.45,"hc-middle-y":0.4,"hc-key":"az-805","hc-a2":"LA","labelrank":"9","hasc":"AZ.SU","alt-name":"Shusha","woe-id":"20070262","subregion":null,"fips":"AJ29","postal-code":null,"name":"Lankaran","country":"Azerbaijan","type-en":"District","region":"Kalbajar-Lachin Economic Region","longitude":"46.3095","woe-name":"Lankaran","latitude":"39.7717","woe-label":null,"type":"Rayon"}},{"type":"Polygon","arcs":[[-93,97,98,99,100,101,102,103]],"id":"AZ.XD","properties":{"hc-group":"admin1","hc-middle-x":0.4,"hc-middle-y":0.65,"hc-key":"az-xd","hc-a2":"XD","labelrank":"9","hasc":"AZ.XD","alt-name":"Khojavend","woe-id":"20070259","subregion":null,"fips":"AJ14","postal-code":"XD","name":"Xocav?nd","country":"Azerbaijan","type-en":"District","region":"Yukhari Garabakh Economic Region","longitude":"46.99","woe-name":"Xocav?nd","latitude":"39.6307","woe-label":"Xocavand, AZ, Azerbaijan","type":"Rayon"}},{"type":"Polygon","arcs":[[-94,-104,104,105,106]],"id":"AZ.QD","properties":{"hc-group":"admin1","hc-middle-x":0.58,"hc-middle-y":0.44,"hc-key":"az-qd","hc-a2":"QD","labelrank":"9","hasc":"AZ.QD","alt-name":null,"woe-id":"20070233","subregion":null,"fips":"AJ43","postal-code":"QD","name":"Qubadli","country":"Azerbaijan","type-en":"District","region":"Kalbajar-Lachin Economic Region","longitude":"46.5917","woe-name":"Qubadli","latitude":"39.3434","woe-label":null,"type":"Rayon"}},{"type":"Polygon","arcs":[[-98,-97,107,108,109]],"id":"AZ.2051","properties":{"hc-group":"admin1","hc-key":"az-2051","hc-a2":"?U","labelrank":"9","hasc":"AZ.SU","alt-name":"Shusha","woe-id":"20070264","subregion":null,"fips":"AJ55","postal-code":null,"name":"?u?a","country":"Azerbaijan","type-en":"District","region":"Yukhari Garabakh Economic Region","longitude":"46.658","woe-name":"?u?a","latitude":"39.7027","woe-label":"Susa, AZ, Azerbaijan","type":"Rayon"}},{"type":"Polygon","arcs":[[-110,110,-108,-96,-39,111,-99],[-22]],"id":"AZ.XC","properties":{"hc-group":"admin1","hc-middle-x":0.42,"hc-middle-y":0.34,"hc-key":"az-xc","hc-a2":"XC","labelrank":"9","hasc":"AZ.XC","alt-name":"Khojali","woe-id":"20070277","subregion":null,"fips":"AJ61","postal-code":"XC","name":"Xocal?","country":"Azerbaijan","type-en":"District","region":"Yukhari Garabakh Economic Region","longitude":"46.6804","woe-name":"Xocal?","latitude":"39.8925","woe-label":"Xocali, AZ, Azerbaijan","type":"Rayon"}},{"type":"Polygon","arcs":[[112,-8,-4,113,-2,114,115]],"id":"AZ.BB","properties":{"hc-group":"admin1","hc-middle-x":0.42,"hc-middle-y":0.46,"hc-key":"az-bb","hc-a2":"BB","labelrank":"9","hasc":"AZ.BB","alt-name":"Babek","woe-id":"24550722","subregion":null,"fips":"AJ35","postal-code":"BB","name":"Bab?k","country":"Azerbaijan","type-en":"District","region":"Naxç?van Autonomous Republic","longitude":"45.3373","woe-name":"Babek","latitude":"39.1871","woe-label":null,"type":"Rayon"}},{"type":"Polygon","arcs":[[116,117]],"id":"AZ.LA","properties":{"hc-group":"admin1","hc-middle-x":0.54,"hc-middle-y":0.49,"hc-key":"az-la","hc-a2":"LA","labelrank":"9","hasc":"AZ.LA","alt-name":null,"woe-id":"20070263","subregion":null,"fips":"AJ29","postal-code":"LA","name":"Lankaran","country":"Azerbaijan","type-en":"Municipality","region":"Lankaran Economic Region","longitude":"48.8421","woe-name":"Astara","latitude":"38.7585","woe-label":"Lankaran, AZ, Azerbaijan","type":"Sahari"}},{"type":"Polygon","arcs":[[118,119,-17,120,121,-64,122]],"id":"AZ.SL","properties":{"hc-group":"admin1","hc-middle-x":0.64,"hc-middle-y":0.41,"hc-key":"az-sl","hc-a2":"SL","labelrank":"9","hasc":"AZ.SL","alt-name":null,"woe-id":"20070280","subregion":null,"fips":"AJ49","postal-code":"SL","name":"Salyan","country":"Azerbaijan","type-en":"District","region":"Aran Economic Region","longitude":"49.0495","woe-name":"Salyan","latitude":"39.7198","woe-label":null,"type":"Rayon"}},{"type":"Polygon","arcs":[[-119,123,124]],"id":"AZ.AB","properties":{"hc-group":"admin1","hc-middle-x":0.03,"hc-key":"az-ab","hc-a2":"AB","labelrank":"9","hasc":"AZ.AB","alt-name":null,"woe-id":"20070281","subregion":null,"fips":"AJ46","postal-code":"AB","name":"Shirvan","country":"Azerbaijan","type-en":"Municipality","region":"Aran Economic Region","longitude":"48.9257","woe-name":"Sabirabad","latitude":"39.9474","woe-label":null,"type":"Sahari"}},{"type":"Polygon","arcs":[[-124,-123,-63,-69,125,126,127]],"id":"AZ.SB","properties":{"hc-group":"admin1","hc-middle-x":0.74,"hc-middle-y":0.61,"hc-key":"az-sb","hc-a2":"SB","labelrank":"9","hasc":"AZ.SB","alt-name":null,"woe-id":"20070281","subregion":null,"fips":"AJ46","postal-code":"SB","name":"Sabirabad","country":"Azerbaijan","type-en":"District","region":"Aran Economic Region","longitude":"48.8122","woe-name":"Sabirabad","latitude":"39.8179","woe-label":null,"type":"Rayon"}},{"type":"Polygon","arcs":[[-109,-111]],"id":"AZ.7025","properties":{"hc-group":"admin1","hc-middle-x":0.36,"hc-middle-y":0.35,"hc-key":"az-7025","hc-a2":"?U","labelrank":"9","hasc":"AZ.SS","alt-name":null,"woe-id":"20070264","subregion":null,"fips":"AJ55","postal-code":null,"name":"?u?a","country":"Azerbaijan","type-en":"Municipality","region":"Yukhari Garabakh Economic Region","longitude":"46.7523","woe-name":"?u?a","latitude":"39.7618","woe-label":"Susa, AZ, Azerbaijan","type":"Sahari"}},{"type":"Polygon","arcs":[[128,129,130,-116]],"id":"AZ.KG","properties":{"hc-group":"admin1","hc-middle-x":0.42,"hc-middle-y":0.81,"hc-key":"az-kg","hc-a2":"KG","labelrank":"9","hasc":"AZ.KG","alt-name":null,"woe-id":"24550720","subregion":null,"fips":"AM10","postal-code":"KG","name":"Kangarli","country":"Azerbaijan","type-en":"District","region":"Naxç?van Autonomous Republic","longitude":"45.1447","woe-name":"Sarur","latitude":"39.4039","woe-label":null,"type":"Rayon"}},{"type":"Polygon","arcs":[[131,-13,132,133]],"id":"AZ.AF","properties":{"hc-group":"admin1","hc-middle-x":0.61,"hc-middle-y":0.38,"hc-key":"az-af","hc-a2":"AF","labelrank":"9","hasc":"AZ.AF","alt-name":"Agstafa","woe-id":"20070266","subregion":null,"fips":"AJ05","postal-code":"AF","name":"A?stafa","country":"Azerbaijan","type-en":"District","region":"Ganja-Gazakh Economic Region","longitude":"45.4341","woe-name":"A?stafa","latitude":"41.1896","woe-label":"Agstafa, AZ, Azerbaijan","type":"Rayon"}},{"type":"Polygon","arcs":[[134,135,136,-29,-42]],"id":"AZ.DS","properties":{"hc-group":"admin1","hc-key":"az-ds","hc-a2":"DS","labelrank":"9","hasc":"AZ.DS","alt-name":"Dashkasan","woe-id":"20070222","subregion":null,"fips":"AJ16","postal-code":"DS","name":"Da?k?s?n","country":"Azerbaijan","type-en":"District","region":"Ganja-Gazakh Economic Region","longitude":"46.0228","woe-name":"Daskasan","latitude":"40.4837","woe-label":null,"type":"Rayon"}},{"type":"Polygon","arcs":[[-26,-25,-31,137,138,139,140,-34]],"id":"AZ.SX","properties":{"hc-group":"admin1","hc-middle-x":0.63,"hc-middle-y":0.55,"hc-key":"az-sx","hc-a2":"SX","labelrank":"9","hasc":"AZ.SX","alt-name":"Samukh","woe-id":"20070269","subregion":null,"fips":"AJ52","postal-code":"SX","name":"Samux","country":"Azerbaijan","type-en":"District","region":"Ganja-Gazakh Economic Region","longitude":"46.4234","woe-name":"Samux","latitude":"40.8795","woe-label":null,"type":"Rayon"}},{"type":"Polygon","arcs":[[-139,141,142,143,-134,144]],"id":"AZ.TO","properties":{"hc-group":"admin1","hc-middle-x":0.39,"hc-middle-y":0.32,"hc-key":"az-to","hc-a2":"TO","labelrank":"7","hasc":"AZ.TO","alt-name":null,"woe-id":"20070248","subregion":null,"fips":"AJ58","postal-code":"TO","name":"Tovuz","country":"Azerbaijan","type-en":"District","region":"Ganja-Gazakh Economic Region","longitude":"45.8238","woe-name":"Tovuz","latitude":"41.0669","woe-label":null,"type":"Rayon"}},{"type":"Polygon","arcs":[[-45,145,146,-37,-36]],"id":"AZ.TA","properties":{"hc-group":"admin1","hc-middle-x":0.52,"hc-middle-y":0.44,"hc-key":"az-ta","hc-a2":"TA","labelrank":"9","hasc":"AZ.TA","alt-name":"Tartar","woe-id":"20070274","subregion":null,"fips":"AJ57","postal-code":"TA","name":"T?rt?r","country":"Azerbaijan","type-en":"District","region":"Yukhari Garabakh Economic Region","longitude":"46.7929","woe-name":"T?rt?r","latitude":"40.2547","woe-label":"Tartar, AZ, Azerbaijan","type":"Rayon"}},{"type":"Polygon","arcs":[[-38,-147,147,148,-100,-112]],"id":"AZ.AM","properties":{"hc-group":"admin1","hc-middle-x":0.42,"hc-middle-y":0.38,"hc-key":"az-am","hc-a2":"AM","labelrank":"9","hasc":"AZ.AM","alt-name":"Agdam","woe-id":"20070258","subregion":null,"fips":"AJ03","postal-code":"AM","name":"A?dam","country":"Azerbaijan","type-en":"District","region":"Yukhari Garabakh Economic Region","longitude":"46.9918","woe-name":"A?dam","latitude":"40.0455","woe-label":"Agdam, AZ, Azerbaijan","type":"Rayon"}},{"type":"Polygon","arcs":[[149,-79,150,151,-18,-120,-125,-128,152]],"id":"AZ.HA","properties":{"hc-group":"admin1","hc-middle-x":0.41,"hc-middle-y":0.38,"hc-key":"az-ha","hc-a2":"HA","labelrank":"9","hasc":"AZ.HA","alt-name":"Ali Bayramli","woe-id":"20070282","subregion":null,"fips":"AJ07","postal-code":"HA","name":"Hajigabul","country":"Azerbaijan","type-en":"District","region":"Aran Economic Region","longitude":"48.8984","woe-name":"?li Bayraml?","latitude":"40.1106","woe-label":"Haciqabul, AZ, Azerbaijan","type":"Rayon"}},{"type":"Polygon","arcs":[[-150,153,154,-80]],"id":"AZ.AU","properties":{"hc-group":"admin1","hc-middle-x":0.54,"hc-middle-y":0.59,"hc-key":"az-au","hc-a2":"AU","labelrank":"9","hasc":"AZ.AU","alt-name":"Agsu","woe-id":"20070215","subregion":null,"fips":"AJ06","postal-code":"AU","name":"A?su","country":"Azerbaijan","type-en":"District","region":"Daghlig Shirvan Economic Region","longitude":"48.3659","woe-name":"Agsu","latitude":"40.5091","woe-label":null,"type":"Rayon"}},{"type":"Polygon","arcs":[[-148,-146,-44,-55,155,156]],"id":"AZ.BR","properties":{"hc-group":"admin1","hc-middle-x":0.42,"hc-middle-y":0.56,"hc-key":"az-br","hc-a2":"BR","labelrank":"9","hasc":"AZ.BR","alt-name":"Barda","woe-id":"20070219","subregion":null,"fips":"AJ11","postal-code":"BR","name":"B?rd?","country":"Azerbaijan","type-en":"District","region":"Aran Economic Region","longitude":"47.2467","woe-name":"B?rd?","latitude":"40.3534","woe-label":"Barda, AZ, Azerbaijan","type":"Rayon"}},{"type":"Polygon","arcs":[[157,158,159,160]],"id":"AZ.YR","properties":{"hc-group":"admin1","hc-middle-x":0.41,"hc-middle-y":0.47,"hc-key":"az-yr","hc-a2":"YR","labelrank":"9","hasc":"AZ.YR","alt-name":"Yardymli","woe-id":"20070251","subregion":null,"fips":"AJ66","postal-code":"YR","name":"Yard?ml?","country":"Azerbaijan","type-en":"District","region":"Lankaran Economic Region","longitude":"48.269","woe-name":"Yardimli","latitude":"38.866","woe-label":null,"type":"Rayon"}},{"type":"Polygon","arcs":[[-158,161,-65,162,163]],"id":"AZ.CL","properties":{"hc-group":"admin1","hc-middle-x":0.57,"hc-middle-y":0.52,"hc-key":"az-cl","hc-a2":"CL","labelrank":"9","hasc":"AZ.CL","alt-name":"Jalilabad","woe-id":"20070223","subregion":null,"fips":"AJ15","postal-code":"CL","name":"C?lilabad","country":"Azerbaijan","type-en":"District","region":"Lankaran Economic Region","longitude":"48.4338","woe-name":"Calilabad","latitude":"39.1757","woe-label":null,"type":"Rayon"}},{"type":"Polygon","arcs":[[164,165,-106]],"id":"AZ.ZG","properties":{"hc-group":"admin1","hc-middle-x":0.53,"hc-middle-y":0.41,"hc-key":"az-zg","hc-a2":"ZG","labelrank":"9","hasc":"AZ.ZG","alt-name":"Zangilan","woe-id":"20070255","subregion":null,"fips":"AJ69","postal-code":"ZG","name":"Z?ngilan","country":"Azerbaijan","type-en":"District","region":"Kalbajar-Lachin Economic Region","longitude":"46.6305","woe-name":"Zangilan","latitude":"39.0904","woe-label":null,"type":"Rayon"}},{"type":"Polygon","arcs":[[-165,-105,-103,166,167]],"id":"AZ.CB","properties":{"hc-group":"admin1","hc-middle-x":0.4,"hc-middle-y":0.54,"hc-key":"az-cb","hc-a2":"CB","labelrank":"9","hasc":"AZ.CB","alt-name":"Jabrayil","woe-id":"20070224","subregion":null,"fips":"AJ14","postal-code":"CB","name":"C?bray?l","country":"Azerbaijan","type-en":"District","region":"Yukhari Garabakh Economic Region","longitude":"46.9823","woe-name":"Cabrayil","latitude":"39.2768","woe-label":null,"type":"Rayon"}},{"type":"Polygon","arcs":[[168,169,-156,-54,170,171,172]],"id":"AZ.ZR","properties":{"hc-group":"admin1","hc-middle-y":0.48,"hc-key":"az-zr","hc-a2":"ZR","labelrank":"9","hasc":"AZ.ZR","alt-name":"Zardab","woe-id":"20070256","subregion":null,"fips":"AJ71","postal-code":"ZR","name":"Z?rdab","country":"Azerbaijan","type-en":"District","region":"Aran Economic Region","longitude":"47.6936","woe-name":"Zardab","latitude":"40.2395","woe-label":null,"type":"Rayon"}},{"type":"Polygon","arcs":[[-169,173,174,175,176]],"id":"AZ.BQ","properties":{"hc-group":"admin1","hc-middle-x":0.49,"hc-middle-y":0.67,"hc-key":"az-bq","hc-a2":"BQ","labelrank":"9","hasc":"AZ.BQ","alt-name":"Beylagan","woe-id":"20070257","subregion":null,"fips":"AJ12","postal-code":"BQ","name":"Beyl?qan","country":"Azerbaijan","type-en":"District","region":"Aran Economic Region","longitude":"47.6611","woe-name":"Beylaqan","latitude":"39.7591","woe-label":null,"type":"Rayon"}},{"type":"Polygon","arcs":[[177,-174,-173,178,-126,-68,-67]],"id":"AZ.IM","properties":{"hc-group":"admin1","hc-middle-x":0.51,"hc-middle-y":0.47,"hc-key":"az-im","hc-a2":"IM","labelrank":"9","hasc":"AZ.IM","alt-name":"Imishli","woe-id":"20070227","subregion":null,"fips":"AJ24","postal-code":"IM","name":"?mi?li","country":"Azerbaijan","type-en":"District","region":"Aran Economic Region","longitude":"48.0606","woe-name":"Imisli","latitude":"39.9121","woe-label":null,"type":"Rayon"}},{"type":"Polygon","arcs":[[-153,-127,-179,-172,179,180,181,-154]],"id":"AZ.KU","properties":{"hc-group":"admin1","hc-middle-x":0.56,"hc-middle-y":0.58,"hc-key":"az-ku","hc-a2":"KU","labelrank":"9","hasc":"AZ.KU","alt-name":"Kurdamir","woe-id":"20070236","subregion":null,"fips":"AJ27","postal-code":"KU","name":"Kürd?mir","country":"Azerbaijan","type-en":"District","region":"Aran Economic Region","longitude":"48.1586","woe-name":"Kürd?mir","latitude":"40.2443","woe-label":"Kurdamir, AZ, Azerbaijan","type":"Rayon"}},{"type":"Polygon","arcs":[[-180,-171,-53,182]],"id":"AZ.UC","properties":{"hc-group":"admin1","hc-middle-x":0.56,"hc-middle-y":0.59,"hc-key":"az-uc","hc-a2":"UC","labelrank":"9","hasc":"AZ.UC","alt-name":"Ujar","woe-id":"20070249","subregion":null,"fips":"AJ59","postal-code":"UC","name":"Ucar","country":"Azerbaijan","type-en":"District","region":"Aran Economic Region","longitude":"47.729","woe-name":"Ucar","latitude":"40.3925","woe-label":null,"type":"Rayon"}},{"type":"Polygon","arcs":[[-181,-183,-52,-87,183]],"id":"AZ.GY","properties":{"hc-group":"admin1","hc-middle-x":0.59,"hc-middle-y":0.51,"hc-key":"az-gy","hc-a2":"GY","labelrank":"9","hasc":"AZ.GY","alt-name":"Goychay","woe-id":"20070226","subregion":null,"fips":"AJ22","postal-code":"GY","name":"Göyçay","country":"Azerbaijan","type-en":"District","region":"Aran Economic Region","longitude":"47.8172","woe-name":"Göyçay","latitude":"40.569","woe-label":"Goycay, AZ, Azerbaijan","type":"Rayon"}},{"type":"Polygon","arcs":[[-182,-184,-86,-92,-81,-155]],"id":"AZ.IS","properties":{"hc-group":"admin1","hc-middle-x":0.59,"hc-middle-y":0.48,"hc-key":"az-is","hc-a2":"IS","labelrank":"9","hasc":"AZ.IS","alt-name":"Ismailli","woe-id":"20070228","subregion":null,"fips":"AJ25","postal-code":"IS","name":"?smay?ll?","country":"Azerbaijan","type-en":"District","region":"Daghlig Shirvan Economic Region","longitude":"48.1125","woe-name":"?smay?ll?","latitude":"40.7896","woe-label":"Ismayilli, AZ, Azerbaijan","type":"Rayon"}},{"type":"MultiPolygon","arcs":[[[184,-118,185,186,187,188]],[[189,190,191]]],"id":"AZ.LN","properties":{"hc-group":"admin1","hc-middle-x":0.35,"hc-middle-y":0.86,"hc-key":"az-ln","hc-a2":"LN","labelrank":"9","hasc":"AZ.LN","alt-name":"Lenkoran|L?nk?ran","woe-id":"20070263","subregion":null,"fips":"AJ29","postal-code":"LN","name":"Lankaran","country":"Azerbaijan","type-en":"District","region":"Lankaran Economic Region","longitude":"48.7309","woe-name":"Astara","latitude":"38.7168","woe-label":"Lankaran, AZ, Azerbaijan","type":"Rayon"}},{"type":"Polygon","arcs":[[192,-189,193,-159,-164,194,-191]],"id":"AZ.MA","properties":{"hc-group":"admin1","hc-middle-x":0.53,"hc-middle-y":0.58,"hc-key":"az-ma","hc-a2":"MA","labelrank":"9","hasc":"AZ.MA","alt-name":"Masally","woe-id":"20070239","subregion":null,"fips":"AJ29","postal-code":"MA","name":"Masall?","country":"Azerbaijan","type-en":"District","region":"Lankaran Economic Region","longitude":"48.698","woe-name":"Masall?","latitude":"38.9858","woe-label":"Masalli, AZ, Azerbaijan","type":"Rayon"}},{"type":"Polygon","arcs":[[-195,-163,-122,195,-192]],"id":"AZ.NE","properties":{"hc-group":"admin1","hc-middle-x":0.57,"hc-middle-y":0.45,"hc-key":"az-ne","hc-a2":"NE","labelrank":"9","hasc":"AZ.NE","alt-name":"Neftchala","woe-id":"20070241","subregion":null,"fips":"AJ36","postal-code":"NE","name":"Neftçala","country":"Azerbaijan","type-en":"District","region":"Aran Economic Region","longitude":"49.0585","woe-name":"Neftcala","latitude":"39.3924","woe-label":null,"type":"Rayon"}},{"type":"Polygon","arcs":[[-170,-177,196,-101,-149,-157]],"id":"AZ.AC","properties":{"hc-group":"admin1","hc-middle-x":0.54,"hc-middle-y":0.43,"hc-key":"az-ac","hc-a2":"AC","labelrank":"9","hasc":"AZ.AC","alt-name":"Agjabadi","woe-id":"20070214","subregion":null,"fips":"AJ01","postal-code":"AC","name":"A?cab?di","country":"Azerbaijan","type-en":"District","region":"Aran Economic Region","longitude":"47.4145","woe-name":"Agcabadi","latitude":"39.971","woe-label":null,"type":"Rayon"}},{"type":"Polygon","arcs":[[197,-89,198]],"id":"AZ.OG","properties":{"hc-group":"admin1","hc-middle-x":0.49,"hc-middle-y":0.41,"hc-key":"az-og","hc-a2":"OG","labelrank":"9","hasc":"AZ.OG","alt-name":"Oguz","woe-id":"20070250","subregion":null,"fips":"AJ37","postal-code":"OG","name":"O?uz","country":"Azerbaijan","type-en":"District","region":"Shaki-Zaqatala Economic Region","longitude":"47.4853","woe-name":"O?uz","latitude":"41.04","woe-label":"Oguz, AZ, Azerbaijan","type":"Rayon"}},{"type":"Polygon","arcs":[[199,200,201,202,-46,-141]],"id":"AZ.QX","properties":{"hc-group":"admin1","hc-middle-y":0.22,"hc-key":"az-qx","hc-a2":"QX","labelrank":"9","hasc":"AZ.QX","alt-name":"Qakh","woe-id":"20070229","subregion":null,"fips":"AJ39","postal-code":"QX","name":"Qax","country":"Azerbaijan","type-en":"District","region":"Shaki-Zaqatala Economic Region","longitude":"46.7976","woe-name":"Qax","latitude":"41.375","woe-label":"Qax, AZ, Azerbaijan","type":"Rayon"}},{"type":"Polygon","arcs":[[203,-199,-88,-50,-47,-203],[-23]],"id":"AZ.SK","properties":{"hc-group":"admin1","hc-middle-x":0.41,"hc-middle-y":0.55,"hc-key":"az-sk","hc-a2":"SK","labelrank":"9","hasc":"AZ.SK","alt-name":"Shaki","woe-id":"20070246","subregion":null,"fips":"AJ39","postal-code":"SK","name":"??ki","country":"Azerbaijan","type-en":"District","region":"Shaki-Zaqatala Economic Region","longitude":"47.1565","woe-name":"??ki","latitude":"41.0486","woe-label":"Saki, AZ, Azerbaijan","type":"Rayon"}},{"type":"Polygon","arcs":[[-90,-84,204,205]],"id":"AZ.QR","properties":{"hc-group":"admin1","hc-middle-x":0.45,"hc-middle-y":0.57,"hc-key":"az-qr","hc-a2":"QR","labelrank":"9","hasc":"AZ.QR","alt-name":null,"woe-id":"20070234","subregion":null,"fips":"AJ44","postal-code":"QR","name":"Qusar","country":"Azerbaijan","type-en":"District","region":"Guba-Khachmaz Economic Region","longitude":"48.1944","woe-name":"Qusar","latitude":"41.4005","woe-label":"Qusar, AZ, Azerbaijan","type":"Rayon"}},{"type":"Polygon","arcs":[[-206,206,-61,-91]],"id":"AZ.XZ","properties":{"hc-group":"admin1","hc-middle-x":0.4,"hc-middle-y":0.62,"hc-key":"az-xz","hc-a2":"XZ","labelrank":"9","hasc":"AZ.XZ","alt-name":"Khachmaz","woe-id":"20070221","subregion":null,"fips":"AJ60","postal-code":"XZ","name":"Xaçmaz","country":"Azerbaijan","type-en":"District","region":"Guba-Khachmaz Economic Region","longitude":"48.7701","woe-name":"Xaçmaz","latitude":"41.5198","woe-label":"Xacmaz, AZ, Azerbaijan","type":"Rayon"}},{"type":"Polygon","arcs":[[207,208,209,-201]],"id":"AZ.ZQ","properties":{"hc-group":"admin1","hc-middle-x":0.44,"hc-middle-y":0.61,"hc-key":"az-zq","hc-a2":"ZQ","labelrank":"9","hasc":"AZ.ZQ","alt-name":null,"woe-id":"20070254","subregion":null,"fips":"AJ70","postal-code":"ZQ","name":"Zaqatala","country":"Azerbaijan","type-en":"District","region":"Shaki-Zaqatala Economic Region","longitude":"46.654","woe-name":"Zaqatala","latitude":"41.5666","woe-label":"Zaqatala, AZ, Azerbaijan","type":"Rayon"}},{"type":"Polygon","arcs":[[210,-209]],"id":"AZ.BL","properties":{"hc-group":"admin1","hc-middle-x":0.42,"hc-middle-y":0.53,"hc-key":"az-bl","hc-a2":"BL","labelrank":"9","hasc":"AZ.BL","alt-name":"Balakan","woe-id":"20070220","subregion":null,"fips":"AJ10","postal-code":"BL","name":"Balak?n","country":"Azerbaijan","type-en":"District","region":"Shaki-Zaqatala Economic Region","longitude":"46.4478","woe-name":"Balak?n","latitude":"41.7393","woe-label":"Balakan, AZ, Azerbaijan","type":"Rayon"}},{"type":"Polygon","arcs":[[211,212]],"id":"AZ.SD","properties":{"hc-group":"admin1","hc-middle-x":0.13,"hc-middle-y":0.24,"hc-key":"az-sd","hc-a2":"SD","labelrank":"9","hasc":"AZ.SD","alt-name":"Sadarak","woe-id":"-2345767","subregion":null,"fips":"AM02","postal-code":"SD","name":"S?d?r?k","country":"Azerbaijan","type-en":"District","region":"Naxç?van Autonomous Republic","longitude":"44.8638","woe-name":null,"latitude":"39.699","woe-label":null,"type":"Rayon"}},{"type":"Polygon","arcs":[[213,-7]],"id":"AZ.OR","properties":{"hc-group":"admin1","hc-middle-x":0.37,"hc-middle-y":0.59,"hc-key":"az-or","hc-a2":"OR","labelrank":"9","hasc":"AZ.OR","alt-name":null,"woe-id":"24550719","subregion":null,"fips":"AM08","postal-code":"OR","name":"Ordubad","country":"Azerbaijan","type-en":"District","region":"Naxç?van Autonomous Republic","longitude":"45.9272","woe-name":"Ordubad","latitude":"39.0972","woe-label":"Ordubad, AZ, Azerbaijan","type":"Rayon"}},{"type":"Polygon","arcs":[[214,-213,215,-130]],"id":"AZ.SR","properties":{"hc-group":"admin1","hc-middle-x":0.56,"hc-middle-y":0.43,"hc-key":"az-sr","hc-a2":"SR","labelrank":"9","hasc":"AZ.SR","alt-name":"Sharur","woe-id":"24550720","subregion":null,"fips":"AM10","postal-code":"SR","name":"??rur","country":"Azerbaijan","type-en":"District","region":"Naxç?van Autonomous Republic","longitude":"45.0172","woe-name":"Sarur","latitude":"39.5929","woe-label":null,"type":"Rayon"}},{"type":"Polygon","arcs":[[216,-143,217,-136],[218]],"id":"AZ.GD","properties":{"hc-group":"admin1","hc-middle-x":0.63,"hc-middle-y":0.53,"hc-key":"az-gd","hc-a2":"GD","labelrank":"9","hasc":"AZ.GD","alt-name":"Gadabay","woe-id":"20070230","subregion":null,"fips":"AJ19","postal-code":"GD","name":"G?d?b?y","country":"Azerbaijan","type-en":"District","region":"Ganja-Gazakh Economic Region","longitude":"45.6429","woe-name":"Gadabay","latitude":"40.492","woe-label":null,"type":"Rayon"}},{"type":"Polygon","arcs":[[-30,-137,-218,-142,-138]],"id":"AZ.SM","properties":{"hc-group":"admin1","hc-middle-x":0.54,"hc-middle-y":0.52,"hc-key":"az-sm","hc-a2":"SM","labelrank":"9","hasc":"AZ.SM","alt-name":"Shamkir","woe-id":"20070244","subregion":null,"fips":"AJ51","postal-code":"SM","name":"??mkir","country":"Azerbaijan","type-en":"District","region":"Ganja-Gazakh Economic Region","longitude":"46.0161","woe-name":"??mkir","latitude":"40.8317","woe-label":"Samkir, AZ, Azerbaijan","type":"Rayon"}},{"type":"MultiPolygon","arcs":[[[-152,219,-73,-72,-19]],[[-20]]],"id":"AZ.AR","properties":{"hc-group":"admin1","hc-middle-x":0.4,"hc-middle-y":0.48,"hc-key":"az-ar","hc-a2":"AR","labelrank":"9","hasc":"AZ.AR","alt-name":"Absheron","woe-id":"20070283","subregion":null,"fips":"AJ01","postal-code":"AR","name":"Ab?eron","country":"Azerbaijan","type-en":"District","region":"Absheron Economic Region","longitude":"49.3694","woe-name":"Ab?eron","latitude":"40.3278","woe-label":"Abseron, AZ, Azerbaijan","type":"Rayon"}},{"type":"Polygon","arcs":[[220,221,-187]],"id":"AZ.AA","properties":{"hc-group":"admin1","hc-middle-x":0.52,"hc-middle-y":0.52,"hc-key":"az-aa","hc-a2":"AA","labelrank":"9","hasc":"AZ.AA","alt-name":null,"woe-id":"20070217","subregion":null,"fips":"AJ08","postal-code":"AA","name":"Astara","country":"Azerbaijan","type-en":"District","region":"Lankaran Economic Region","longitude":"48.7049","woe-name":"Astara","latitude":"38.4938","woe-label":"Astara, AZ, Azerbaijan","type":"Rayon"}},{"type":"Polygon","arcs":[[-102,-197,-176,222,-167]],"id":"AZ.FU","properties":{"hc-group":"admin1","hc-middle-x":0.47,"hc-middle-y":0.43,"hc-key":"az-fu","hc-a2":"FU","labelrank":"9","hasc":"AZ.FU","alt-name":"Fizuli","woe-id":"20070225","subregion":null,"fips":"AJ18","postal-code":"FU","name":"Füzuli","country":"Azerbaijan","type-en":"District","region":"Yukhari Garabakh Economic Region","longitude":"47.322","woe-name":"Fuzuli","latitude":"39.5574","woe-label":null,"type":"Rayon"}},{"type":"Polygon","arcs":[[223,-160,-194,-188,-222]],"id":"AZ.LE","properties":{"hc-group":"admin1","hc-middle-x":0.55,"hc-middle-y":0.52,"hc-key":"az-le","hc-a2":"LE","labelrank":"9","hasc":"AZ.LE","alt-name":null,"woe-id":"20070238","subregion":null,"fips":"AJ31","postal-code":"LE","name":"Lerik","country":"Azerbaijan","type-en":"District","region":"Lankaran Economic Region","longitude":"48.4779","woe-name":"Lerik","latitude":"38.7139","woe-label":"Lerik, AZ, Azerbaijan","type":"Rayon"}},{"type":"Polygon","arcs":[[-74,-220,-151,-78]],"id":"AZ.QO","properties":{"hc-group":"admin1","hc-middle-x":0.46,"hc-middle-y":0.54,"hc-key":"az-qo","hc-a2":"QO","labelrank":"9","hasc":"AZ.QO","alt-name":null,"woe-id":"20070272","subregion":null,"fips":"AJ41","postal-code":"QO","name":"Qobustan","country":"Azerbaijan","type-en":"District","region":"Daghlig Shirvan Economic Region","longitude":"48.9623","woe-name":"Qobustan","latitude":"40.4977","woe-label":"Qobustan, AZ, Azerbaijan","type":"Rayon"}},{"type":"Polygon","arcs":[[224,-76,-57]],"id":"AZ.SY","properties":{"hc-group":"admin1","hc-middle-x":0.45,"hc-middle-y":0.41,"hc-key":"az-sy","hc-a2":"SY","labelrank":"9","hasc":"AZ.SY","alt-name":"Siazan","woe-id":"20070278","subregion":null,"fips":"AJ42","postal-code":"SY","name":"Siy?z?n","country":"Azerbaijan","type-en":"District","region":"Guba-Khachmaz Economic Region","longitude":"49.0973","woe-name":"Siy?z?n","latitude":"41.0414","woe-label":"Siyazan, AZ, Azerbaijan","type":"Rayon"}},{"type":"Polygon","arcs":[[-3,-114]],"id":"AZ.NX","properties":{"hc-group":"admin1","hc-middle-y":0.51,"hc-key":"az-nx","hc-a2":"NX","labelrank":"9","hasc":"AZ.NX","alt-name":"Nakhichevan","woe-id":"20070275","subregion":null,"fips":"AJ35","postal-code":"NX","name":"Naxç?van","country":"Azerbaijan","type-en":"Municipality","region":"Naxç?van Autonomous Republic","longitude":"45.4212","woe-name":"Naxcivan","latitude":"39.2127","woe-label":null,"type":"Sahar"}},{"type":"Polygon","arcs":[[-48]],"id":"AZ.MI","properties":{"hc-group":"admin1","hc-middle-y":0.36,"hc-key":"az-mi","hc-a2":"MI","labelrank":"9","hasc":"AZ.MI","alt-name":"Mingachevir","woe-id":"20070240","subregion":null,"fips":"AJ33","postal-code":"MI","name":"Ming?çevir","country":"Azerbaijan","type-en":"Municipality","region":"Aran Economic Region","longitude":"46.9846","woe-name":"Ming?çevir","latitude":"40.7508","woe-label":"Mingacevir, AZ, Azerbaijan","type":"Sahar"}},{"type":"Polygon","arcs":[[-49]],"id":"AZ.YE","properties":{"hc-group":"admin1","hc-middle-y":0.51,"hc-key":"az-ye","hc-a2":"YE","labelrank":"7","hasc":"AZ.YE","alt-name":null,"woe-id":"20070253","subregion":null,"fips":"AJ67","postal-code":"YE","name":"Yevlakh","country":"Azerbaijan","type-en":"Municipality","region":"Aran Economic Region","longitude":"47.1503","woe-name":"Yevlax","latitude":"40.6019","woe-label":null,"type":"Sahari"}}],"hc-recommended-transform":{"default":{"crs":"+proj=utm +zone=38 +datum=WGS84 +units=m +no_defs","scale":0.00140847465187,"jsonres":15.5,"jsonmarginX":-999,"jsonmarginY":9851,"xoffset":480673.208137,"yoffset":4638793.51475}}}},"arcs":[[[1699,1563],[-87,44],[-153,2],[-97,31],[-60,5]],[[1302,1645],[-8,108],[34,76],[-45,88],[-32,93],[32,89],[5,104],[-102,70]],[[1186,2273],[72,60],[35,103]],[[1293,2436],[51,45],[-19,79]],[[1325,2560],[74,55],[124,73],[38,-54],[43,-11],[89,140]],[[1693,2763],[102,-46],[67,-82],[66,-58]],[[1928,2577],[-110,-168],[-30,-151],[-76,-225],[-73,-118],[-20,-156],[61,-56],[51,-67],[-32,-73]],[[1325,2560],[-28,-6],[-13,96],[-36,60],[-155,99],[-34,122],[-63,45],[42,81],[73,91]],[[1111,3148],[57,-14],[175,137],[45,24],[220,69],[40,1],[85,-60],[15,-36],[-5,-121],[16,-131],[-8,-45],[-57,-122],[-1,-87]],[[763,7394],[-18,-32],[-40,8],[-17,65],[25,12],[50,-53]],[[437,7585],[-24,-66],[-63,27],[-32,78],[32,64],[68,-20],[19,-83]],[[1039,7486],[-80,-51],[-114,48],[-80,12],[-174,186],[-15,-86],[-71,36],[-21,48],[17,92],[170,-9],[58,54],[-24,86],[-90,89],[-29,12],[-112,0],[-38,51],[17,60],[-64,170],[164,169]],[[553,8453],[8,-37],[79,-98],[108,-48],[109,-84],[199,-30],[12,-105],[-45,-182],[11,-45],[-20,-40],[25,-298]],[[9975,5560],[24,-33],[-4,-75],[-54,2],[-42,70],[76,36]],[[8407,6177],[28,65],[5,28]],[[8440,6270],[183,-60],[72,5],[136,60],[195,-10],[34,-78],[64,-86],[34,-25],[155,-42],[29,-21],[66,-170],[71,-44],[32,-44],[42,-117],[17,-236],[27,-76],[3,-99],[-69,153],[-42,63],[-84,88],[-76,43],[-140,41],[-158,-15],[-88,-78],[-34,0],[-48,77],[-107,50],[-91,-89],[12,-68],[-48,-62],[-70,-46],[-114,-34],[-99,-73],[-131,-62],[-30,-30],[-115,-150],[7,-169],[-92,-46],[-17,-45],[28,-115],[60,-97],[-83,-89],[-21,-90],[35,-152],[-47,-84],[11,-75],[-48,-100],[12,-115],[38,-94],[-68,-55],[-44,-68]],[[7839,3641],[-16,87],[-11,219],[25,111]],[[7837,4058],[-9,145],[-50,90],[-52,168]],[[7726,4461],[33,155],[57,109],[-14,118],[51,117],[22,151],[29,36],[50,124],[7,160],[-16,157],[-1,144],[53,71],[73,14],[86,119],[139,6],[104,14],[77,-30],[81,40],[156,49],[33,46],[-204,90],[-63,-31],[-39,10],[-33,47]],[[8369,5652],[58,52],[-55,113],[-71,-4],[-54,-44],[43,-110],[79,-7]],[[9494,5905],[1,67],[58,-21],[4,-59],[56,-96],[-12,-53],[-59,-5],[8,69],[-56,98]],[[3428,4048],[-33,-24],[-28,23],[-3,67],[65,90],[43,-51],[-44,-105]],[[4154,7914],[-25,-17],[-70,25],[42,203],[40,0],[35,-77],[5,-58],[-27,-76]],[[2800,6555],[-49,-103],[-64,-78],[-65,12],[-16,89],[26,89],[47,103]],[[2679,6667],[86,-3],[35,-109]],[[2800,6555],[101,-11]],[[2901,6544],[46,-138],[-3,-169],[25,-39],[-10,-50],[-76,-114],[-63,-74],[-127,-215],[-52,-163],[-2,-198]],[[2639,5384],[-143,27],[-134,63]],[[2362,5474],[41,151],[79,111],[1,86],[-115,118],[-44,88],[118,227],[-211,190]],[[2231,6445],[63,56],[69,20],[55,-1],[47,44],[14,101],[28,82],[10,110],[53,118]],[[2570,6975],[51,-141],[58,-167]],[[3516,6012],[-32,31],[26,38],[23,-26],[-17,-43]],[[3009,5490],[-179,-144],[-191,38]],[[2901,6544],[30,132],[99,121],[-8,60],[222,279],[151,220]],[[3395,7356],[-15,-114],[11,-234],[-15,-115],[-30,-110],[40,-84],[68,-13],[58,-50],[-96,-179],[31,-64],[68,54],[60,-8],[43,-61],[-3,-122],[10,-125],[50,-20],[51,9],[15,-26],[-26,-104],[-39,-23]],[[3676,5967],[-80,-98],[-138,-120],[-128,0],[-84,-48],[-82,-65],[-95,-47],[-60,-99]],[[3009,5490],[-17,-98],[-34,-37],[-8,-105],[33,-195],[23,-78],[76,53],[103,-13],[129,-148],[44,-121],[40,-59]],[[3398,4689],[-59,-6],[-50,-36]],[[3289,4647],[-70,-16],[-63,-42],[-38,-73],[-52,-39],[-99,76],[-100,-78]],[[2867,4475],[-144,-75],[-77,-14],[-193,-94],[-124,-24],[-119,-33],[-87,108],[-66,-164],[-161,-167]],[[1896,4012],[-36,24],[-77,99],[-90,237],[-37,52],[-47,30],[-179,24],[-54,32],[-5,67],[108,91],[281,-61],[120,15],[34,56],[27,153],[71,99],[21,70],[31,184],[-4,50],[-44,74],[-49,48],[-62,-12]],[[1905,5344],[15,103],[97,49],[107,-25],[119,-13],[119,16]],[[4255,6850],[-70,-328],[-1,-103],[22,-87],[-17,-88],[-28,-41]],[[4161,6203],[-59,-53],[-60,-166],[-206,-41],[-82,-160]],[[3754,5783],[-57,93],[-21,91]],[[3395,7356],[147,-57],[144,-101]],[[3686,7198],[155,-100],[154,-108],[260,-140]],[[3855,6810],[-68,-14],[-63,30],[-54,-35],[81,-123],[138,72],[-34,70]],[[4044,6228],[59,-4],[16,28],[-5,54],[21,70],[-5,46],[-134,1],[-31,-61],[25,-93],[54,-41]],[[4255,6850],[142,-42],[43,-22],[72,20],[126,-51],[67,17]],[[4705,6772],[10,-251],[42,-57],[56,-41]],[[4813,6423],[51,-86],[-49,-145],[-6,-95]],[[4809,6097],[-66,27],[-65,-10],[-51,-43],[-25,-187],[25,-72],[47,-35],[26,-66]],[[4700,5711],[-49,-149],[-87,-115]],[[4564,5447],[-30,50],[15,103],[-21,35],[-64,-13],[-33,16],[36,65],[-14,31],[-93,44],[49,55],[14,67],[-85,-1],[0,28],[-66,87],[14,105],[-30,29],[-70,-82],[11,94],[-36,43]],[[7361,8476],[98,-236],[31,-311],[31,-76]],[[7521,7853],[-25,-3],[-133,136],[-108,-50],[-122,0],[-57,-100],[31,-97],[1,-108],[-42,-88],[-67,-15],[-50,-44],[-25,-76],[37,-262]],[[6961,7146],[-57,-45],[-50,-62]],[[6854,7039],[-88,60],[-87,54]],[[6679,7153],[6,127],[-8,108],[-26,70],[33,63],[43,42],[22,73],[-61,103],[-72,92],[45,138],[89,99],[44,71],[-23,76],[-2,117],[20,117]],[[6789,8449],[56,9],[54,30],[113,-29],[77,37],[170,-29],[102,9]],[[6165,3513],[94,116],[182,-136],[71,106]],[[6512,3599],[74,-16],[74,-42],[168,-74]],[[6828,3467],[-37,-147],[-9,-148],[65,-115],[-25,-152]],[[6822,2905],[-42,-1],[-99,32],[-60,-105],[-9,-166],[-52,-65],[-57,46],[-18,102],[-39,81],[-61,0],[-51,-80],[-59,-66],[-68,-27],[-45,-60],[-61,45],[-5,136],[-18,35]],[[6078,2812],[18,7],[-38,104],[-49,86],[-117,140],[-287,445],[-105,126],[-56,38]],[[5444,3758],[2,26],[104,-11],[120,-115],[111,-143],[201,-160],[183,158]],[[6165,3513],[-66,128],[1,129],[13,72],[-82,94],[-103,46],[-45,122],[14,76],[51,130],[-8,65],[-37,66],[40,96]],[[5943,4537],[29,-59],[36,6],[148,98],[60,12],[77,-64],[-24,-83],[17,-42],[48,-29],[54,54],[43,-4],[144,-113],[72,-41],[55,-92],[-12,-108],[30,-137],[-1,-99],[-42,-84],[-78,-49],[-84,-22],[-49,-54],[46,-28]],[[8052,6415],[14,57],[70,18]],[[8136,6490],[99,-108],[74,-6],[61,-31],[70,-75]],[[8407,6177],[-87,-39],[-86,12],[-57,123],[-59,86],[-66,56]],[[8052,6415],[-34,-74],[-90,-124],[-16,-108],[-110,-63],[-125,-6]],[[7677,6040],[-112,76],[-166,218],[-92,40],[-74,72],[-104,153],[-132,136],[-99,37]],[[6898,6772],[-67,123],[23,144]],[[6961,7146],[57,4],[117,51],[56,42],[20,88],[64,54],[38,-41],[12,-106],[159,-116],[72,-33],[83,-10],[147,43],[75,2]],[[7861,7124],[19,-52],[114,-101],[38,13],[115,-136],[-7,-62],[-40,-163],[0,-61],[36,-72]],[[6898,6772],[-134,-116],[-22,-121],[6,-124],[-55,-109],[41,-63],[27,-222],[4,-91],[21,-41],[-50,-149],[-9,-57],[-79,-68],[10,-44],[136,13]],[[6794,5580],[-23,-111],[-50,-72],[-56,-37],[-132,83],[-70,53],[-136,46]],[[6327,5542],[70,117],[11,138],[75,76],[122,72],[27,42],[-139,110],[-119,5],[-65,35],[-48,79],[19,119],[74,90],[25,47],[-2,50],[40,107],[-32,89],[-53,69],[-27,77]],[[6305,6864],[54,124],[-11,127],[-91,80],[-75,111]],[[6182,7306],[138,-2],[134,-48],[110,-60],[115,-43]],[[4995,8046],[83,-42],[119,14]],[[5197,8018],[13,-36],[55,-46],[126,-32]],[[5391,7904],[43,-170],[135,-100]],[[5569,7634],[-45,-89],[-23,-98],[-48,12],[-25,-65],[18,-94],[42,-90],[-5,-89],[-51,-53],[-47,-17],[-8,-129],[-66,-67],[-77,-44],[-51,-54],[-35,-84],[-89,-148]],[[5059,6525],[-57,-35],[-127,-22],[-62,-45]],[[4705,6772],[60,22],[15,75]],[[4780,6869],[3,174],[35,167],[56,126],[0,137],[102,257],[27,140],[-13,68],[5,108]],[[5391,7904],[331,319],[338,299],[116,123],[128,81],[101,41],[95,69]],[[6500,8836],[80,-171],[62,-158],[29,-52],[84,31],[34,-37]],[[6182,7306],[-101,114],[-129,12],[-94,55],[-138,100],[-49,27],[-102,20]],[[3354,3420],[-77,-17],[-45,-67],[29,-42],[10,-73],[-32,-61],[-48,-42]],[[3191,3118],[-134,-128],[-77,12],[-65,55]],[[2915,3057],[33,33],[-11,104],[60,81],[-26,84],[-55,32],[-109,-13],[-59,30],[-64,97],[-59,5],[-116,-77],[-60,-16],[-63,46],[-40,98],[-55,61],[-64,24],[-54,56],[-66,173],[-47,58],[-107,42],[-57,37]],[[2867,4475],[-24,-86],[14,-73],[74,-76],[60,-158],[29,-180]],[[3020,3902],[28,-178],[-51,-152],[6,-76],[100,-73],[72,10],[52,115],[47,21],[47,-7],[24,-62],[9,-80]],[[3354,3420],[46,94],[45,95]],[[3445,3609],[90,-81],[110,119],[-20,111],[-87,120],[-20,54],[36,78]],[[3554,4010],[132,77],[33,68],[19,82],[74,23],[71,-44],[93,-81],[98,-30],[48,91],[54,8],[56,-18]],[[4232,4186],[44,-125],[85,-70],[25,-110],[-47,-121]],[[4339,3760],[-235,-67],[-62,-65],[-78,-48],[-78,-9],[-30,-65],[64,-16],[55,9],[-38,-64],[-70,-20],[-28,-42],[11,-48],[38,6],[84,66],[14,-65],[-32,-63],[18,-113],[-62,-19],[-13,-68]],[[3897,3069],[-36,-75],[21,-126],[-61,-7],[-72,-44],[-22,52],[-108,98],[-8,71],[-97,64],[-37,-32],[26,-92],[-22,-94],[-63,8],[-68,34]],[[3350,2926],[48,126],[-51,70],[-72,-23],[-84,19]],[[3350,2926],[-40,-50],[-11,-89],[57,-126],[5,-95],[27,-81],[115,-97]],[[3503,2388],[-136,-106],[-107,-178],[-69,55],[-19,207],[-51,7]],[[3121,2373],[-140,160],[-38,129],[-28,29],[-123,72],[-55,56],[-24,90],[22,74],[54,43],[126,31]],[[3020,3902],[77,14],[71,46],[73,11],[122,-30]],[[3363,3943],[4,-77],[57,33]],[[3424,3899],[19,-98],[2,-192]],[[3424,3899],[-31,34],[-30,10]],[[3289,4647],[61,-57],[70,25],[82,-54],[43,-126],[61,-74],[69,-42],[-15,-76],[-34,-60],[-72,-173]],[[841,3431],[80,-169],[105,-23],[85,-91]],[[1293,2436],[-214,-11],[-94,6],[-67,-67],[119,-113],[149,22]],[[1302,1645],[-92,47],[-74,56],[-23,62],[16,77],[-66,59],[-29,108],[-58,79],[5,71],[-63,36],[5,52],[-53,-4],[-179,77],[-44,-19],[-29,187],[-37,88]],[[581,2621],[77,-35],[124,74],[6,63],[-23,69],[20,61],[-39,155],[-10,75],[52,251],[53,97]],[[6964,1130],[28,-90],[0,-24]],[[6992,1016],[-49,-61],[-14,147],[35,28]],[[7071,4325],[14,-7],[25,31]],[[7110,4349],[117,13],[134,-105],[232,-44],[86,29],[56,-78],[102,-106]],[[7839,3641],[-69,-129],[2,-49],[-37,-110],[-21,-164]],[[7714,3189],[-141,-55],[-62,-35],[-78,33],[-117,171],[-41,-53],[-19,-76],[-78,-100],[-41,-97],[15,-138],[-112,-105],[-63,16],[-155,155]],[[6828,3467],[122,16],[80,-54],[1,113],[51,35],[90,93],[43,119],[-3,30],[-79,106],[17,88],[-24,80],[0,96],[-55,136]],[[7071,4325],[-43,36],[-24,58],[6,123]],[[7010,4542],[126,-1],[25,-38],[-3,-84],[-48,-70]],[[5943,4537],[70,79],[55,32],[-9,60]],[[6059,4708],[39,87],[99,95],[46,59],[56,40]],[[6299,4989],[160,-3],[153,-54],[38,-26],[10,-162],[126,-54],[33,-51],[132,-37],[59,-60]],[[581,2621],[-31,90],[-77,132]],[[473,2843],[75,71],[57,118],[31,168],[37,152]],[[673,3352],[63,20],[48,59],[57,0]],[[1143,7306],[-45,37],[15,93],[-11,67],[-63,-17]],[[553,8453],[259,271],[56,25],[55,-4],[114,-75],[144,13],[80,-102],[246,-120],[111,-29],[43,-37],[-64,-35],[-38,-60],[41,-82],[103,-101]],[[1703,8117],[-120,-78],[-45,-51],[-32,-69],[-98,2],[-52,-51],[42,-165],[-20,-100],[-50,-68],[-104,-38],[-62,-108],[-19,-85]],[[1905,5344],[-45,-2],[-73,102]],[[1787,5444],[15,95],[29,90],[1,70],[19,56],[-58,154],[30,183],[122,96]],[[1945,6188],[137,241],[66,72],[83,-56]],[[2570,6975],[-30,100],[52,272],[26,55],[8,101],[-39,96],[-141,246]],[[2446,7845],[-96,58],[-105,76]],[[2245,7979],[82,46],[129,1],[31,-13],[77,-113],[100,-115],[137,-69],[76,-113],[68,-22],[45,121],[35,28],[100,-8],[23,42]],[[3148,7764],[51,-48],[77,-4],[68,-52],[18,-163],[25,-65],[8,-76]],[[2446,7845],[-54,-115],[-108,-159],[-27,-83],[-84,-25],[-172,28],[-81,-22],[-58,-165],[-212,-198],[-30,-70],[1,-88]],[[1621,6948],[-22,-125],[9,-250],[-22,-222],[-41,-56],[-124,102],[4,79],[-35,60],[-52,29],[-63,1],[-51,42],[-20,125]],[[1204,6733],[132,82],[45,64],[32,118],[-3,64],[-105,37],[-100,155],[-62,53]],[[1703,8117],[86,-67],[254,-115],[82,-13],[76,20],[44,37]],[[3754,5783],[22,-132],[43,-53],[29,-70],[41,-47],[50,-24],[-8,-180],[4,-98],[18,-107]],[[3953,5072],[-93,10],[-15,74],[-32,51],[-40,-21],[-83,42],[-2,-81],[-200,-122],[-13,-97],[-44,-58],[-25,-77],[-8,-104]],[[3953,5072],[122,13],[122,-5]],[[4197,5080],[-70,-91],[-80,-67],[-7,-65],[51,-56],[-47,-55],[-64,-26],[-7,-158],[-44,-40],[38,-140],[141,-39],[73,36],[75,14],[39,-83],[-37,-100],[-26,-24]],[[6269,5390],[22,88],[36,64]],[[6794,5580],[82,-59],[95,13]],[[6971,5534],[16,-106],[148,-200],[99,-176],[59,-23],[144,-5],[79,-16],[41,-72],[14,-95],[71,-167],[18,-104],[66,-109]],[[6299,4989],[14,118],[-12,212],[-32,71]],[[6269,5390],[-58,63],[-38,96],[-100,55],[-6,221],[-67,41],[-76,-7],[-98,-104],[-66,80],[-61,-15],[-46,56],[14,123],[35,117]],[[5702,6116],[32,-27],[32,30],[12,85],[64,79],[84,68],[23,54],[169,104],[102,96],[52,119],[33,140]],[[4564,5447],[3,-23],[135,-22],[-68,-82]],[[4634,5320],[-144,-140],[-144,-123],[-57,-24],[-95,92],[3,-45]],[[6031,1788],[116,6],[80,28],[59,-50],[48,-77]],[[6334,1695],[32,-113],[87,-18]],[[6453,1564],[-150,-136],[-157,-121],[-73,-70],[-61,-93],[-24,-118],[-47,-84],[-39,-26]],[[5902,916],[-26,48],[-227,145],[-110,117],[-34,82],[-5,117],[17,32],[89,73],[11,59],[315,73],[70,57],[29,69]],[[6031,1788],[10,79],[-61,179],[-26,32],[-98,53],[-97,124],[-42,76],[-22,76],[3,99],[31,81],[50,61],[57,38],[107,28],[90,80],[45,18]],[[6822,2905],[-82,-154],[-13,-109],[13,-109],[61,-181],[-19,-195]],[[6782,2157],[-70,18],[-17,-66],[-66,2],[-1,-66],[27,-65],[-137,-104],[-99,-151],[-85,-30]],[[3503,2388],[59,-99],[15,-80]],[[3577,2209],[-50,-63],[-43,-99],[-65,-67],[-49,-129],[-29,-34],[-98,-66],[-55,-74],[-48,-129],[-43,-76],[-54,-51],[-68,-22],[-59,164],[-6,103],[31,143],[6,80],[-32,176],[-98,84],[-44,58],[-2,87],[40,48],[60,-10],[104,-68],[21,3],[125,106]],[[3897,3069],[121,-86],[68,-147],[96,24],[71,-76]],[[4253,2784],[-190,-102],[-82,-64],[-84,-182],[-29,-107],[-27,-49],[-114,-84],[-94,32],[-56,-19]],[[5159,4921],[-13,113],[-46,17]],[[5100,5051],[-36,11],[-19,114],[-21,-2],[-52,-85],[-21,17],[-50,-18],[-35,63],[-42,6],[-88,-69],[-81,198],[-21,34]],[[4700,5711],[100,-85],[96,-94],[55,-102],[85,42],[86,5],[90,-15],[191,28]],[[5403,5490],[-1,-212],[19,-205],[-66,-120],[-93,-70]],[[5262,4883],[-35,13],[-51,-25],[-17,50]],[[5159,4921],[-73,-87],[118,-166],[-3,-112],[-102,-86],[-25,-43],[53,-73],[-30,-103],[-10,-82],[64,-42],[176,-189],[-11,-88],[-73,-55],[-73,-84],[-16,-95]],[[5154,3616],[-74,-96],[-206,-151]],[[4874,3369],[0,117],[-108,118],[-79,139],[-56,20],[-28,84]],[[4603,3847],[-57,124],[45,45],[-22,83],[30,63],[51,27],[32,49],[82,-1],[112,51],[50,67],[26,103],[36,272],[112,321]],[[5444,3758],[-39,-59],[-151,-4],[-40,-14],[-60,-65]],[[5262,4883],[83,-60],[36,30],[52,-35],[30,9],[-1,93],[25,38],[58,-44],[69,67],[26,2],[24,-113],[130,-94],[-3,-39],[55,37],[62,3],[41,-47],[12,-47],[76,55],[22,-30]],[[5403,5490],[44,60],[33,76],[23,231]],[[5503,5857],[73,53],[-14,151]],[[5562,6061],[70,22],[70,33]],[[4809,6097],[65,-81],[71,32],[127,-98],[63,53],[34,-4],[179,-114],[111,-4],[44,-24]],[[5059,6525],[160,-66],[129,-8],[178,-66],[72,-78],[-42,-131],[6,-115]],[[7049,1424],[-49,-77],[-61,21],[1,-102],[24,-136]],[[6992,1016],[9,-416]],[[7001,600],[-137,-49],[-154,-11]],[[6710,540],[56,138],[-66,79],[3,101],[-49,123],[-151,130],[-20,125],[48,120]],[[6531,1356],[116,-111],[66,18],[166,127],[48,55],[122,-21]],[[7627,2183],[-41,-188],[-12,-162],[-16,-50],[-129,-118],[-67,-34],[-48,52],[24,96],[103,38],[37,100],[-18,112],[-35,22],[-81,4],[-17,175],[-62,44],[-94,-12],[-31,-93],[-5,-68],[-20,-10],[3,-203],[27,-61],[-7,-71],[-51,-223]],[[7087,1533],[-38,154],[-5,142],[-79,97],[-2,94],[14,92]],[[6977,2112],[60,102],[144,209],[85,85],[51,-56],[33,-92],[54,-47],[126,-67],[70,-23],[27,-40]],[[7087,1533],[-34,-102],[-4,-7]],[[6531,1356],[-21,119],[-57,89]],[[6782,2157],[92,-53],[103,8]],[[7714,3189],[18,-90],[159,-188],[35,-70],[-20,-118],[17,-62],[-69,79],[20,-89],[49,-87],[-39,12],[-46,75],[-88,76],[-57,-28],[-44,-74],[-17,-91],[1,-314],[-6,-37]],[[4603,3847],[-133,-42],[-131,-45]],[[4434,8202],[192,-29],[37,-15],[48,-86],[66,-31],[93,68],[35,-6],[90,-57]],[[4780,6869],[-164,111],[-152,148],[-52,93],[-19,112],[-50,-9],[-9,67],[-66,121],[21,115],[109,304],[36,271]],[[3148,7764],[10,16],[23,191],[17,77],[46,82],[6,72],[34,22],[-11,42],[-100,177]],[[3173,8443],[13,80],[75,122],[55,154],[57,114],[88,37],[114,-8],[110,-44],[101,28]],[[3786,8926],[68,120],[136,36],[58,-50],[30,-139],[34,-34]],[[4112,8859],[-22,-128],[-40,-92],[-140,-120],[-224,-125],[-65,-53],[-67,-137],[-31,-31],[-37,-107],[-11,-137],[10,-111],[77,-51],[119,-243],[5,-326]],[[4112,8859],[37,-100],[53,-83],[19,-105],[-3,-149],[17,-66],[30,-37],[130,-99],[39,-18]],[[5197,8018],[99,30],[47,61],[-16,95],[5,59],[63,86],[41,121],[45,-9],[38,28],[56,204],[32,79],[57,44],[197,48],[51,34],[89,97],[149,117],[38,53],[34,82],[73,249],[11,18]],[[6306,9514],[45,5],[45,-62],[-39,-151],[31,-139],[88,-20],[0,-56],[-29,-51],[33,-85],[20,-119]],[[6306,9514],[118,190],[82,166],[131,-127],[151,-263],[82,-119],[10,-69],[117,-165],[66,-178],[62,-53],[92,-183],[56,-27],[88,-210]],[[3173,8443],[-38,-4],[-27,81],[-85,62],[-166,89],[-81,93],[-54,23],[-90,78],[-29,48],[-29,174]],[[2574,9087],[93,-48],[53,6],[92,85],[119,41],[51,44],[39,65],[48,168],[171,151],[57,78],[24,99],[-12,65]],[[3309,9841],[54,46],[22,-144],[26,-72],[112,-131],[96,-36],[27,-30],[40,-114],[85,-90],[41,-86],[16,-85],[24,-54],[-66,-119]],[[2574,9087],[-44,127],[-24,-1],[-35,-63],[-45,48],[-22,129],[-2,145],[17,97],[33,45],[37,5],[116,-19],[52,44],[74,113],[37,74],[64,168],[162,-24],[31,-23],[10,-53],[-9,-116],[10,-49],[63,-31],[85,84],[104,34],[21,20]],[[84,3539],[-48,62],[-36,144],[48,27],[80,19],[75,-1],[102,50]],[[305,3840],[-36,-74],[-67,-28],[-71,-88],[-47,-111]],[[1928,2577],[98,-61],[34,-45],[12,-63],[-53,-91],[-11,-73],[16,-74],[81,-161],[34,-91],[89,-323],[100,-249],[-116,31],[-113,66],[-360,99],[-40,21]],[[473,2843],[-76,89],[-41,5],[-44,42],[8,54],[-56,99],[-52,275],[-45,117],[-83,15]],[[305,3840],[73,70],[65,28],[58,-37],[126,-209],[25,-100],[-19,-170],[40,-70]],[[1787,5444],[-401,291],[-101,120],[-69,185],[-59,83],[-11,90],[-97,124],[-24,66],[-1,123],[43,95],[67,70],[70,42]],[[1621,6948],[64,-101],[32,-105],[53,-114],[137,-155],[39,-88],[-1,-197]],[[1321,6371],[24,75],[-45,32],[-50,4],[-44,-28],[-15,-59],[14,-57],[59,-23],[57,56]],[[6971,5534],[59,-31],[87,-74],[153,205],[59,24],[60,109],[50,37],[106,42],[95,111],[37,83]],[[7001,600],[10,-482],[-110,31],[-55,1],[-115,-109],[-88,-41],[-87,9],[-55,70],[-69,139]],[[6432,218],[45,133],[12,66],[31,40],[77,42],[38,-8],[75,49]],[[4874,3369],[-30,-22],[-90,-118],[-181,-79],[-71,-50],[-56,-62],[-85,-141],[-56,-76],[-52,-37]],[[6432,218],[-125,218],[-49,71],[-31,138],[-41,0],[-87,-53],[-52,2],[-58,90],[-83,87],[-4,145]],[[7521,7853],[11,-32],[28,-204],[82,-171],[206,-295],[13,-27]]],"bbox":[44.774558818981255,38.39261586655935,50.62128286852414,41.89051915153907],"transform":{"scale":[0.0005847308780420927,0.00034982531102907425],"translate":[44.774558818981255,38.39261586655935]},"title":"Azerbaijan","version":"2.0.1","copyright":"Copyright (c) 2022 Highsoft AS, Based on data from Natural Earth","copyrightShort":"Natural Earth","copyrightUrl":"http://www.naturalearthdata.com"}