{"type":"Topology","objects":{"default":{"type":"GeometryCollection","geometries":[{"type":"Polygon","arcs":[[0,1,2,3,4,5]],"id":"CA.AB.4813","properties":{"hc-group":"admin2","hc-middle-x":0.44,"hc-middle-y":0.7,"hc-key":"ca-ab-4813","hc-a2":"DN","name":"Division No. 13","type":"CDR"}},{"type":"Polygon","arcs":[[-1,6,7,8,9]],"id":"CA.AB.4812","properties":{"hc-group":"admin2","hc-middle-x":0.56,"hc-middle-y":0.6,"hc-key":"ca-ab-4812","hc-a2":"DN","name":"Division No. 12","type":"CDR"}},{"type":"Polygon","arcs":[[10,11,12]],"id":"CA.AB.4801","properties":{"hc-group":"admin2","hc-middle-x":0.56,"hc-middle-y":0.54,"hc-key":"ca-ab-4801","hc-a2":"DN","name":"Division No.  1","type":"CDR"}},{"type":"Polygon","arcs":[[13,14,-3,15,16]],"id":"CA.AB.4811","properties":{"hc-group":"admin2","hc-middle-x":0.47,"hc-middle-y":0.62,"hc-key":"ca-ab-4811","hc-a2":"DN","name":"Division No. 11","type":"CDR"}},{"type":"Polygon","arcs":[[17,18,19,20,-12]],"id":"CA.AB.4802","properties":{"hc-group":"admin2","hc-middle-x":0.58,"hc-middle-y":0.54,"hc-key":"ca-ab-4802","hc-a2":"DN","name":"Division No.  2","type":"CDR"}},{"type":"Polygon","arcs":[[-16,-2,-10,21,22,23]],"id":"CA.AB.4810","properties":{"hc-group":"admin2","hc-middle-x":0.49,"hc-middle-y":0.36,"hc-key":"ca-ab-4810","hc-a2":"DN","name":"Division No. 10","type":"CDR"}},{"type":"Polygon","arcs":[[-19,24,25,26,27]],"id":"CA.AB.4803","properties":{"hc-group":"admin2","hc-middle-x":0.42,"hc-middle-y":0.68,"hc-key":"ca-ab-4803","hc-a2":"DN","name":"Division No.  3","type":"CDR"}},{"type":"Polygon","arcs":[[-7,-6,28,29,30,31,32,33,34,35]],"id":"CA.AB.4817","properties":{"hc-group":"admin2","hc-middle-x":0.51,"hc-middle-y":0.48,"hc-key":"ca-ab-4817","hc-a2":"DN","name":"Division No. 17","type":"CDR"}},{"type":"Polygon","arcs":[[-30,36,37,-34,38,-32,39]],"id":"CA.AB.4819","properties":{"hc-group":"admin2","hc-middle-x":0.31,"hc-middle-y":0.45,"hc-key":"ca-ab-4819","hc-a2":"DN","name":"Division No. 19","type":"CDR"}},{"type":"Polygon","arcs":[[40,-13,-21,41,42]],"id":"CA.AB.4804","properties":{"hc-group":"admin2","hc-middle-x":0.55,"hc-middle-y":0.52,"hc-key":"ca-ab-4804","hc-a2":"DN","name":"Division No.  4","type":"CDR"}},{"type":"Polygon","arcs":[[43,-8,-36]],"id":"CA.AB.4816","properties":{"hc-group":"admin2","hc-middle-x":0.6,"hc-middle-y":0.36,"hc-key":"ca-ab-4816","hc-a2":"DN","name":"Division No. 16","type":"CDR"}},{"type":"Polygon","arcs":[[-28,44,45,46,-42,-20]],"id":"CA.AB.4805","properties":{"hc-group":"admin2","hc-middle-x":0.53,"hc-middle-y":0.39,"hc-key":"ca-ab-4805","hc-a2":"DN","name":"Division No.  5","type":"CDR"}},{"type":"Polygon","arcs":[[47,48,49,50,-26]],"id":"CA.AB.4815","properties":{"hc-group":"admin2","hc-middle-x":0.74,"hc-middle-y":0.57,"hc-key":"ca-ab-4815","hc-a2":"DN","name":"Division No. 15","type":"CDR"}},{"type":"Polygon","arcs":[[-45,-27,-51,51,52]],"id":"CA.AB.4806","properties":{"hc-group":"admin2","hc-middle-x":0.49,"hc-middle-y":0.41,"hc-key":"ca-ab-4806","hc-a2":"DN","name":"Division No.  6","type":"CDR"}},{"type":"Polygon","arcs":[[-4,-15,53,-49,54,55]],"id":"CA.AB.4814","properties":{"hc-group":"admin2","hc-middle-x":0.66,"hc-middle-y":0.43,"hc-key":"ca-ab-4814","hc-a2":"DN","name":"Division No. 14","type":"CDR"}},{"type":"Polygon","arcs":[[-23,56,-43,-47,57]],"id":"CA.AB.4807","properties":{"hc-group":"admin2","hc-middle-x":0.55,"hc-middle-y":0.43,"hc-key":"ca-ab-4807","hc-a2":"DN","name":"Division No.  7","type":"CDR"}},{"type":"Polygon","arcs":[[-24,-58,-46,-53,58,-17]],"id":"CA.AB.4808","properties":{"hc-group":"admin2","hc-middle-y":0.49,"hc-key":"ca-ab-4808","hc-a2":"DN","name":"Division No.  8","type":"CDR"}},{"type":"Polygon","arcs":[[-52,-50,-54,-14,-59]],"id":"CA.AB.4809","properties":{"hc-group":"admin2","hc-key":"ca-ab-4809","hc-a2":"DN","name":"Division No.  9","type":"CDR"}},{"type":"Polygon","arcs":[[-56,59,-37,-29,-5]],"id":"CA.AB.4818","properties":{"hc-group":"admin2","hc-middle-x":0.51,"hc-middle-y":0.6,"hc-key":"ca-ab-4818","hc-a2":"DN","name":"Division No. 18","type":"CDR"}}],"hc-recommended-transform":{"default":{"crs":"+proj=tmerc +lat_0=0 +lon_0=-115 +k=0.9992 +x_0=500000 +y_0=0 +ellps=GRS80 +towgs84=0,0,0,0,0,0,0 +units=m +no_defs","scale":0.000567454148518,"jsonres":15.5,"jsonmarginX":-999,"jsonmarginY":9851,"xoffset":170991.294971,"yoffset":6659288.09581}}}},"arcs":[[[7249,5873],[437,-1],[1,-317],[-32,0],[0,-80],[-102,0],[0,-238],[21,1],[1,-159],[-152,-20],[-1,-139],[-24,-78],[-87,-1],[0,-53],[-75,0],[0,-52],[-87,-1],[-1,-132],[38,-12]],[[7186,4591],[-31,-22],[1,-44]],[[7156,4525],[-505,0],[0,40],[-222,0],[-98,-27],[-113,0],[-24,-66],[-174,-14],[-72,20],[22,-72],[3,-173],[-97,0],[1,-53],[-124,14],[-443,0],[-122,-10],[0,103],[-76,-1]],[[5112,4286],[-86,66],[-219,1],[0,13],[-294,0],[0,14],[-299,1],[3,65],[-90,1],[5,78],[-659,0],[0,80],[-172,0],[1,50]],[[3302,4655],[174,45],[117,47],[158,31],[-3,64],[153,-1],[-3,81],[132,-2],[8,79]],[[4038,4999],[899,0],[5,237],[-12,82],[848,0],[-61,-62],[-41,-176],[637,-1],[-5,158],[27,1],[-1,158],[305,1],[0,79],[457,0],[1,-48],[186,12],[-42,49],[-131,35],[71,88],[6,49],[129,76],[-67,136]],[[7249,5873],[-49,52],[42,19],[-33,93],[68,47],[125,31],[-35,124],[-45,39],[59,33],[-18,39]],[[7363,6350],[596,1],[3,-40],[154,-1],[-1,42],[472,-3],[14,-159],[-3,-318],[98,1],[0,-118],[1303,0]],[[9999,5755],[-5,-531],[1,-779]],[[9995,4445],[-255,-14],[-8,-48],[-97,0],[-11,-97],[-163,52],[-482,1],[-23,26],[-107,-48],[-233,1],[-106,43],[-26,44],[-85,-1],[0,53],[-122,-13],[-48,32],[-200,-15],[-53,31],[-142,32],[-67,77],[-140,-32],[-49,-32],[-193,12],[-102,39],[-97,3]],[[9997,1667],[-6,-504],[5,-290],[-2,-873],[-1336,0]],[[8658,0],[0,125],[-89,-3],[-11,118],[-312,-1],[-1,79],[-135,0],[-13,197],[272,-33],[0,312],[-65,66],[109,49],[13,34],[-96,87],[299,2],[-9,80],[1,317],[-9,119]],[[8612,1548],[1105,0],[0,-83],[91,19],[61,41],[-5,39],[72,7],[-16,58],[77,38]],[[5419,3494],[-435,0],[-7,198],[-175,-6],[-25,-130],[82,-63],[-141,14],[-219,0],[-96,-14]],[[4403,3493],[-15,161],[2,315],[501,0],[19,45],[97,59],[-24,79],[129,134]],[[7156,4525],[-108,-77],[1,-108],[25,-53],[48,0],[0,-53],[-73,-27],[0,-132],[98,-21],[12,-85],[-182,-11],[23,-55],[-49,0],[-1,-53],[-121,1],[0,-106],[71,0],[27,-79],[-52,-54],[0,-118],[72,-1],[2,-79],[-38,0]],[[6911,3414],[-141,0],[-80,26],[16,54],[-165,-21],[-41,20],[-551,1],[-93,40],[-389,0],[-48,-40]],[[8658,0],[-534,0],[-533,0]],[[7591,0],[0,157],[-286,1],[0,145],[-57,1],[-1,105],[-26,93],[-117,37],[-74,123],[-51,36],[-154,17],[-101,112],[-2,126]],[[6722,953],[90,13],[270,0],[104,14],[1,53],[169,0],[1,52],[112,13],[6,53],[93,0],[-1,40],[264,0],[3,93],[-131,14],[-71,59],[2,94],[-121,36],[4,29],[-78,68],[63,4],[-1,40],[-115,20],[-22,99],[119,0],[-1,79],[140,0],[0,79],[141,0],[-1,107]],[[7762,2012],[267,-135],[47,-99],[-48,-26],[111,-16],[47,-66],[182,16],[66,-78],[178,-1],[0,-59]],[[9995,4445],[-2,-753],[2,-185]],[[9995,3507],[-107,6],[-103,43],[-122,6],[-121,37],[-34,71],[-105,4],[-20,42],[-78,-26],[-335,0],[-12,26],[-111,14],[-59,39],[-218,0],[0,-119],[25,-78],[-388,0],[-96,28],[-97,-1],[-2,52],[-338,1],[-1,-265],[-72,-53],[-197,0],[-84,-27],[0,-53],[-107,0],[5,-80],[-149,0]],[[7069,3174],[-69,53],[-148,27],[0,40],[96,-1],[1,92],[-38,29]],[[7591,0],[-1661,0],[-11,54],[-73,37],[4,40],[-71,41],[-67,-11],[-114,33],[-86,122],[-110,59],[25,131]],[[5427,506],[64,15],[37,-51],[63,-18],[92,49],[0,227],[-23,66],[115,-28],[223,0],[1,319],[-68,0],[-1,106],[-137,-1]],[[5793,1190],[-1,80],[381,1],[1,12],[264,0]],[[6438,1283],[34,-77],[137,-102],[69,-13],[46,-59],[-2,-79]],[[4038,4999],[-6,239],[-16,79],[-760,0],[3,239],[-181,0],[2,238]],[[3080,5794],[151,0],[-24,79],[1,238],[-128,13],[-1,66],[-51,1],[-3,118],[-312,0],[0,40],[-241,0],[165,154],[90,47]],[[2727,6550],[-47,40]],[[2680,6590],[-679,0],[-1,-77]],[[2000,6513],[-783,-5]],[[1217,6508],[1,-26],[-118,-1],[-66,66],[16,44],[-192,54],[-242,-68],[-77,0],[-172,-62],[-129,5],[-102,-35],[-135,10]],[[1,6495],[-1,3504],[4434,0]],[[4434,9999],[-2,-319],[13,-158],[1555,-1],[-1,-1903],[906,1],[2,-80],[328,0],[25,-80],[-3,-318],[23,0],[7,-395],[47,-10],[150,-193],[-117,-111],[-4,-82]],[[3080,5794],[-617,0],[-33,79],[1,190],[-62,2],[14,-43],[-100,-12],[23,-42],[-138,-14],[-152,28],[-104,-32],[-103,5],[45,-35],[-83,-99],[6,-44],[-68,-49],[39,-49],[-25,-42],[57,-19],[-56,-38],[-77,9],[-187,-65],[-114,-15],[-88,19],[-166,-25],[-62,23],[-82,-30],[-215,-1],[-118,-38],[-37,11],[-222,-81],[9,-51],[-55,0],[-177,-48],[23,-35],[-83,-45],[-71,7]],[[2,5215],[-1,417],[0,863]],[[1217,6508],[635,0],[148,5]],[[2680,6590],[47,22],[0,-62]],[[9994,2777],[3,-633],[0,-477]],[[7762,2012],[-121,75],[-94,25],[-60,71],[70,13],[188,0],[1,159],[139,0],[8,158],[-95,80]],[[7798,2593],[46,27],[167,-2],[-16,81],[714,-1],[49,13],[-1,146],[97,26],[-1,53],[786,1],[-2,-106],[143,-1],[0,-53],[214,0]],[[4434,9999],[5565,0],[0,-4244]],[[6438,1283],[-36,38],[0,108],[108,0],[-1,205],[-114,-2],[-1,115],[-28,0],[1,185],[47,53],[93,-1],[-1,54],[117,0],[-2,185],[-282,-1],[-1,159],[19,53],[-47,1],[-24,198]],[[6286,2633],[71,-1],[2,54],[162,0],[-2,25],[190,1],[0,-13],[377,0]],[[7086,2699],[-71,-40],[287,-13],[0,-27],[331,1],[165,-27]],[[5427,506],[-123,-9],[-56,57],[85,26],[26,173],[-51,62],[35,65],[-7,86],[-70,54],[10,62],[-46,54],[4,92],[-88,37],[-160,163],[-71,17],[-88,-20],[-35,-36],[-107,180],[-99,-13],[-164,117],[-71,30],[87,19],[-130,122],[-80,35],[-151,14],[-113,79],[28,48],[-181,72],[-78,9],[-18,132],[-75,13],[-30,68],[-204,105],[9,47],[-94,91],[-64,-6],[-75,-65],[-77,-30],[-80,53],[-44,119],[-130,74],[-48,7],[-108,86],[-12,108],[-64,-51],[-142,18],[-88,-12],[-53,49],[-153,25],[-21,44],[132,83],[-60,47],[-121,8],[-100,67],[-57,-92],[-94,8],[-74,-33],[-43,72],[62,26],[-139,92],[-22,49],[64,40],[-52,55],[-80,34],[36,65],[-157,55],[-65,-26],[-5,51],[-56,44],[14,46],[-114,36],[41,38],[-219,112],[-76,-7],[23,-75],[-47,-20],[-98,59],[-107,7],[-153,154]],[[595,3971],[-136,58],[71,39],[110,-11],[124,10],[82,-35],[135,-10],[55,49],[174,-57],[97,57],[113,-40],[56,33],[49,-20],[116,7],[154,-75],[-2,-44],[115,39],[134,-35],[93,-91],[166,-43],[28,-52],[76,-53],[105,-26],[-55,-62],[316,-136],[148,-95],[100,-1],[82,-57],[86,62]],[[3187,3382],[19,-44],[-104,-120],[27,-27],[-138,-130],[-75,-107],[122,-66],[-9,-26],[251,-79],[116,-85],[-2,-78],[97,-62],[100,18],[84,-43],[129,43],[110,78],[101,-69],[49,9],[-1,-73],[59,-28],[64,17],[145,-61],[95,-68],[581,1],[31,63],[124,16]],[[5162,2461],[57,0],[0,-52],[72,0],[6,-319],[-18,-79],[163,0],[45,-27],[-186,-24],[-1,-173],[143,-67],[24,-172],[70,0],[-20,-145],[-46,0],[24,-159],[114,-54],[184,0]],[[5162,2461],[-13,53],[-71,-1],[-48,40],[-25,73],[202,7],[35,27],[248,-7],[12,19]],[[5502,2672],[47,-25],[260,-1],[24,-26],[336,-1],[117,14]],[[4403,3493],[-1015,0],[0,-79],[-216,1],[15,-33]],[[595,3971],[-32,-10],[-232,9],[-55,19],[-107,119],[-67,0],[36,38],[-39,54],[152,-25],[36,19],[-83,85],[-111,3],[20,62],[-112,25],[0,119]],[[1,4488],[81,5],[142,-44],[98,32],[122,82],[73,4],[-2,-162],[488,-1],[-1,-36],[876,1],[-1,47],[75,58],[265,33],[103,61],[147,25],[243,-42],[230,-27],[102,37],[76,-16],[109,42],[75,68]],[[9995,3507],[1,-532],[-2,-198]],[[7086,2699],[-115,142],[-51,150],[3,78],[146,105]],[[5502,2672],[-2,121],[-70,0],[-1,52],[143,0],[-1,132],[-28,93],[-71,66],[1,54],[62,-1],[-1,53],[-183,26],[-5,107],[72,0],[1,119]],[[1,4488],[0,512],[1,215]]],"bbox":[-120.00076173382568,48.99997894976447,-110.00049365116466,60.00051337008979],"transform":{"scale":[0.001000126820948197,0.0011001634583783701],"translate":[-120.00076173382568,48.99997894976447]},"title":"Alberta","version":"2.0.1","copyright":"Copyright (c) 2022 Highsoft AS, Adapted from Statistics Canada, Boundary files, 2011 Census. This does not constitute an endorsement by Statistics Canada of this product.","copyrightShort":"Statistics Canada, 2011","copyrightUrl":"http://www.statcan.gc.ca"}