{"type":"Topology","objects":{"default":{"type":"GeometryCollection","geometries":[{"type":"MultiPolygon","arcs":[[[0]],[[1]],[[2,3]]],"id":"CA.BC.5917","properties":{"hc-group":"admin2","hc-middle-x":0.65,"hc-middle-y":0.9,"hc-key":"ca-bc-5917","hc-a2":"CA","name":"Capital","type":"RD"}},{"type":"MultiPolygon","arcs":[[[4]],[[5]],[[6]],[[7]],[[8]],[[9]],[[10]],[[11,12]],[[13]],[[14,15,16,17,18]],[[19,20,21,22,23]],[[24]]],"id":"CA.BC.5924","properties":{"hc-group":"admin2","hc-middle-x":0.48,"hc-middle-y":0.78,"hc-key":"ca-bc-5924","hc-a2":"ST","name":"Strathcona","type":"RD"}},{"type":"MultiPolygon","arcs":[[[25]],[[26,27,28,-23]]],"id":"CA.BC.5926","properties":{"hc-group":"admin2","hc-middle-x":0.73,"hc-middle-y":0.42,"hc-key":"ca-bc-5926","hc-a2":"CV","name":"Comox Valley","type":"RD"}},{"type":"MultiPolygon","arcs":[[[29]],[[12,-13,30]],[[31]],[[32,-18,33,34]]],"id":"CA.BC.5927","properties":{"hc-group":"admin2","hc-middle-x":0.35,"hc-middle-y":0.62,"hc-key":"ca-bc-5927","hc-a2":"PR","name":"Powell River","type":"RD"}},{"type":"MultiPolygon","arcs":[[[35]],[[36]],[[37,-24,-29,38,39]]],"id":"CA.BC.5923","properties":{"hc-group":"admin2","hc-middle-x":0.58,"hc-middle-y":0.41,"hc-key":"ca-bc-5923","hc-a2":"AC","name":"Alberni-Clayoquot","type":"RD"}},{"type":"MultiPolygon","arcs":[[[40,-35,41,42],[43]],[[44]],[[45]]],"id":"CA.BC.5929","properties":{"hc-group":"admin2","hc-middle-x":0.57,"hc-middle-y":0.61,"hc-key":"ca-bc-5929","hc-a2":"SC","name":"Sunshine Coast","type":"RD"}},{"type":"MultiPolygon","arcs":[[[46]],[[47]],[[48]],[[49]],[[50]],[[51]],[[52]],[[53]],[[54]],[[55]],[[56,-57,57]],[[58]],[[59]],[[60]],[[61]],[[62]],[[63,64]]],"id":"CA.BC.5947","properties":{"hc-group":"admin2","hc-middle-x":0.2,"hc-middle-y":0.42,"hc-key":"ca-bc-5947","hc-a2":"SQ","name":"Skeena-Queen Charlotte","type":"RD"}},{"type":"MultiPolygon","arcs":[[[65]],[[66]],[[67]],[[68]],[[69]],[[70]],[[71]],[[72,73,74,75,76]],[[77]],[[78]],[[79]]],"id":"CA.BC.5945","properties":{"hc-group":"admin2","hc-middle-x":0.51,"hc-middle-y":0.74,"hc-key":"ca-bc-5945","hc-a2":"CC","name":"Central Coast","type":"RD"}},{"type":"MultiPolygon","arcs":[[[80]],[[81]],[[82]],[[83]],[[84]],[[-77,85,-15,86]],[[87]],[[88,-21],[89]]],"id":"CA.BC.5943","properties":{"hc-group":"admin2","hc-middle-x":0.82,"hc-middle-y":0.32,"hc-key":"ca-bc-5943","hc-a2":"MW","name":"Mount Waddington","type":"RD"}},{"type":"MultiPolygon","arcs":[[[90]],[[91]],[[92]],[[93]],[[94]],[[95]],[[96]],[[97]],[[98]],[[99,100,101,102,103,104,-74,105,-65,106]],[[107,56]],[[108]],[[109]],[[110]],[[111]]],"id":"CA.BC.5949","properties":{"hc-group":"admin2","hc-middle-x":0.55,"hc-middle-y":0.42,"hc-key":"ca-bc-5949","hc-a2":"KS","name":"Kitimat-Stikine","type":"RD"}},{"type":"Polygon","arcs":[[112,113,114,115]],"id":"CA.BC.5959","properties":{"hc-group":"admin2","hc-middle-x":0.59,"hc-key":"ca-bc-5959","hc-a2":"NR","name":"Northern Rockies","type":"RD"}},{"type":"Polygon","arcs":[[-116,116,117,118,119,120,121,122]],"id":"CA.BC.5955","properties":{"hc-group":"admin2","hc-middle-x":0.62,"hc-middle-y":0.35,"hc-key":"ca-bc-5955","hc-a2":"PR","name":"Peace River","type":"RD"}},{"type":"Polygon","arcs":[[123,124,125,-100,126,-113,-123,127,-104]],"id":"CA.BC.5957","properties":{"hc-group":"admin2","hc-middle-x":0.45,"hc-middle-y":0.3,"hc-key":"ca-bc-5957","hc-a2":"ST","name":"Stikine","type":"REG"}},{"type":"MultiPolygon","arcs":[[[128]],[[129,130,131]]],"id":"CA.BC.5915","properties":{"hc-group":"admin2","hc-middle-x":0.57,"hc-middle-y":0.71,"hc-key":"ca-bc-5915","hc-a2":"GV","name":"Greater Vancouver","type":"RD"}},{"type":"MultiPolygon","arcs":[[[132,133]],[[134,135,-39,-28]]],"id":"CA.BC.5921","properties":{"hc-group":"admin2","hc-middle-x":0.63,"hc-middle-y":0.48,"hc-key":"ca-bc-5921","hc-a2":"NA","name":"Nanaimo","type":"RD"}},{"type":"Polygon","arcs":[[136,137,138,139,140,141,142,143,144,145,146,147,148,149,150,151,152,153,154,155,156,157,158,159]],"id":"CA.BC.5933","properties":{"hc-group":"admin2","hc-middle-x":0.56,"hc-middle-y":0.63,"hc-key":"ca-bc-5933","hc-a2":"TN","name":"Thompson-Nicola","type":"RD"}},{"type":"MultiPolygon","arcs":[[[160,-159,161,-16,-86,-76,162,163,164,165,166,167,168,169,170,171,-146,172,173,174,-142,175,176,177,178,-137]],[[179,179,179]],[[180,180,180]]],"id":"CA.BC.5941","properties":{"hc-group":"admin2","hc-middle-x":0.59,"hc-middle-y":0.43,"hc-key":"ca-bc-5941","hc-a2":"CA","name":"Cariboo","type":"RD"}},{"type":"Polygon","arcs":[[181,182,183,184,185,186,187,-164,188,-121,189,-119,190,191,-147,-172]],"id":"CA.BC.5953","properties":{"hc-group":"admin2","hc-middle-x":0.35,"hc-key":"ca-bc-5953","hc-a2":"FF","name":"Fraser-Fort George","type":"RD"}},{"type":"MultiPolygon","arcs":[[[-150,192,193,194]],[[195,195,195]]],"id":"CA.BC.5935","properties":{"hc-group":"admin2","hc-middle-y":0.57,"hc-key":"ca-bc-5935","hc-a2":"CO","name":"Central Okanagan","type":"RD"}},{"type":"Polygon","arcs":[[-154,196,197,-151,-195,198,199,200,201,202]],"id":"CA.BC.5907","properties":{"hc-group":"admin2","hc-middle-y":0.62,"hc-key":"ca-bc-5907","hc-a2":"OS","name":"Okanagan-Similkameen","type":"RD"}},{"type":"Polygon","arcs":[[-192,203,204,205,206,-148]],"id":"CA.BC.5939","properties":{"hc-group":"admin2","hc-middle-x":0.63,"hc-middle-y":0.53,"hc-key":"ca-bc-5939","hc-a2":"CS","name":"Columbia-Shuswap","type":"RD"}},{"type":"Polygon","arcs":[[-149,-207,207,208,-193]],"id":"CA.BC.5937","properties":{"hc-group":"admin2","hc-middle-x":0.6,"hc-middle-y":0.41,"hc-key":"ca-bc-5937","hc-a2":"NO","name":"North Okanagan","type":"RD"}},{"type":"Polygon","arcs":[[209,-42,-34,-17,-162,-158,210,-131]],"id":"CA.BC.5931","properties":{"hc-group":"admin2","hc-middle-x":0.48,"hc-middle-y":0.42,"hc-key":"ca-bc-5931","hc-a2":"SL","name":"Squamish-Lillooet","type":"RD"}},{"type":"MultiPolygon","arcs":[[[-134,211]],[[212,-40,-136,213,-4]]],"id":"CA.BC.5919","properties":{"hc-group":"admin2","hc-middle-x":0.53,"hc-middle-y":0.56,"hc-key":"ca-bc-5919","hc-a2":"CV","name":"Cowichan Valley","type":"RD"}},{"type":"Polygon","arcs":[[-194,-209,214,215,-199]],"id":"CA.BC.5905","properties":{"hc-group":"admin2","hc-middle-x":0.32,"hc-key":"ca-bc-5905","hc-a2":"KB","name":"Kootenay Boundary","type":"RD"}},{"type":"Polygon","arcs":[[-201,216,-132,-211,-157]],"id":"CA.BC.5909","properties":{"hc-group":"admin2","hc-middle-y":0.49,"hc-key":"ca-bc-5909","hc-a2":"FV","name":"Fraser Valley","type":"RD"}},{"type":"Polygon","arcs":[[-163,-75,-105,-128,-122,-189]],"id":"CA.BC.5951","properties":{"hc-group":"admin2","hc-middle-x":0.56,"hc-middle-y":0.45,"hc-key":"ca-bc-5951","hc-a2":"BN","name":"Bulkley-Nechako","type":"RD"}},{"type":"Polygon","arcs":[[217,-215,-208,-206,218]],"id":"CA.BC.5903","properties":{"hc-group":"admin2","hc-middle-x":0.46,"hc-middle-y":0.55,"hc-key":"ca-bc-5903","hc-a2":"CK","name":"Central Kootenay","type":"RD"}},{"type":"Polygon","arcs":[[219,-219,-205]],"id":"CA.BC.5901","properties":{"hc-group":"admin2","hc-middle-x":0.44,"hc-middle-y":0.59,"hc-key":"ca-bc-5901","hc-a2":"EK","name":"East Kootenay","type":"RD"}}],"hc-recommended-transform":{"default":{"crs":"+proj=utm +zone=10 +datum=WGS84 +units=m +no_defs","scale":0.000453889614939,"jsonres":15.5,"jsonmarginX":-999,"jsonmarginY":9851,"xoffset":-389386.475585,"yoffset":6760380.67117}}}},"arcs":[[[6195,594],[22,-38],[69,-52],[13,-37],[-83,72],[-21,55]],[[6199,386],[6,86],[-18,67],[68,-83],[-31,1],[54,-64],[-52,-52],[-27,45]],[[6203,189],[36,29],[-5,107],[30,-6],[15,-149],[24,-17],[4,-71],[-62,31],[-46,-87],[-30,-26],[-52,47],[-49,10],[-244,138]],[[5824,195],[4,77],[84,40],[32,-21],[139,-14],[21,-44],[22,29],[37,-17],[10,-60],[30,4]],[[5597,1673],[14,-54],[-39,-70],[2,80],[23,44]],[[5575,1719],[13,-28],[-24,-52],[-24,58],[35,22]],[[5417,1821],[8,-32],[-98,-25],[-18,19],[108,38]],[[5306,1849],[23,-38],[-34,-20],[-61,25],[72,33]],[[5613,1496],[-18,41],[35,53],[-6,56],[42,-84],[4,-59],[-40,-52],[-17,45]],[[5436,1741],[-32,21],[71,76],[18,-15],[-22,-68],[-35,-14]],[[5494,1593],[-21,88],[51,23],[43,-86],[-20,-63],[18,-105],[-15,-13],[-23,78],[-37,43],[4,35]],[[5688,1461],[-1,0],[1,1]],[[5688,1462],[0,-1]],[[5701,1644],[-4,-20],[24,-50],[-37,-28],[-52,107],[29,49],[49,-16],[-7,-32],[30,49],[34,-61],[-27,-63],[-39,65]],[[5248,1983],[32,7],[12,-58],[36,27],[54,3],[41,159],[2,91],[34,36],[63,15],[-28,73],[33,16],[-22,34],[14,52],[-26,72],[50,63],[-26,46]],[[5517,2619],[37,19],[40,-40],[110,-40],[16,-57],[131,-77],[99,-12],[5,-62],[53,-102],[67,7],[46,-58]],[[6121,2197],[12,-34],[-38,-3],[9,-37],[-26,-42],[14,-29]],[[6092,2052],[-35,24],[-22,53],[-39,31],[-15,-45],[-86,56],[-26,-113],[-81,-50],[5,-80],[26,-61],[-25,-67]],[[5794,1800],[-34,15],[-57,-104],[-54,9],[-47,37],[2,96],[66,68],[21,147],[-33,58],[51,81],[-15,31],[-62,-114],[36,-57],[-4,-79],[-37,-87],[-46,-32],[-16,-113],[-6,10],[12,-43],[-36,-26],[-18,25],[-51,-29],[6,51],[40,77],[35,-36],[-31,50],[-41,38],[-26,-48],[-62,1],[28,88],[-2,70],[42,74],[-43,-41],[-8,-105],[-27,-86],[-34,-24],[-46,68],[-93,-23],[-89,29],[33,52],[100,55]],[[5000,1049],[-3,32],[54,59],[-15,51],[-56,-22],[-25,154],[-52,39],[-43,-34],[-14,103],[0,-110],[-91,10],[-50,143],[84,62],[-45,-16],[-27,23],[-2,-56],[-61,-16],[-37,83],[-44,-12],[5,58],[-78,-91],[-44,42]],[[4456,1551],[73,30],[30,65],[47,45],[99,-50],[0,37],[47,-12],[33,66],[48,-82],[-5,-54],[67,-9],[30,-57],[25,3],[5,-77],[45,10],[-5,-33],[38,-60],[35,-12],[65,93],[1,92],[26,-1],[46,50],[20,137],[-46,97]],[[5180,1829],[66,-54],[90,-29],[56,10],[53,-29],[36,-175],[35,-52],[34,-131],[27,-37]],[[5577,1332],[-86,40],[-22,-71],[-66,-43],[15,-65],[36,-58]],[[5454,1135],[18,-81],[-20,7],[-28,-66],[-57,34],[-45,-4],[-86,61],[-112,-26],[-27,42],[-97,-53]],[[4893,1115],[-51,90],[15,55],[-20,39],[68,45],[50,-27],[24,-163],[-22,-72],[-64,33]],[[5690,1105],[42,-89],[-11,-12],[-34,57],[3,44]],[[5577,1332],[104,-146],[-26,-50],[26,-92],[40,-69]],[[5721,975],[10,-44],[-94,26]],[[5637,957],[-67,60],[-39,-12],[-77,130]],[[5931,1012],[24,-52],[-78,36],[-5,28],[59,-12]],[[5688,1462],[0,0]],[[5769,1253],[113,-62],[39,-85],[44,-61],[3,-42],[-118,114],[-17,48],[-57,39],[-7,49]],[[6008,1381],[-15,-111],[-87,-32],[-93,35],[-1,36],[-89,100],[-36,87],[21,3],[63,80],[0,113],[-41,27],[40,65],[45,-2],[64,74],[-85,-56]],[[6092,2052],[41,-14],[-13,-55],[7,-82],[-96,-20],[30,-132]],[[6061,1749],[-67,5],[-33,-28],[-7,-95],[39,-10],[4,-51],[-28,-13],[-5,-64],[33,-51],[11,-61]],[[5192,879],[-2,-82],[-59,31],[1,95],[44,1],[16,-45]],[[5251,744],[-13,-28],[-28,44],[93,12],[3,-84],[-23,12],[4,65],[-36,-21]],[[5683,304],[-106,52],[-4,58],[-34,-13],[72,127],[48,44],[-45,26],[-8,-64],[-27,-40],[11,71],[-44,25],[-6,-53],[-55,83],[-9,-36],[-58,-60],[-22,9],[-72,111],[-28,-4],[-26,53],[51,-14],[47,46],[-14,39],[-38,-52],[18,95],[-78,15],[-22,-42],[-23,49],[31,21],[4,77],[-24,-68],[-31,67],[20,30],[-63,-30],[-25,24],[-1,-64],[-61,53],[-17,48],[-10,-78],[-41,32],[7,108]],[[5637,957],[108,-130],[13,-87],[33,-34]],[[5791,706],[-22,-108],[40,-69],[-41,-63],[-41,-99],[-44,-63]],[[6059,1225],[-14,25],[21,31],[12,89],[-44,38],[8,31],[66,42],[19,35],[-43,65],[-52,24],[71,-85],[-84,-83],[21,-77],[23,-22],[-27,-64],[-28,107]],[[6061,1749],[15,-49],[116,-110],[-27,-77],[11,-132],[54,-16],[63,-51],[22,-89],[-36,-63],[35,-78]],[[6314,1084],[-80,-46],[15,-118],[-40,-6],[-74,46],[-8,26],[-94,3],[9,52],[-25,80],[-22,10],[23,99],[41,-5]],[[6059,1225],[2,-4],[37,-127],[7,-72],[16,28],[-33,123],[-27,48],[-1,4],[-1,0]],[[6274,1042],[23,-51],[-17,-37],[-39,35],[33,53]],[[5935,1205],[-2,19],[85,31],[-32,-118],[-44,23],[-7,45]],[[3079,3524],[0,28],[49,-22],[-36,-75],[-13,69]],[[3564,4989],[-39,-25],[-17,30],[27,32],[29,-37]],[[3509,5150],[10,-68],[-25,-14],[-11,56],[26,26]],[[3265,5407],[48,-6],[7,-49],[-72,-89],[-14,72],[31,72]],[[3190,3282],[32,-52],[-28,-24],[25,-74],[-40,24],[-9,82],[20,44]],[[3366,4967],[28,-48],[-68,49],[-32,47],[15,34],[57,-82]],[[3298,5252],[8,36],[36,-90],[-23,-30],[-21,84]],[[2871,4041],[87,-34],[22,-28],[-36,-78],[-48,-7],[-46,126],[21,21]],[[3482,4644],[44,43],[4,-58],[44,-28],[19,-110],[-33,0],[-71,46],[-29,59],[22,48]],[[2929,3761],[74,-21],[24,44],[17,-23],[-6,-73],[-58,-36],[-13,55],[-38,54]],[[3472,5458],[-1,-1]],[[3472,5458],[0,0]],[[3419,4770],[-55,60],[25,-58],[-13,-40],[-34,0],[-12,55],[24,82],[100,83],[38,-36],[37,-71],[-43,-128],[-62,8],[-5,45]],[[2902,4146],[63,-45],[13,-68],[-77,34],[-75,-11],[36,-89],[-13,-49],[35,-28],[79,-19],[-36,-28],[-27,-76],[29,-29],[21,-81],[102,-105],[-4,-66],[30,-11],[25,-77],[51,33],[33,-32],[-13,-63],[46,0],[-15,-44],[-39,-1],[-15,-38],[-27,79],[-6,-77],[-32,67],[-87,110],[-16,48],[33,28],[-45,13],[-105,127],[-87,134],[48,5],[7,45],[-27,10],[-29,-55],[-49,50],[-1,53],[-36,27],[-21,96],[49,11],[-95,8],[-33,58],[73,11],[-40,14],[165,21],[64,78],[45,-1],[3,-67]],[[3459,4400],[18,56],[-29,-17],[-44,41],[3,65],[28,9],[145,-106],[81,-104],[16,-52],[45,-101],[-84,-37],[-89,160],[-42,20],[-48,66]],[[3540,4788],[32,-18],[121,-154],[48,-94],[148,-204],[-1,-51],[-39,37],[-28,-54],[7,-45],[-40,-16],[-44,93],[-54,57],[-5,45],[-33,26],[-18,40],[33,56],[-47,-14],[-21,28],[-18,86],[-40,19],[-4,78],[-29,50],[32,35]],[[2426,4596],[1,69],[-52,8],[14,39],[-22,40],[7,112],[25,26],[-16,79],[47,109],[1,-72],[65,-33],[62,23],[31,-28],[6,-59],[-33,-42],[-9,-50],[42,82],[102,60],[32,-72],[22,-9],[29,-110],[-9,-37],[-52,-68],[-146,-66],[34,-34],[74,23],[-42,-49],[56,-4],[-9,50],[67,12],[-16,74],[34,38],[15,56],[-40,146],[78,-20],[81,37],[55,84],[-21,-166],[-62,-145],[-4,-85],[-24,-76],[-9,-91],[17,-69],[-33,-158],[-51,4],[-64,-50],[94,24],[6,-15],[-80,-50],[-106,-2],[-38,53],[12,22],[-61,19],[33,61],[-54,0],[19,44],[72,-9],[26,-30],[-22,72],[-98,40],[-43,5],[16,46],[-56,2],[-9,58],[31,21],[-25,61]],[[3931,4548],[0,-234],[-44,21],[-139,185],[-39,92],[-115,159],[-15,49],[10,142],[-37,55],[-44,28],[22,48],[-22,68],[-40,-34],[-9,-50],[-26,48],[-6,107],[40,22],[-22,30],[25,57],[-24,83],[90,61]],[[3536,5485],[100,-22],[69,40],[44,-44],[89,-29],[-5,-36],[-38,14],[-47,-35],[14,-92],[51,-42],[20,-60],[42,-10],[-2,-479],[58,-142]],[[4405,3418],[18,-21],[-32,-46],[-35,10],[49,57]],[[4382,3528],[23,-101],[-46,-41],[-18,11],[41,131]],[[4270,3461],[-25,-36],[18,119],[46,18],[0,-51],[-39,-50]],[[4314,3339],[-22,-114],[-21,16],[3,114],[40,-16]],[[4262,3287],[-36,12],[21,54],[26,3],[-11,-69]],[[4323,3224],[2,81],[41,7],[4,-86],[-20,-65],[-27,63]],[[4439,3301],[-53,24],[51,88],[20,-47],[0,-59],[12,5],[-22,-94],[-71,24],[-7,38],[70,21]],[[4524,2433],[-9,75],[97,54],[1,28],[-106,10],[50,42],[58,94],[7,94],[95,37],[-28,23],[-85,-47],[-6,-89],[-46,-60],[-2,62],[-45,-6],[-1,43],[43,43],[-40,-6],[-34,40],[-5,185],[31,40],[43,6],[28,63],[11,93],[60,59],[66,34],[46,71],[57,-3],[30,-40],[13,-64],[36,-34],[60,-112],[4,26],[-56,97],[-33,30],[-26,99],[14,32],[60,21],[-7,22],[-75,-58],[-72,9],[-29,160],[55,65],[46,22],[28,77],[-21,101],[-1,-105],[-28,-64],[-87,-85],[-6,-68],[-55,-39],[-77,121],[67,-125],[-22,-64],[-48,-40],[-70,-20],[-31,-55],[-33,102],[-36,4],[-30,234],[2,-108],[-77,-187],[-42,39],[10,40],[49,51],[23,64]],[[4345,3566],[9,79],[26,64],[-17,19],[55,40],[40,-37],[53,1],[41,98],[33,-10],[-8,-40],[51,-35],[48,55],[6,44],[53,13],[-31,72],[22,93],[-31,44],[-45,18],[-17,44],[46,32],[38,86]],[[4717,4246],[47,3],[12,-36],[41,60],[14,-26],[-28,-61],[19,-42],[-5,-68],[86,-4],[5,-63],[56,27],[16,-27]],[[4980,4009],[-14,-51],[23,-53],[-21,-29],[44,-60],[77,46],[-3,-108],[-40,-42],[34,-102],[36,5],[29,-35],[24,66],[106,48],[9,-47],[46,-83],[46,26],[65,-34],[-3,-62],[49,-47],[-67,-84],[11,-58],[-59,-25],[-11,-76],[31,-4],[-15,-57],[17,-64]],[[5394,3079],[-41,25],[-18,56],[-63,-39],[-19,-125],[-28,-76],[35,-97],[-47,-13],[-37,-70],[5,-47],[-103,-8],[-28,28],[-60,-68],[-44,61],[-2,-59],[-26,-92],[-30,18],[-64,-70],[-84,-38],[-72,27],[-27,-21],[-113,-12],[-4,-26]],[[4362,2864],[27,-4],[36,65],[41,-146],[-4,-125],[-74,54],[-26,156]],[[4443,3207],[-8,-125],[-47,-113],[-15,62],[28,60],[-29,25],[4,-70],[-46,-10],[-5,74],[54,106],[9,-23],[55,14]],[[4568,3272],[-29,-148],[-69,-21],[-7,53],[23,141],[29,62],[62,24],[66,55],[3,37],[85,36],[14,-55],[-48,-79],[-48,-17],[-54,-76],[-27,-12]],[[4991,1966],[2,14],[84,1],[-31,-42],[-55,27]],[[4785,2013],[96,-23],[-12,-19],[-111,17],[27,25]],[[4904,2202],[21,-32],[-63,-12],[17,38],[25,6]],[[4471,2203],[-46,22],[63,15],[2,-38],[40,15],[48,-66],[-107,52]],[[5009,2122],[-98,-25],[-48,60],[78,6],[68,-41]],[[5394,3079],[35,1],[-10,-40],[43,-26],[11,-42],[49,-21],[9,-106],[-25,-43],[23,-16],[-40,-139],[28,-28]],[[5248,1983],[-14,8],[-86,-53],[-43,39],[118,35],[46,-3],[77,24],[42,89],[-23,49],[44,21],[15,56],[-16,87],[-20,-7],[18,-84],[-56,-54],[0,-80],[-19,-64],[-194,-37],[-5,25],[78,86],[-60,-9],[11,-22],[-67,-96],[-54,24],[-40,-25],[-47,47],[5,36],[112,42],[26,37],[36,-9],[16,-31],[-9,41],[-46,14],[-63,-32],[-33,17],[27,77],[109,1],[-93,17],[-23,80],[3,-83],[-62,-65],[-70,42],[-79,-81],[-95,82],[-25,-8],[-76,92],[12,73],[37,-42],[105,-10],[50,19],[96,6],[-95,15],[-57,-27],[-75,2],[-64,45],[-9,-45],[-52,28],[-37,61]],[[4980,1889],[-19,52],[74,-25],[45,38],[60,-19],[-26,-36],[-58,-18],[-76,8]],[[4456,1551],[58,100],[-30,24],[-10,61],[-47,4],[22,99],[54,-5],[78,37],[-27,14],[-134,-41],[-16,-24],[-68,80],[-4,39],[-39,40],[21,38],[-35,-2],[-16,85],[61,29],[79,62],[58,-1],[167,-93],[25,-53],[122,-98],[57,-8],[156,-86],[92,3],[100,-26]],[[4507,1959],[9,-16],[61,-6],[-33,26],[-37,-4]],[[4248,3618],[65,-22],[-1,-25],[-56,-23],[-8,70]],[[4019,4462],[36,-114],[-4,-60],[-78,-12],[-11,22],[57,164]],[[4161,3407],[-31,14],[-11,137],[54,-12],[4,-82],[-16,-57]],[[4206,3743],[14,166],[17,-35],[-16,-172],[-15,41]],[[3790,4013],[-43,38],[62,-18],[-37,-69],[-4,63],[22,-14]],[[3722,4103],[37,14],[14,-65],[-43,23],[-8,28]],[[3812,4168],[16,3],[36,-86],[33,-35],[7,-64],[-54,37],[-41,104],[3,41]],[[3908,4281],[46,-29],[1,-115],[12,-27],[-46,-26],[-28,20],[-7,82],[34,52],[-12,43]],[[4216,3673],[21,-115],[-22,-36],[-89,78],[-3,62],[66,3],[15,66],[12,-58]],[[2394,8287],[828,0]],[[3222,8287],[-3,726],[0,132]],[[3219,9145],[485,-2],[342,2]],[[4046,9145],[-3,-123],[-21,-736]],[[4022,8286],[0,-714],[62,-40],[74,-125],[11,-75],[111,-112],[68,-13],[5,-80],[42,19],[33,-48],[29,4],[25,-62],[-54,-28],[4,-63],[-41,-19],[-33,34],[-43,-61],[65,-30],[-70,-86],[2,-117],[-97,-22],[63,-70]],[[4278,6578],[-30,0],[-19,-49],[40,-26],[44,18],[35,-22],[19,-55],[-40,-67],[51,-39],[11,41],[32,-16],[17,-54],[20,25],[80,-6],[24,-62],[78,-110],[63,2],[52,-43],[50,-74],[77,-13],[-5,-50],[-35,-12],[47,-57],[38,-11],[38,-92],[-27,-31],[-52,9],[-37,-64],[-346,-1],[0,-314],[45,-46],[-36,-95],[96,-28],[2,-41],[-48,-121],[-42,-61],[15,-43],[-33,-10],[-35,-77],[-43,-23],[0,-119],[39,-95],[33,-15],[31,-126],[37,-40],[14,29],[46,-92],[26,27],[67,-183]],[[4345,3566],[-21,45],[54,191],[-15,69],[-1,-59],[-38,-145],[-16,67],[-2,-134],[-59,21],[-4,170],[27,48],[66,-9],[27,43],[-3,15],[-46,-53],[-64,14],[-26,60],[-6,106],[-32,122],[-102,101],[-16,36],[1,86],[-35,73],[4,46],[38,-18],[20,34],[25,-72],[40,-8],[54,-70],[-26,72],[-40,21],[-56,102],[18,77],[-11,50],[52,70],[-11,21],[22,104],[-89,-157],[-102,-90],[-41,-67]],[[3536,5485],[32,103],[-10,17],[62,94],[12,85],[49,91],[20,74],[26,18],[31,123],[-20,-16],[-40,187],[18,-137],[-29,-67],[26,-23],[-50,-171],[-78,-156],[-29,81],[37,104],[52,74],[-23,42],[-9,106],[-34,88],[10,106],[-20,67],[52,101],[1,105],[-41,99],[-54,-22],[-72,37],[-18,87],[-77,36],[-50,72],[-123,33],[-30,35],[-121,89],[-46,53],[-101,-12],[-27,133],[12,45],[-100,51],[30,152],[-129,41],[50,102],[-50,120],[-78,134],[-79,171],[-43,117],[-81,133]],[[3471,5457],[66,93],[-7,-68],[-58,-24]],[[4168,4142],[40,-110],[-1,-123],[-22,-238],[-64,-4],[-1,107],[18,110],[-31,-87],[11,-73],[-67,-3],[-53,64],[-30,93],[9,29],[-32,58],[-1,89],[45,33],[-4,167],[75,11],[15,-35],[93,-88]],[[4035,3543],[-21,63],[-25,-4],[-18,67],[-36,31],[-34,105],[12,55],[65,-72],[73,-110],[-16,-135]],[[3950,4381],[1,157],[50,52],[-10,17],[83,65],[15,-75],[-20,-21],[-2,-88],[-24,19],[-61,-78],[9,-33],[-41,-15]],[[3561,5682],[-49,-105],[-98,-98],[-39,-5],[-16,44],[37,24],[88,108],[59,111],[18,-79]],[[5645,8287],[48,177],[-49,21],[-100,7],[-35,54],[-27,-19],[-34,52],[-15,-27],[-119,10],[-33,78],[-29,-15],[-111,84],[-38,91],[-74,5],[-47,-17],[-56,70],[-65,-5],[29,52],[-90,110],[46,104],[-18,125],[-73,19],[-22,87],[-107,247],[-39,57],[-55,28],[-28,55],[-2,78],[18,48],[42,33],[-30,13],[1,90]],[[4533,9999],[3092,-1],[0,-1711]],[[7625,8287],[-509,1]],[[7116,8288],[-1471,-1]],[[7116,8288],[307,-1],[202,0]],[[7625,8287],[0,-1587],[0,-2002]],[[7625,4698],[-20,20],[-9,127],[-33,-33],[-42,32],[12,56],[30,11],[-5,57]],[[7558,4968],[-64,-15]],[[7494,4953],[-82,28],[-19,32],[-7,93],[-51,15],[26,47],[-46,35],[-20,83],[-44,-35],[-55,-1],[-20,84],[-60,-27],[-50,14],[0,30],[-51,71],[14,86],[-25,59],[-69,56],[-27,-41],[-30,26],[9,54],[-127,173],[-36,7],[5,69],[-59,96],[-39,11],[-42,56],[-26,-61],[-89,54],[-40,-7],[-11,42],[30,14],[-8,101],[-26,-18],[-51,69],[-1,78],[-47,-30],[-32,29],[9,59],[-50,71],[-32,-17],[-91,61],[-23,39],[-50,-60],[21,-72],[48,-68],[-86,-116],[19,-48]],[[6053,6194],[-49,-11],[-56,122],[-42,10],[-25,78],[9,39],[-42,143]],[[5848,6575],[-26,114],[-62,-14],[-69,92],[-37,17],[-47,-34],[-30,85],[-51,-46],[-64,3],[-82,-85],[-14,61],[-88,-68],[-37,-2],[-9,88],[-54,22],[-32,67],[38,36],[-37,76],[20,89],[-76,80],[-63,-12],[-75,92],[-54,-78],[-36,10],[-37,-51],[-54,-6],[-37,102],[-78,-58],[-47,55],[-34,90],[30,72],[-7,40],[-46,0],[-23,36],[15,104],[70,25],[21,34],[-5,108],[72,95],[-16,87],[28,46],[36,-4],[13,-53],[36,-24],[110,58],[-79,158],[52,27],[-48,121],[8,48],[100,32],[39,-57],[88,-29],[47,-60],[15,67],[60,-18],[14,45],[99,0],[20,-86],[51,61],[10,-20],[57,50],[99,43],[103,-19]],[[4022,8286],[24,859]],[[4046,9145],[-827,0]],[[3219,9145],[3,-858]],[[2394,8287],[-40,130],[-73,112],[-43,92],[32,36],[-128,151],[-57,104],[-165,110],[-33,52],[10,36],[-38,14],[9,55],[-40,78],[-34,0],[-43,51],[-9,47],[-103,28],[-29,57],[16,35],[-43,33],[28,42],[0,75],[-78,86],[-6,28],[-97,87],[-187,-116],[-99,-20],[-65,-33],[46,-35],[-24,-81],[-70,-1],[4,-153],[-47,-103],[-97,-4],[-185,-137],[-63,-79],[-32,-1],[11,66],[-42,220],[-401,443],[-40,126],[-139,81],[4533,0]],[[5848,6575],[-1035,1],[-535,2]],[[6299,943],[-19,-71],[-24,0],[-2,33],[45,38]],[[6641,587],[-119,0],[-44,20],[-10,56],[-47,-24],[-33,-52],[-37,80],[-7,103],[-17,55],[130,11],[22,78],[-37,-71],[-64,7],[-71,54],[24,45],[-4,48]],[[6327,997],[57,1],[0,56],[71,0],[44,21]],[[6499,1075],[46,1],[37,-27],[32,-72],[-30,-90],[77,1],[-6,-158],[-15,1],[1,-144]],[[6142,697],[-62,24],[17,37],[48,-61]],[[6145,697],[-2,1],[-1,-1]],[[5721,975],[13,9],[58,-71],[88,-27],[152,-96],[29,-90],[35,2],[22,-68]],[[6118,634],[-48,-28],[-60,1],[10,-24],[-65,10],[-81,-8],[-48,21],[-13,86],[-22,14]],[[7014,2766],[1,-83],[40,-12],[1,-51],[56,0],[60,52],[52,-8],[177,5],[0,194]],[[7401,2863],[59,41]],[[7460,2904],[13,9]],[[7473,2913],[17,11],[-8,17]],[[7482,2941],[-7,14],[28,54]],[[7503,3009],[32,-6],[-21,131],[-27,-2],[21,91],[-6,49],[-32,34],[-59,128],[31,79]],[[7442,3513],[-33,38],[15,17]],[[7424,3568],[17,19]],[[7441,3587],[21,23]],[[7462,3610],[18,-5],[51,90],[-42,133],[11,59],[68,15]],[[7568,3902],[48,-102],[102,-82],[60,39],[35,-64],[64,21],[3,-20],[123,0],[52,-55],[16,-81],[-23,-29],[7,-74],[55,-41],[-43,-59],[38,-51]],[[8105,3304],[-68,-171],[32,-19],[-39,-20],[19,-119],[23,-51],[-51,-39],[21,-73],[-10,-51],[12,-70],[-42,-56],[-51,-35],[-20,-74],[-81,-39],[-35,-99],[-4,-106],[-68,1],[25,-49],[-9,-50],[59,-1],[23,-25],[0,-74],[-25,0],[-1,-150],[-50,-6],[3,-143]],[[7768,1785],[-30,-74],[15,-45],[-32,-26]],[[7721,1640],[-29,-42],[34,-50],[-9,-70],[-37,-63],[-76,-82],[-1,-15]],[[7603,1318],[-9,-19],[-60,53]],[[7534,1352],[-45,5]],[[7489,1357],[-8,2],[-12,-26],[-38,-87]],[[7431,1246],[-48,-19]],[[7383,1227],[-137,10]],[[7246,1237],[-6,-76]],[[7240,1161],[-23,-31],[-54,-16],[15,52],[-38,86],[46,81],[-91,21],[22,55],[-18,77],[-118,-9],[-59,43],[-56,-36],[-145,63]],[[6721,1547],[-23,55],[6,52],[27,23],[47,120],[61,-8],[40,17],[41,102],[-1,175],[18,74],[38,51],[-1,85],[-216,-4],[-56,46],[-28,53],[-36,6],[-25,81]],[[6613,2475],[-58,57],[46,137],[0,43],[110,26],[160,2],[-1,41]],[[6870,2781],[103,-2],[41,-13]],[[7014,2766],[-144,15]],[[6613,2475],[-24,-27],[-15,-83],[-32,39],[-79,50],[-70,24],[10,-61],[-37,-15],[-36,-55],[-3,-50],[-83,-16],[-85,-86],[-38,2]],[[4980,4009],[644,-1],[0,383],[41,-11],[68,-67],[33,44],[52,-11],[-18,63],[13,54],[59,-25],[0,-41],[40,6],[58,-45],[55,31],[0,34],[232,-1],[47,-12]],[[6304,4410],[-1,-158],[157,13],[30,63],[195,0],[1,57],[29,14],[395,-10],[36,-57],[76,45],[-4,-86],[92,-63],[29,7],[96,-96]],[[7435,4139],[4,-3],[-1,-4]],[[7438,4132],[3,-17],[9,-32]],[[7450,4083],[5,-16],[-25,-12]],[[7430,4055],[12,-47],[4,-6]],[[7446,4002],[44,-56]],[[7490,3946],[27,2],[8,-4]],[[7525,3944],[10,-6],[27,3]],[[7562,3941],[6,-39]],[[7462,3610],[-16,-21],[-3,-1],[-2,-1]],[[7441,3587],[-19,-11],[2,-8]],[[7424,3568],[18,-55]],[[7503,3009],[-21,-68]],[[7482,2941],[-9,-28]],[[7473,2913],[-4,-14],[-9,5]],[[7460,2904],[-8,2],[-51,-43]],[[7568,3902],[0,0]],[[6613,2475],[0,0]],[[7562,3941],[-37,3]],[[7525,3944],[-35,2]],[[7490,3946],[-39,39],[-5,17]],[[7446,4002],[-16,53]],[[7430,4055],[20,28]],[[7450,4083],[9,11],[-21,38]],[[7438,4132],[-3,7]],[[6304,4410],[-2,135],[-78,87],[0,50],[30,5],[1,155],[-45,12],[-32,49],[53,33],[-33,19],[18,36],[-14,135],[-106,26],[-66,80],[55,71],[27,68],[-6,86],[-61,64],[21,73],[-51,12],[-11,71],[28,53],[47,30],[19,-42],[63,-67],[43,33],[14,51],[40,13],[9,118],[-41,123],[-98,-23],[-44,45],[-23,76],[10,64],[-18,43]],[[7494,4953],[16,9],[5,0],[43,6]],[[7625,4698],[45,-22],[-8,-60],[44,-2],[34,-80],[-14,-18],[-62,23],[71,-198],[23,-18],[125,-23],[42,-121],[42,-7],[39,-56],[20,20],[-10,70],[30,7],[87,-106],[-16,-35],[46,-34],[-5,-44],[24,-89],[26,25],[63,-53],[-14,-60],[53,-84],[-26,-38],[8,-46],[56,-87],[-24,-24],[12,-60]],[[8336,3478],[-108,-58],[-35,-102],[-38,-36],[-50,22]],[[7721,1640],[116,2],[-1,-72],[131,0],[-11,-86],[44,-11],[78,13],[23,-26],[1,-57],[-50,-35],[-49,-88]],[[8003,1280],[-83,-58],[-45,-56]],[[7875,1166],[-21,-3],[-23,61],[-93,16],[-4,-45],[-43,0],[-1,45],[-57,1],[5,40],[-35,37]],[[7603,1318],[0,0]],[[7431,1246],[58,111]],[[7489,1357],[4,9],[41,-14]],[[7875,1166],[30,-134],[0,-117],[50,-63],[-24,-63],[24,-20],[-42,-68],[-6,-116]],[[7907,585],[-420,0],[-201,0]],[[7286,585],[9,22],[-55,60],[42,33],[-18,35],[33,62],[-2,40],[-70,-13],[-39,65],[6,136],[18,63],[30,23],[0,50]],[[7240,1161],[4,33],[2,43]],[[7246,1237],[46,-1],[24,2],[67,-11]],[[8336,3478],[72,15],[23,88],[40,-64],[48,-7],[24,-45],[-53,-78],[8,-40],[62,-25],[21,-46],[92,-5],[26,47],[5,-102],[43,-80],[71,-77],[18,-111],[31,-50],[61,89],[26,5],[38,-85],[-4,-43],[82,-100],[12,-64],[30,-12],[1,-108]],[[9113,2580],[8,-94],[-34,-11],[35,-70],[-63,-77],[40,-75],[-125,-24],[-53,-69],[7,-59],[-21,-36]],[[8907,2065],[-16,28],[-85,59],[-14,28],[21,81],[-44,13],[5,42],[-70,25],[-53,-89],[-21,-58],[9,-59],[27,-30],[1,-55],[58,26],[-9,-60],[18,-34],[-31,-47],[25,-50],[-31,-27],[-71,-2],[0,-24],[-59,64],[-43,20],[-89,-19],[-15,103],[-77,32]],[[8343,2032],[-35,151],[-70,23],[-25,35],[-67,-106],[-31,13],[-43,-64],[-118,-1],[-2,-191],[-50,1],[-4,-96],[-105,13],[-25,-25]],[[8343,2032],[17,-67],[-20,-63],[15,-39],[-36,-49],[-24,-72],[29,-22],[6,-110],[-22,-85],[-42,-16],[-1,-39],[-38,-1],[48,-102],[1,-76],[24,-11]],[[8300,1280],[-156,0],[-141,0]],[[6327,997],[-8,33],[42,137],[-37,-10],[-10,-73]],[[6721,1547],[-211,6],[-2,-77],[45,-15],[-1,-36],[-86,-74],[-16,19],[-26,-52],[52,-30],[23,-94],[-15,-34],[15,-85]],[[6145,697],[43,-95],[-46,95]],[[5824,195],[-85,43],[-56,66]],[[6118,634],[-32,-27],[21,-45],[79,-105],[13,-44],[-31,-45],[42,-45],[7,-68],[-14,-66]],[[8300,1280],[24,-133],[4,-81],[-17,-62],[5,-60],[39,-146],[16,13],[174,1],[11,-76],[81,0],[-19,-76],[21,0],[-1,-74]],[[8638,586],[-274,-1],[-457,0]],[[7286,585],[-459,0],[-186,2]],[[9215,586],[-577,0]],[[8907,2065],[39,-50],[48,-20],[-29,-42],[-28,-117],[28,-35],[14,-88],[31,1],[-7,-91],[42,-50],[-17,-51],[18,-110],[-24,16],[-54,-88],[-21,-6],[43,-151],[-27,-26],[-13,-82],[26,-29],[-17,-56],[36,-15],[62,67],[44,-8],[52,-114],[10,-92],[34,-21],[-11,-52],[29,-1],[0,-168]],[[9113,2580],[110,-94],[-12,-44],[46,-74],[60,-14],[32,-33],[52,-115],[-34,-17],[94,-139],[39,12],[43,-169],[49,53],[29,-16],[64,-153],[35,-35],[-2,-87],[15,-110],[27,-50],[4,-81],[-14,-62],[21,-59],[-12,-162],[-34,-24],[23,-54],[43,16],[-4,-130],[44,-56],[35,-116],[72,-20],[56,-110],[5,-51],[-784,0]]],"bbox":[-139.05220039492292,48.31604617747584,-114.06922435276658,60.0005128693669],"transform":{"scale":[0.0024985474589615296,0.0011685635255416602],"translate":[-139.05220039492292,48.31604617747584]},"title":"British Columbia","version":"2.0.1","copyright":"Copyright (c) 2022 Highsoft AS, Adapted from Statistics Canada, Boundary files, 2011 Census. This does not constitute an endorsement by Statistics Canada of this product.","copyrightShort":"Statistics Canada, 2011","copyrightUrl":"http://www.statcan.gc.ca"}