{"type":"Topology","objects":{"default":{"type":"GeometryCollection","geometries":[{"type":"MultiPolygon","arcs":[[[0]],[[1]],[[2]],[[3,4]]],"id":"CA.NL.1009","properties":{"hc-group":"admin2","hc-middle-x":0.53,"hc-middle-y":0.47,"hc-key":"ca-nl-1009","hc-a2":"DN","name":"Division No.  9","type":"CDR"}},{"type":"MultiPolygon","arcs":[[[5]],[[6]],[[7]],[[8]],[[9]],[[10]],[[11]],[[12]],[[13]],[[14]],[[15,16,17]],[[18,19,20]]],"id":"CA.NL.1008","properties":{"hc-group":"admin2","hc-middle-x":0.19,"hc-middle-y":0.51,"hc-key":"ca-nl-1008","hc-a2":"DN","name":"Division No.  8","type":"CDR"}},{"type":"MultiPolygon","arcs":[[[21]],[[22,23,24,-17,25,26,27]],[[28]]],"id":"CA.NL.1007","properties":{"hc-group":"admin2","hc-middle-x":0.43,"hc-middle-y":0.72,"hc-key":"ca-nl-1007","hc-a2":"DN","name":"Division No.  7","type":"CDR"}},{"type":"MultiPolygon","arcs":[[[29]],[[30]],[[31,32,33,34,-24,35]]],"id":"CA.NL.1003","properties":{"hc-group":"admin2","hc-middle-x":0.59,"hc-middle-y":0.47,"hc-key":"ca-nl-1003","hc-a2":"DN","name":"Division No.  3","type":"CDR"}},{"type":"MultiPolygon","arcs":[[[36]],[[-27,37,38]]],"id":"CA.NL.1001","properties":{"hc-group":"admin2","hc-middle-x":0.53,"hc-middle-y":0.54,"hc-key":"ca-nl-1001","hc-a2":"DN","name":"Division No.  1","type":"CDR"}},{"type":"MultiPolygon","arcs":[[[39]],[[40]],[[41]],[[-39,42,-32,-28]]],"id":"CA.NL.1002","properties":{"hc-group":"admin2","hc-middle-x":0.34,"hc-middle-y":0.79,"hc-key":"ca-nl-1002","hc-a2":"DN","name":"Division No.  2","type":"CDR"}},{"type":"MultiPolygon","arcs":[[[43]],[[44]],[[45]],[[46]],[[47]],[[48]],[[49]],[[50]],[[51]],[[52]],[[53,54,55,56,57,58,59,60]],[[61,62]],[[63,64]],[[65,66]],[[67,68,69,70,71,72,73,74]]],"id":"CA.NL.1010","properties":{"hc-group":"admin2","hc-middle-x":0.51,"hc-middle-y":0.62,"hc-key":"ca-nl-1010","hc-a2":"DN","name":"Division No. 10","type":"CDR"}},{"type":"MultiPolygon","arcs":[[[75]],[[76]],[[77]],[[78]],[[79]],[[80]],[[81]],[[82]],[[83]],[[84]],[[85]],[[86]],[[87]],[[88]],[[89]],[[90]],[[91]],[[92]],[[93]],[[94]],[[95]],[[96]],[[97]],[[98]],[[-55,99,-75,100]],[[-63,101,-69,102]],[[103,-67]],[[104,-57]],[[105,-65]],[[106,-59]],[[-61,107]],[[108]],[[109]],[[110,-73]],[[111,-71]],[[112]],[[113]]],"id":"CA.NL.1011","properties":{"hc-group":"admin2","hc-middle-x":0.23,"hc-middle-y":0.51,"hc-key":"ca-nl-1011","hc-a2":"DN","name":"Division No. 11","type":"CDR"}},{"type":"Polygon","arcs":[[114,-18,-25,-35,115,116,-20]],"id":"CA.NL.1006","properties":{"hc-group":"admin2","hc-middle-x":0.52,"hc-middle-y":0.39,"hc-key":"ca-nl-1006","hc-a2":"DN","name":"Division No.  6","type":"CDR"}},{"type":"Polygon","arcs":[[117,-5,118,-21,-117,119]],"id":"CA.NL.1005","properties":{"hc-group":"admin2","hc-middle-x":0.47,"hc-middle-y":0.68,"hc-key":"ca-nl-1005","hc-a2":"DN","name":"Division No.  5","type":"CDR"}},{"type":"Polygon","arcs":[[120,-120,-116,-34]],"id":"CA.NL.1004","properties":{"hc-group":"admin2","hc-middle-x":0.39,"hc-middle-y":0.63,"hc-key":"ca-nl-1004","hc-a2":"DN","name":"Division No.  4","type":"CDR"}}],"hc-recommended-transform":{"default":{"crs":"+proj=utm +zone=20 +datum=WGS84 +units=m +no_defs","scale":0.000470468250231,"jsonres":15.5,"jsonmarginX":-999,"jsonmarginY":9851,"xoffset":184539.803497,"yoffset":6694332.958}}}},"arcs":[[[8076,3175],[11,-21],[-37,-31],[-27,1],[-2,38],[55,13]],[[8258,3915],[-55,-88],[-44,8],[27,51],[72,29]],[[8129,3036],[0,-26],[-68,-50],[-56,18],[34,32],[90,26]],[[6305,1966],[6,50],[43,51],[98,67],[27,3],[69,-33],[-51,64],[-8,60],[14,31],[47,47],[6,37],[51,19],[-27,22],[42,30],[-7,19],[41,48],[8,29],[81,132],[25,80],[43,82],[44,36],[20,54],[26,13],[83,-19],[36,29],[-74,-17],[-22,22],[37,0],[-66,39],[-44,3],[75,24],[84,16],[63,32],[71,73],[11,24],[-30,2],[-33,55],[16,15],[22,-29],[55,20],[-28,29],[32,4],[16,32],[56,33],[-19,24],[36,24],[-26,12],[53,67],[54,30],[113,38],[23,-4],[154,73],[83,22],[116,64],[37,-12],[-38,-48],[24,-3],[-25,-32],[127,1],[-6,43],[49,37],[18,-25],[135,17],[-39,-89],[0,-32],[-31,-57],[-29,26],[-21,-65],[-46,15],[-57,2],[-42,16],[-110,-10],[-40,30],[-34,-21],[7,-30],[35,-4],[4,-43],[-39,-15],[77,-53],[-7,36],[35,0],[38,24],[11,-21],[85,-9],[-17,-24],[9,-50],[-59,-52],[-44,-82],[-60,-45],[-35,-55],[-54,-32],[14,65],[-22,-49],[-16,12],[21,111],[-26,-32],[-5,-65],[-16,-1],[11,-65],[41,-10],[-13,-27],[-60,-24],[-37,-76],[-101,-93],[-59,-113],[-65,-67],[-81,5]],[[7294,2553],[-39,-19],[-34,8],[-56,-33],[-68,44],[2,26],[-39,24],[-55,-41],[-6,-40],[-24,-22],[18,-20],[-93,-22],[-70,-34],[30,-34],[-48,-55],[-24,-1],[-5,-36],[-87,-1],[-13,-24],[35,-1],[12,-33],[-64,-5],[42,-33],[-35,-37],[69,-42],[12,-30],[40,-15],[-13,-50],[46,7],[19,-18],[-43,-34],[-53,-23],[-70,-2],[-49,-16],[11,22],[-54,-4],[-52,-23],[-58,4],[-34,33],[-56,-20],[-13,28],[-70,-15]],[[8334,1982],[27,-29],[-54,-27],[5,47],[22,9]],[[8611,2071],[34,20],[-9,-72],[-51,18],[26,34]],[[7987,2139],[12,-33],[-38,-21],[-8,55],[34,-1]],[[7923,2160],[12,-32],[-16,-13],[-32,7],[36,38]],[[8846,2221],[10,-16],[-26,-58],[-10,23],[26,51]],[[8594,2201],[-21,33],[68,-20],[-1,-49],[-21,0],[-25,36]],[[8022,2124],[53,1],[-3,-11],[-83,-31],[33,41]],[[7999,2173],[53,-17],[-91,-13],[3,33],[35,-3]],[[8667,2190],[17,-16],[55,28],[-13,-59],[-39,-21],[-84,-8],[8,-16],[-56,-16],[-43,0],[27,24],[-36,38],[70,24],[7,-47],[57,19],[30,50]],[[8891,2150],[8,35],[-8,37],[48,40],[20,-38],[33,53],[41,-2],[40,-58],[-12,-26],[-110,-22],[-34,-29],[-26,10]],[[8267,1860],[-29,-5],[78,63],[79,22],[-19,40],[49,-18],[20,-39],[37,32],[32,-9],[10,33],[-26,15],[40,40],[0,-82],[12,-24],[22,20],[4,42],[23,-30],[25,46],[14,-6],[38,58],[59,66],[56,21],[-63,-106],[38,33],[39,9],[-30,-62],[15,-44],[24,0],[8,42],[69,35],[25,-38],[29,22],[37,-26],[11,54],[104,11],[-26,-30],[64,16],[51,-28],[57,-12],[72,-31],[-8,-21],[49,-7],[53,-30]],[[9409,1932],[-18,-16],[-35,18],[-37,-18],[-44,17],[-21,-27],[-31,-4],[-57,-55],[-60,-5],[-65,8],[-56,-15],[-70,7],[-13,25],[-57,-25],[-19,-26],[47,-65],[3,-24]],[[8876,1727],[-36,-9],[-53,21],[-64,54],[-47,4],[-313,93],[-61,-46],[-35,16]],[[7269,2185],[50,69],[33,23],[46,67],[107,58],[59,80],[69,65],[44,26],[48,-57],[-59,-100],[17,1],[38,50],[48,20],[-14,-47],[29,10],[11,29],[35,7],[44,-30],[25,-35],[31,4],[29,-23],[17,31],[65,1],[61,26],[24,-45],[-56,-21],[-40,-29],[-111,-50],[-36,-5],[-55,-36],[-65,-25],[-75,-12],[64,-6],[-88,-51],[22,-4],[73,50],[63,9],[-44,-26],[70,25],[-22,-30],[58,28],[-65,-64],[42,-6],[39,12],[-12,-26],[-76,-35],[-72,-17],[-50,-52],[37,1],[54,48],[76,7],[27,17],[76,-36],[-51,-29],[80,21],[-40,-41],[34,8],[0,-32],[79,78],[28,-4],[-31,-45],[0,-47],[28,60],[52,40],[37,9],[19,-17],[-53,-44],[82,27],[-89,-74],[45,18],[-5,-46],[27,59],[36,-21],[-31,-17],[22,-24],[25,22],[5,58],[-13,46],[-27,35],[118,2],[15,-52],[-75,-94],[4,-59],[-43,-23]],[[8238,1895],[-60,19],[-55,0],[-29,-22],[-38,8],[-26,-36],[-43,-27],[-5,-28],[-53,-37],[-16,31],[7,50],[51,42],[21,0],[37,50],[-159,45],[-100,-29],[-19,-19],[-51,-5],[-253,48],[-162,-67],[-6,-32]],[[7279,1886],[-84,0],[-62,27],[4,70],[73,26],[71,72],[20,-10],[23,58],[-7,34],[-48,22]],[[9325,1644],[17,-14],[-89,-30],[11,11],[61,33]],[[8608,1085],[-26,3]],[[8582,1088],[-25,47],[-36,-9],[-3,41],[-66,16],[-5,-43],[-48,-5],[20,27],[-48,22],[-29,30],[-29,-40],[-34,-13],[-21,38]],[[8258,1199],[-13,19],[67,46],[12,22],[34,2],[66,63],[36,9],[6,39],[31,5],[41,67],[62,5],[-22,36],[25,27],[-31,24],[79,58],[92,-13],[77,-19],[62,26],[-24,29],[46,38],[43,14],[-71,31]],[[9409,1932],[39,-33],[-54,-30],[6,-29],[-44,-25],[7,-56],[-111,-3],[-53,-14],[60,0],[-7,-15],[-62,-17],[33,-24],[-45,-17],[-79,-8],[23,-18],[-29,-18],[9,-21],[-57,5],[-82,-19],[-7,-29],[147,33],[62,26],[50,-27],[-74,-9],[66,-50],[-25,-20],[82,12],[20,-24],[-18,-24],[60,29],[18,-17],[-44,-21],[-81,-9],[-47,-47],[48,10],[63,-10],[-30,-11],[-11,-30],[-54,-9],[-131,-60],[-30,13],[-38,-29],[8,-39],[45,52],[31,-7],[125,58],[21,-3],[-59,-66],[50,19],[30,49],[85,47],[17,-30],[-74,-58],[91,61],[31,-13],[-23,-37],[38,16],[33,44],[4,48],[23,31],[16,-15],[44,8],[62,-68],[16,33],[38,20],[56,62],[42,-18],[23,-41],[-4,-37],[-23,-10],[-16,-54],[-33,-40],[-54,-19],[-8,-21],[-81,30],[-57,-65],[21,-13],[-55,-2],[-30,-32],[-31,-6],[-54,-40],[-42,-8],[-28,22],[-64,-5],[-35,27],[-44,6],[-8,-35],[30,-39],[-5,-35],[55,-9],[111,6],[34,-36],[0,-30],[-27,-23],[-16,-45],[-60,3]],[[9238,930],[-52,40],[-68,5]],[[9118,975],[-48,36],[-1,26],[-45,27],[-48,-13],[-81,5],[-57,44],[-20,51],[-68,3],[-24,-22],[-19,17],[-16,-25],[-83,-39]],[[9173,1145],[16,-26],[56,16],[38,-24],[32,6],[96,32],[-18,-22],[5,-55],[-45,-11],[-59,18],[-99,-9],[-58,61],[-1,26],[37,-12]],[[7831,781],[-5,-30],[37,-28],[-20,-10],[-126,22],[-2,23],[116,23]],[[7870,827],[-19,-19],[-90,-13],[39,29],[77,19],[-7,-16]],[[8608,1085],[39,-62],[-39,-34],[6,-37],[-23,-46],[-68,-1],[15,-90],[-31,-41],[-69,-10],[-53,-57]],[[8385,707],[-4,17],[53,55],[-59,-46],[-23,-36],[-17,26],[22,31],[-63,-13],[-107,30],[19,37],[-58,-15],[14,-23],[-33,-38],[38,7],[-16,-31],[34,-4],[-20,-30],[13,-19],[-27,-38],[-56,-1],[-60,-43],[16,40],[-26,-4],[10,75],[-20,-40],[-86,-37],[-9,39],[-13,-37],[-28,11],[-55,-23],[24,28],[50,22],[-4,43],[-31,-23],[-43,-3],[-27,-24],[-37,0],[-49,-24],[-34,38],[136,27],[129,55],[-62,-11],[-40,20],[-5,26],[65,41],[27,49],[-27,23],[52,21],[-38,12],[38,31],[-49,-18],[7,-17],[-31,-44],[13,-16],[-112,-28],[-24,-37],[-44,-7],[2,41],[-37,91],[22,-81],[-14,-76],[-24,-18],[-71,-7],[-12,119],[-10,-39],[7,-77],[-42,-18],[-86,13],[-89,-11],[-7,-20],[-64,21],[29,-29],[-48,-21],[-59,10],[-90,31],[-80,-14],[-36,81],[11,-48],[-36,-17],[-67,-9],[-10,15],[39,87],[-25,-13],[-15,-47],[-132,-7],[-76,-26],[-12,30],[-47,17],[-32,-23],[-45,23],[-28,-8],[4,54],[-21,-40],[-48,5],[-15,25],[-93,-18],[-42,-18],[-24,17],[-57,-24],[28,54],[36,29],[-73,-29],[2,-26],[-42,-38],[-88,43],[18,-42],[-127,-27],[-97,4],[-190,-31],[10,26],[-40,-15],[-19,25],[-37,2],[-5,32]],[[5604,759],[118,75],[57,-7],[28,50],[67,16],[65,-12],[-1,22],[43,26],[53,-20],[15,22],[77,15],[8,37],[30,-20],[66,42],[6,41],[-21,13],[58,30],[43,-21],[46,7],[39,71],[69,-18],[14,42],[34,-2]],[[6518,1168],[65,-1],[73,11],[90,46],[20,47],[48,-20],[37,30],[66,23],[-11,17],[57,28],[14,-25],[-41,-37],[9,-14],[42,28],[22,-36],[105,9],[-7,-43],[36,-10],[31,21],[36,-15],[36,7],[29,33],[29,-13],[34,18],[56,77],[45,38],[158,-25],[21,23],[24,-10],[80,22],[17,-42],[62,-33],[6,-35],[37,-1],[-9,-50],[9,-50],[79,-19],[19,19],[88,0],[0,23],[57,-12],[64,13],[-5,-21],[90,-3],[22,13]],[[8582,1088],[19,3],[7,-6]],[[9812,756],[4,-16],[-46,-29],[-22,13],[64,32]],[[9238,930],[44,-8],[-31,-68],[-17,-14],[-58,58],[14,-57],[63,-123],[46,67],[14,-26],[-28,-40],[29,-3],[8,-64],[25,34],[46,-31],[11,49],[-14,34],[34,-12],[-5,33],[23,26],[-16,37],[58,89],[21,7],[51,88],[99,45],[32,-20],[67,33],[42,68],[37,-15],[26,-39],[-46,-6],[-42,-38],[-6,-42],[-43,-29],[1,-40],[-60,-78],[-47,-39],[30,-4],[-53,-39],[54,22],[-23,-55],[-39,-30],[49,7],[-60,-29],[59,16],[9,-26],[-29,-51],[37,30],[26,-58],[0,-30],[28,61],[109,51],[33,59],[44,135],[24,-31],[37,-7],[7,-44],[-20,-26],[51,-29],[-25,-64],[31,1],[4,-29],[-45,-16],[20,-22],[-29,-38],[-15,-47],[-60,-32],[-11,-94],[-36,-42],[34,-14],[-31,-54],[6,-17],[-37,-94],[6,-21],[-30,-41],[-40,-20],[-19,-55],[-58,-20],[-42,7],[-40,49],[5,26],[-42,-36],[-40,14],[-80,-69],[-61,13],[-23,48],[27,41],[-34,44],[39,55],[52,38],[-70,3],[-10,38],[51,49],[25,67],[-39,-12],[15,49],[-38,-67],[-26,-17],[1,43],[-23,-58],[-56,-31],[-19,-36],[-38,-28],[-21,-37],[-58,-44],[-80,-28],[-49,15],[-7,51],[17,75],[48,59],[59,140],[65,64],[-15,23],[75,27],[-78,21],[18,48],[5,67],[-21,4],[-24,55],[-6,55],[-33,-4],[13,41],[-47,-4],[0,52]],[[9049,919],[54,40],[15,16]],[[8989,582],[16,-4],[-3,-29],[-46,-3],[33,36]],[[9053,653],[-8,-28],[-16,68],[9,58],[19,-21],[-18,-35],[14,-42]],[[8991,654],[-24,-20],[-38,-71],[-67,9],[61,45],[21,36],[44,45],[24,71],[6,-33],[-27,-82]],[[9049,919],[-10,-38],[-31,1],[-18,-31],[-26,5],[-51,-65],[-34,-26],[-4,-25],[-44,-79],[-32,-23],[36,-32],[-37,-27],[3,36],[-40,-55],[-46,-29],[-18,16],[54,52],[81,126],[-34,-32],[-55,-82],[-58,-50],[-31,15],[-60,-35],[-25,16],[19,43],[-187,-167],[31,-18],[-30,-31],[-6,31],[-40,2],[-15,-22],[43,3],[2,-63],[-46,-25],[-38,31],[17,-46],[-31,-61],[-40,-27],[-51,1],[-70,-19],[3,39],[-65,-8],[-40,-33],[-44,-9],[-87,0],[-95,39],[1,59],[71,54],[63,28],[60,-18],[13,15],[91,26],[27,-6],[12,40],[51,22],[50,37],[12,84],[79,63],[97,24],[43,-1],[74,36],[7,29],[-25,7],[111,52],[-13,4],[-167,-62],[-71,-3]],[[7840,4346],[52,-14],[-37,-19],[-71,16],[56,17]],[[7900,4472],[5,-33],[-43,17],[4,20],[34,-4]],[[7935,4646],[7,-14],[-18,-38],[-36,44],[47,8]],[[7936,4700],[20,-20],[-71,-32],[-18,20],[19,31],[50,1]],[[7109,5154],[-49,-51],[-37,10],[30,36],[56,5]],[[7162,5226],[94,-13],[-88,-35],[-43,30],[37,18]],[[4471,6775],[73,-5],[21,-45],[-57,-7],[-48,18],[11,39]],[[4624,6775],[46,-5],[-1,-22],[43,4],[-71,-35],[-66,1],[50,13],[-41,31],[40,13]],[[4586,6824],[21,-6],[-35,-32],[-38,5],[52,33]],[[7801,4979],[59,14],[92,-23],[-39,-8],[12,-42],[-120,34],[-4,25]],[[3890,7030],[-24,-15],[-91,19]],[[3775,7034],[-60,3],[8,50],[48,39]],[[3771,7126],[70,-13],[22,10]],[[3863,7123],[71,-15],[-13,-12]],[[3921,7096],[13,-4],[1,-5]],[[3935,7087],[-18,-15]],[[3917,7072],[-16,-5],[-10,-3]],[[3891,7064],[2,-33],[-3,-1]],[[4318,6852],[-35,-2],[-8,0]],[[4275,6850],[6,0],[37,2]],[[4492,6899],[21,-19],[-48,-36],[59,-18],[-58,-3],[-121,32]],[[4345,6855],[2,0],[145,44]],[[4554,6918],[1,-9],[-11,6]],[[4544,6915],[6,1],[4,2]],[[4193,6852],[18,-9],[-1,8]],[[4210,6851],[48,0]],[[4258,6851],[30,-17],[-132,5],[62,-50],[142,5],[42,9],[42,-33],[8,-33],[-99,-6],[81,-31],[123,15],[22,-10]],[[4579,6705],[-88,-22],[-40,-31],[-61,-135],[-40,-56],[-119,-125],[-58,-39],[-39,-6],[-39,-46],[10,-25],[-96,-34],[-56,5],[-28,-25],[-271,-67],[24,-66],[222,50],[275,37],[17,-27],[-5,-96],[118,-26],[175,-89],[-8,-160],[69,-49],[212,13],[189,-35],[-36,-48],[68,-10],[71,14],[127,-11],[38,-57],[49,-15],[-36,-179],[-127,-42],[-28,-47],[113,-45]],[[5181,5211],[-96,-22],[27,-18],[-35,-36],[-16,-46],[34,-38],[-38,-22],[19,-31],[32,0],[39,-72],[63,44],[77,14],[-74,36],[50,11],[66,-20],[16,15],[85,-4],[58,30]],[[5488,5052],[40,-18],[374,137],[41,105],[66,5],[378,114],[492,-14],[36,24]],[[6915,5405],[35,-46],[46,-31],[12,-62],[80,-40],[-60,-20],[26,-30],[-98,-45],[-123,-35],[27,-13],[-24,-32],[67,27],[43,-53],[-12,-56],[108,56],[-2,63],[67,14],[-16,20],[65,45],[69,-14],[26,22],[34,-18],[39,30],[15,-22],[138,36],[48,-41],[-74,-3],[-46,-32],[-52,0],[91,-36],[82,-8],[56,12],[38,-23],[-45,-1],[-45,-37],[87,28],[165,-13],[-12,-28],[-91,21],[-61,2],[63,-43],[85,-22],[-9,-19],[83,-35],[39,-32],[-40,-12],[84,-1],[-76,-28],[73,-12],[42,-21],[-23,-39],[16,-42],[-76,-31],[-57,-59],[-68,11],[-29,-37],[56,19],[61,-6],[51,-49],[22,-68],[-75,11],[-61,-50],[-109,44],[42,-51],[65,-16],[39,-51],[97,16],[47,-38],[-30,-34],[-74,8],[-21,19],[-104,9],[77,-21],[-50,-23],[24,-27],[-76,13],[-24,-32],[77,8],[43,-25],[81,5],[75,-14],[-16,-34],[50,10],[37,-17],[-18,-64],[-44,25],[-73,1],[19,-34],[-66,14],[-81,34],[-115,34],[167,-68],[215,-100],[-49,-2],[-31,-26],[40,-42],[-3,-24],[-66,-9],[6,-37],[-82,-19],[-51,21],[60,-46],[-165,-91],[-49,-38],[-89,-5],[9,-22],[-67,-13],[-40,-33],[-75,-33],[-57,-5],[-12,-43],[-96,-83],[-47,23],[-15,-47],[-101,-8],[1,424],[-2424,-1],[-671,-1],[-1319,2],[-22,48],[46,12],[82,-28],[-36,33],[8,30],[-38,92],[-32,40],[-142,38],[-6,28],[-47,47],[39,74],[119,40],[158,17],[121,-1],[29,10],[-49,43],[-46,7],[-58,33],[20,48],[-87,-29],[-2,-21],[-88,2],[-85,-35],[-101,3],[-23,-42],[1,-63],[-34,-2],[49,-50],[26,-86],[-37,-23],[0,-35],[-54,-29],[19,-13],[30,-104],[-52,21],[0,-46],[-26,-1],[38,-63],[-70,-1],[-9,-102],[34,-33],[17,-49],[-40,-52],[-57,7],[-21,-37],[-65,-35],[-46,38],[-11,56],[-25,-2],[-21,39],[-142,16],[-3,-47],[-79,41],[-21,-17],[-68,21],[-13,27],[-63,47],[-24,-39],[-37,66],[25,21],[-93,77],[4,38],[-48,-49],[-38,7],[-20,-41],[-19,40],[10,53],[-139,-4],[-15,-24],[-36,17],[-12,-32],[-65,31],[-4,40],[-55,56],[-11,-13],[-55,70],[-34,-18],[32,-87],[-39,-24],[-58,72],[-40,18],[-12,62],[45,31],[34,-22],[19,32],[-25,121],[-40,47],[33,39],[52,-57],[21,23],[-40,36],[19,32],[-29,54],[-40,33],[23,21],[64,-32],[15,24],[-67,108],[-74,20],[-9,-60],[-60,-17],[-32,13],[-24,-51],[8,-75],[-45,-13],[-44,25],[26,-68],[-25,-23],[-54,66],[-15,-23],[27,-39],[-30,-1],[-37,61],[-43,-12],[-34,22],[14,45],[-19,28],[-66,-39],[-61,41],[-33,-2],[-25,39],[16,23],[-39,84],[3,41],[28,-11],[46,46],[79,-24],[23,-28],[47,22],[-14,-44],[56,7],[-14,59],[30,99],[-45,21],[79,44],[-24,59],[-77,44],[-77,12],[-26,-17],[-62,39],[-42,10],[-38,79],[-47,9],[4,28],[-62,0],[61,51],[-72,30],[9,38],[-43,6],[-13,31],[-89,31],[25,42],[-21,41],[29,20],[83,6],[16,23],[-41,33],[-1,51],[-45,28],[15,27],[-27,36],[64,12],[57,30],[54,-10],[18,29],[-34,40],[38,6],[78,-48],[68,-13],[-23,66],[93,25],[44,35],[-1,23],[-93,63],[-121,120],[-43,77],[36,19],[57,0],[59,-28],[-26,-19],[143,-94],[85,-68],[34,11],[131,-78],[-35,42],[-6,33],[52,-31],[37,32],[-58,61],[6,18],[-55,56],[92,-11],[-73,43],[-12,51],[3,74],[50,-29],[-22,37],[-76,59],[2,35],[81,-37],[25,-36],[27,16],[82,-53],[18,-32],[152,-123],[48,-3],[76,-49],[15,16],[115,-11],[-2,-52],[50,-38],[55,-69],[30,20],[126,-5],[15,41],[-35,26],[20,21],[67,-23],[96,22],[24,62],[58,26],[49,-28],[62,-8],[46,-33],[-14,-21],[55,-2],[24,-21],[-19,-59],[64,2],[81,-16],[15,36],[39,-8],[-7,30],[58,-2],[80,-45],[53,1],[9,-26],[50,-24],[-1,-35],[137,-9],[57,37],[66,-20],[-60,74],[-79,38],[71,29],[-24,49],[40,51],[86,-41],[32,15],[5,64],[32,19],[-36,41],[57,56],[-25,14],[72,11],[33,41],[-96,-24],[-86,30],[104,31],[-35,22],[87,3],[77,16],[4,34],[-75,-8],[-29,20],[-124,-4],[-84,32],[67,30],[18,43],[-2,61],[-64,0],[39,19],[-14,44],[34,39],[-62,-2],[11,42],[-61,23],[-3,27],[76,9],[112,56],[51,-13],[28,30],[-34,8],[-93,-12],[-63,34],[-69,-19],[17,29],[-50,6],[20,32],[-107,-50],[-11,64],[114,42]],[[2604,6973],[78,-54],[246,-12],[134,-78],[156,-18],[886,42],[89,-1]],[[6200,5442],[32,-1],[-41,-31],[-71,-12],[-14,14],[40,26],[54,4]],[[6948,5782],[15,-46],[-68,-11],[11,47],[42,10]],[[6017,6096],[24,-48],[-22,-5],[-45,-12],[43,65]],[[5086,6341],[-16,-27],[-53,-4],[17,37],[44,18],[8,-24]],[[4953,6349],[-25,-60],[-16,-3],[15,61],[26,2]],[[5163,6379],[25,4],[-26,-36],[-62,-21],[63,53]],[[4918,6663],[-6,27],[33,16],[29,-37],[-56,-6]],[[4181,7022],[32,-14],[-47,-4],[-37,20],[52,-2]],[[4350,7098],[-37,-32],[-48,6],[7,22],[37,-19],[41,23]],[[3937,7156],[65,-4],[24,-25],[-117,9],[28,20]],[[4160,7244],[44,-2],[7,-19],[-92,7],[2,21],[39,-7]],[[4121,7294],[-23,-19],[-21,-15],[1,26],[43,8]],[[4447,7281],[39,0],[-72,-25],[-90,9],[51,40],[-1,14],[73,-38]],[[4428,7410],[-29,-13],[-51,10],[32,27],[48,-24]],[[3926,7726],[43,-13],[-33,-14],[-31,20],[21,7]],[[4184,7726],[-28,-14],[-18,20],[23,19],[23,-25]],[[4029,7810],[35,-5],[24,-29],[-37,-24],[-38,2],[-37,22],[22,40],[31,-6]],[[3719,7911],[-44,-2],[-6,-27],[-36,15],[30,25],[56,-11]],[[3911,7968],[64,-27],[-3,-27],[-55,-40],[-71,3],[-42,61],[34,28],[27,-26],[46,28]],[[4070,8204],[-21,-23],[-48,10],[3,15],[66,-2]],[[3733,8273],[-33,-35],[-17,3],[-4,32],[54,0]],[[3358,8685],[28,-1],[25,-21],[-73,-1],[20,23]],[[3960,8153],[21,3],[37,-36],[42,-9],[-21,-57],[-40,1],[-60,47],[-43,-14],[27,51],[37,14]],[[2230,9999],[-26,-43],[-42,16],[29,23],[39,4]],[[3775,7034],[49,-54],[63,-11],[93,8],[-22,-18],[81,20],[68,-4],[17,-20],[142,29],[-1,-40],[-64,-17],[63,-33],[-50,-10],[-21,-32]],[[2604,6973],[-33,36],[-115,-4],[-36,40],[28,29],[-35,65],[106,-25],[78,30],[-38,13],[0,49],[-79,52],[17,34],[-43,1],[-36,34],[44,48],[43,9],[0,52],[99,34],[-36,5],[18,132],[46,-7],[37,47],[-4,40],[19,32],[-44,16],[-24,-42],[-25,53],[18,42],[102,24],[-7,40],[-33,12],[-9,39],[19,62],[63,30],[34,32],[1,56],[-47,-13],[-16,-51],[-27,7],[-13,42],[-24,-24],[-61,18],[-13,63],[-63,10],[-19,-35],[-58,34],[-32,81],[-70,101],[-107,6],[7,85],[32,15],[82,15],[20,14],[30,83],[98,7],[24,53],[70,-11],[48,44],[-32,11],[-1,43],[-32,7],[-44,-32],[-40,-5],[-46,29],[-3,56],[41,46],[64,-13],[26,18],[36,-9],[67,14],[23,-8],[140,27],[9,19],[-38,49],[-56,9],[-49,28],[-44,-2],[-23,-27],[-154,-27],[-17,-30],[-44,-16],[-26,31],[-35,-4],[-1,58],[-37,24],[-110,8],[-36,-15],[-69,15],[-25,26],[-52,5],[-59,-24],[-30,71],[58,44],[63,-1],[7,-26],[114,-14],[31,-25],[42,15],[83,5],[-36,39],[-40,19],[-74,5],[12,59],[-32,12],[20,44],[-35,38],[32,29],[-29,15],[18,39],[35,25],[46,11],[42,29],[-72,20],[-103,-55],[-25,13],[-34,-26],[-56,49],[-50,28],[-66,10],[48,14],[-14,55],[92,40],[-40,9],[13,22],[-23,48],[56,46],[37,-9],[37,39],[-79,32],[-61,-3],[-36,70],[101,-8],[23,21],[-40,18],[115,6],[-6,36],[-97,15],[-75,29],[7,30],[178,29],[109,-28],[29,-16],[-12,-29],[17,-30],[-81,-34],[23,-23],[-87,-6],[96,-11],[21,44],[24,4],[7,-61],[-21,-26],[-120,-5],[117,-16],[-21,-31],[-60,-26],[24,-10],[41,26],[37,1],[18,47],[74,7],[-63,8],[-1,30],[35,2],[72,-59],[-95,-19],[49,-2],[69,-36],[-35,-31],[5,-51],[32,46],[37,18],[26,-64],[60,-21],[-33,-25],[-77,-20],[-37,6],[-25,48],[-43,20],[1,-29],[61,-50],[151,-4],[-2,-38],[-41,14],[-36,-17],[-13,-45],[-31,-31],[54,26],[13,50],[54,-15],[31,9],[21,-35],[74,-25],[20,-30],[-69,-68],[-115,11],[-1,-14],[66,-3],[65,-22],[69,1],[-40,-72],[17,-5],[26,52],[40,20],[46,-7],[35,-25],[-15,-44],[-36,-35],[75,48],[57,7],[-50,-75],[67,17],[-58,-72],[-43,-4],[-47,-26],[-34,4],[-77,-14],[-89,16],[-6,-68],[24,50],[54,-4],[27,-20],[56,20],[82,-9],[15,26],[52,4],[25,21],[56,-3],[14,-22],[93,-5],[-32,-22],[-66,8],[-36,-10],[85,-14],[-61,-40],[33,-1],[49,29],[31,-46],[-61,-39],[47,7],[-4,-45],[69,66],[43,-22],[16,-36],[33,0],[17,-33],[-17,-41],[-84,-16],[67,-3],[45,14],[22,-35],[-53,-39],[14,-14],[-56,-29],[-30,-5],[12,-8],[-15,-35],[-37,23],[34,19],[-39,-7],[-43,-28],[-99,-11],[-67,15],[-70,-28],[78,17],[53,-14],[-65,-66],[-78,-32],[-37,-34],[123,54],[97,71],[88,11],[28,-13],[-49,-53],[48,2],[15,40],[39,-22],[58,43],[90,12],[81,-3],[19,12],[49,-18],[-21,-37],[-51,-17],[33,-19],[-9,-61],[-27,3],[-25,-30],[-102,0],[109,-11],[33,19],[38,-46],[-48,-30],[-88,7],[-67,-12],[-108,1],[39,-17],[-20,-19],[-118,-36],[43,-4],[3,-23],[-70,-10],[79,-8],[26,51],[64,11],[31,30],[77,10],[55,-16],[32,17],[25,-17],[64,36],[-11,-27],[39,-4],[-9,40],[60,-6],[-51,-47],[98,0],[-25,-21],[21,-25],[44,3],[-43,-40],[-80,4],[-62,-12],[-33,-26],[91,24],[53,-13],[4,-58],[17,49],[32,21],[13,-46],[22,24],[41,-15],[56,41],[33,-29],[14,-38],[46,21],[48,-3],[-15,-34],[43,5],[-2,-50],[-37,-19],[-76,42],[-10,-24],[-52,25],[37,-37],[50,3],[10,-37],[37,-18],[-25,-16],[55,-9],[4,-49],[-86,-10],[-43,-16],[-2,-26],[-50,-14],[-34,17],[-32,-14],[-61,-57],[-30,23],[-93,18],[52,-33],[82,-28],[102,33],[92,-5],[165,-62],[-5,-13],[-78,4],[40,-22],[8,-36],[-62,-26],[-52,11],[11,-23],[72,-11],[41,-34],[48,17],[-13,-28],[84,58],[-38,-59],[160,7],[43,-13],[33,-33],[-13,-35],[25,-46],[-91,-2],[-53,-24],[-11,-34],[-53,-27],[-11,-69],[-29,28],[-49,-18],[-86,9],[22,-31],[73,2],[54,-25],[-28,-22],[-56,15],[19,-22],[95,-28],[-20,-22],[-51,15],[-71,-5],[-185,55],[-48,2],[-103,29],[-96,11],[100,-25],[31,-16],[122,-19],[62,-39],[83,2],[1,-16],[-62,10],[-129,2],[-15,-12],[153,-11],[39,-11],[42,13],[74,-24],[22,10],[50,-24],[-19,-40],[-66,-2],[-151,36],[20,-22],[-61,3],[-25,-18],[96,3],[20,-22],[-148,0],[47,-21]],[[4275,6850],[-5,3],[-12,-2]],[[4210,6851],[58,26],[26,52],[49,-22],[-22,-9],[-3,-46]],[[4544,6915],[-6,6],[16,-3]],[[3863,7123],[85,-13],[28,-16],[-55,2]],[[4345,6855],[-17,38],[26,-1],[68,57],[25,-16],[-24,-15],[69,-19]],[[3935,7087],[39,-19],[-57,3],[0,1]],[[3891,7064],[75,-17],[89,2],[52,-29],[-24,-6],[-95,16],[65,-20],[-50,-16],[-39,30],[-74,6]],[[4161,7109],[52,-25],[-66,-11],[57,-8],[11,-17],[-97,0],[-106,26],[-45,36],[82,3],[88,-19],[24,15]],[[4070,7913],[-34,-41],[-68,5],[-11,-25],[73,12],[60,-24],[-39,-19],[-27,13],[-97,6],[-43,24],[30,4],[104,67],[52,-22]],[[5488,5052],[29,28],[82,42],[76,19],[28,-16],[60,12],[9,28],[36,13],[-39,32],[31,26],[106,48],[22,47],[75,0],[96,39],[117,11],[37,23],[76,6],[81,26],[97,-23],[86,-2],[18,19],[-168,25],[-88,5],[-54,-30],[-43,-3],[-6,19],[-50,12],[27,48],[96,8],[41,18],[71,1],[54,-13],[112,0],[36,-10],[88,-1],[7,-19],[92,17],[36,-15],[-8,-31],[28,-8],[33,-48]],[[4579,6705],[73,4],[27,-13],[-9,-35],[-36,-26],[-23,10],[-79,-28],[103,15],[21,-17],[82,76],[29,-93],[-41,-22],[21,-26],[-25,-46],[43,36],[49,114],[27,20],[27,-27],[80,6],[-45,-62],[12,-15],[-76,-3],[-28,-60],[32,32],[54,-12],[-16,-59],[68,35],[-22,-65],[-78,-51],[13,-48],[16,42],[63,63],[-2,-34],[26,7],[19,35],[41,-33],[-13,-25],[-92,-29],[-38,-63],[5,-22],[-76,-6],[-18,-66],[46,44],[24,-11],[43,30],[0,-26],[-44,-19],[-42,-60],[-94,-43],[-25,-47],[55,27],[13,25],[71,32],[17,36],[37,-8],[96,93],[23,-23],[43,29],[-7,-40],[-53,-52],[41,19],[28,36],[56,28],[-24,-59],[-41,-41],[-34,-4],[-64,-50],[-12,-51],[38,41],[108,63],[30,53],[57,26],[36,-2],[42,53],[48,17],[39,-54],[-19,-42],[-116,-36],[66,-30],[27,25],[101,-3],[69,34],[20,-9],[-32,-40],[50,35],[24,-31],[-42,-9],[-18,-44],[-29,-5],[-100,-61],[-43,-42],[-54,-25],[30,-14],[-64,-76],[44,15],[43,91],[109,42],[121,96],[32,-10],[54,56],[20,40],[92,22],[5,-33],[-24,-38],[-51,-13],[-14,-30],[-76,-49],[42,3],[54,34],[-7,15],[90,38],[0,-43],[29,58],[70,-12],[-2,-45],[-60,-47],[40,17],[0,-30],[59,-38],[-56,-9],[-24,-32],[43,-3],[6,23],[33,-11],[-41,-47],[62,-15],[27,28],[30,-9],[-2,-40],[34,41],[29,-25],[53,-8],[20,-21],[93,5],[60,17],[71,-6],[9,71],[28,-28],[23,24],[47,1],[69,36],[18,-7],[-22,-41],[-5,-55],[42,36],[50,-18],[-40,-20],[-41,0],[-36,-22],[-110,6],[-6,-12],[115,-5],[5,-19],[44,28],[69,-10],[37,-39],[70,-40],[147,21],[28,-54],[50,0],[-31,-24],[4,-30],[-33,-13],[-179,-6],[0,-13],[145,12],[-46,-26],[28,-10],[-57,-14],[-25,-24],[-46,-6],[-102,20],[-128,-21],[-11,12],[-74,-16],[-74,-41],[119,13],[-40,-21],[-66,-15],[29,-15],[-143,-11],[-84,-22],[-36,-29],[-116,-26],[-70,7],[-81,-22],[-135,-19],[-110,-39],[-104,5],[26,-33],[97,7],[165,41],[82,3],[238,67],[51,25],[115,25],[-43,-44],[-130,-97],[-81,-3],[-127,15],[-64,-15],[81,-5],[-54,-46],[-55,1],[-151,-44],[-29,-19],[-129,-34],[-185,20],[-36,-20],[62,-20],[-99,-2]],[[4108,7221],[150,-23],[23,-31],[-24,-17],[68,14],[48,-6],[-27,-30],[-153,15],[-32,-11],[-41,19],[-44,0],[-12,25],[104,-5],[-55,14],[-43,-6],[38,42]],[[4247,7431],[-32,-20],[-38,22],[-31,-44],[58,3],[41,-20],[-2,-74],[-22,-45],[-39,27],[-109,39],[-54,-16],[32,29],[33,69],[-11,40],[103,72],[13,-19],[75,-3],[-49,-36],[32,-24]],[[8238,1895],[-53,-47],[38,-9],[18,-55],[2,36],[24,40]],[[6518,1168],[-33,24],[34,12],[53,44],[66,-20],[45,13],[78,75],[-97,31],[21,24],[63,-12],[14,10],[92,9],[5,13]],[[6859,1391],[-2,30],[-57,7],[42,12],[-49,51],[11,21],[44,14],[25,88],[88,38],[45,-2],[24,-24],[62,-7],[65,21],[10,27],[36,-3],[123,93],[-17,19],[15,48],[40,27],[-28,28],[-57,7]],[[6133,1689],[4,48],[19,6],[41,82],[30,13],[-1,-67],[68,13],[64,-8],[17,-34],[39,-27],[89,-16],[35,9],[-116,21],[-51,57],[9,47],[57,-19],[37,24],[-83,9],[1,19],[45,-9],[69,49],[-51,-23],[-98,20],[-26,-4],[-33,40],[7,27]],[[7294,2553],[70,-14],[-83,-64],[-19,-74],[38,27],[-8,-63],[-44,-82],[-14,19],[-45,-11],[-5,-19],[55,4],[28,-37],[-40,-92],[42,38]],[[6859,1391],[-105,-16],[-89,35],[-108,21],[-63,49],[-69,16],[-44,-6],[-40,43],[50,49],[-12,40],[-35,21],[-68,17],[-34,-4],[-47,24],[-13,24],[-49,-15]],[[5604,759],[7,52],[-21,25],[1,43],[-55,51],[61,33],[34,44],[119,69],[71,24],[112,95],[81,55],[-1,19],[44,25],[95,24],[29,42],[-22,21],[-42,-14],[-36,32],[-96,8],[-141,-33],[-49,13],[-164,-44],[32,59],[86,58],[124,55],[-42,-42],[0,-20],[67,-30],[12,49],[6,-42],[27,-16],[52,-2],[39,61],[-21,30],[99,138],[21,48]]],"bbox":[-67.816025195104,46.61752171863026,-52.636687196059455,60.37770214433845],"transform":{"scale":[0.0015180856084653013,0.0013761556581366329],"translate":[-67.816025195104,46.61752171863026]},"title":"Newfoundland and Labrador","version":"2.0.1","copyright":"Copyright (c) 2022 Highsoft AS, Adapted from Statistics Canada, Boundary files, 2011 Census. This does not constitute an endorsement by Statistics Canada of this product.","copyrightShort":"Statistics Canada, 2011","copyrightUrl":"http://www.statcan.gc.ca"}