{"type":"Topology","objects":{"default":{"type":"GeometryCollection","geometries":[{"type":"MultiPolygon","arcs":[[[0]],[[1]],[[2,3,4,5]],[[6,7]],[[8,9,10]],[[11,-12,12]],[[13,14]],[[15,16]],[[17,18]],[[19,20]],[[21,22]],[[23,24,25,26]],[[27,28]],[[29,30]],[[31,32]],[[33,34]],[[35,36]],[[37,38]],[[39,40]],[[41,42]],[[43,44]],[[45,46]],[[47,47,47]],[[48,49]]],"id":"CA.ON.3559","properties":{"hc-group":"admin2","hc-middle-x":0.72,"hc-middle-y":0.57,"hc-key":"ca-on-3559","hc-a2":"RR","name":"Rainy River","type":"DIS"}},{"type":"MultiPolygon","arcs":[[[50]],[[51,52,53,54,55,56,-3,57]],[[58]]],"id":"CA.ON.3558","properties":{"hc-group":"admin2","hc-middle-x":0.41,"hc-middle-y":0.42,"hc-key":"ca-on-3558","hc-a2":"TB","name":"Thunder Bay","type":"DIS"}},{"type":"MultiPolygon","arcs":[[[59]],[[60,61,62,63]]],"id":"CA.ON.3511","properties":{"hc-group":"admin2","hc-middle-x":0.89,"hc-middle-y":0.76,"hc-key":"ca-on-3511","hc-a2":"LA","name":"Lennox and Addington","type":"CTY"}},{"type":"MultiPolygon","arcs":[[[64]],[[65,-62,66,67,68]]],"id":"CA.ON.3510","properties":{"hc-group":"admin2","hc-middle-x":0.46,"hc-middle-y":0.49,"hc-key":"ca-on-3510","hc-a2":"FR","name":"Frontenac","type":"CTY"}},{"type":"Polygon","arcs":[[69,70,71,72,73,74]],"id":"CA.ON.3544","properties":{"hc-group":"admin2","hc-middle-x":0.42,"hc-middle-y":0.68,"hc-key":"ca-on-3544","hc-a2":"MU","name":"Muskoka","type":"DM"}},{"type":"MultiPolygon","arcs":[[[75]],[[76,-5,77,11,78,-17,79,-27,80,81,-58],[82]],[[-50,83,7]],[[-11,10,84]],[[85,-25,86,-43,87,-29,88,-31,-44,89,-47,90,-41,91,-39,92,-37,93,-35,94,-9]],[[95,96]],[[97,-15]],[[98,-19]],[[99,-21]],[[100,-23]],[[101,-33]],[[102]]],"id":"CA.ON.3560","properties":{"hc-group":"admin2","hc-middle-x":0.57,"hc-middle-y":0.46,"hc-key":"ca-on-3560","hc-a2":"KE","name":"Kenora","type":"DIS"}},{"type":"MultiPolygon","arcs":[[[103]],[[104]],[[105]],[[106,107]],[[108,109]],[[110,111,-112]],[[112,-113,113]],[[114,115]],[[116,117]],[[118,119,120,121]],[[122,123]],[[124,125]],[[126,127,128]],[[129,-130,130]],[[131]]],"id":"CA.ON.3551","properties":{"hc-group":"admin2","hc-middle-x":0.77,"hc-middle-y":0.53,"hc-key":"ca-on-3551","hc-a2":"MA","name":"Manitoulin","type":"DIS"}},{"type":"Polygon","arcs":[[132,133,134,135,136,137]],"id":"CA.ON.3506","properties":{"hc-group":"admin2","hc-middle-x":0.56,"hc-middle-y":0.32,"hc-key":"ca-on-3506","hc-a2":"OT","name":"Ottawa","type":"CDR"}},{"type":"Polygon","arcs":[[-133,138,139,-69,140]],"id":"CA.ON.3507","properties":{"hc-group":"admin2","hc-middle-x":0.56,"hc-middle-y":0.52,"hc-key":"ca-on-3507","hc-a2":"LA","name":"Leeds and Grenville","type":"UC"}},{"type":"Polygon","arcs":[[141,142,143,144]],"id":"CA.ON.3520","properties":{"hc-group":"admin2","hc-middle-x":0.21,"hc-middle-y":0.65,"hc-key":"ca-on-3520","hc-a2":"TO","name":"Toronto","type":"CDR"}},{"type":"Polygon","arcs":[[145,146,147,148,149,150,151,152,-143,153,154]],"id":"CA.ON.3521","properties":{"hc-group":"admin2","hc-middle-x":0.84,"hc-middle-y":0.65,"hc-key":"ca-on-3521","hc-a2":"PE","name":"Peel","type":"RM"}},{"type":"Polygon","arcs":[[-137,155,156]],"id":"CA.ON.3502","properties":{"hc-group":"admin2","hc-middle-x":0.84,"hc-middle-y":0.13,"hc-key":"ca-on-3502","hc-a2":"PA","name":"Prescott and Russell","type":"UC"}},{"type":"Polygon","arcs":[[-55,157,158,159,-82,160,161,162,163]],"id":"CA.ON.3556","properties":{"hc-group":"admin2","hc-middle-x":0.63,"hc-middle-y":0.51,"hc-key":"ca-on-3556","hc-a2":"CO","name":"Cochrane","type":"DIS"}},{"type":"MultiPolygon","arcs":[[[164,-165,165]],[[166,167,168,169,170,-165,171,172,173,174]],[[175,175,175]]],"id":"CA.ON.3540","properties":{"hc-group":"admin2","hc-middle-x":0.26,"hc-middle-y":0.33,"hc-key":"ca-on-3540","hc-a2":"HU","name":"Huron","type":"CTY"}},{"type":"Polygon","arcs":[[-165,176,177,-150,178,179,180,181,-173,182]],"id":"CA.ON.3523","properties":{"hc-group":"admin2","hc-middle-x":0.52,"hc-middle-y":0.41,"hc-key":"ca-on-3523","hc-a2":"WE","name":"Wellington","type":"CTY"}},{"type":"Polygon","arcs":[[164,183,184,-169,185,186]],"id":"CA.ON.3541","properties":{"hc-group":"admin2","hc-middle-x":0.45,"hc-middle-y":0.75,"hc-key":"ca-on-3541","hc-a2":"BR","name":"Bruce","type":"CTY"}},{"type":"Polygon","arcs":[[187,-145,188,189,190,191,192]],"id":"CA.ON.3518","properties":{"hc-group":"admin2","hc-middle-x":0.59,"hc-middle-y":0.82,"hc-key":"ca-on-3518","hc-a2":"DU","name":"Durham","type":"RM"}},{"type":"Polygon","arcs":[[-189,-144,-153,193]],"id":"CA.ON.3519","properties":{"hc-group":"admin2","hc-middle-x":0.6,"hc-middle-y":0.67,"hc-key":"ca-on-3519","hc-a2":"YO","name":"York","type":"RM"}},{"type":"MultiPolygon","arcs":[[[194,195,-177,-187,196]],[[165,165,165]]],"id":"CA.ON.3542","properties":{"hc-group":"admin2","hc-middle-y":0.46,"hc-key":"ca-on-3542","hc-a2":"GR","name":"Grey","type":"CTY"}},{"type":"Polygon","arcs":[[-195,197,-75,198,-190,-194,-152,199]],"id":"CA.ON.3543","properties":{"hc-group":"admin2","hc-middle-x":0.44,"hc-middle-y":0.31,"hc-key":"ca-on-3543","hc-a2":"SI","name":"Simcoe","type":"CTY"}},{"type":"Polygon","arcs":[[200,201,202,-167]],"id":"CA.ON.3538","properties":{"hc-group":"admin2","hc-middle-x":0.62,"hc-middle-y":0.51,"hc-key":"ca-on-3538","hc-a2":"LA","name":"Lambton","type":"CTY"}},{"type":"Polygon","arcs":[[-201,-175,203,204,205,206]],"id":"CA.ON.3539","properties":{"hc-group":"admin2","hc-middle-x":0.34,"hc-middle-y":0.38,"hc-key":"ca-on-3539","hc-a2":"MI","name":"Middlesex","type":"CTY"}},{"type":"Polygon","arcs":[[-204,-174,-182,207,208]],"id":"CA.ON.3531","properties":{"hc-group":"admin2","hc-middle-x":0.51,"hc-middle-y":0.72,"hc-key":"ca-on-3531","hc-a2":"PE","name":"Perth","type":"CTY"}},{"type":"MultiPolygon","arcs":[[[209,-193,210,211]],[[212,213]]],"id":"CA.ON.3514","properties":{"hc-group":"admin2","hc-middle-x":0.6,"hc-middle-y":0.78,"hc-key":"ca-on-3514","hc-a2":"NO","name":"Northumberland","type":"CTY"}},{"type":"MultiPolygon","arcs":[[[214,215]],[[216,217]],[[218,219]]],"id":"CA.ON.3513","properties":{"hc-group":"admin2","hc-middle-x":0.69,"hc-middle-y":0.93,"hc-key":"ca-on-3513","hc-a2":"PE","name":"Prince Edward","type":"CDR"}},{"type":"MultiPolygon","arcs":[[[220,-214,221,-219,222]],[[223,217]],[[-212,224,225,226,227,-64,228]]],"id":"CA.ON.3512","properties":{"hc-group":"admin2","hc-middle-x":0.69,"hc-middle-y":0.75,"hc-key":"ca-on-3512","hc-a2":"HA","name":"Hastings","type":"CTY"}},{"type":"Polygon","arcs":[[-227,229,-72,230,231,232,233,234]],"id":"CA.ON.3548","properties":{"hc-group":"admin2","hc-middle-x":0.25,"hc-middle-y":0.37,"hc-key":"ca-on-3548","hc-a2":"NI","name":"Nipissing","type":"DIS"}},{"type":"Polygon","arcs":[[235,236,-113,237,238,239,240,119,241,-123,242,243,244,245,246,108,247,-118,248,-112,249,250,251,252,-163,253,-232],[254]],"id":"CA.ON.3552","properties":{"hc-group":"admin2","hc-middle-x":0.37,"hc-middle-y":0.3,"hc-key":"ca-on-3552","hc-a2":"SU","name":"Sudbury","type":"DIS"}},{"type":"Polygon","arcs":[[-199,-74,255,256,-191]],"id":"CA.ON.3516","properties":{"hc-group":"admin2","hc-key":"ca-on-3516","hc-a2":"KL","name":"Kawartha Lakes","type":"CDR"}},{"type":"Polygon","arcs":[[-192,-257,257,-225,-211]],"id":"CA.ON.3515","properties":{"hc-group":"admin2","hc-middle-x":0.47,"hc-middle-y":0.48,"hc-key":"ca-on-3515","hc-a2":"PE","name":"Peterborough","type":"CTY"}},{"type":"MultiPolygon","arcs":[[[258,-116]],[[259,-251]],[[-56,-164,-253,260]]],"id":"CA.ON.3557","properties":{"hc-group":"admin2","hc-middle-x":0.24,"hc-middle-y":0.32,"hc-key":"ca-on-3557","hc-a2":"AL","name":"Algoma","type":"DIS"}},{"type":"Polygon","arcs":[[261,262,263,264,265,266]],"id":"CA.ON.3528","properties":{"hc-group":"admin2","hc-middle-x":0.49,"hc-middle-y":0.54,"hc-key":"ca-on-3528","hc-a2":"HN","name":"Haldimand-Norfolk","type":"CDR"}},{"type":"Polygon","arcs":[[-262,267,-205,-209,268,269]],"id":"CA.ON.3532","properties":{"hc-group":"admin2","hc-middle-x":0.38,"hc-middle-y":0.61,"hc-key":"ca-on-3532","hc-a2":"OX","name":"Oxford","type":"CTY"}},{"type":"Polygon","arcs":[[-269,-208,-181,270,271]],"id":"CA.ON.3530","properties":{"hc-group":"admin2","hc-middle-x":0.26,"hc-middle-y":0.35,"hc-key":"ca-on-3530","hc-a2":"WA","name":"Waterloo","type":"RM"}},{"type":"Polygon","arcs":[[-267,272,273,-206,-268]],"id":"CA.ON.3534","properties":{"hc-group":"admin2","hc-middle-x":0.66,"hc-middle-y":0.42,"hc-key":"ca-on-3534","hc-a2":"EL","name":"Elgin","type":"CTY"}},{"type":"Polygon","arcs":[[274,-202,-207,-274,275,276]],"id":"CA.ON.3536","properties":{"hc-group":"admin2","hc-middle-x":0.51,"hc-middle-y":0.49,"hc-key":"ca-on-3536","hc-a2":"CK","name":"Chatham-Kent","type":"CDR"}},{"type":"Polygon","arcs":[[-277,277]],"id":"CA.ON.3537","properties":{"hc-group":"admin2","hc-middle-x":0.48,"hc-middle-y":0.47,"hc-key":"ca-on-3537","hc-a2":"ES","name":"Essex","type":"CTY"}},{"type":"Polygon","arcs":[[-135,278,-67,-61,-228,-235,279]],"id":"CA.ON.3547","properties":{"hc-group":"admin2","hc-middle-x":0.61,"hc-middle-y":0.63,"hc-key":"ca-on-3547","hc-a2":"RE","name":"Renfrew","type":"CTY"}},{"type":"Polygon","arcs":[[-279,-134,-141,-68]],"id":"CA.ON.3509","properties":{"hc-group":"admin2","hc-middle-x":0.58,"hc-middle-y":0.44,"hc-key":"ca-on-3509","hc-a2":"LA","name":"Lanark","type":"CTY"}},{"type":"Polygon","arcs":[[-270,-272,280,-263]],"id":"CA.ON.3529","properties":{"hc-group":"admin2","hc-key":"ca-on-3529","hc-a2":"BR","name":"Brant","type":"CDR"}},{"type":"Polygon","arcs":[[-231,-71,281,-236]],"id":"CA.ON.3549","properties":{"hc-group":"admin2","hc-middle-y":0.47,"hc-key":"ca-on-3549","hc-a2":"PS","name":"Parry Sound","type":"DIS"}},{"type":"Polygon","arcs":[[-226,-258,-256,-73,-230]],"id":"CA.ON.3546","properties":{"hc-group":"admin2","hc-middle-x":0.43,"hc-middle-y":0.53,"hc-key":"ca-on-3546","hc-a2":"HA","name":"Haliburton","type":"CTY"}},{"type":"Polygon","arcs":[[-265,282,283]],"id":"CA.ON.3526","properties":{"hc-group":"admin2","hc-middle-x":0.71,"hc-middle-y":0.51,"hc-key":"ca-on-3526","hc-a2":"NI","name":"Niagara","type":"RM"}},{"type":"MultiPolygon","arcs":[[[284,285,-147]],[[286,-285,-155,287,288,-179,-149]]],"id":"CA.ON.3524","properties":{"hc-group":"admin2","hc-middle-x":0.74,"hc-middle-y":0.77,"hc-key":"ca-on-3524","hc-a2":"HA","name":"Halton","type":"RM"}},{"type":"Polygon","arcs":[[289,-283,-264,-281,-271,-180,-289]],"id":"CA.ON.3525","properties":{"hc-group":"admin2","hc-middle-x":0.72,"hc-middle-y":0.74,"hc-key":"ca-on-3525","hc-a2":"HA","name":"Hamilton","type":"CDR"}},{"type":"Polygon","arcs":[[-196,-200,-151,-178]],"id":"CA.ON.3522","properties":{"hc-group":"admin2","hc-middle-x":0.76,"hc-middle-y":0.21,"hc-key":"ca-on-3522","hc-a2":"DU","name":"Dufferin","type":"CTY"}},{"type":"Polygon","arcs":[[-139,-138,-157,290]],"id":"CA.ON.3501","properties":{"hc-group":"admin2","hc-middle-x":0.76,"hc-middle-y":0.56,"hc-key":"ca-on-3501","hc-a2":"SD","name":"Stormont, Dundas and Glengarry","type":"UC"}},{"type":"Polygon","arcs":[[291,-233,-254,-162]],"id":"CA.ON.3554","properties":{"hc-group":"admin2","hc-middle-x":0.65,"hc-middle-y":0.4,"hc-key":"ca-on-3554","hc-a2":"TI","name":"Timiskaming","type":"DIS"}},{"type":"Polygon","arcs":[[-255]],"id":"CA.ON.3553","properties":{"hc-group":"admin2","hc-key":"ca-on-3553","hc-a2":"GS","name":"Greater Sudbury / Grand Sudbury","type":"CDR"}}],"hc-recommended-transform":{"default":{"crs":"+proj=lcc +lat_1=44.5 +lat_2=53.5 +lat_0=0 +lon_0=-85 +x_0=930000 +y_0=6430000 +ellps=GRS80 +towgs84=0,0,0,0,0,0,0 +units=m +no_defs","scale":0.000420495193739,"jsonres":15.5,"jsonmarginX":-999,"jsonmarginY":9851,"xoffset":197449.197149,"yoffset":13367024.9194}},"hc-recommended-mapview":{"projection":{"name":"LambertConformalConic","parallels":[44.5,53.5],"rotation":[85]}}}},"arcs":[[[290,4810],[19,-28],[-24,-32],[-40,26],[45,34]],[[251,4819],[-43,-23],[-13,59],[47,25],[58,-19],[-49,-42]],[[2012,4756],[0,-367],[0,-166]],[[2012,4223],[-55,-28],[-82,-65],[-87,-23],[-65,-3],[4,43],[-73,4],[-2,56],[-71,6],[-69,38],[-23,63],[-100,-3],[-21,-26],[18,-46],[-49,-17],[-51,100],[-14,51],[-72,-7],[-27,18],[40,25],[-3,27],[-45,-2],[-106,62],[-110,-6],[-13,14],[-125,-34],[0,-30],[-87,-20],[-71,-1],[-19,73],[-197,18],[-9,29],[-131,6],[-50,26],[-28,56],[57,85],[37,0],[84,82],[10,40],[37,-27]],[[444,4807],[0,-65],[192,1],[0,72],[430,-1],[-1,-58]],[[1065,4756],[278,1],[669,-1]],[[218,4934],[1,3]],[[219,4937],[0,-3],[-1,0]],[[219,4987],[7,1]],[[226,4988],[13,-29],[-21,26]],[[218,4985],[1,2]],[[506,4816],[1,0]],[[506,4816],[0,0]],[[509,4821],[-9,1],[10,0]],[[510,4822],[-1,-1]],[[509,4825],[-6,6],[7,5]],[[510,4836],[-1,-11]],[[510,4838],[-14,-5],[13,7]],[[509,4840],[1,-2]],[[510,4844],[-1,1],[1,1]],[[510,4846],[0,-2]],[[510,4850],[-2,1],[3,1]],[[511,4852],[-1,-2]],[[511,4865],[-59,-5],[8,17]],[[460,4877],[30,0]],[[490,4877],[3,-2],[8,2]],[[501,4877],[9,0],[1,-12]],[[406,4932],[-3,-1],[-3,1]],[[400,4932],[6,0]],[[389,4932],[-3,-4],[-6,4]],[[380,4932],[9,0]],[[204,4934],[-3,-1],[1,1]],[[202,4934],[2,0]],[[236,4987],[-2,-3],[-5,3]],[[229,4987],[7,0]],[[271,4988],[-9,-12],[-19,12]],[[243,4988],[28,0]],[[277,4987],[-1,-3],[-4,4]],[[272,4988],[5,-1]],[[285,4977],[-8,6],[1,5]],[[278,4988],[7,0],[0,-11]],[[457,4880],[-28,-4],[-22,56]],[[407,4932],[49,-7],[1,-45]],[[287,4933],[93,-1]],[[380,4932],[-47,-35],[-64,18],[18,18]],[[285,4941],[-37,24],[36,11]],[[284,4976],[1,-35]],[[218,4934],[0,0]],[[218,4934],[0,-5],[-3,5]],[[215,4934],[3,0]],[[3556,4583],[4,49],[20,6],[52,-62],[-76,7]],[[4135,6428],[-1,-1036]],[[4134,5392],[276,-1]],[[4410,5391],[309,1]],[[4719,5392],[0,-174]],[[4719,5218],[-1,-1018],[3,-160]],[[4721,4040],[-27,-18],[-121,-1],[-81,19],[-42,30],[-92,110],[-50,124],[-42,142],[-63,110],[-37,33],[-82,-49],[19,56],[-42,16],[-78,-39],[-66,45],[-33,-27],[-77,-11],[-90,53],[-63,-7],[0,35],[-48,-14],[-12,27],[-76,8],[-85,38],[-11,33],[-98,-38],[5,-80],[64,-36],[-1,-33],[3,45],[51,36],[110,-16],[-24,-59],[-82,5],[-40,-43],[-21,-33],[2,47],[-68,-88],[-50,45],[5,-38],[-32,-43],[-17,25],[-23,-65],[-38,-36],[-18,46],[75,90],[49,40],[19,56],[-20,43],[-66,16],[-34,-70],[8,-64],[-40,-16],[-9,-74],[-58,-111],[-86,-24],[34,37],[42,142],[-73,-38],[-106,-27],[-35,-37],[10,-61],[-53,-98],[-16,-62],[-113,-57],[-81,10],[-72,-23],[-45,27],[-15,38],[-58,18],[-97,-12],[-114,20],[-81,-22],[-42,98],[-61,-10]],[[2012,4756],[1,1297],[16,42],[136,68],[23,-24],[53,20],[42,-35],[66,42],[90,16],[20,-13],[118,52],[106,26],[51,58],[87,63],[49,-4],[51,67],[41,-14],[-7,-32],[71,34],[16,31],[124,-1],[33,-30],[69,-20],[93,-8],[67,19],[100,-50],[11,-41],[128,-75],[105,26],[115,45],[47,47],[59,-20],[59,23],[-8,24],[91,39]],[[4506,3933],[86,-25],[-45,-28],[-125,5],[48,49],[36,-1]],[[8895,1526],[-25,-53],[-28,-7],[-26,25],[79,35]],[[8463,2163],[157,62],[37,-92]],[[8657,2133],[35,-91],[-76,-28],[26,-105],[24,8],[42,-110],[51,18],[144,-280]],[[8903,1545],[-71,-24],[-133,-91],[21,57],[59,14],[-23,17],[-65,-50],[13,63]],[[8704,1531],[-47,134],[39,14],[-72,98],[-39,111],[-13,-5],[-109,280]],[[8941,1499],[102,58],[43,-21],[-44,-16],[-48,-54],[-53,33]],[[9091,1605],[-159,-67],[-29,7]],[[8657,2133],[80,32],[-5,23],[80,27],[22,-53]],[[8834,2162],[114,-284],[3,2]],[[8951,1880],[119,-146],[11,-3],[10,-126]],[[7410,1935],[-70,61],[-38,76],[-46,57]],[[7256,2129],[214,81],[-31,80],[358,133]],[[7797,2423],[1,1],[31,-80]],[[7829,2344],[-54,-20],[63,-160],[-77,-26],[32,-81]],[[7793,2057],[-88,-23],[27,-74],[-70,-31]],[[7662,1929],[-89,-12],[-7,46],[-57,4],[-63,29],[-36,-61]],[[132,4969],[39,9],[18,48],[20,-54],[-77,-3]],[[2012,4756],[-947,0]],[[444,4807],[18,-8],[44,17]],[[507,4816],[21,-7],[-19,16]],[[510,4836],[36,8],[-35,21]],[[501,4877],[36,42],[16,73],[-32,0],[-102,78],[-72,71],[34,64],[-74,19],[-36,-43],[-111,36],[-35,-43],[41,2],[-41,-62],[-42,7],[-3,47],[-80,-22],[1,2166],[423,359],[308,249],[221,227],[246,244],[316,302],[169,169],[234,218],[294,268],[281,245],[470,399],[54,7],[22,-39],[81,-67],[83,-35],[59,-49],[192,-78],[8,-29],[106,-118],[46,-94],[75,-54],[129,-54],[147,-14],[104,-48],[151,-52],[53,-39],[172,-34],[120,-57],[121,-109],[132,-50],[8,-48],[63,13],[92,-30],[134,1],[98,27],[112,-16],[90,27],[123,-55],[-20,38],[112,-40],[142,-7],[81,18],[41,-51],[86,-6],[20,21],[71,-51],[118,-33],[6,-105],[30,-64],[-44,-95],[-15,-100],[-49,-120],[2,-85],[91,-114],[49,-137],[-42,-155],[49,-210],[-63,-60],[-20,-82],[18,-91],[66,-30],[74,-72],[39,-75],[54,-37],[106,-120],[11,-68],[-21,-21]],[[6530,6946],[-148,-53],[-104,-67],[-117,-19],[-51,-61],[-77,-40],[-99,-2],[-70,-34],[-100,-88],[-59,-108],[-66,-69],[-47,-1],[-43,-42],[-55,-8],[-63,-53],[-132,-52],[-120,-26],[-54,-69],[-150,52],[-56,56],[-63,27],[-5,51],[-52,30],[-33,49],[-42,12],[-83,89],[-190,-25],[-50,19],[-21,40],[-109,42],[-68,-48],[8,-52],[-76,-68]],[[303,5276],[-26,45],[12,41],[-28,-56],[42,-30]],[[215,4934],[1,2],[3,1]],[[219,4987],[0,0]],[[219,4987],[14,78],[29,-19],[85,39],[73,-37],[-4,-50],[39,16],[68,-106],[-33,-31]],[[460,4877],[-1,1],[-2,2]],[[407,4932],[-1,1],[0,-1]],[[400,4932],[-3,4],[-8,-4]],[[287,4933],[2,3],[-4,5]],[[284,4976],[1,0],[0,1]],[[278,4988],[-1,0],[0,-1]],[[272,4988],[3,3],[-4,-3]],[[243,4988],[-1,2],[-6,-3]],[[229,4987],[0,18],[-3,-17]],[[509,4821],[1,0],[-1,0]],[[509,4821],[0,0]],[[510,4822],[1,0],[-2,-1]],[[509,4840],[1,-1],[0,-1]],[[510,4846],[1,-2],[-1,0]],[[511,4852],[1,0],[-2,-2]],[[202,4934],[-2,10],[4,-10]],[[221,5107],[-80,-58],[-45,-13],[21,-24],[-51,-27],[-66,25],[20,28],[131,60],[-13,27],[126,49],[-43,-67]],[[6029,2710],[8,-40],[-71,12],[23,27],[40,1]],[[5672,2729],[43,-26],[-1,-28],[-46,-39],[-65,29],[39,62],[30,2]],[[6405,2375],[4,28],[57,20],[-18,-40],[-43,-8]],[[6455,2802],[-7,1],[7,-1]],[[6455,2802],[0,0]],[[6431,2803],[-1,0],[0,1]],[[6430,2804],[1,-1]],[[6399,2803],[-3,-1],[3,1]],[[6399,2803],[0,1]],[[6532,2735],[-1,-1]],[[6532,2735],[0,0]],[[6289,2797],[4,-3],[-4,2]],[[6289,2796],[0,1]],[[6407,2803],[-3,-1],[2,2]],[[6406,2804],[1,-1]],[[6528,2775],[-30,25],[41,-8]],[[6539,2792],[1,0]],[[6540,2792],[-5,-6]],[[6535,2786],[-13,-4],[6,-7]],[[6454,2798],[17,-1],[9,1]],[[6480,2798],[-38,-51],[5,-3],[-10,-3],[-2,-3],[-1,2],[-67,-13],[-22,42],[54,9],[28,-21],[-7,20],[34,21]],[[6532,2772],[-1,-1],[1,1]],[[6532,2772],[0,0]],[[6449,2807],[1,1]],[[6450,2808],[1,0]],[[6451,2808],[-2,-1]],[[6453,2809],[-2,-1]],[[6453,2809],[0,0]],[[6429,2597],[50,77],[5,-47],[-22,-33],[61,-2],[-32,-65],[-96,-115],[-68,33],[114,72],[-47,7],[-41,-49],[-68,-37],[-117,87],[-80,16],[-26,30],[-158,20],[-44,35],[-125,27],[18,56],[46,-31],[14,30],[28,-24],[96,42],[-20,-47],[43,-56],[77,11],[22,-44],[23,36],[-48,29],[49,45],[101,28],[26,-30],[37,-77],[15,57],[68,49],[36,-4],[-2,-65],[45,-12],[-13,-45],[22,-50],[11,46]],[[9398,2124],[-25,-14],[-83,-68]],[[9290,2042],[-58,79],[-199,221]],[[9033,2342],[28,25],[0,11]],[[9061,2378],[46,36],[103,-26],[44,-52],[47,-16],[57,55],[162,51]],[[9520,2426],[46,-115],[-87,-35],[36,-88]],[[9515,2188],[-70,-37],[-47,-27]],[[9398,2124],[36,-57],[77,-132]],[[9511,1935],[-225,-213],[-66,-92],[-22,12],[-107,-37]],[[8951,1880],[60,49],[53,-60],[55,85],[62,46],[78,-20],[31,62]],[[7706,1260],[-78,-82],[-85,-23],[-42,-38]],[[7501,1117],[-10,32],[-36,82]],[[7455,1231],[142,43],[83,27]],[[7680,1301],[9,-28],[17,-13]],[[7354,1161],[6,0],[-6,0]],[[7354,1161],[-3,2],[-39,41]],[[7312,1204],[0,2],[0,-1]],[[7312,1205],[-3,3],[-13,13]],[[7296,1221],[-44,45],[-37,39]],[[7215,1305],[27,40],[63,20]],[[7305,1365],[68,21],[16,5]],[[7389,1391],[30,-74],[36,-86]],[[7501,1117],[-26,-30],[-13,-36]],[[7462,1051],[-88,69],[-20,41]],[[9520,2426],[47,33],[100,6],[45,32],[102,-10],[44,7],[50,-30],[73,-18],[-27,-116]],[[9954,2330],[-27,9],[-42,69],[-80,-47],[7,-11],[-136,-72],[11,-26],[-172,-64]],[[4719,5392],[-211,1],[-98,-2]],[[4410,5391],[-46,0],[-230,1]],[[4134,5392],[1,185],[0,851]],[[6530,6946],[40,-25],[27,-74],[30,-29],[97,-41],[82,-19],[37,-62],[125,-93],[37,-47],[44,-132],[27,-42],[-2,-52],[53,-36],[100,-19],[60,-31],[49,-51],[43,-7],[53,84],[-27,31],[32,9],[50,82],[27,-3],[-1,-302],[1,-1829]],[[7514,4258],[-365,1],[-759,0]],[[6390,4259],[-1,115],[-377,1]],[[6012,4375],[1,495],[-481,-1],[-1,174],[-405,0],[1,174],[-408,1]],[[6806,1389],[-1,0]],[[6806,1389],[0,0]],[[6429,888],[5,37],[2,17]],[[6436,942],[24,53],[2,89],[-10,144],[1,131],[-10,75]],[[6443,1434],[174,-98]],[[6617,1336],[81,30]],[[6698,1366],[13,4],[94,19]],[[6806,1389],[9,-61]],[[6815,1328],[8,-49]],[[6823,1279],[-63,-11],[26,-28],[-56,-101],[-17,11],[-49,-82],[-31,19],[-45,-74],[75,-46],[-36,-62]],[[6627,905],[-49,5],[-149,-22]],[[6805,1389],[0,0]],[[6806,1389],[74,12],[4,-25],[187,39]],[[7071,1415],[19,-114],[71,-62],[54,66]],[[7296,1221],[-91,-116],[60,-61]],[[7265,1044],[-21,-35],[-61,-14]],[[7183,995],[-31,-7],[-54,118],[-85,84],[-24,-67],[-70,39]],[[6919,1162],[-57,34],[54,98],[-93,-15]],[[6815,1328],[-10,61]],[[6805,1389],[-107,-23]],[[6698,1366],[-74,-16],[-7,-14]],[[6443,1434],[50,81],[23,74],[46,83],[45,20],[8,34],[51,73],[-2,138],[-42,68],[4,53],[-29,-8],[-44,69],[-29,77],[-73,18],[20,25],[107,-18],[78,11],[-16,-71],[26,-15],[2,-64],[31,-41],[44,0],[-18,-35],[45,-8],[22,49],[27,-8],[-33,-43],[-2,-38],[-42,-62]],[[6742,1896],[-2,-134],[66,-373]],[[8033,1339],[-184,-29],[-143,-50]],[[7680,1301],[-75,246],[82,27],[-42,132]],[[7645,1706],[38,7],[40,30]],[[7723,1743],[77,-242],[9,33],[29,-23],[34,40],[38,-114],[84,27]],[[7994,1464],[1,-2],[2,-8]],[[7997,1454],[12,-42],[24,-73]],[[7389,1391],[67,21],[39,36],[20,68],[2,165],[128,25]],[[7140,1754],[19,-110],[12,-77]],[[7171,1567],[-85,-25],[16,-118],[-31,-9]],[[6742,1896],[64,44],[40,-10],[9,-39],[-27,-86],[33,13],[62,66],[53,-7],[5,-49],[112,-70],[47,-4]],[[7140,1754],[84,-41],[30,15],[32,60],[5,57],[-25,36],[-46,19],[4,41],[81,37],[38,-40],[-13,-32],[65,7],[15,22]],[[7662,1929],[23,-68],[38,-118]],[[7305,1365],[-39,230],[-95,-28]],[[6429,888],[-21,-19],[13,-96],[0,-167],[-22,18],[1,-129]],[[6400,495],[-82,1],[-9,-18],[-221,4],[31,-39],[-8,-56]],[[6111,387],[-40,-2],[-51,34],[49,47],[27,105],[6,109],[34,59],[80,18],[122,115],[98,70]],[[6627,905],[67,-40],[43,19]],[[6737,884],[67,-160],[34,5],[12,-59]],[[6850,670],[-104,-27],[-179,-63],[-54,-33],[-14,-30],[-52,-15],[-47,-35]],[[6400,467],[0,1],[0,27]],[[6919,1162],[-55,-100],[63,-60],[1,-37]],[[6928,965],[-54,-24],[-137,-57]],[[8405,1423],[-104,-40],[-181,-16],[-87,-28]],[[7997,1454],[140,39],[66,75],[54,28],[27,63],[90,31]],[[8374,1690],[41,-125],[-54,-7],[44,-135]],[[8409,1412],[-19,2],[15,9]],[[8405,1423],[3,-10],[1,-1]],[[8429,1410],[2,-2],[-2,2]],[[8429,1410],[0,0]],[[8537,1496],[0,-1],[0,1]],[[8537,1496],[0,0]],[[8438,1422],[6,9],[1,5]],[[8445,1436],[40,34],[89,27],[10,-22],[104,40],[-18,-89],[42,-6],[83,54],[-24,-53],[-69,-56],[50,-14],[-104,-61],[-59,40],[18,39],[-121,-21],[-48,74]],[[8429,1410],[-7,5],[-13,-3]],[[8405,1423],[36,15],[4,-2]],[[8438,1422],[-16,-7],[7,-5]],[[8537,1496],[0,1],[0,-1]],[[8374,1690],[-49,128],[-64,190]],[[8261,2008],[-23,60],[-81,207]],[[8157,2275],[74,25],[84,32]],[[8315,2332],[76,28],[72,-197]],[[8704,1531],[-84,-29],[-66,6],[-86,-41],[-63,-44]],[[8157,2275],[-65,168],[-263,-99]],[[7797,2423],[-61,155],[-37,-8],[-61,162],[12,4],[-64,161],[-27,-10],[-181,-13],[-181,-67]],[[7197,2807],[-63,0],[0,171],[8,1],[-1,175],[-31,0],[1,57],[30,0],[2,231],[8,120]],[[7151,3562],[231,0],[28,-41],[48,39],[1,-116],[106,1]],[[7565,3445],[94,-152],[21,-5],[36,-92],[39,-41],[12,-52],[47,-58],[79,-53],[0,-27],[108,-32],[48,-1]],[[8049,2932],[40,-127],[90,33],[22,-58],[81,31],[14,-34],[94,34],[93,-232],[-164,-62],[32,-80],[-65,-25],[29,-80]],[[7197,2807],[13,-23],[-68,-24],[-140,-11],[13,-86],[-87,-13]],[[6928,2650],[1,27],[-71,20],[-184,5],[-28,19],[-115,13]],[[6532,2735],[-57,6],[57,31]],[[6532,2772],[-4,3]],[[6528,2775],[7,11]],[[6535,2786],[4,6]],[[6540,2792],[-57,20],[-3,-14]],[[6454,2798],[1,4]],[[6455,2802],[0,5],[-6,0]],[[6449,2807],[5,1],[-1,1]],[[6453,2809],[-3,-1]],[[6450,2808],[-1,0],[-2,-1],[-16,-4]],[[6430,2804],[-7,-2],[-16,1]],[[6406,2804],[-7,0]],[[6399,2803],[-65,-6],[-41,6]],[[6293,2803],[1,51],[-123,6]],[[6171,2860],[-1,0]],[[6170,2860],[1,62],[57,-1],[0,61],[60,-1],[-1,173],[60,0],[-3,234],[-302,2],[1,173],[-672,-1],[1,468],[-21,0],[1,345],[660,0]],[[6390,4259],[-1,-115],[377,-1],[-1,-523],[386,-1],[0,-57]],[[6712,3214],[-124,0],[-1,-108],[3,-38],[-62,1],[1,-147],[63,1],[0,-56],[61,3],[-24,70],[27,47],[76,21],[32,-29],[184,-1],[0,176],[63,0],[0,172],[-123,3],[1,58],[-63,0],[-1,-58],[-60,0],[1,-56],[-53,-1],[-1,-58]],[[7793,2057],[55,-154],[80,26]],[[7928,1929],[110,-337],[-76,-25],[32,-103]],[[7928,1929],[248,81],[10,-26],[75,24]],[[6289,2796],[-2,1],[2,0]],[[6293,2803],[-61,11],[-81,33],[20,13]],[[6170,2860],[-74,10],[-27,-21],[-81,-6],[7,22],[-186,-15],[-43,16],[-188,43],[-32,18],[-160,22],[31,-42],[51,-28],[-88,-105],[-18,63],[-55,60],[-18,118],[17,59],[-55,20],[-18,-27],[-76,4],[-27,-32],[-38,5],[-39,45],[105,110],[-19,44],[-47,-50],[-11,35],[21,65],[-6,74],[-32,-36],[-21,44],[-58,13],[-2,44],[35,41],[-1,56],[59,66],[-62,92],[-116,78],[-38,46],[27,39],[-14,27],[56,53],[-21,40],[49,47],[-11,29],[-162,1],[-63,-7]],[[6923,611],[20,21],[95,19],[-17,68]],[[7021,719],[143,31],[78,-39],[47,106]],[[7289,817],[93,-46],[18,-8]],[[7400,763],[117,-57],[34,-60]],[[7551,646],[-21,-23],[-104,13],[-68,-27],[-183,-26],[-112,-112],[28,-20],[167,-25],[-55,-5],[-106,25],[-117,4],[-45,25]],[[6935,475],[2,112],[-14,24]],[[6923,611],[-63,4],[-10,55]],[[6928,965],[1,-28],[110,24],[16,-53]],[[7055,908],[17,-59],[-83,-18],[32,-112]],[[7183,995],[9,-37],[-25,-24]],[[7167,934],[-81,-19],[-31,-7]],[[6935,475],[-90,27],[-163,2],[-50,-15],[-106,-68],[-47,-45]],[[6479,376],[-20,24],[-59,67]],[[6102,274],[17,28],[-8,85]],[[6479,376],[-68,-58],[-61,-82],[-75,-10],[-131,-77],[-47,-44]],[[6097,105],[17,154],[-12,15]],[[6097,105],[-20,-105],[-42,77],[-36,8],[-123,-37],[-88,44],[3,90],[-12,37],[33,52],[59,18],[76,-26],[155,11]],[[9033,2342],[-35,-35],[-164,-145]],[[8049,2932],[44,-27],[88,15],[35,-21],[235,-57],[139,-100],[0,-40],[42,-57],[98,-52],[35,16],[9,59],[55,-18],[6,-92],[31,-9],[-5,-37],[26,-70],[24,-19],[150,-45]],[[7167,934],[18,-64],[104,-53]],[[7256,2129],[21,24],[-35,26],[-32,74],[-16,-36],[-21,43],[27,32],[-81,25],[-28,58],[7,73],[-53,-8],[-74,114],[4,28],[-47,68]],[[7400,763],[21,70],[24,-7],[18,54]],[[7463,880],[45,-20],[100,-9],[87,50],[40,-3],[6,-75],[-17,-44],[24,-11],[3,-52],[42,-22],[2,-42],[-78,-19],[-84,14],[-82,-1]],[[7354,1161],[-33,11]],[[7321,1172],[-9,32]],[[7312,1205],[9,-33]],[[7462,1051],[-45,-70],[-36,-51]],[[7381,930],[-57,6],[24,25],[-83,83]],[[7381,930],[20,-35],[62,-15]],[[9954,2330],[-16,-61],[61,-65],[-53,-33],[-37,-61],[-98,-48],[-46,27],[-77,-28],[-144,-92],[-33,-34]],[[7514,4258],[0,-496],[-31,-80],[74,-110],[-7,-99],[15,-28]]],"bbox":[-95.15351204300426,41.91024297778027,-74.3446725912888,56.857445606774256],"transform":{"scale":[0.0020810920543769835,0.001494869749874386],"translate":[-95.15351204300426,41.91024297778027]},"title":"Ontario","version":"2.0.1","copyright":"Copyright (c) 2022 Highsoft AS, Adapted from Statistics Canada, Boundary files, 2011 Census. This does not constitute an endorsement by Statistics Canada of this product.","copyrightShort":"Statistics Canada, 2011","copyrightUrl":"http://www.statcan.gc.ca"}