{"type":"Topology","objects":{"default":{"type":"GeometryCollection","geometries":[{"type":"Polygon","arcs":[[0,1,2,3,4]],"id":"CA.QC.2487","properties":{"hc-group":"admin2","hc-middle-x":0.25,"hc-middle-y":0.49,"hc-key":"ca-qc-2487","hc-a2":"AO","name":"Abitibi-Ouest","type":"MRC"}},{"type":"MultiPolygon","arcs":[[[5,6,7,8,9,10]],[[11,11,11]]],"id":"CA.QC.2484","properties":{"hc-group":"admin2","hc-middle-x":0.39,"hc-middle-y":0.42,"hc-key":"ca-qc-2484","hc-a2":"PO","name":"Pontiac","type":"MRC"}},{"type":"Polygon","arcs":[[-6,12,13,14,15,16,17]],"id":"CA.QC.2485","properties":{"hc-group":"admin2","hc-middle-x":0.42,"hc-middle-y":0.49,"hc-key":"ca-qc-2485","hc-a2":"TÉ","name":"Témiscamingue","type":"MRC"}},{"type":"Polygon","arcs":[[18,19,20,21,22,23,24,25,26,27,28,29,30]],"id":"CA.QC.2490","properties":{"hc-group":"admin2","hc-middle-x":0.33,"hc-middle-y":0.42,"hc-key":"ca-qc-2490","hc-a2":"LT","name":"La Tuque","type":"TÉ"}},{"type":"Polygon","arcs":[[31,32,33,34,35,36,37,38,39,-31]],"id":"CA.QC.2462","properties":{"hc-group":"admin2","hc-middle-x":0.56,"hc-middle-y":0.64,"hc-key":"ca-qc-2462","hc-a2":"MA","name":"Matawinie","type":"MRC"}},{"type":"Polygon","arcs":[[40,41,42,43,-4]],"id":"CA.QC.2488","properties":{"hc-group":"admin2","hc-middle-x":0.34,"hc-middle-y":0.52,"hc-key":"ca-qc-2488","hc-a2":"AB","name":"Abitibi","type":"MRC"}},{"type":"MultiPolygon","arcs":[[[44]],[[45]],[[46,47,48,49,50,51,52,53,54,55,56,57,58,59,60,61,62,63,64,-22,65,-42,-2]]],"id":"CA.QC.2499","properties":{"hc-group":"admin2","hc-middle-x":0.43,"hc-middle-y":0.56,"hc-key":"ca-qc-2499","hc-a2":"ND","name":"Nord-du-Québec","type":"CDR"}},{"type":"Polygon","arcs":[[66]],"id":"CA.QC.2420","properties":{"hc-group":"admin2","hc-middle-x":0.54,"hc-middle-y":0.56,"hc-key":"ca-qc-2420","hc-a2":"LD","name":"L'Île-d'Orléans","type":"MRC"}},{"type":"MultiPolygon","arcs":[[[67,68,69,70]],[[71,72]]],"id":"CA.QC.2412","properties":{"hc-group":"admin2","hc-middle-x":0.47,"hc-middle-y":0.11,"hc-key":"ca-qc-2412","hc-a2":"RD","name":"Rivière-du-Loup","type":"MRC"}},{"type":"Polygon","arcs":[[73,74,75,76]],"id":"CA.QC.2415","properties":{"hc-group":"admin2","hc-middle-x":0.66,"hc-middle-y":0.53,"hc-key":"ca-qc-2415","hc-a2":"CE","name":"Charlevoix-Est","type":"MRC"}},{"type":"Polygon","arcs":[[-74,77,78,79,80]],"id":"CA.QC.2416","properties":{"hc-group":"admin2","hc-middle-x":0.97,"hc-middle-y":0.59,"hc-key":"ca-qc-2416","hc-a2":"CH","name":"Charlevoix","type":"MRC"}},{"type":"Polygon","arcs":[[-21,81,-7,-18,82,15,83,-43,-66]],"id":"CA.QC.2489","properties":{"hc-group":"admin2","hc-middle-x":0.49,"hc-middle-y":0.51,"hc-key":"ca-qc-2489","hc-a2":"LV","name":"La Vallée-de-l'Or","type":"MRC"}},{"type":"Polygon","arcs":[[84,85,86,87,88,89,90]],"id":"CA.QC.2445","properties":{"hc-group":"admin2","hc-middle-x":0.47,"hc-middle-y":0.88,"hc-key":"ca-qc-2445","hc-a2":"ME","name":"Memphrémagog","type":"MRC"}},{"type":"Polygon","arcs":[[-85,91,92,93,94]],"id":"CA.QC.2446","properties":{"hc-group":"admin2","hc-middle-y":0.49,"hc-key":"ca-qc-2446","hc-a2":"BM","name":"Brome-Missisquoi","type":"MRC"}},{"type":"Polygon","arcs":[[95,96,97,-25,98,-79]],"id":"CA.QC.2421","properties":{"hc-group":"admin2","hc-middle-x":0.93,"hc-middle-y":0.73,"hc-key":"ca-qc-2421","hc-a2":"LC","name":"La Côte-de-Beaupré","type":"MRC"}},{"type":"Polygon","arcs":[[99,100,101,-97]],"id":"CA.QC.2423","properties":{"hc-group":"admin2","hc-middle-x":0.52,"hc-middle-y":0.57,"hc-key":"ca-qc-2423","hc-a2":"QU","name":"Québec","type":"TÉ"}},{"type":"Polygon","arcs":[[102,103,104,105]],"id":"CA.QC.2425","properties":{"hc-group":"admin2","hc-middle-x":0.54,"hc-middle-y":0.47,"hc-key":"ca-qc-2425","hc-a2":"LÉ","name":"Lévis","type":"TÉ"}},{"type":"Polygon","arcs":[[-76,106,107,108]],"id":"CA.QC.2495","properties":{"hc-group":"admin2","hc-middle-x":0.34,"hc-key":"ca-qc-2495","hc-a2":"LH","name":"La Haute-Côte-Nord","type":"MRC"}},{"type":"MultiPolygon","arcs":[[[109,110]],[[111,112,113,114,115,116,117,118,119]]],"id":"CA.QC.2458","properties":{"hc-group":"admin2","hc-middle-x":0.46,"hc-middle-y":0.53,"hc-key":"ca-qc-2458","hc-a2":"LO","name":"Longueuil","type":"TÉ"}},{"type":"Polygon","arcs":[[-117,120,121,122]],"id":"CA.QC.2459","properties":{"hc-group":"admin2","hc-middle-x":0.49,"hc-middle-y":0.46,"hc-key":"ca-qc-2459","hc-a2":"LA","name":"Lajemmerais","type":"MRC"}},{"type":"MultiPolygon","arcs":[[[-119,123,124,125,126]],[[127,-111]],[[128,129]]],"id":"CA.QC.2467","properties":{"hc-group":"admin2","hc-middle-x":0.52,"hc-middle-y":0.41,"hc-key":"ca-qc-2467","hc-a2":"RO","name":"Roussillon","type":"MRC"}},{"type":"Polygon","arcs":[[130,131,132,133,134,135]],"id":"CA.QC.2454","properties":{"hc-group":"admin2","hc-middle-x":0.84,"hc-middle-y":0.37,"hc-key":"ca-qc-2454","hc-a2":"LM","name":"Les Maskoutains","type":"MRC"}},{"type":"Polygon","arcs":[[-136,136,-94,137,138]],"id":"CA.QC.2455","properties":{"hc-group":"admin2","hc-middle-x":0.45,"hc-middle-y":0.48,"hc-key":"ca-qc-2455","hc-a2":"RO","name":"Rouville","type":"MRC"}},{"type":"Polygon","arcs":[[-139,139,-118,-123,140,-131]],"id":"CA.QC.2457","properties":{"hc-group":"admin2","hc-middle-x":0.63,"hc-middle-y":0.53,"hc-key":"ca-qc-2457","hc-a2":"LV","name":"La Vallée-du-Richelieu","type":"MRC"}},{"type":"Polygon","arcs":[[141,-5,-44,-84,-16,-15]],"id":"CA.QC.2486","properties":{"hc-group":"admin2","hc-middle-x":0.53,"hc-middle-y":0.47,"hc-key":"ca-qc-2486","hc-a2":"RN","name":"Rouyn-Noranda","type":"TÉ"}},{"type":"Polygon","arcs":[[142,143,-124,-140,-138,-93]],"id":"CA.QC.2456","properties":{"hc-group":"admin2","hc-middle-x":0.2,"hc-middle-y":0.96,"hc-key":"ca-qc-2456","hc-a2":"LH","name":"Le Haut-Richelieu","type":"MRC"}},{"type":"Polygon","arcs":[[144,145,-33,146,147,148]],"id":"CA.QC.2451","properties":{"hc-group":"admin2","hc-middle-x":0.78,"hc-middle-y":0.37,"hc-key":"ca-qc-2451","hc-a2":"MA","name":"Maskinongé","type":"MRC"}},{"type":"MultiPolygon","arcs":[[[149,150,151]],[[152,153]],[[154,155]],[[156,157]],[[158,159]],[[160,161,162,163,164]],[[165,165,165]],[[166,167]]],"id":"CA.QC.2450","properties":{"hc-group":"admin2","hc-middle-x":0.52,"hc-middle-y":0.49,"hc-key":"ca-qc-2450","hc-a2":"NY","name":"Nicolet-Yamaska","type":"MRC"}},{"type":"MultiPolygon","arcs":[[[168,-150,169,-156,170,-168,171,-165,172,-132,-141,-122,173,174,175]],[[176,-154]],[[177,-152]],[[178,-160]]],"id":"CA.QC.2453","properties":{"hc-group":"admin2","hc-middle-x":0.43,"hc-key":"ca-qc-2453","hc-a2":"PD","name":"Pierre-De Saurel","type":"MRC"}},{"type":"MultiPolygon","arcs":[[[-9,179,180,181,182,183,184,185,186,187]],[[188,188,188]]],"id":"CA.QC.2482","properties":{"hc-group":"admin2","hc-middle-y":0.51,"hc-key":"ca-qc-2482","hc-a2":"LC","name":"Les Collines-de-l'Outaouais","type":"MRC"}},{"type":"Polygon","arcs":[[189,190,191,192,193,194,195,196,-184,197,198],[-181,180,199]],"id":"CA.QC.2480","properties":{"hc-group":"admin2","hc-middle-x":0.62,"hc-middle-y":0.79,"hc-key":"ca-qc-2480","hc-a2":"PA","name":"Papineau","type":"MRC"}},{"type":"Polygon","arcs":[[-180,-8,-82,-20,200,-190]],"id":"CA.QC.2483","properties":{"hc-group":"admin2","hc-middle-x":0.42,"hc-middle-y":0.6,"hc-key":"ca-qc-2483","hc-a2":"LV","name":"La Vallée-de-la-Gatineau","type":"MRC"}},{"type":"MultiPolygon","arcs":[[[201,202,203,204,205,206,207]],[[208,208,208]]],"id":"CA.QC.2405","properties":{"hc-group":"admin2","hc-middle-x":0.62,"hc-middle-y":0.78,"hc-key":"ca-qc-2405","hc-a2":"BO","name":"Bonaventure","type":"MRC"}},{"type":"Polygon","arcs":[[-208,209,210,211,212,213]],"id":"CA.QC.2404","properties":{"hc-group":"admin2","hc-middle-x":0.51,"hc-middle-y":0.28,"hc-key":"ca-qc-2404","hc-a2":"LH","name":"La Haute-Gaspésie","type":"MRC"}},{"type":"MultiPolygon","arcs":[[[-202,214,215,-204,216]],[[208,208,208]],[[208,208,208]]],"id":"CA.QC.2402","properties":{"hc-group":"admin2","hc-middle-x":0.66,"hc-middle-y":0.47,"hc-key":"ca-qc-2402","hc-a2":"LR","name":"Le Rocher-Percé","type":"MRC"}},{"type":"Polygon","arcs":[[217,-213,218,-215]],"id":"CA.QC.2403","properties":{"hc-group":"admin2","hc-middle-x":0.69,"hc-middle-y":0.46,"hc-key":"ca-qc-2403","hc-a2":"LC","name":"La Côte-de-Gaspé","type":"MRC"}},{"type":"Polygon","arcs":[[219,220,221,222,223,224]],"id":"CA.QC.2409","properties":{"hc-group":"admin2","hc-middle-x":0.32,"hc-middle-y":0.12,"hc-key":"ca-qc-2409","hc-a2":"LM","name":"La Mitis","type":"MRC"}},{"type":"Polygon","arcs":[[-221,225,-211,226]],"id":"CA.QC.2408","properties":{"hc-group":"admin2","hc-middle-x":0.46,"hc-middle-y":0.17,"hc-key":"ca-qc-2408","hc-a2":"MA","name":"Matane","type":"MRC"}},{"type":"Polygon","arcs":[[-223,227,-206,228]],"id":"CA.QC.2406","properties":{"hc-group":"admin2","hc-middle-x":0.1,"hc-middle-y":0.83,"hc-key":"ca-qc-2406","hc-a2":"AV","name":"Avignon","type":"MRC"}},{"type":"Polygon","arcs":[[229,230,231,232,233,234,235,236,237,238]],"id":"CA.QC.2464","properties":{"hc-group":"admin2","hc-middle-y":0.43,"hc-key":"ca-qc-2464","hc-a2":"LM","name":"Les Moulins","type":"MRC"}},{"type":"Polygon","arcs":[[239,240,241,242,243,-239,244,245,246]],"id":"CA.QC.2465","properties":{"hc-group":"admin2","hc-middle-x":0.49,"hc-middle-y":0.38,"hc-key":"ca-qc-2465","hc-a2":"LA","name":"Laval","type":"TÉ"}},{"type":"Polygon","arcs":[[-113,247,-243,248,249,250,251,252]],"id":"CA.QC.2466","properties":{"hc-group":"admin2","hc-middle-x":0.58,"hc-middle-y":0.69,"hc-key":"ca-qc-2466","hc-a2":"MO","name":"Montréal","type":"TÉ"}},{"type":"Polygon","arcs":[[-234,253,254,255,256]],"id":"CA.QC.2460","properties":{"hc-group":"admin2","hc-middle-x":0.41,"hc-key":"ca-qc-2460","hc-a2":"L'","name":"L'Assomption","type":"MRC"}},{"type":"Polygon","arcs":[[-256,257,-34,-146,258,259,260]],"id":"CA.QC.2452","properties":{"hc-group":"admin2","hc-middle-x":0.54,"hc-middle-y":0.49,"hc-key":"ca-qc-2452","hc-a2":"D'","name":"D'Autray","type":"MRC"}},{"type":"Polygon","arcs":[[261,-106,262,263,264,265,266]],"id":"CA.QC.2433","properties":{"hc-group":"admin2","hc-middle-x":0.35,"hc-middle-y":0.27,"hc-key":"ca-qc-2433","hc-a2":"LO","name":"Lotbinière","type":"MRC"}},{"type":"Polygon","arcs":[[-255,267,-35,-258]],"id":"CA.QC.2461","properties":{"hc-group":"admin2","hc-middle-x":0.37,"hc-middle-y":0.49,"hc-key":"ca-qc-2461","hc-a2":"JO","name":"Joliette","type":"MRC"}},{"type":"Polygon","arcs":[[-254,-233,268,-36,-268]],"id":"CA.QC.2463","properties":{"hc-group":"admin2","hc-middle-x":0.53,"hc-middle-y":0.44,"hc-key":"ca-qc-2463","hc-a2":"MO","name":"Montcalm","type":"MRC"}},{"type":"Polygon","arcs":[[269,270,271,-125,-144]],"id":"CA.QC.2468","properties":{"hc-group":"admin2","hc-middle-y":0.49,"hc-key":"ca-qc-2468","hc-a2":"LJ","name":"Les Jardins-de-Napierville","type":"MRC"}},{"type":"Polygon","arcs":[[-271,272,273]],"id":"CA.QC.2469","properties":{"hc-group":"admin2","hc-middle-x":0.26,"hc-middle-y":0.43,"hc-key":"ca-qc-2469","hc-a2":"LH","name":"Le Haut-Saint-Laurent","type":"MRC"}},{"type":"Polygon","arcs":[[274,275,276,277]],"id":"CA.QC.2430","properties":{"hc-group":"admin2","hc-middle-x":0.64,"hc-middle-y":0.6,"hc-key":"ca-qc-2430","hc-a2":"LG","name":"Le Granit","type":"MRC"}},{"type":"Polygon","arcs":[[-278,278,279,280,281,-265,282,283]],"id":"CA.QC.2431","properties":{"hc-group":"admin2","hc-middle-x":0.83,"hc-middle-y":0.67,"hc-key":"ca-qc-2431","hc-a2":"LA","name":"Les Appalaches","type":"MRC"}},{"type":"Polygon","arcs":[[284,285,-266,-282]],"id":"CA.QC.2432","properties":{"hc-group":"admin2","hc-middle-x":0.82,"hc-middle-y":0.59,"hc-key":"ca-qc-2432","hc-a2":"L'","name":"L'Érable","type":"MRC"}},{"type":"Polygon","arcs":[[286,287,288,-275,-284]],"id":"CA.QC.2429","properties":{"hc-group":"admin2","hc-middle-x":0.93,"hc-middle-y":0.64,"hc-key":"ca-qc-2429","hc-a2":"BS","name":"Beauce-Sartigan","type":"MRC"}},{"type":"Polygon","arcs":[[-210,-207,-228,-222,-227]],"id":"CA.QC.2407","properties":{"hc-group":"admin2","hc-middle-x":0.28,"hc-middle-y":0.52,"hc-key":"ca-qc-2407","hc-a2":"LM","name":"La Matapédia","type":"MRC"}},{"type":"Polygon","arcs":[[-56,289,290,291,292,293,294,-64,295,296,-61,297,298,299,300]],"id":"CA.QC.2492","properties":{"hc-group":"admin2","hc-middle-x":0.51,"hc-middle-y":0.63,"hc-key":"ca-qc-2492","hc-a2":"MC","name":"Maria-Chapdelaine","type":"MRC"}},{"type":"Polygon","arcs":[[301,-293,302,-23,-65,-295]],"id":"CA.QC.2491","properties":{"hc-group":"admin2","hc-middle-x":0.47,"hc-middle-y":0.7,"hc-key":"ca-qc-2491","hc-a2":"LD","name":"Le Domaine-du-Roy","type":"MRC"}},{"type":"Polygon","arcs":[[-26,-98,-102,303]],"id":"CA.QC.2422","properties":{"hc-group":"admin2","hc-middle-x":0.56,"hc-middle-y":0.66,"hc-key":"ca-qc-2422","hc-a2":"LJ","name":"La Jacques-Cartier","type":"MRC"}},{"type":"Polygon","arcs":[[-19,-40,304,-191,-201]],"id":"CA.QC.2479","properties":{"hc-group":"admin2","hc-key":"ca-qc-2479","hc-a2":"AL","name":"Antoine-Labelle","type":"MRC"}},{"type":"Polygon","arcs":[[-303,305,-291,306,307,-80,-99,-24],[308,309]],"id":"CA.QC.2493","properties":{"hc-group":"admin2","hc-middle-x":0.86,"hc-middle-y":0.18,"hc-key":"ca-qc-2493","hc-a2":"LS","name":"Lac-Saint-Jean-Est","type":"MRC"}},{"type":"Polygon","arcs":[[-305,-39,310,311,-192]],"id":"CA.QC.2478","properties":{"hc-group":"admin2","hc-middle-x":0.47,"hc-middle-y":0.53,"hc-key":"ca-qc-2478","hc-a2":"LL","name":"Les Laurentides","type":"MRC"}},{"type":"Polygon","arcs":[[312,313,314,-107,-75,-81,315,-307,-290,-55,316]],"id":"CA.QC.2494","properties":{"hc-group":"admin2","hc-middle-x":0.57,"hc-middle-y":0.41,"hc-key":"ca-qc-2494","hc-a2":"LS","name":"Le Saguenay-et-son-Fjord","type":"CDR"}},{"type":"MultiPolygon","arcs":[[[-317,-54,317,318,319,320,321,322]],[[323,324,325,326]],[[327,327,327]],[[328,-48]]],"id":"CA.QC.2497","properties":{"hc-group":"admin2","hc-middle-x":0.4,"hc-middle-y":0.54,"hc-key":"ca-qc-2497","hc-a2":"SR","name":"Sept-Rivières--Caniapiscau","type":"CDR"}},{"type":"Polygon","arcs":[[-105,329,330,-263]],"id":"CA.QC.2426","properties":{"hc-group":"admin2","hc-middle-x":0.18,"hc-middle-y":0.26,"hc-key":"ca-qc-2426","hc-a2":"LN","name":"La Nouvelle-Beauce","type":"MRC"}},{"type":"Polygon","arcs":[[-323,331,-321,332,-108,-315,333,-313]],"id":"CA.QC.2496","properties":{"hc-group":"admin2","hc-middle-x":0.43,"hc-middle-y":0.44,"hc-key":"ca-qc-2496","hc-a2":"MA","name":"Manicouagan","type":"MRC"}},{"type":"Polygon","arcs":[[-283,-264,-331,334,335,-287]],"id":"CA.QC.2427","properties":{"hc-group":"admin2","hc-middle-x":0.43,"hc-middle-y":0.31,"hc-key":"ca-qc-2427","hc-a2":"RC","name":"Robert-Cliche","type":"MRC"}},{"type":"Polygon","arcs":[[-330,-104,336,337,338,-335]],"id":"CA.QC.2419","properties":{"hc-group":"admin2","hc-middle-x":0.48,"hc-middle-y":0.43,"hc-key":"ca-qc-2419","hc-a2":"BE","name":"Bellechasse","type":"MRC"}},{"type":"Polygon","arcs":[[339,340,341,-69]],"id":"CA.QC.2411","properties":{"hc-group":"admin2","hc-middle-x":0.74,"hc-middle-y":0.31,"hc-key":"ca-qc-2411","hc-a2":"LB","name":"Les Basques","type":"MRC"}},{"type":"Polygon","arcs":[[342,-225,343,344,-341]],"id":"CA.QC.2410","properties":{"hc-group":"admin2","hc-middle-x":0.56,"hc-middle-y":0.54,"hc-key":"ca-qc-2410","hc-a2":"RN","name":"Rimouski-Neigette","type":"MRC"}},{"type":"Polygon","arcs":[[-345,345,346,-70,-342]],"id":"CA.QC.2413","properties":{"hc-group":"admin2","hc-middle-x":0.73,"hc-middle-y":0.79,"hc-key":"ca-qc-2413","hc-a2":"TÉ","name":"Témiscouata","type":"MRC"}},{"type":"MultiPolygon","arcs":[[[347,348,349,-71,-347]],[[350,-73]]],"id":"CA.QC.2414","properties":{"hc-group":"admin2","hc-middle-x":0.63,"hc-middle-y":0.8,"hc-key":"ca-qc-2414","hc-a2":"KA","name":"Kamouraska","type":"MRC"}},{"type":"Polygon","arcs":[[351,352,353,-349]],"id":"CA.QC.2417","properties":{"hc-group":"admin2","hc-middle-x":0.92,"hc-middle-y":0.47,"hc-key":"ca-qc-2417","hc-a2":"L'","name":"L'Islet","type":"MRC"}},{"type":"MultiPolygon","arcs":[[[-38,354,355,-311]],[[356,356,356]],[[356,356,356]]],"id":"CA.QC.2477","properties":{"hc-group":"admin2","hc-middle-x":0.46,"hc-middle-y":0.52,"hc-key":"ca-qc-2477","hc-a2":"LP","name":"Les Pays-d'en-Haut","type":"MRC"}},{"type":"MultiPolygon","arcs":[[[357,358,359,-193,-312,-356,360,361,362]],[[356,356,356]]],"id":"CA.QC.2476","properties":{"hc-group":"admin2","hc-middle-x":0.82,"hc-middle-y":0.63,"hc-key":"ca-qc-2476","hc-a2":"AR","name":"Argenteuil","type":"MRC"}},{"type":"Polygon","arcs":[[-355,-37,-269,-232,363,364,-361]],"id":"CA.QC.2475","properties":{"hc-group":"admin2","hc-middle-x":0.35,"hc-middle-y":0.58,"hc-key":"ca-qc-2475","hc-a2":"LR","name":"La Rivière-du-Nord","type":"MRC"}},{"type":"Polygon","arcs":[[-362,-365,365,366]],"id":"CA.QC.2474","properties":{"hc-group":"admin2","hc-middle-x":0.53,"hc-middle-y":0.54,"hc-key":"ca-qc-2474","hc-a2":"MI","name":"Mirabel","type":"TÉ"}},{"type":"Polygon","arcs":[[367,368,-366,-364,-231]],"id":"CA.QC.2473","properties":{"hc-group":"admin2","hc-middle-x":0.43,"hc-middle-y":0.48,"hc-key":"ca-qc-2473","hc-a2":"TD","name":"Thérèse-De Blainville","type":"MRC"}},{"type":"Polygon","arcs":[[-367,-369,369,-363]],"id":"CA.QC.2472","properties":{"hc-group":"admin2","hc-middle-x":0.52,"hc-middle-y":0.56,"hc-key":"ca-qc-2472","hc-a2":"DM","name":"Deux-Montagnes","type":"MRC"}},{"type":"Polygon","arcs":[[-359,370,371,372],[373,374],[375,376]],"id":"CA.QC.2471","properties":{"hc-group":"admin2","hc-middle-x":0.41,"hc-middle-y":0.67,"hc-key":"ca-qc-2471","hc-a2":"VS","name":"Vaudreuil-Soulanges","type":"MRC"}},{"type":"MultiPolygon","arcs":[[[376,376,376]],[[374,377,378,-126,-272,-274,379,380]]],"id":"CA.QC.2470","properties":{"hc-group":"admin2","hc-key":"ca-qc-2470","hc-a2":"BS","name":"Beauharnois-Salaberry","type":"MRC"}},{"type":"Polygon","arcs":[[381,-187,-195]],"id":"CA.QC.2481","properties":{"hc-group":"admin2","hc-middle-x":0.1,"hc-middle-y":0.69,"hc-key":"ca-qc-2481","hc-a2":"GA","name":"Gatineau","type":"TÉ"}},{"type":"Polygon","arcs":[[382,-288,-336,-339,383]],"id":"CA.QC.2428","properties":{"hc-group":"admin2","hc-middle-x":0.64,"hc-middle-y":0.83,"hc-key":"ca-qc-2428","hc-a2":"LE","name":"Les Etchemins","type":"MRC"}},{"type":"Polygon","arcs":[[-281,384,385,386,-163,387,388,389,-285]],"id":"CA.QC.2439","properties":{"hc-group":"admin2","hc-middle-x":0.68,"hc-middle-y":0.48,"hc-key":"ca-qc-2439","hc-a2":"AR","name":"Arthabaska","type":"MRC"}},{"type":"Polygon","arcs":[[-89,390,391,392]],"id":"CA.QC.2443","properties":{"hc-group":"admin2","hc-key":"ca-qc-2443","hc-a2":"SH","name":"Sherbrooke","type":"TÉ"}},{"type":"Polygon","arcs":[[-162,393,-267,-286,-390,394,395]],"id":"CA.QC.2438","properties":{"hc-group":"admin2","hc-middle-x":0.81,"hc-middle-y":0.36,"hc-key":"ca-qc-2438","hc-a2":"BÉ","name":"Bécancour","type":"MRC"}},{"type":"Polygon","arcs":[[396,397,398,399,400,-391,401,-87,402]],"id":"CA.QC.2442","properties":{"hc-group":"admin2","hc-middle-x":0.25,"hc-middle-y":0.52,"hc-key":"ca-qc-2442","hc-a2":"LV","name":"Le Val-Saint-François","type":"MRC"}},{"type":"Polygon","arcs":[[403,-147,-32,-30,404,405,406,407,408]],"id":"CA.QC.2435","properties":{"hc-group":"admin2","hc-middle-x":0.6,"hc-middle-y":0.6,"hc-key":"ca-qc-2435","hc-a2":"MÉ","name":"Mékinac","type":"MRC"}},{"type":"Polygon","arcs":[[409,-407,410,411,-149,412,408]],"id":"CA.QC.2437","properties":{"hc-group":"admin2","hc-middle-x":0.71,"hc-middle-y":0.28,"hc-key":"ca-qc-2437","hc-a2":"FR","name":"Francheville","type":"CDR"}},{"type":"Polygon","arcs":[[-411,-406,413,-29,414,-27,-304,-101,415]],"id":"CA.QC.2434","properties":{"hc-group":"admin2","hc-middle-x":0.47,"hc-middle-y":0.29,"hc-key":"ca-qc-2434","hc-a2":"PO","name":"Portneuf","type":"MRC"}},{"type":"Polygon","arcs":[[-385,-280,416,-400,417]],"id":"CA.QC.2440","properties":{"hc-group":"admin2","hc-middle-y":0.37,"hc-key":"ca-qc-2440","hc-a2":"LS","name":"Les Sources","type":"MRC"}},{"type":"Polygon","arcs":[[-413,-148,-404,-409]],"id":"CA.QC.2436","properties":{"hc-group":"admin2","hc-middle-x":0.25,"hc-middle-y":0.19,"hc-key":"ca-qc-2436","hc-a2":"SH","name":"Shawinigan","type":"TÉ"}},{"type":"Polygon","arcs":[[-279,-277,418,419,-392,-401,-417]],"id":"CA.QC.2441","properties":{"hc-group":"admin2","hc-middle-x":0.83,"hc-middle-y":0.8,"hc-key":"ca-qc-2441","hc-a2":"LH","name":"Le Haut-Saint-François","type":"MRC"}},{"type":"Polygon","arcs":[[-95,-137,-135,420,-403,-86]],"id":"CA.QC.2447","properties":{"hc-group":"admin2","hc-middle-x":0.51,"hc-middle-y":0.54,"hc-key":"ca-qc-2447","hc-a2":"LH","name":"La Haute-Yamaska","type":"MRC"}},{"type":"Polygon","arcs":[[-393,-420,421,-90]],"id":"CA.QC.2444","properties":{"hc-group":"admin2","hc-middle-x":0.83,"hc-middle-y":0.99,"hc-key":"ca-qc-2444","hc-a2":"CO","name":"Coaticook","type":"MRC"}},{"type":"Polygon","arcs":[[-398,422,-421,-134,423]],"id":"CA.QC.2448","properties":{"hc-group":"admin2","hc-middle-x":0.42,"hc-middle-y":0.45,"hc-key":"ca-qc-2448","hc-a2":"AC","name":"Acton","type":"MRC"}},{"type":"Polygon","arcs":[[-399,-424,-133,-173,-164,-387,424,-418]],"id":"CA.QC.2449","properties":{"hc-group":"admin2","hc-middle-x":0.26,"hc-middle-y":0.16,"hc-key":"ca-qc-2449","hc-a2":"DR","name":"Drummond","type":"MRC"}},{"type":"Polygon","arcs":[[425,-384,-338,426,-353]],"id":"CA.QC.2418","properties":{"hc-group":"admin2","hc-middle-x":0.77,"hc-middle-y":0.72,"hc-key":"ca-qc-2418","hc-a2":"MO","name":"Montmagny","type":"MRC"}},{"type":"MultiPolygon","arcs":[[[427,428]],[[429]],[[430]]],"id":"CA.QC.2401","properties":{"hc-group":"admin2","hc-middle-x":0.31,"hc-middle-y":0.49,"hc-key":"ca-qc-2401","hc-a2":"LÎ","name":"Les Îles-de-la-Madeleine","type":"TÉ"}},{"type":"MultiPolygon","arcs":[[[-319,431]],[[432]]],"id":"CA.QC.2498","properties":{"hc-group":"admin2","hc-middle-x":0.33,"hc-middle-y":0.43,"hc-key":"ca-qc-2498","hc-a2":"ML","name":"Minganie--Le Golfe-du-Saint-Laurent","type":"CDR"}}],"hc-recommended-transform":{"default":{"crs":"+proj=lcc +lat_1=60 +lat_2=46 +lat_0=44 +lon_0=-68.5 +x_0=0 +y_0=0 +ellps=clrk66 +units=m +no_defs","scale":0.000354780232367,"jsonres":15.5,"jsonmarginX":-999,"jsonmarginY":9851,"xoffset":-830743.511689,"yoffset":2091086.99921}},"hc-recommended-mapview":{"projection":{"name":"LambertConformalConic","parallels":[60,46],"rotation":[68.5]}}}},"arcs":[[[94,1955],[0,300],[0,29]],[[94,2284],[203,0],[183,-5]],[[480,2279],[0,-100],[1,-143]],[[481,2036],[-2,0]],[[479,2036],[-192,-7],[-1,-74],[-192,0]],[[879,805],[-20,112],[-31,20],[17,37],[-30,103],[19,23],[-6,175],[-33,20]],[[795,1295],[221,11],[0,-82],[189,0]],[[1205,1224],[2,-83],[90,0],[0,-204],[59,15],[23,-95],[47,-88],[-39,-17],[31,-35],[90,6],[0,-136],[73,-1],[1,-124]],[[1582,462],[-77,-2],[13,-191]],[[1518,269],[-161,54],[-48,98],[-5,79],[-51,16],[-7,-51],[-32,-14],[-92,45],[-37,82],[-128,86],[-126,27]],[[831,691],[2,22],[46,92]],[[831,691],[0,0]],[[879,805],[-50,-74],[2,-40]],[[831,691],[-124,38],[-80,-12],[-184,51],[1,22],[-73,46],[-43,49],[-81,157],[-19,5],[-101,152],[8,85],[-69,93],[28,67],[0,214]],[[94,1658],[58,0],[0,-32],[105,-1],[-1,17],[220,0],[0,-101],[190,-1]],[[666,1540],[1,1]],[[667,1541],[354,0]],[[1021,1541],[-29,-93],[-58,-74],[-64,9],[-26,-51],[-49,-37]],[[2140,1574],[-223,1],[-57,1]],[[1860,1576],[0,11],[1,36]],[[1861,1623],[-1,62],[-1,593]],[[1859,2278],[448,0],[29,-40]],[[2336,2238],[317,-261],[315,-268],[394,0]],[[3362,1709],[9,-12],[13,-16]],[[3384,1681],[57,-71],[23,-29]],[[3464,1581],[-152,-135],[33,-41],[1,-43]],[[3346,1362],[-38,-67],[-80,17],[12,30]],[[3240,1342],[-20,19],[-45,-43]],[[3175,1318],[4,-72]],[[3179,1246],[-76,-69],[-81,72],[-55,-27],[-95,14],[-222,188],[-81,-15],[-17,-46]],[[2552,1363],[-246,212],[-166,-1]],[[2552,1363],[-19,-27],[-13,-94],[50,-44],[25,24],[93,-116],[-6,-43],[107,13]],[[2789,1076],[-19,-101],[13,-62],[32,11],[35,-48],[-22,-20]],[[2828,856],[-54,50],[-48,-38],[74,-97],[-33,-44],[50,-47],[-23,-39]],[[2794,641],[-66,49],[-23,-83]],[[2705,607],[-78,-46],[-38,28],[-45,-28]],[[2544,561],[-5,4],[-7,7]],[[2532,572],[19,39],[-52,29]],[[2499,640],[19,19],[-66,56],[-37,-30],[-65,57],[35,32],[-63,57]],[[2322,831],[59,53],[-75,75],[36,123],[-64,58],[72,61],[-32,67],[-76,6],[46,54],[57,101],[-51,2],[-51,62],[-103,81]],[[481,2036],[-1,243]],[[480,2279],[95,-1],[606,0]],[[1181,2278],[-37,-78],[25,-78],[-24,-85],[-90,0],[0,-41],[-96,0],[0,-122],[-227,-1],[-65,-16],[-34,48]],[[633,1905],[-108,-59],[2,108],[-48,1],[0,81]],[[4682,8019],[-42,-84],[-52,-2],[34,73],[-31,30],[40,21],[51,-38]],[[5400,7577],[-26,-16],[-45,5],[34,50],[37,-39]],[[94,2284],[1,1393],[-9,53],[99,62],[39,-11],[-11,-61],[64,-2],[55,-42],[14,-72],[83,88],[-123,157],[89,43],[-4,60],[56,16],[80,128],[16,140],[-35,49],[-81,15],[36,20],[-21,55],[-63,30],[75,23],[-89,76],[57,29],[-95,29],[38,139],[-70,151],[79,16],[-55,36],[-38,153],[63,6],[-66,75],[24,77],[-118,3],[14,28],[-89,48],[-2,108],[-24,70],[-83,10],[77,50],[95,20],[254,85],[201,78],[80,58],[154,70],[70,64],[223,161],[-4,25],[180,176],[42,123],[34,36],[6,303],[-8,136],[-56,190],[-43,51],[-48,112],[-101,149],[-108,75],[-70,79],[-303,101],[24,25],[-62,34],[-35,58],[-111,3],[56,40],[-60,73],[22,58],[93,-5],[37,55],[72,50],[-3,70],[152,51],[-21,34],[57,12],[-82,68],[62,13],[-23,100],[116,-11],[38,55],[65,3],[-45,89],[63,25],[-48,36],[-86,-7],[-21,37],[59,14],[-3,41],[-73,94],[-55,12],[81,100],[-36,-12],[-68,67],[53,17],[86,80],[-157,-39],[-90,31],[-65,-22],[12,46],[90,75],[73,37],[2,53],[51,22],[-46,157],[111,9],[-67,23],[46,42],[-54,0],[-131,78],[-70,237],[12,85],[30,36],[163,59],[94,67],[197,-32],[110,-2],[105,-40],[209,-43],[100,-32],[161,-28],[72,25],[192,-36],[122,-76],[-31,78],[125,-8],[68,42],[134,31],[53,53],[83,6],[50,-55],[72,-1],[84,-34],[60,-75],[84,-41],[52,20],[63,-19],[13,-92],[164,-44],[42,-44],[-45,-7],[122,-43],[137,-31],[47,-43],[-73,-15],[-12,-49],[-69,-17],[90,-19],[2,-47],[-47,-17],[148,-38],[40,-37],[181,-24],[181,-59],[49,43],[136,-10],[26,-129],[77,1],[24,28],[74,-11],[-16,43],[34,73],[48,-6],[58,-87],[-18,-74],[-127,-49],[31,-63],[-82,-42],[67,-90],[-48,-26],[81,-48],[-10,-65],[-101,-53],[56,-30],[20,-50],[55,-7],[-40,-99],[58,-9],[-109,-106],[55,-72],[-56,-27],[142,28],[33,-32],[49,16],[0,-64],[-81,4],[-47,-48],[83,-74],[-92,-118],[24,-22],[50,59],[108,18],[58,-17],[111,26],[70,-11],[113,-67],[2,-104],[120,-56],[42,13],[126,-54],[-17,-93],[154,5],[23,27],[122,36],[40,64],[48,-39],[51,46],[51,-19],[6,83],[71,51],[-2,68],[34,12],[121,-78],[9,80],[110,-30],[24,37],[-96,22],[102,52],[18,46],[61,-18],[-58,62],[4,68],[41,-23],[48,31],[-57,63],[55,0],[2,43],[51,-2],[-38,112],[0,66],[142,71],[9,74],[55,66],[63,28],[-40,29],[100,61],[86,-32],[-140,-23],[-3,-23],[114,-35],[5,-29],[-134,-29],[25,-54],[94,-23],[-88,-59],[34,-62],[-63,-31],[22,-62],[71,-60],[108,53],[49,-16],[-83,-51],[10,-184],[101,-49],[-88,-18],[-17,22],[-124,31],[-38,-34],[20,-56],[39,19],[98,-36],[99,6],[66,-86],[41,37],[148,43],[70,-29],[20,-53],[-196,-33],[-43,10],[-26,-79],[31,-23],[57,29],[44,-48],[-80,-25],[-15,-42],[-67,-5],[-19,-66],[-91,-34],[-4,-66],[72,-5],[67,-142],[41,-27],[53,19],[9,-49],[57,5],[28,-38],[-37,-91],[33,-71],[-69,-19],[4,-74],[46,20],[-34,-94],[-30,6],[-14,-103],[-40,-71],[-60,-45],[120,-143],[-53,-23],[-70,19],[29,-105],[77,4],[22,-29],[-76,-33],[8,-50],[71,40],[8,-52],[47,14],[75,-37],[-127,-50],[80,-151],[-10,-82],[-44,-23],[55,-25],[153,-6],[-2,-26],[-110,-15],[-46,-42],[57,-23],[65,18],[-92,-94],[23,-52]],[[7148,5689],[-1093,-1],[-101,1]],[[5954,5689],[-158,158],[-89,43],[31,-79],[-8,-122]],[[5730,5689],[-103,0],[-24,0]],[[5603,5689],[-40,0],[-5,0]],[[5558,5689],[-1,0],[-27,-1]],[[5530,5688],[-46,51],[-62,-15],[18,-35]],[[5440,5689],[-1139,0],[0,-1184],[-11,-125]],[[4290,4380],[-66,-59],[-52,-139],[-119,-19],[-109,-47],[-22,21]],[[3922,4137],[-126,-57],[-56,-74],[-58,-112],[-76,-16],[-19,-89],[10,-93]],[[3597,3696],[-69,-82]],[[3528,3614],[-126,-100]],[[3402,3514],[-18,-14],[-24,-40],[-41,-30],[-35,-53]],[[3284,3377],[-46,-70],[-15,-15]],[[3223,3292],[-57,-24],[4,85],[-31,-67]],[[3139,3286],[-49,9]],[[3090,3295],[-60,10]],[[3030,3305],[-79,-87],[-37,57],[-37,-27],[-74,-126],[-95,-79],[-36,-76],[-38,3],[-20,-108]],[[2614,2862],[-83,-125],[-77,-74],[-36,-94],[-40,-6],[-35,-100],[84,-24],[-39,-196],[-52,-5]],[[1859,2278],[-385,0],[-293,0]],[[3884,1139],[64,16],[-41,-59],[-51,-35],[-59,-4],[87,82]],[[4451,1555],[101,153],[72,49]],[[4624,1757],[27,-53],[41,-4],[-32,-55],[32,-16],[54,56],[36,-36]],[[4782,1649],[22,-56],[-53,32],[-56,-53],[-40,-10],[-60,-54]],[[4595,1508],[-46,42],[-98,5]],[[4435,1568],[4,1],[-2,-2]],[[4437,1567],[-2,1]],[[4207,1430],[-26,44],[-87,15],[18,42],[-45,18],[1,161]],[[4068,1710],[118,0],[38,71],[95,-39],[39,71]],[[4358,1813],[12,-16],[59,-14]],[[4429,1783],[-43,-125],[-43,-79],[-99,-68],[-37,-81]],[[4207,1430],[-129,-49],[-51,-111]],[[4027,1270],[-41,19],[-306,393]],[[3680,1682],[12,12],[-13,15]],[[3679,1709],[181,1],[208,0]],[[1861,1623],[-91,0],[-30,-100],[-27,75],[-66,-43],[-73,3],[-104,-45],[-8,-80],[-67,50],[-1,-178],[-188,0],[-1,-81]],[[1021,1541],[-355,-1]],[[667,1541],[0,166],[-37,0],[3,198]],[[3203,10],[2,85],[33,-1],[2,85],[-27,1]],[[3213,180],[-2,18],[1,20]],[[3212,218],[95,1],[4,41]],[[3311,260],[42,-38],[17,2]],[[3370,224],[0,-48],[69,3],[38,25]],[[3477,204],[-25,-28],[2,-81],[-81,1],[1,-72],[25,-16]],[[3399,8],[-121,-1],[-75,3]],[[3203,10],[-269,3],[-8,33]],[[2926,46],[21,111],[30,40]],[[2977,197],[50,-42],[3,11]],[[3030,166],[49,33],[134,-19]],[[4027,1270],[-43,-67],[-108,-58],[-80,-69]],[[3796,1076],[-9,6],[-13,24]],[[3774,1106],[47,64],[-38,21],[-126,145],[-193,245]],[[3384,1681],[92,0],[204,1]],[[3796,1076],[-66,-77],[-102,-19]],[[3628,980],[-37,34],[23,5]],[[3614,1019],[2,38],[64,41],[79,27],[15,-19]],[[3637,964],[110,36],[42,46],[40,0]],[[3829,1046],[33,-30],[-62,-40],[-8,-32]],[[3792,944],[-33,0],[-47,-46]],[[3712,898],[-41,37],[-34,29]],[[4358,1813],[-10,26],[-82,16],[31,59],[-8,933]],[[4289,2847],[228,-1],[-10,-25],[63,-110],[58,-5],[-4,-49],[56,-53],[-2,-278],[122,-2],[72,-54],[-24,-25],[58,-6]],[[4906,2239],[-139,-66],[-57,-54],[-30,-88],[-41,2],[-39,-89],[-70,-78],[-101,-83]],[[2754,251],[1,1],[0,-2]],[[2755,250],[-1,1]],[[2753,251],[0,16],[-8,19]],[[2745,286],[0,1],[1,0]],[[2746,287],[4,-10],[-8,29]],[[2742,306],[0,2],[2,4]],[[2744,312],[34,66]],[[2778,378],[38,-38],[29,-21]],[[2845,319],[-18,-42],[-23,-37]],[[2804,240],[-23,2],[-24,8]],[[2757,250],[-5,20],[1,-19]],[[2778,378],[-7,22],[102,96],[22,66]],[[2895,562],[-4,-50],[3,-17]],[[2894,495],[-38,-40],[-11,-136]],[[2804,240],[-3,-37],[-8,-12]],[[2793,191],[-44,-28],[-55,20],[-27,-48]],[[2667,135],[-25,23],[-35,34]],[[2607,192],[31,40],[103,0],[16,18]],[[2755,250],[-2,-2],[1,3]],[[2753,251],[-16,-14],[16,14]],[[2753,251],[0,0]],[[2942,275],[-28,56],[35,99],[-29,39]],[[2920,469],[41,51],[78,-16]],[[3039,504],[1,-9],[66,-59]],[[3106,436],[-13,-91],[52,3],[-2,-38]],[[3143,310],[-79,1],[-8,-38]],[[3056,273],[-48,-11],[-66,13]],[[3056,273],[-4,-25],[-22,-82]],[[2977,197],[-41,10],[-73,17]],[[2863,224],[-12,45],[21,40],[52,-46],[18,12]],[[2863,224],[-33,-1],[-26,17]],[[2894,495],[19,-19],[7,-7]],[[94,1658],[0,110],[0,187]],[[2926,46],[-37,-34],[-96,-2]],[[2793,10],[24,69],[-5,103],[-19,9]],[[3091,736],[-51,-12],[-83,-62]],[[2957,662],[-78,69],[21,59],[-72,66]],[[2789,1076],[64,2],[63,-32]],[[2916,1046],[-21,-46],[79,-58],[3,54],[37,-12],[19,-57],[45,-44],[3,-48]],[[3081,835],[30,-54],[-20,-45]],[[2992,624],[-1,0]],[[2991,624],[2,3],[-1,-4]],[[2992,623],[0,1]],[[2994,623],[1,0],[-1,-1]],[[2994,622],[0,1]],[[2996,622],[2,-1],[-1,-1]],[[2997,620],[-1,1],[0,1]],[[2987,629],[1,1],[-1,-1]],[[2987,629],[0,0]],[[2988,628],[3,-1],[-2,0]],[[2989,627],[-1,1]],[[3006,611],[2,28],[115,45],[28,47]],[[3151,731],[50,-48],[35,38],[84,-37]],[[3320,684],[31,-48],[-69,-44]],[[3282,592],[-22,14],[-133,-30],[-64,5]],[[3063,581],[-27,17],[-30,13]],[[2997,619],[0,0]],[[2997,619],[2,1],[-1,-2]],[[2998,618],[-1,1]],[[2987,629],[-3,-4],[7,-1]],[[2992,624],[-6,-8],[10,6]],[[2997,620],[0,-1]],[[2998,618],[1,-1],[7,-6]],[[3063,581],[21,-40],[-45,-37]],[[2895,562],[13,26]],[[2908,588],[6,12],[4,1]],[[2918,601],[69,28]],[[2994,622],[-3,-2],[3,3]],[[2992,623],[0,-1],[0,2]],[[2989,627],[-1,0],[0,1]],[[1582,462],[0,-31],[190,20],[-7,22]],[[1765,473],[1,0]],[[1766,473],[1,1]],[[1767,474],[77,7],[21,4]],[[1865,485],[9,-78]],[[1874,407],[55,-20]],[[1929,387],[1,0],[4,-43]],[[1934,344],[-37,-29],[-125,1],[-15,-40],[-68,2],[6,-45]],[[1695,233],[-41,44],[-93,23],[-43,-31]],[[1765,473],[0,0]],[[1765,473],[0,51],[-19,29]],[[1746,553],[165,4],[0,71],[101,3],[45,65]],[[2057,696],[-6,-64],[66,1],[36,-25],[25,-67],[41,-8]],[[2219,533],[-28,-100],[-15,-66]],[[2176,367],[-60,3],[-40,-27],[-93,-5],[-44,-29]],[[1939,309],[-2,16],[-3,19]],[[1934,344],[-5,43]],[[1929,387],[-2,22],[-53,-2]],[[1865,485],[-98,-11]],[[1767,474],[-2,-1]],[[1766,473],[0,0]],[[1860,1576],[-1,-31],[96,-94],[-67,-98],[-7,-51],[-68,-58],[-9,58],[-83,16],[-52,-51],[-61,-17],[-17,-154],[70,-22],[42,-39],[56,15],[2,-228],[18,-73],[-35,-14],[2,-182]],[[6289,2096],[17,-14]],[[6306,2082],[224,-185]],[[6530,1897],[-80,-48],[47,-79]],[[6497,1770],[-128,-57],[-56,-1],[-37,36],[-125,32],[-41,41]],[[6110,1821],[-55,39],[-86,-13],[3,77],[-27,61]],[[5945,1985],[42,13],[104,34]],[[6091,2032],[129,42],[69,22]],[[6289,2096],[0,0]],[[6091,2032],[-18,18],[-52,43]],[[6021,2093],[-190,161],[-74,-31],[-12,65],[-44,-18],[-34,28]],[[5667,2298],[72,30],[119,24],[105,38],[123,18],[68,-3],[110,20],[161,-16]],[[6425,2409],[2,-74],[-53,-2],[0,-55],[-96,-1]],[[6278,2277],[11,-98],[0,-83]],[[6289,2096],[198,1],[0,8],[352,1]],[[6839,2106],[34,-30],[-63,-19],[53,-49],[-52,-62],[-66,-7],[-118,-37],[-16,-75],[-72,-17],[-42,-40]],[[6530,1897],[-79,65],[-145,120]],[[6289,2096],[-13,82],[2,99]],[[6425,2409],[118,-14],[135,-51],[100,-61],[68,-62],[-1,-54],[-94,33],[88,-94]],[[4996,2010],[116,64],[96,30]],[[5208,2104],[17,-12],[18,-7]],[[5243,2085],[-50,-65],[128,-126],[33,-66],[-22,-52]],[[5332,1776],[35,-39],[-5,-27]],[[5362,1710],[-155,0]],[[5207,1710],[1,59],[-137,107],[33,32],[-108,102]],[[5208,2104],[51,33],[203,84],[93,24],[112,53]],[[6021,2093],[-81,-27],[-112,96],[-6,-31],[-131,-45],[6,-25],[-128,-43],[-130,90],[-50,-48],[-99,56],[-47,-31]],[[5332,1776],[128,45],[44,-93],[191,69],[-57,85],[307,103]],[[6110,1821],[-82,-58],[-74,7],[-233,-64],[-60,-5],[-24,-52],[-38,24],[-65,-34],[-62,10],[-10,-27],[-98,45],[-2,43]],[[2652,389],[-7,-3]],[[2645,386],[7,47],[-42,36]],[[2610,469],[1,0],[8,2]],[[2619,471],[59,-19],[41,20]],[[2719,472],[23,-16],[17,-46]],[[2759,410],[-17,-7],[-38,-5]],[[2704,398],[-3,0]],[[2701,398],[-24,1]],[[2677,399],[-6,1],[-15,-9]],[[2656,391],[-2,0],[-2,-2]],[[2704,398],[37,3],[-41,-40]],[[2700,361],[-15,-16]],[[2685,345],[-49,-49]],[[2636,296],[-1,0]],[[2635,296],[-50,20],[67,73]],[[2656,391],[21,8]],[[2677,399],[8,-6],[16,5]],[[2701,398],[1,0],[2,0]],[[2745,286],[-3,16],[-5,-26],[-29,-32],[-76,11],[-78,-22],[5,49],[42,16],[34,-2]],[[2636,296],[6,-1],[43,50]],[[2685,345],[10,12],[5,4]],[[2700,361],[65,43],[-21,-92]],[[2744,312],[-2,-6]],[[2742,306],[0,-4],[4,-15]],[[2719,472],[51,47],[3,22]],[[2773,541],[14,-8],[15,-14]],[[2802,519],[21,-19],[14,-13]],[[2837,487],[-21,-14],[-57,-63]],[[2802,519],[70,85],[-79,9],[1,28]],[[2957,662],[-34,-54],[-5,-7]],[[2918,601],[-10,-13]],[[2908,588],[-71,-101]],[[3400,890],[84,64],[31,-23],[122,33]],[[3712,898],[61,-26],[-16,-25],[57,-70]],[[3814,777],[-20,-10],[19,-18]],[[3813,749],[-66,-5],[-30,28],[-41,-34]],[[3676,738],[-43,27],[14,33],[-61,32],[-63,-51],[-54,50]],[[3469,829],[-50,46],[-19,15]],[[2773,541],[-23,39],[-45,27]],[[2619,471],[-43,37],[-32,53]],[[2793,10],[-107,-4],[-18,1]],[[2668,7],[5,51],[-32,43]],[[2641,101],[38,21],[-12,13]],[[2668,7],[-202,-7],[-215,4],[69,22],[32,50],[100,40]],[[2452,116],[26,-29],[77,10],[50,32],[36,-28]],[[3812,542],[91,-33],[3,-61],[115,-1],[59,28],[38,-18]],[[4118,457],[13,-35],[-115,-73],[-35,-53],[45,-61],[-90,-3],[-14,-97],[-68,67],[-53,-57]],[[3801,145],[-1,120],[-43,71],[10,34],[-81,72]],[[3686,442],[23,56],[71,-30],[7,62],[25,12]],[[3686,442],[-12,10],[-8,7]],[[3666,459],[-1,0],[-12,10]],[[3653,469],[5,32],[-102,54],[26,32]],[[3582,587],[51,64],[43,87]],[[3813,749],[56,-68],[3,-42]],[[3872,639],[-8,-52],[-52,-45]],[[3582,587],[-84,65],[-43,-22],[-32,84],[42,44]],[[3465,758],[-37,35],[41,36]],[[3872,639],[48,-30],[84,113]],[[4004,722],[57,-41],[60,-92],[56,15]],[[4177,604],[-15,-51],[24,-42],[-68,-54]],[[3922,4137],[-109,-87],[-15,-51],[-70,-114],[-24,-81],[-39,-40],[-17,-126],[11,-55],[-27,-35],[75,-115],[-5,-52],[26,-58],[-12,-36],[30,-94],[-50,-108],[36,-82],[0,-64],[37,-78],[-30,-75],[44,-38],[-22,-157],[19,-34],[-35,-99],[-12,-124],[-24,-62],[-54,-79]],[[3655,2193],[-20,-43],[-61,-13],[-59,55],[16,45],[-54,20],[-19,-59],[60,-14],[-62,-61]],[[3456,2123],[-83,13],[-2,-8],[0,-3]],[[3371,2125],[-6,-2],[-91,-28]],[[3274,2095],[0,100]],[[3274,2195],[-91,-58],[-47,9],[-21,43],[-77,15],[-90,51],[-36,110],[-99,33],[-14,75],[12,133],[-46,-16],[0,91],[-45,21],[5,98],[-43,-2],[-1,63],[-67,1]],[[3030,3305],[56,8],[4,-18]],[[3090,3295],[3,-14],[46,5]],[[3223,3292],[29,58],[32,27]],[[3284,3377],[63,51],[55,86]],[[3402,3514],[20,31],[50,29],[5,40],[51,0]],[[3528,3614],[37,73],[32,9]],[[3274,2195],[-7,-53],[7,-47]],[[3371,2125],[63,-181],[26,-25],[7,-125],[-39,-54],[-66,-31]],[[3614,1019],[-71,40],[-2,42],[39,33],[-82,71],[82,45],[-82,78],[-89,46],[-63,-12]],[[2322,831],[-73,-60],[21,-19],[-194,-2],[-19,-54]],[[3371,2125],[85,-2]],[[3655,2193],[39,-39],[-49,-152],[-22,11],[-9,-84],[-38,-113]],[[3576,1816],[93,-106],[10,-1]],[[3679,1709],[-1,0],[1,0]],[[3679,1709],[0,0]],[[2499,640],[-20,-53],[-55,-43],[-8,30],[-65,10],[-13,-64],[-27,3]],[[2311,523],[-82,9],[-10,1]],[[4290,3735],[0,-3]],[[4290,3732],[0,-257]],[[4290,3475],[-1,-112],[0,-516]],[[3679,1709],[-103,107]],[[4290,4380],[-1,-300],[1,-345]],[[5440,5689],[92,-118],[62,-50],[-29,-45],[-62,-19],[15,-53],[-98,48],[-3,-36],[-129,-48],[39,-70],[17,-85],[-76,-20],[-2,-64],[97,-53],[-6,-30],[49,-24],[-41,-40],[40,1],[55,-92],[70,-37],[70,4],[51,-35],[17,-46],[-53,-35],[30,-16],[-22,-78],[11,-47],[-37,-5],[-91,58],[-52,-58],[33,-115],[63,-31],[44,31],[3,-57],[52,-9],[24,-47],[13,50],[35,-52],[0,71],[60,-10],[11,99],[61,4],[5,47],[51,-17],[45,-84],[-69,-10],[47,-68],[0,-71],[-35,45],[-22,-31],[27,-37],[15,-95],[-65,-31],[9,-49],[65,-71],[25,19],[-21,69],[24,14],[81,-89],[2,-32],[179,10],[7,-73],[67,70]],[[6290,4046],[-1,-989],[-18,-55]],[[6271,3002],[-134,-11],[-45,21],[-69,-60],[-58,16],[-151,-38],[-67,-53],[-91,-31],[-30,-77],[-72,-48],[0,-56],[-31,-52]],[[5523,2613],[-154,0],[-10,69],[42,51],[-66,55],[-35,-12],[8,55],[47,38],[-76,262],[-18,29],[35,44],[0,118],[44,99],[-62,65],[-17,61],[-42,38],[30,59],[-29,26],[-2,66],[-434,4]],[[4784,3740],[-410,-3],[-77,-2]],[[4297,3735],[-7,0]],[[5730,5689],[72,-106],[-32,-59],[-89,60],[-22,-8],[-129,112]],[[5530,5688],[28,1]],[[5558,5689],[45,0]],[[5603,5689],[127,0]],[[4290,3735],[0,0]],[[7148,5689],[-46,-57],[-58,32],[-26,-41],[16,-38],[-48,-22],[54,-30],[39,-57],[-44,14],[-37,-28],[-93,7],[-39,67],[-127,36],[-33,-46],[-97,11],[13,46],[-53,17],[-21,43],[-75,28],[-38,-20],[-17,-48],[-64,-17],[-45,17],[0,-69],[-105,-11],[-71,84],[2,40],[-87,-3],[-94,45]],[[3792,944],[84,-34],[118,-77],[3,-28]],[[3997,805],[-31,-26],[-57,18],[-95,-20]],[[4297,3735],[487,5]],[[5523,2613],[-2,-74],[-63,-80],[-146,-4],[-183,-22],[-27,-98],[-93,-31],[-89,0],[-14,-65]],[[4290,3475],[-1,239],[1,18]],[[3997,805],[11,9],[18,-17]],[[4026,797],[28,-25],[-50,-50]],[[3829,1046],[35,2],[90,41]],[[3954,1089],[36,-58],[54,17],[114,-101]],[[4158,947],[-54,-46],[-22,19],[-39,-35],[24,-22],[-41,-66]],[[4624,1757],[29,23],[102,84]],[[4755,1864],[90,-74],[48,-43]],[[4893,1747],[-24,-44],[-87,-54]],[[4755,1864],[73,56],[22,-8],[96,51],[50,47]],[[5207,1710],[-76,-1],[0,-46],[-115,-1],[-1,-21]],[[5015,1641],[-54,48],[-68,58]],[[5015,1641],[0,-185],[-82,-72],[-102,-44],[-110,-28],[4,69],[-81,21],[-74,-92]],[[4570,1310],[-87,77],[125,110],[-13,11]],[[4570,1310],[-50,-62],[-54,-69]],[[4466,1179],[-153,128],[-55,28]],[[4258,1335],[33,83],[45,19],[115,118]],[[4437,1567],[-4,-2],[2,3]],[[4466,1179],[-47,-61],[-101,-129]],[[4318,989],[-107,98],[-101,100]],[[4110,1187],[49,46],[56,85],[43,17]],[[2532,572],[-40,-35],[-22,-66]],[[2470,471],[-53,22],[-71,-7],[-7,-54],[-43,6],[15,85]],[[2470,471],[0,0]],[[2410,304],[-19,3],[-10,-8]],[[2381,299],[-5,16],[-12,11]],[[2364,326],[-113,42],[-75,-1]],[[2470,471],[-18,-15],[-11,-61]],[[2441,395],[-6,-35],[-9,-42]],[[2426,318],[-14,-3],[-2,-11]],[[2610,469],[-15,-9],[-24,-20]],[[2571,440],[-14,14],[-74,-51],[-42,-8]],[[2571,440],[-5,-46],[13,-39]],[[2579,355],[-100,-58],[-53,21]],[[2645,386],[-24,-30],[-18,-20]],[[2603,336],[-12,9],[-12,10]],[[2603,336],[-94,-71],[-58,40],[-41,-1]],[[2381,299],[218,-87],[-113,-47]],[[2486,165],[-26,-11]],[[2460,154],[-79,-33],[-56,56],[39,149]],[[2461,159],[2,7],[-3,-7]],[[2460,159],[1,0]],[[2459,159],[0,2],[0,-2]],[[2459,159],[0,0]],[[2461,159],[25,6]],[[2486,165],[83,21],[-32,-43],[14,4],[56,45]],[[2452,116],[78,24],[-70,-2],[0,16]],[[2460,154],[0,5]],[[1939,309],[-147,-42],[-53,-47],[-44,13]],[[4281,837],[-73,-77],[-36,-79],[24,-25],[-19,-52]],[[4158,947],[59,-53],[64,-57]],[[3653,469],[-34,-16],[-100,55],[-41,-49],[-74,31],[-28,-33]],[[3376,457],[-25,20],[-79,78]],[[3272,555],[10,37]],[[3320,684],[15,0],[3,13]],[[3338,697],[0,2],[26,22],[2,0],[48,33]],[[3414,754],[51,4]],[[3370,224],[52,75],[69,-37]],[[3491,262],[6,-25],[1,-52]],[[3498,185],[-8,11],[-13,8]],[[3151,731],[68,56],[87,23],[19,51],[75,29]],[[3414,754],[-76,-57]],[[3338,697],[-18,-13]],[[3216,261],[21,-1],[2,45]],[[3239,305],[39,39]],[[3278,344],[34,28],[-32,24],[38,40],[7,-36],[33,38]],[[3358,438],[68,-27],[65,-64],[51,9]],[[3542,356],[40,-30],[-91,-64]],[[3370,224],[-59,36]],[[3212,218],[3,38],[1,5]],[[3158,928],[-45,14],[-60,74],[-38,9],[39,34],[-98,35],[-40,-48]],[[3179,1246],[42,-22],[31,-25]],[[3252,1199],[-28,-25],[119,-103],[-100,-48],[47,-42]],[[3290,981],[-91,-63]],[[3199,918],[-41,9]],[[3158,927],[0,1]],[[3158,928],[41,-10]],[[3290,981],[37,-33],[44,-43]],[[3371,905],[-50,-22],[-19,-49],[-100,-45],[-40,-43],[-71,-10]],[[3081,835],[78,68],[-15,13],[14,11]],[[3252,1199],[-73,47]],[[3175,1318],[65,24]],[[3628,980],[-75,-28],[-67,14],[-84,-59],[-31,-2]],[[3666,459],[-66,-60],[-58,-43]],[[3358,438],[6,7],[12,12]],[[3801,145],[-68,31],[-55,-34]],[[3678,142],[-103,3],[-2,34],[-75,6]],[[3143,310],[75,-25],[-2,-24]],[[3678,142],[-8,-64],[-33,-65],[-238,-5]],[[3239,305],[-23,-44]],[[3106,436],[56,-4],[116,-88]],[[3272,555],[104,-98]],[[4318,989],[-15,-21],[-22,-131]],[[3954,1089],[129,61],[27,37]],[[8044,1495],[-2,1]],[[8042,1496],[1,0],[1,-1]],[[8044,1495],[55,6],[-29,-33],[-26,27]],[[8042,1496],[-69,-58],[-35,-74],[-69,-28],[13,-53],[-49,-19],[22,96],[178,134],[9,2]],[[6290,4046],[1,-34],[138,-156],[59,-4],[54,-31],[2,37],[95,-14],[68,-102],[58,58],[39,-7],[26,41],[-33,63],[6,81],[46,0],[-26,49],[18,37],[36,-17],[-20,83],[47,77],[-27,109],[15,82],[68,-2],[58,27],[57,-2],[60,40],[-13,-38],[103,-64],[-206,-21],[-80,-31],[-28,-59],[36,-59],[95,-29],[67,-153],[-85,13],[13,-38],[886,0],[2076,0],[0,-331],[-29,-5],[-28,56],[-113,-22],[-64,-33],[-61,7],[-121,-71],[-75,-22],[-31,36],[1,-61],[-47,43],[-47,-10],[-32,-27],[70,25],[4,-28],[25,-17],[-99,20],[-25,-21],[76,-13],[-50,-40],[-80,-18],[-62,-50],[-27,12],[3,-99],[-53,-41],[-8,40],[-50,-56],[-52,-14],[13,-85],[-43,57],[-30,-19],[-54,-83],[-85,-28],[-34,-58],[-43,-30],[-10,33],[-42,-47],[-61,-19],[-2,40],[-39,-33],[-237,-14],[-4,24],[-149,-33],[-53,6],[-201,-61],[-43,73],[-163,8],[-92,33],[-13,-19],[-238,18],[-15,16],[-44,-60],[-109,14],[-15,-18],[-71,30],[-20,-26],[-44,44],[-106,10],[-96,-23],[-115,35],[-55,-19],[-182,-11],[-173,21],[-85,-16]],[[7510,2364],[-146,39],[-99,56],[-121,37],[-31,73],[-86,71],[-75,36],[-170,53],[-60,39],[26,29],[102,19],[103,-15],[34,-22],[247,-36],[149,-39],[169,-76],[35,-5],[73,-71],[190,-81],[31,4],[101,-123],[-25,-26],[-116,-4],[-115,-11],[-120,39],[-96,14]]],"bbox":[-79.73062610683232,44.99190812825712,-57.10759853900632,62.5827895388757],"transform":{"scale":[0.0022625290096835683,0.0017592640674686047],"translate":[-79.73062610683232,44.99190812825712]},"title":"Quebec","version":"2.0.1","copyright":"Copyright (c) 2022 Highsoft AS, Adapted from Statistics Canada, Boundary files, 2011 Census. This does not constitute an endorsement by Statistics Canada of this product.","copyrightShort":"Statistics Canada, 2011","copyrightUrl":"http://www.statcan.gc.ca"}