{"type":"Topology","objects":{"default":{"type":"GeometryCollection","geometries":[{"type":"MultiPolygon","arcs":[[[0]],[[1,2,3,4,5,6,7,8]]],"id":"CA.SK.4711","properties":{"hc-group":"admin2","hc-middle-x":0.54,"hc-middle-y":0.61,"hc-key":"ca-sk-4711","hc-a2":"DN","name":"Division No. 11","type":"CDR"}},{"type":"Polygon","arcs":[[9,10,11,12,13]],"id":"CA.SK.4708","properties":{"hc-group":"admin2","hc-middle-x":0.52,"hc-middle-y":0.47,"hc-key":"ca-sk-4708","hc-a2":"DN","name":"Division No.  8","type":"CDR"}},{"type":"Polygon","arcs":[[14,-7,15,16,17]],"id":"CA.SK.4706","properties":{"hc-group":"admin2","hc-key":"ca-sk-4706","hc-a2":"DN","name":"Division No.  6","type":"CDR"}},{"type":"Polygon","arcs":[[-15,18,-13,19,-9,-8]],"id":"CA.SK.4707","properties":{"hc-group":"admin2","hc-middle-y":0.58,"hc-key":"ca-sk-4707","hc-a2":"DN","name":"Division No.  7","type":"CDR"}},{"type":"Polygon","arcs":[[20,21,-17,22]],"id":"CA.SK.4705","properties":{"hc-group":"admin2","hc-middle-x":0.49,"hc-key":"ca-sk-4705","hc-a2":"DN","name":"Division No.  5","type":"CDR"}},{"type":"Polygon","arcs":[[23,24,25,26,27,28]],"id":"CA.SK.4714","properties":{"hc-group":"admin2","hc-middle-x":0.52,"hc-key":"ca-sk-4714","hc-a2":"DN","name":"Division No. 14","type":"CDR"}},{"type":"Polygon","arcs":[[29,-14,30]],"id":"CA.SK.4704","properties":{"hc-group":"admin2","hc-middle-x":0.38,"hc-middle-y":0.55,"hc-key":"ca-sk-4704","hc-a2":"DN","name":"Division No.  4","type":"CDR"}},{"type":"Polygon","arcs":[[-28,31,-5,32,33]],"id":"CA.SK.4715","properties":{"hc-group":"admin2","hc-middle-x":0.57,"hc-middle-y":0.7,"hc-key":"ca-sk-4715","hc-a2":"DN","name":"Division No. 15","type":"CDR"}},{"type":"Polygon","arcs":[[34,-31,-19,35]],"id":"CA.SK.4703","properties":{"hc-group":"admin2","hc-key":"ca-sk-4703","hc-a2":"DN","name":"Division No.  3","type":"CDR"}},{"type":"Polygon","arcs":[[36,-36,-18,37]],"id":"CA.SK.4702","properties":{"hc-group":"admin2","hc-middle-x":0.56,"hc-key":"ca-sk-4702","hc-a2":"DN","name":"Division No.  2","type":"CDR"}},{"type":"MultiPolygon","arcs":[[[-33,-4,38,39,40]],[[41,41,41]]],"id":"CA.SK.4716","properties":{"hc-group":"admin2","hc-middle-x":0.55,"hc-middle-y":0.49,"hc-key":"ca-sk-4716","hc-a2":"DN","name":"Division No. 16","type":"CDR"}},{"type":"Polygon","arcs":[[-22,42,-38]],"id":"CA.SK.4701","properties":{"hc-group":"admin2","hc-middle-x":0.49,"hc-middle-y":0.51,"hc-key":"ca-sk-4701","hc-a2":"DN","name":"Division No.  1","type":"CDR"}},{"type":"Polygon","arcs":[[43,44,-40,45,46]],"id":"CA.SK.4717","properties":{"hc-group":"admin2","hc-middle-x":0.4,"hc-middle-y":0.55,"hc-key":"ca-sk-4717","hc-a2":"DN","name":"Division No. 17","type":"CDR"}},{"type":"Polygon","arcs":[[-32,-27,47,-16,-6]],"id":"CA.SK.4710","properties":{"hc-group":"admin2","hc-key":"ca-sk-4710","hc-a2":"DN","name":"Division No. 10","type":"CDR"}},{"type":"Polygon","arcs":[[-20,-12,48,-46,-39,-3,49,8],[-1]],"id":"CA.SK.4712","properties":{"hc-group":"admin2","hc-middle-x":0.53,"hc-middle-y":0.69,"hc-key":"ca-sk-4712","hc-a2":"DN","name":"Division No. 12","type":"CDR"}},{"type":"Polygon","arcs":[[50,-47,-49,-11]],"id":"CA.SK.4713","properties":{"hc-group":"admin2","hc-middle-x":0.46,"hc-middle-y":0.62,"hc-key":"ca-sk-4713","hc-a2":"DN","name":"Division No. 13","type":"CDR"}},{"type":"Polygon","arcs":[[-34,-41,-45,51,-29]],"id":"CA.SK.4718","properties":{"hc-group":"admin2","hc-middle-y":0.47,"hc-key":"ca-sk-4718","hc-a2":"DN","name":"Division No. 18","type":"CDR"}},{"type":"Polygon","arcs":[[-48,-26,52,53,-23]],"id":"CA.SK.4709","properties":{"hc-group":"admin2","hc-key":"ca-sk-4709","hc-a2":"DN","name":"Division No.  9","type":"CDR"}}],"hc-recommended-transform":{"default":{"crs":"+proj=utm +zone=13 +datum=WGS84 +units=m +no_defs","scale":0.00056704339204,"jsonres":15.5,"jsonmarginX":-999,"jsonmarginY":9851,"xoffset":133985.0525,"yoffset":6661953.04051}}}},"arcs":[[[3385,2264],[-16,-8],[-14,14],[30,-1],[0,-5]],[[3633,2065],[-110,46]],[[3523,2111],[-44,74],[-90,20],[13,128],[149,99],[122,25],[110,101],[-13,110],[-132,31],[1,159],[-496,0],[-11,189]],[[3132,3047],[147,6],[66,29],[99,-16],[58,30]],[[3502,3096],[351,0],[0,26],[384,0],[-133,-105],[30,-1],[-1,-158],[1654,0]],[[5787,2858],[-2,-158],[27,0],[0,-318],[25,0],[1,-238],[161,0],[24,-80],[1,-119]],[[6024,1945],[0,-40],[-970,0]],[[5054,1905],[-1148,1],[-132,38],[-77,45],[-59,78]],[[3638,2067],[-5,-2]],[[0,1032],[4,290],[0,822]],[[4,2144],[970,0],[726,0]],[[1700,2144],[978,0],[13,-79]],[[2691,2065],[3,-239],[-164,1],[16,-80],[0,-220],[68,-16],[59,-113],[47,-42],[-1,-244],[15,-159]],[[2734,953],[-474,0],[0,-79],[-475,0],[2,79],[-474,0],[0,159],[-23,80],[-477,-1],[27,-79],[-2,-159],[-472,0],[-1,79],[-365,0]],[[5464,953],[1,159],[-26,3],[-1,314],[-88,13],[-151,56],[-113,70],[1,179],[-32,0],[-1,158]],[[6024,1945],[160,0],[3,40],[160,0],[0,-79],[959,-2],[-1,25],[487,-1]],[[7792,1928],[9,-481],[18,-53],[-155,32],[-1,-236],[159,0],[11,-238]],[[7833,952],[-1632,1],[-737,0]],[[5464,953],[-932,-1],[-1798,1]],[[2691,2065],[942,0]],[[9794,1933],[1,-162],[34,1],[-1,-323],[39,1],[-2,-322],[37,0],[1,-160]],[[9903,968],[-649,-3],[0,-13],[-1421,0]],[[7792,1928],[1046,1],[415,0],[541,4]],[[9526,4281],[34,1],[5,-315],[40,0],[2,-321],[33,0],[3,-312],[39,0],[-2,-317]],[[9680,3017],[-844,0],[-1068,0]],[[7768,3017],[-2,-158]],[[7766,2859],[-494,-1],[-992,0]],[[6280,2858],[-2,159],[-22,-1],[2,317],[-23,0],[1,318],[-23,0],[0,195],[-134,-12],[-36,-39],[-138,-7],[-80,61],[-121,8],[0,112],[-30,0],[-1,317],[-32,79]],[[5641,4365],[1721,0],[15,-158],[228,12],[43,40],[218,39],[108,4],[86,46],[5,-63],[1117,0],[344,-4]],[[3236,0],[-3234,0],[-2,1032]],[[2734,953],[15,-159],[0,-317],[12,-238],[465,-1],[10,-238]],[[6280,2858],[-247,0],[-246,0]],[[3502,3096],[55,52],[111,190],[69,20],[240,151],[152,65],[61,92],[125,57],[59,59],[148,37],[87,-4],[19,-40],[0,185],[24,88],[-78,-1],[0,66],[55,14],[0,396]],[[4629,4523],[1012,1],[0,-159]],[[5546,0],[-768,0],[-1542,0]],[[5464,953],[-1,-160],[30,1],[-2,-318],[29,0],[1,-125],[-158,-35],[-154,1],[0,-79],[311,0],[26,-79],[0,-159]],[[7864,0],[-1855,0],[-463,0]],[[7833,952],[11,-476],[13,0],[-4,-318],[11,-158]],[[3132,3047],[-104,-3],[-174,52],[-106,51],[-175,51],[-81,41],[-229,20],[-119,75],[-79,24],[-172,90],[20,49],[-110,45]],[[1803,3542],[1,30],[308,0],[-20,151],[0,246],[-21,76],[47,43],[-72,26],[93,93],[271,0],[-20,158],[171,1],[1,158],[516,0],[-9,157]],[[3069,4681],[697,-1],[-3,160],[867,0],[-1,-317]],[[3069,4681],[0,0]],[[9903,968],[-4,-161],[33,0],[1,-323],[31,0],[-1,-322],[36,0],[-1,-161],[-2134,-1]],[[1,3507],[-1,564],[0,1065]],[[0,5136],[109,-4],[61,-55],[88,-25],[173,1],[30,-40],[87,-13],[438,0],[1,-13],[407,0],[-1,27],[177,0],[-2,66],[59,0],[0,79],[204,-1],[0,-79],[524,0],[2,-158],[19,0],[-1,-239],[694,-1]],[[1803,3542],[-236,73],[-128,22],[0,-108]],[[1439,3529],[-128,-13],[-148,44],[-1,39],[-143,0],[-83,-25],[-2,77],[-316,0],[-83,23],[-132,0],[-148,-23],[-165,-118],[-89,-26]],[[7766,2859],[14,-160],[1,-610],[11,-161]],[[1700,2144],[1,238],[-22,0],[1,237],[162,0],[-21,80],[0,317],[-22,79],[333,1],[-43,54],[-165,-1],[3,106],[-293,-1],[-1,79],[-194,1],[0,195]],[[3523,2111],[115,-44]],[[4,2144],[-2,634],[-1,729]],[[0,5136],[7,619],[0,4244],[9253,0],[1,-3806],[57,1],[-5,-319],[46,-1],[-6,-319],[47,-2],[-4,-315],[47,-18],[-9,-298],[47,-1],[-1,-318],[50,1],[-4,-323]],[[7768,3017],[1912,0]],[[9680,3017],[35,-1],[-2,-317],[37,0],[8,-607],[36,0],[0,-159]]],"bbox":[-110.00638672433391,48.99953669447218,-101.3621809879826,60.00032789865008],"transform":{"scale":[0.0008645070243375648,0.0011001891393317234],"translate":[-110.00638672433391,48.99953669447218]},"title":"Saskatchewan","version":"2.0.1","copyright":"Copyright (c) 2022 Highsoft AS, Adapted from Statistics Canada, Boundary files, 2011 Census. This does not constitute an endorsement by Statistics Canada of this product.","copyrightShort":"Statistics Canada, 2011","copyrightUrl":"http://www.statcan.gc.ca"}