{"type":"Topology","objects":{"default":{"type":"GeometryCollection","geometries":[{"type":"MultiPolygon","arcs":[[[0]],[[1]],[[2,3,4,5,6]]],"id":"FR.T","properties":{"hc-group":"admin1","hc-middle-x":0.56,"hc-middle-y":0.41,"hc-key":"fr-t","hc-a2":"PC","name":"Poitou-Charentes"}},{"type":"Polygon","arcs":[[7]],"id":"FR.H","properties":{"hc-group":"admin1","hc-middle-y":0.49,"hc-key":"fr-h","hc-a2":"CO","name":"Corse"}},{"type":"MultiPolygon","arcs":[[[8]],[[9,10,11]]],"id":"FR.E","properties":{"hc-group":"admin1","hc-middle-x":0.51,"hc-middle-y":0.47,"hc-key":"fr-e","hc-a2":"BR","name":"Bretagne"}},{"type":"MultiPolygon","arcs":[[[12]],[[13,-12,14,15,-4]]],"id":"FR.R","properties":{"hc-group":"admin1","hc-middle-x":0.45,"hc-middle-y":0.49,"hc-key":"fr-r","hc-a2":"PD","name":"Pays de la Loire"}},{"type":"MultiPolygon","arcs":[[[16]],[[17,18,19]]],"id":"FR.U","properties":{"hc-group":"admin1","hc-middle-x":0.55,"hc-middle-y":0.59,"hc-key":"fr-u","hc-a2":"PA","name":"Provence-Alpes-Côte-d'Azur"}},{"type":"MultiPolygon","arcs":[[[20]],[[21]],[[22,23,24,25,26]]],"id":"FR.N","properties":{"hc-group":"admin1","hc-middle-y":0.45,"hc-key":"fr-n","hc-a2":"MP","name":"Midi-Pyrénées"}},{"type":"Polygon","arcs":[[-11,27,28,29,-15]],"id":"FR.P","properties":{"hc-group":"admin1","hc-middle-x":0.45,"hc-middle-y":0.53,"hc-key":"fr-p","hc-a2":"BN","name":"Basse-Normandie"}},{"type":"Polygon","arcs":[[30,31]],"id":"FR.O","properties":{"hc-group":"admin1","hc-middle-x":0.41,"hc-middle-y":0.56,"hc-key":"fr-o","hc-a2":"NP","name":"Nord-Pas-de-Calais"}},{"type":"Polygon","arcs":[[32,-20,33,34,35,36],[-17]],"id":"FR.V","properties":{"hc-group":"admin1","hc-middle-x":0.47,"hc-middle-y":0.4,"hc-key":"fr-v","hc-a2":"RA","name":"Rhône-Alpes"}},{"type":"Polygon","arcs":[[37,38,39,40,41,-32]],"id":"FR.S","properties":{"hc-group":"admin1","hc-middle-x":0.45,"hc-middle-y":0.49,"hc-key":"fr-s","hc-a2":"PI","name":"Picardie"}},{"type":"Polygon","arcs":[[-39,42,43,44,45,46]],"id":"FR.G","properties":{"hc-group":"admin1","hc-middle-x":0.32,"hc-key":"fr-g","hc-a2":"CA","name":"Champagne-Ardenne"}},{"type":"Polygon","arcs":[[-27,47,-34,-19,48]],"id":"FR.K","properties":{"hc-group":"admin1","hc-middle-x":0.28,"hc-middle-y":0.78,"hc-key":"fr-k","hc-a2":"LR","name":"Languedoc-Roussillon"}},{"type":"Polygon","arcs":[[49,50,51]],"id":"FR.A","properties":{"hc-group":"admin1","hc-middle-x":0.36,"hc-middle-y":0.59,"hc-key":"fr-a","hc-a2":"AL","name":"Alsace"}},{"type":"Polygon","arcs":[[-26,52,53,54,-35,-48]],"id":"FR.C","properties":{"hc-group":"admin1","hc-middle-x":0.43,"hc-middle-y":0.45,"hc-key":"fr-c","hc-a2":"AU","name":"Auvergne"}},{"type":"Polygon","arcs":[[-54,55,-5,-16,-30,56,57,58]],"id":"FR.F","properties":{"hc-group":"admin1","hc-middle-x":0.54,"hc-middle-y":0.56,"hc-key":"fr-f","hc-a2":"CE","name":"Centre"}},{"type":"Polygon","arcs":[[-25,59,-6,-56,-53]],"id":"FR.L","properties":{"hc-group":"admin1","hc-middle-x":0.59,"hc-middle-y":0.37,"hc-key":"fr-l","hc-a2":"LI","name":"Limousin"}},{"type":"Polygon","arcs":[[-36,-55,-59,60,-46,61]],"id":"FR.D","properties":{"hc-group":"admin1","hc-middle-x":0.51,"hc-middle-y":0.48,"hc-key":"fr-d","hc-a2":"BO","name":"Bourgogne"}},{"type":"Polygon","arcs":[[-24,62,-7,-60],[-21],[-22]],"id":"FR.B","properties":{"hc-group":"admin1","hc-middle-x":0.46,"hc-middle-y":0.44,"hc-key":"fr-b","hc-a2":"AQ","name":"Aquitaine"}},{"type":"Polygon","arcs":[[-37,-62,-45,63,-51,64]],"id":"FR.I","properties":{"hc-group":"admin1","hc-middle-x":0.48,"hc-middle-y":0.41,"hc-key":"fr-i","hc-a2":"FC","name":"Franche-Comté"}},{"type":"Polygon","arcs":[[65,-41,66,-57,-29]],"id":"FR.Q","properties":{"hc-group":"admin1","hc-middle-x":0.57,"hc-key":"fr-q","hc-a2":"HN","name":"Haute-Normandie"}},{"type":"Polygon","arcs":[[-67,-40,-47,-61,-58]],"id":"FR.J","properties":{"hc-group":"admin1","hc-middle-x":0.49,"hc-middle-y":0.44,"hc-key":"fr-j","hc-a2":"ÎD","name":"Île-de-France"}},{"type":"Polygon","arcs":[[-52,-64,-44,67]],"id":"FR.M","properties":{"hc-group":"admin1","hc-middle-x":0.44,"hc-middle-y":0.45,"hc-key":"fr-m","hc-a2":"LO","name":"Lorraine"}},{"type":"Polygon","arcs":[[68]],"id":"FR.RE","properties":{"hc-group":"admin1","hc-middle-x":0.49,"hc-middle-y":0.49,"hc-key":"fr-re","hc-a2":"RE","name":"Réunion","hc-inset":"fr-all-reunion"}},{"type":"MultiPolygon","arcs":[[[69]],[[70]]],"id":"FR.YT","properties":{"hc-group":"admin1","hc-middle-x":0.42,"hc-middle-y":0.44,"hc-key":"fr-yt","hc-a2":"YT","name":"Mayotte","hc-inset":"fr-all-mayotte"}},{"type":"Polygon","arcs":[[71]],"id":"FR.GF","properties":{"hc-group":"admin1","hc-middle-x":0.48,"hc-middle-y":0.48,"hc-key":"fr-gf","hc-a2":"GF","name":"Guyane française","hc-inset":"fr-all-guyana"}},{"type":"Polygon","arcs":[[72]],"id":"FR.MQ","properties":{"hc-group":"admin1","hc-middle-x":0.44,"hc-middle-y":0.36,"hc-key":"fr-mq","hc-a2":"MQ","name":"Martinique","hc-inset":"fr-all-martinique"}},{"type":"MultiPolygon","arcs":[[[73]],[[74]],[[75]],[[76]],[[77]],[[78]],[[79]],[[80]],[[81]],[[82]],[[83]],[[84]]],"id":"FR.GP","properties":{"hc-group":"admin1","hc-middle-x":0.16,"hc-middle-y":0.54,"hc-key":"fr-gp","hc-a2":"GP","name":"Guadeloupe","hc-inset":"fr-all-guadeloupe"}}],"hc-recommended-transform":{"default":{"crs":"+proj=lcc +lat_1=46.8 +lat_0=46.8 +lon_0=2.337229166666667 +k_0=0.99987742 +x_0=600000 +y_0=2200000 +ellps=intl +towgs84=-87,-98,-121,0,0,0,0 +units=m +no_defs","scale":0.000622615258227,"jsonres":15.5,"jsonmarginX":-999,"jsonmarginY":9851,"xoffset":73587.9424903,"yoffset":2677333.42515},"fr-all-reunion":{"xpan":150,"ypan":630,"crs":"+proj=utm +zone=40 +south +datum=WGS84 +units=m +no_defs","scale":0.000763557633794,"jsonres":15.5,"jsonmarginX":-999,"jsonmarginY":9851,"xoffset":315585.929084,"yoffset":7692417.85149,"geometry":{"type":"Polygon","coordinates":[[[-1.6312369974460945,42.07429790131822],[0.22304705901060873,42.12775919037318],[0.2642924273704315,40.96470524345841],[-1.5539063666157509,40.912369017933344],[-1.6312369974460945,42.07429790131822]]]}},"fr-all-mayotte":{"xpan":240,"ypan":630,"crs":"+proj=utm +zone=38 +south +datum=WGS84 +units=m +no_defs","scale":0.00132206425115,"jsonres":15.5,"jsonmarginX":-999,"jsonmarginY":9851,"xoffset":504613.291438,"yoffset":8601873.46699,"geometry":{"type":"Polygon","coordinates":[[[0.22304705901060873,42.12775919037318],[1.6472863641203566,42.14666985795525],[1.6607506925897204,40.98321754454079],[0.2642924273704315,40.96470524345841],[0.22304705901060873,42.12775919037318]]]}},"fr-all-guyana":{"xpan":310,"ypan":630,"crs":"+proj=utm +zone=22 +datum=WGS84 +units=m +no_defs","scale":0.000124325372918,"jsonres":15.5,"jsonmarginX":-999,"jsonmarginY":9851,"xoffset":97769.9054769,"yoffset":635816.081323,"geometry":{"type":"Polygon","coordinates":[[[1.6472863641203566,42.14666985795525],[3.1657022599536693,42.14567272668965],[3.1495304813721945,40.982241097236084],[1.6607506925897204,40.98321754454079],[1.6472863641203566,42.14666985795525]]]}},"fr-all-martinique":{"xpan":390,"ypan":630,"crs":"+proj=utm +zone=20 +datum=WGS84 +units=m +no_defs","scale":0.000968530558841,"jsonres":15.5,"jsonmarginX":-999,"jsonmarginY":9851,"xoffset":690597.139078,"yoffset":1645548.31731,"geometry":{"type":"Polygon","coordinates":[[[3.1657022599536693,42.14567272668965],[4.7334455322528814,42.12172944548859],[4.686699942573524,40.95880148215718],[3.1495304813721945,40.982241097236084],[3.1657022599536693,42.14567272668965]]]}},"fr-all-guadeloupe":{"xpan":470,"ypan":630,"crs":"+proj=utm +zone=20 +datum=WGS84 +units=m +no_defs","scale":0.000579103792655,"jsonres":15.5,"jsonmarginX":-999,"jsonmarginY":9851,"xoffset":628456.113255,"yoffset":1826317.58275,"geometry":{"type":"Polygon","coordinates":[[[4.7334455322528814,42.12172944548859],[6.559777776545214,42.0644173221661],[6.477509743286185,40.90269452500343],[4.686699942573524,40.95880148215718],[4.7334455322528814,42.12172944548859]]]}}},"hc-recommended-mapview":{"padding":[0,0,"5%",0],"insets":[{"id":"fr-reunion","borderPath":{"type":"MultiLineString","coordinates":[[[20,90],[32,90],[32,100]]]},"field":{"type":"Polygon","coordinates":[[[20,90],[32,90],[32,100],[20,100]]]},"geoBounds":{"type":"Polygon","coordinates":[[[55,-20.5],[56,-20.5],[56,-21.5],[55,-21.5]]]},"padding":"10%","projection":{"name":"LambertConformalConic","parallels":[-21],"rotation":[-55]}},{"id":"fr-mayotte","borderPath":{"type":"MultiLineString","coordinates":[[[32,90],[44,90],[44,100]]]},"field":{"type":"Polygon","coordinates":[[[32,90],[44,90],[44,100],[32,100]]]},"geoBounds":{"type":"Polygon","coordinates":[[[45,-12.5],[45.5,-12.5],[45.5,-13],[45,-13]]]},"padding":"10%","projection":{"name":"LambertConformalConic","parallels":[-21],"rotation":[-55]}},{"id":"fr-guyane","borderPath":{"type":"MultiLineString","coordinates":[[[44,90],[56,90],[56,100]]]},"field":{"type":"Polygon","coordinates":[[[44,90],[56,90],[56,100],[44,100]]]},"geoBounds":{"type":"Polygon","coordinates":[[[-54.5,6],[-51.5,6],[-51.5,2],[-54.5,2]]]},"padding":"10%","projection":{"name":"LambertConformalConic","parallels":[4],"rotation":[53]}},{"id":"fr-martinique","borderPath":{"type":"MultiLineString","coordinates":[[[56,90],[68,90],[68,100]]]},"field":{"type":"Polygon","coordinates":[[[56,90],[68,90],[68,100],[56,100]]]},"geoBounds":{"type":"Polygon","coordinates":[[[-61.3,14.9],[-60.7,14.9],[-60.7,14.4],[-61.3,14.4]]]},"padding":"10%","projection":{"name":"LambertConformalConic","parallels":[14.5],"rotation":[61]}},{"id":"fr-guadeloupe","borderPath":{"type":"MultiLineString","coordinates":[[[68,90],[80,90]]]},"field":{"type":"Polygon","coordinates":[[[68,90],[80,90],[80,100],[68,100]]]},"geoBounds":{"type":"Polygon","coordinates":[[[-61.9,16.6],[-60.9,16.6],[-60.9,15.7],[-61.9,15.7]]]},"padding":"10%","projection":{"name":"LambertConformalConic","parallels":[16],"rotation":[61]}}]}}},"arcs":[[[5143,9297],[4,-1],[1,-8],[4,-5],[-3,-12],[-4,10],[-10,13],[-2,10],[10,-7]],[[5127,9331],[-2,-3],[16,-3],[4,-6],[-7,1],[-8,6],[-6,0],[-4,6],[7,-1]],[[5192,9203],[-4,14],[-8,13],[-11,10],[-1,3],[-17,14],[-5,0],[1,11],[8,2],[7,-9],[6,-3],[-12,12],[-2,9],[7,5],[0,8],[-3,8],[4,-1],[-3,12],[-5,7],[-4,1],[2,10],[6,4],[-1,7]],[[5157,9340],[3,4],[10,3],[2,-6],[10,2],[6,-4],[10,3],[7,6],[-7,7],[0,13],[2,5],[-4,18],[-5,10],[1,7],[-8,7],[-3,9],[-8,13],[8,-3],[17,0],[7,4],[0,5],[15,4],[17,2],[5,-6],[6,5],[4,9],[6,-1]],[[5258,9456],[2,-4],[8,-3],[1,-6],[9,-2],[0,-13],[11,-2],[11,3],[2,6],[7,-5],[4,-9],[10,-17],[5,-5],[2,-17],[10,-11],[6,0],[4,-5],[-1,-5],[5,-5],[-2,-6]],[[5352,9350],[-11,-4],[-5,-10],[-8,-1],[-9,-8],[3,-11],[-2,-1],[1,-9],[6,-6],[4,-7],[-4,-5],[-6,-2],[-3,-18],[-4,2],[-8,-13]],[[5306,9257],[-6,-9],[-4,-2],[-2,-10],[-6,-10],[-11,-8],[-3,-9],[-1,-10],[-10,-11],[-5,1],[-6,-4],[-3,-9],[-12,-3],[-14,9],[-5,0],[-2,11],[-4,5],[-6,2],[-4,7],[-2,-4],[-8,0]],[[6051,8726],[0,-22],[-5,-12],[-4,1],[4,-7],[-7,-6],[1,-8],[-4,-14],[-11,5],[2,4],[-10,7],[-6,0],[-7,8],[-5,2],[1,11],[6,2],[4,6],[-11,2],[0,4],[-8,-1],[1,10],[7,3],[1,10],[-5,5],[-11,-5],[-2,10],[6,1],[2,7],[5,2],[-4,9],[-9,3],[0,6],[-3,9],[11,6],[-10,9],[-1,5],[8,5],[2,12],[4,8],[5,-1],[3,6],[8,4],[10,3],[7,10],[11,0],[5,-7],[4,10],[-3,13],[5,12],[-2,9],[7,3],[2,-7],[3,-18],[-3,-17],[1,-14],[6,-9],[0,-23],[3,-11],[-1,-26],[-13,-22],[0,-12]],[[4987,9481],[4,-4],[-8,-1],[-6,3],[-1,11],[11,-9]],[[5043,9497],[-4,11],[-15,-4],[-11,0],[-8,8],[14,-1],[5,7],[-8,4],[-14,-4],[0,-6],[-4,5],[-7,-2],[-3,3],[-1,-11],[3,-6],[-4,0],[-1,16],[-5,5],[1,7],[7,3],[-3,7],[-7,-13],[-8,7],[-3,0],[6,11],[-14,-12],[-7,11],[-7,-1],[-9,5],[-5,-3],[-6,2],[-7,11],[-9,-4],[-6,3],[-10,-10],[-13,0],[3,8],[-8,16],[-8,7],[-17,2],[4,3],[27,7],[6,-1],[-1,12],[-13,7],[-6,-9],[-2,11],[-6,1],[7,5],[12,-2],[18,1],[-4,3],[-7,0],[4,6],[-11,-4],[-4,1],[8,10],[-6,-1],[-16,-8],[-7,2],[-5,-3],[-2,10],[0,11],[5,10],[7,2],[6,7],[14,2],[5,5],[3,-6],[15,8],[13,5],[2,-10],[4,3],[5,-7],[3,14],[15,-6],[6,0],[-1,6],[4,1],[-4,7],[5,7],[13,-3],[9,4],[3,3],[1,-7],[6,6],[4,1],[2,-6],[5,0],[-2,-4],[9,-4],[-1,-5],[10,-10],[1,-8],[8,-6],[-1,-3],[4,-4],[9,10],[23,15],[2,-2],[-4,-6],[7,3],[3,-10],[6,8],[8,2],[6,-16],[3,0],[-7,15],[4,6],[11,3],[1,-12],[10,-1],[11,4]],[[5117,9662],[5,-16],[7,-9],[6,1],[9,9],[16,-5]],[[5160,9642],[1,-25],[-3,-7],[3,-13],[0,-12],[3,-12],[-11,-6],[-7,-24],[-9,1],[-9,5],[-11,-7],[-8,-8],[-10,-4],[-6,2],[-18,-7],[-2,-15],[-7,-9],[-2,4],[-8,-1],[-2,-5],[-11,-2]],[[5066,9432],[4,-3],[-1,-6],[-4,7],[-4,0],[-4,10],[8,-2],[1,-6]],[[5157,9340],[-5,2],[-3,-7],[-13,11],[-7,-2],[-5,11],[-10,1],[-15,10],[-5,19],[-4,7],[-5,3],[-7,11],[-6,4],[-1,7],[2,8],[5,4],[5,13],[-9,9],[-12,4],[6,3],[1,16],[10,1],[7,-2],[15,-9],[-11,12],[-9,3],[-12,-1],[-11,-9],[-7,5],[-7,-2],[1,5],[-10,11],[7,4],[7,1],[-6,4]],[[5160,9642],[19,0],[4,-7],[5,-1],[8,4],[2,-2],[7,2],[5,4],[12,-1],[9,5],[1,4],[5,-2],[2,-7],[8,-9],[1,-7],[8,0],[12,11],[8,2],[8,-3],[1,-16],[8,-4],[2,-5],[14,-3],[5,-7],[6,-1]],[[5320,9599],[10,-7],[-7,-5],[-3,-7],[3,-3],[0,-10],[-5,-7],[-3,-16],[-9,-7],[-2,-9],[-14,-7],[-5,0],[-1,-6],[-11,3],[-2,-14],[-4,-17],[-6,-12],[-3,-19]],[[5675,9064],[-7,0],[-1,6],[5,8],[4,1],[5,-7],[-6,-8]],[[5815,9176],[-2,-3],[5,-10],[5,-2],[1,-12],[4,-6],[8,-4],[5,1],[7,-6],[-1,-4],[5,-15],[-6,1],[-4,-9],[-8,-11],[-1,-6],[7,-9],[-4,-9],[11,-18],[3,0],[18,-11],[11,-5],[24,7],[-1,-4],[4,-8],[-5,-13],[-7,-7],[-6,-11],[2,-10],[-6,-6],[-5,0],[-4,-8],[-6,0],[-5,-6],[-4,1],[-2,-6],[1,-8],[-5,2],[-4,-4],[-5,1],[-5,-13],[-5,-5],[-11,-1],[-1,-8],[-10,-9],[8,-2],[-1,-9],[-6,-4],[-6,1],[-3,-4],[-11,-2],[0,-7],[-8,4],[-10,-3],[-1,-6],[-4,5],[-7,-1],[-7,7],[-5,-1],[5,-7],[-7,-4],[-7,5],[4,3],[-11,6],[-5,6],[-2,-4],[-6,7],[-16,1],[1,7],[-2,9],[-4,3],[-5,-4],[-15,0],[-5,8],[5,5],[10,1],[4,10],[-5,-2],[-5,6],[-6,4],[-2,-6],[4,-9],[-3,-4],[-8,3],[-8,-8],[-1,-5],[-13,0],[-9,3],[1,8],[-5,4],[-9,-1],[-16,1]],[[5611,8946],[2,6],[17,12],[-1,5],[5,11],[9,-1],[4,14],[-1,10],[15,11],[3,9],[-6,10],[-4,0],[-1,14],[-5,13]],[[5648,9060],[0,6],[7,0],[6,-11],[20,7],[11,0],[-1,-7],[18,-6],[1,-5],[10,-6],[7,8],[7,-3],[1,14],[-5,6],[-14,9],[-3,8],[6,-1],[-2,10],[10,-3],[6,6],[-4,6],[4,12],[11,1],[5,13],[11,4],[0,4],[13,7],[19,0],[1,8],[-3,12],[-9,1],[2,13],[9,1],[9,-8],[5,7],[9,3]],[[5245,8928],[-3,3],[2,5],[3,-2],[-2,-6]],[[5243,8917],[-2,2],[1,6],[3,-5],[-2,-3]],[[5402,8823],[-4,6],[-9,1],[-6,5],[-6,-2],[-3,-6],[-6,13],[-4,3],[-16,1],[-5,8],[-13,1],[-9,7],[-13,1],[-2,-13],[1,-9],[-22,1],[-3,4],[-7,-7],[-3,6],[-6,2],[-17,-5],[-7,4],[-4,11],[-6,-2],[-6,7]],[[5226,8860],[-1,9],[2,12],[9,8],[0,7],[9,11],[5,11],[0,8],[4,4],[-1,11],[-5,0],[3,5],[-3,9],[-5,7],[-11,2],[-3,5],[6,16],[1,14],[-3,7],[5,5],[6,0],[6,6],[1,-7],[6,-2],[5,10],[3,-1],[6,6],[8,-2],[13,8],[10,2],[6,-5],[7,4],[7,12],[6,0],[4,18],[-5,4],[3,9],[11,-1],[2,7],[-3,4],[-2,14],[10,9],[4,8],[9,6],[6,12],[7,11],[-1,14],[3,4]],[[5376,9161],[6,4],[7,-2],[9,-10],[7,-3],[9,5],[13,0]],[[5427,9155],[3,-15],[5,-12],[-2,-11],[4,-9],[11,5],[3,-2],[10,1],[7,10],[5,14],[11,14],[5,-10],[3,1],[7,-16],[2,-9],[4,-6]],[[5505,9110],[8,-11],[2,-13],[4,-7],[-1,-7],[1,-9],[-2,-6],[9,-5],[2,-5],[9,1],[2,-4],[-8,-11],[10,-5],[4,-7],[-11,-15],[-4,-1],[-7,-10],[-12,0],[0,-15],[-10,-1],[-4,-6],[-9,-5],[-11,2],[-2,-10],[3,-5],[0,-8],[-8,-6],[-17,1],[-9,2],[-4,-8],[-10,1],[-5,4],[-12,-4],[-4,4],[-3,-11],[-6,-2],[-4,-11],[2,-9],[5,-4],[13,-5],[3,-6],[2,-15],[-4,-4],[3,-10],[-8,-3],[-1,-3],[4,-9],[6,-3],[8,1],[7,-10],[-13,-1],[-6,-12],[-15,-1]],[[5117,9662],[7,-1],[11,3],[-11,6],[-4,6],[-2,18],[3,21],[-3,-2],[-3,12],[2,6],[-1,11],[-3,1],[-2,8],[-5,7],[-9,8],[1,6],[-6,12],[3,6],[-2,12],[-6,2],[1,7],[8,-1],[2,-4],[18,-5],[8,1],[4,6],[6,1],[10,-2],[4,-10],[-7,-9],[4,-9],[6,-9],[1,-10],[6,-1],[3,7],[11,-1],[10,-4],[24,-1],[11,-2],[16,-8],[16,5],[9,5],[8,8],[11,3]],[[5277,9771],[1,-17],[6,-7],[-3,-5],[7,-13],[-4,-11],[4,-4],[0,-8],[-2,-7],[2,-4],[10,-2],[4,1],[6,-10],[7,-4],[-1,-9],[7,-6]],[[5321,9665],[3,-12],[8,-8],[3,-12],[-7,-10],[-9,-4],[1,-11],[2,-6],[-2,-3]],[[5388,9900],[-4,5],[2,5],[1,18],[-2,15],[4,15],[-3,11],[7,3],[6,7],[21,9],[13,2],[17,5],[5,0],[11,4],[3,-12],[5,-5],[-3,-7],[1,-10],[9,-5],[8,-11],[10,-3],[6,8],[11,3],[3,-2],[8,-16],[3,-17],[6,-5],[10,4],[3,-5],[10,-1],[3,-5],[1,-17],[3,-3],[4,6],[8,1],[5,-3],[11,2],[9,-12],[6,0],[-4,-6],[-2,-11],[4,0],[3,-10],[-7,-6],[0,-6]],[[5603,9845],[-11,3],[-2,7],[-8,-3],[-2,3],[-15,2],[-4,-3],[-7,2],[-9,-5],[-7,2],[-4,-2],[-14,1],[-10,7],[-6,-5],[-10,-2],[-2,6],[-5,-4],[-1,9],[-4,4],[-1,-7],[-11,4],[1,3],[-10,0],[-5,-5],[-2,6],[8,8],[-12,6],[-8,-4],[-10,-1],[-5,6],[-15,9],[-5,6],[-12,-2],[-7,4]],[[5767,9354],[7,-7],[-4,-16],[-12,-5],[3,-5],[-3,-6],[6,2],[7,-1],[15,14],[-5,8],[6,10],[7,-3],[10,8],[17,2],[8,-1],[-3,-9],[6,-11],[-3,-6],[-1,-13],[7,-1],[-1,-10],[6,0],[5,-8],[4,-9],[-5,-8],[-14,-6],[0,-15],[4,-5],[10,-6],[-1,-7],[3,-10],[15,-14],[-6,-12],[1,-9],[-5,-6],[-8,-1],[-9,-11],[-9,4],[-10,-5]],[[5648,9060],[-12,7],[-4,0],[-5,-6],[-1,5],[-6,1],[-7,-7],[-10,7],[-7,0],[0,10],[-5,7],[-2,11],[-4,6],[-4,20],[0,4]],[[5581,9125],[13,15],[11,2],[5,11],[7,2],[1,7],[5,2],[2,14],[3,-3],[5,15],[-11,7],[0,8],[-4,8],[-4,-3],[-8,2],[-3,-4],[-11,-1],[-3,3],[-5,-3],[0,9],[5,10],[-4,12],[-10,10],[-9,20],[3,14],[-4,9],[8,3],[3,4],[-3,31],[9,6]],[[5582,9335],[1,-9],[7,-5],[7,3],[20,-3],[8,7],[2,9],[16,-4],[3,5],[6,-7],[1,-8],[7,-2],[2,12],[4,11],[6,22],[10,-1],[10,2],[11,-7]],[[5703,9360],[1,-7],[5,-6],[8,-6],[3,-8],[12,11],[7,-10],[13,1],[15,19]],[[5603,9845],[5,-2],[2,0]],[[5610,9843],[3,-14],[-3,-11],[2,-7],[-10,-11],[-6,-3],[2,-8],[-2,-11],[2,-5],[-3,-3],[1,-8],[-8,-1],[-6,2],[-3,-4],[-12,-3],[-5,-3],[3,-14],[5,-3],[-3,-5],[-6,0],[-4,-15],[7,-4],[-13,-16],[-3,-6]],[[5548,9690],[-5,1],[-6,9],[-3,0],[-12,11],[-3,13],[-5,2],[-9,-4],[-16,1],[-4,-3],[-10,4],[-3,-1],[-22,12],[-8,-2],[-13,7],[-7,-4],[-10,-2],[-12,3],[-4,6]],[[5396,9743],[3,5],[5,-2],[-6,18],[0,5],[4,12],[-4,0],[-3,19],[3,3],[-3,6],[6,8],[-6,17],[-14,15],[-12,9]],[[5369,9858],[8,9],[1,7],[6,5],[9,-4],[1,4],[-11,8],[1,10],[4,3]],[[5610,9843],[6,0],[13,-3],[19,7],[2,13],[9,10],[7,-2],[-7,-23],[5,-6],[-1,-11],[2,-8],[8,1],[11,-6],[9,-10],[6,1],[3,-4],[0,-6],[8,-1]],[[5710,9795],[-7,-8],[-17,2],[-3,-9],[4,-11],[-6,-12],[0,-7],[-6,-7],[-2,-9],[3,-17],[4,-4],[-3,-12],[-7,-7],[0,-12],[6,-6],[1,-13],[3,-5],[13,-10],[13,-6],[10,-11],[-2,-11],[6,1],[7,-9],[4,0],[7,-10],[-5,-15],[11,-11],[1,-8],[4,0],[4,-4]],[[5753,9564],[-6,-10],[-9,-7],[-1,-16],[-10,-5],[-7,3],[-7,-1],[-4,-9]],[[5709,9519],[-9,-3],[-9,12],[-7,-2],[-4,6],[-5,-1],[-4,11],[5,3],[-8,16],[-9,11],[-8,4],[-7,-1],[-6,-7],[-18,-3],[-4,-3],[-5,7],[-2,-4],[-11,-1],[-3,-2],[-11,3],[-1,6],[-5,2],[2,3],[-12,19],[-3,-2],[-9,5],[3,11],[-8,11],[-8,4],[-2,6]],[[5541,9630],[1,16],[3,1],[8,11],[-6,3],[-2,12],[-4,3],[1,9],[6,5]],[[5505,9110],[4,9],[2,11],[5,13],[4,-2],[8,7],[11,5],[7,-17],[3,-2],[7,2],[1,4],[6,1],[0,-5],[7,-2],[11,-9]],[[5611,8946],[-8,4],[-2,9],[-10,0],[-4,-3],[-17,-16],[-10,-5],[-9,-13],[-11,0],[-12,-9],[-11,-15],[-7,-23],[2,-5],[-2,-31],[1,-17],[8,-5],[3,-13],[-9,1],[-3,4],[-9,1],[-14,-9],[-6,0],[-5,-5],[2,-4],[-9,2],[-2,-4],[-5,2],[-4,6],[-12,6],[-12,-2],[-8,-8],[-7,2],[-3,9],[-19,9],[5,9]],[[5902,9716],[11,2],[13,-2],[14,-8],[9,-3],[-8,-19],[-12,-9],[-1,-6],[-9,-7],[-3,-6],[0,-13],[-3,-3],[-3,-13],[1,-7],[-4,-6],[-3,-10],[-5,-8],[-3,-12],[4,-13],[-6,-17],[-2,-13],[-1,-16],[6,-8],[0,-3],[-9,-6],[-1,-9],[-8,-7],[-11,-1],[-7,3],[-2,6]],[[5859,9502],[1,6],[-6,9],[-4,0],[1,17],[-14,10],[-1,4]],[[5836,9548],[5,3],[-1,6],[4,11],[4,6],[6,16],[-1,4],[12,21],[-2,4],[-7,1],[2,20],[-4,5],[9,2],[7,7],[2,9],[-2,4],[4,8],[-1,5],[-9,11],[-8,-9],[-1,9],[-9,6],[-1,4],[5,6],[4,12],[6,-7],[12,-5],[4,-4],[12,2],[8,-2],[6,13]],[[5427,9155],[6,3],[-1,9],[4,5],[4,9],[-1,9],[13,16],[3,10],[9,-2],[2,11],[-4,15],[4,8],[1,7],[-7,8],[-4,10],[9,6],[8,14],[-3,14],[0,9],[-8,18],[-12,8],[-6,13]],[[5444,9355],[3,7],[9,7],[18,4],[-3,14],[4,1],[8,10],[5,-3],[5,2],[8,8],[9,1]],[[5510,9406],[1,-5],[14,-9],[4,2],[9,-2],[6,2],[2,-7],[9,4],[3,8],[12,-18],[0,-8],[20,-12],[2,-19],[-10,-7]],[[5444,9355],[-13,-1],[-19,3],[-4,-2],[-6,4],[-2,-6],[-11,-3],[-2,4],[-7,0],[-8,-9],[-7,7],[-9,-4],[-4,2]],[[5321,9665],[5,4],[12,3],[8,8],[13,-3],[7,5],[3,6],[6,5],[0,7],[4,3]],[[5379,9703],[7,-13],[-1,-8],[4,-6],[-3,-6],[5,-8],[10,-11],[4,-14],[10,-3],[0,-4],[7,-13],[-1,-6],[12,3],[7,6],[4,-5],[5,3],[7,-2],[3,-9],[7,-6],[-2,-7],[-4,-3],[20,-1],[9,5],[3,-4],[9,3]],[[5501,9594],[7,-2],[3,-9],[6,-7],[-3,-10],[-8,-7],[1,-13],[-14,-8],[0,-4],[7,-6],[1,-9],[3,-6],[-9,-3],[6,-13],[-5,-16],[9,-9],[8,-31],[0,-10],[-1,-8],[1,-6],[-3,-11]],[[5376,9161],[-5,8],[0,8],[-9,2],[-1,8],[-3,0],[3,7],[-3,8],[7,9],[-5,2],[1,7],[-13,6],[1,7],[-5,1],[-6,10],[-16,-3],[-5,3],[1,6],[-4,5],[-8,2]],[[5501,9594],[2,7],[7,9],[-2,7],[3,6],[26,2],[4,5]],[[5709,9519],[9,-1],[1,-10],[-6,-5],[-1,-5],[3,-3],[6,-20],[-3,-14],[-9,-15],[-6,-3],[0,-6],[-5,-5],[7,-10],[11,-7],[-9,-8],[3,-3],[3,-20],[-5,-9],[0,-5],[5,-4],[-10,-6]],[[5226,8860],[-1,1],[-9,-7],[-9,2],[-4,-1],[-6,7],[-7,4],[-3,10],[-18,1],[-4,4],[-11,3],[-10,5],[-7,7],[-3,-9],[-4,1],[-4,6],[5,8],[2,15],[-13,5],[-7,-4],[-3,7],[-6,-2],[-5,7],[1,6],[11,2],[5,6],[11,19],[11,61],[5,39],[3,28],[-1,7],[6,15],[12,0],[-1,7],[-9,8],[-6,-10],[-2,-10],[5,68],[4,21],[1,30],[5,10],[2,-5],[12,-11],[13,-17],[4,-25],[3,-9],[7,-8],[7,1],[-10,6],[-3,8],[-3,26]],[[5753,9564],[5,6],[1,-5],[9,9],[6,-1],[9,-9],[11,2],[10,-6],[7,0],[3,5],[7,-7],[15,-10]],[[5859,9502],[-11,2],[-2,-7],[-5,-3],[-5,-10],[11,2],[4,-4],[-8,-7],[0,-6],[-24,-25],[0,-6],[-6,-5],[-13,-6],[0,-12],[-2,-13],[-13,-11],[-12,-12],[1,-6],[-7,-11],[0,-8]],[[5277,9771],[10,2],[-13,2],[-13,4],[-2,7],[4,8],[4,12],[5,6],[13,6],[12,8],[12,6],[8,0],[35,12],[17,14]],[[5396,9743],[-6,-21],[-14,-4],[0,-10],[3,-5]],[[5710,9795],[8,-16],[6,4],[4,-1],[4,4],[9,1],[9,-8],[6,-2],[3,-5],[8,1],[7,6],[9,0],[7,-5],[6,1],[8,-4],[7,-10],[-2,-3],[7,-10],[6,-13],[9,-4],[2,9],[15,-4],[1,-9],[5,4],[6,-4],[10,-1],[10,8],[7,-2],[4,-10],[11,-6]],[[9969,69],[1,-1],[1,1],[1,-1],[4,0],[1,0],[1,-1],[4,-2],[1,-1],[1,-1],[1,-3],[1,-2],[0,-4],[1,-2],[2,-3],[0,-1],[0,-3],[1,-2],[0,-1],[2,-1],[1,-4],[2,-1],[3,-2],[1,-2],[0,-3],[0,-2],[-1,-2],[-2,-10],[0,-3],[0,-3],[0,-3],[-1,-2],[-1,-1],[-3,0],[-2,0],[-3,-3],[-2,0],[-2,0],[-1,1],[-1,-1],[-2,0],[-3,0],[-2,1],[-1,1],[-3,3],[-2,1],[-4,2],[-1,1],[-1,2],[-1,2],[-1,0],[-2,0],[-1,1],[-1,2],[-2,5],[-2,3],[0,3],[0,2],[0,2],[-4,8],[-1,3],[0,2],[0,3],[0,3],[1,2],[3,2],[1,2],[0,3],[0,2],[0,1],[0,1],[1,1],[3,0],[2,3],[4,3],[4,0],[2,0],[2,-1]],[[9101,1182],[-1,0],[-1,6],[1,2],[1,1],[0,-3],[0,-2],[0,-2],[0,-2]],[[9084,1202],[0,-1],[1,-1],[1,-2],[1,-2],[1,-2],[1,0],[3,0],[2,-1],[1,-1],[1,-2],[0,-2],[-1,-2],[-2,-5],[-1,-1],[1,-1],[0,-2],[2,-1],[-1,-2],[0,-2],[0,-1],[-1,-3],[-2,-2],[0,-3],[1,-4],[0,-1],[-1,-1],[-1,1],[-1,-1],[-1,0],[-1,0],[-1,1],[-1,0],[0,2],[0,1],[-1,1],[-2,-1],[0,1],[2,1],[0,3],[-1,2],[-1,1],[0,1],[1,1],[1,0],[0,-1],[2,-3],[1,-1],[1,1],[0,1],[0,3],[-1,1],[-1,2],[-2,3],[1,1],[0,1],[0,1],[0,2],[-1,4],[0,2],[-1,1],[-1,1],[-1,1],[0,1],[-1,1],[0,2],[0,2],[4,7],[1,-1],[0,-1],[-1,0]],[[860,3507],[-7,-6],[-2,-3],[-2,-8],[-2,-7],[-6,-10],[-2,-2],[-2,-8],[-3,-3],[-2,-12],[-7,-19],[-12,-30],[-6,-5],[-1,-6],[-4,-7],[1,-10],[-6,-18],[1,-4],[-4,-5],[-7,-24],[0,-4],[-3,-3],[2,-9],[-6,-15],[-3,-4],[-4,-10],[-15,-14],[-2,-8],[-5,-4],[-9,2],[-2,3],[-4,1],[-10,-3],[-2,1],[4,7],[-10,13],[-2,-5],[-9,-8],[-4,-1],[-5,3],[-5,2],[-6,4],[-2,0],[0,5],[-2,3],[-3,-2],[-3,-6],[-3,-1],[-3,-5],[-3,0],[-1,-6],[-7,-6],[-3,1],[-3,-8],[-3,-3],[-4,7],[-7,-1],[-6,2],[-3,4],[-9,3],[-6,7],[2,2],[-3,5],[-5,1],[2,3],[4,-1],[2,1],[3,10],[6,2],[5,10],[3,14],[3,10],[7,13],[2,9],[1,2],[-1,2],[2,14],[-2,4],[1,2],[0,14],[-3,2],[2,7],[6,14],[3,4],[2,9],[3,5],[1,6],[0,10],[2,11],[-3,5],[-3,-1],[-2,5],[-1,10],[-3,6],[-5,3],[-3,8],[-2,1],[-4,10],[-2,6],[-3,4],[0,6],[1,7],[0,5],[-4,2],[-2,6],[1,5],[-1,9],[-2,9],[-2,15],[3,11],[0,7],[-1,5],[0,8],[-4,6],[0,22],[2,3],[0,8],[2,8],[8,15],[0,5],[6,10],[7,8],[1,3],[6,5],[4,7],[4,17],[1,14],[4,12],[8,-2],[3,-2],[1,2],[10,-9],[9,-7],[6,-5],[6,-3],[3,1],[9,-4],[2,0],[4,-6],[2,1],[-6,9],[13,-8],[4,-5],[6,-3],[1,1],[9,-7],[5,-9],[4,-3],[3,-7],[6,-8],[12,-18],[1,-4],[4,-1],[7,-10],[1,-5],[0,-5],[3,6],[4,0],[4,-7],[-7,-18],[0,-5],[2,5],[1,7],[5,6],[1,3],[3,-4],[3,-7],[6,-5],[6,-9],[2,-6],[4,-27],[-1,-7],[-5,-5],[-2,-5],[8,5],[2,11],[0,20],[0,5],[2,5],[5,-1],[4,-8],[0,-2],[2,-5],[1,-10],[3,-3],[-2,-3],[2,-5],[2,-1],[1,-3],[-2,-5],[0,-4],[4,-9],[1,-7],[0,-9],[-2,-11]],[[70,4989],[1,-4],[1,1],[2,1],[2,1],[2,0],[-1,0],[0,-1],[0,-1],[-2,-3],[-1,2],[-1,0],[0,-3],[0,-3],[1,0],[1,0],[1,-1],[-3,-2],[1,-1],[-1,-1],[0,-1],[1,0],[1,1],[2,-2],[-1,0],[0,-1],[0,-2],[1,-1],[2,-1],[0,-1],[0,-1],[0,-1],[1,0],[1,-1],[0,-1],[0,-1],[0,-1],[1,1],[0,-2],[0,-2],[0,-1],[1,-2],[-1,0],[0,-1],[0,-1],[1,-1],[0,-1],[0,-3],[1,-1],[0,-1],[-1,-1],[-1,-4],[-1,-2],[-1,0],[-1,-1],[-1,1],[-1,2],[1,1],[1,1],[1,1],[0,2],[-1,2],[-1,-1],[-2,-1],[-1,0],[0,1],[-3,0],[-5,1],[-1,-1],[-2,-1],[-1,0],[-1,0],[-2,5],[0,1],[0,1],[-1,0],[2,4],[2,2],[1,1],[1,-2],[1,-1],[2,1],[0,2],[0,1],[-1,1],[0,2],[-1,3],[-1,-1],[-1,0],[-1,0],[-1,0],[-1,-1],[-1,1],[-1,2],[-3,4],[-2,2],[0,3],[-1,1],[0,1],[-1,1],[1,1],[0,1],[0,1],[0,2],[-1,1],[0,2],[-3,4],[0,2],[-1,1],[1,2],[0,2],[1,1],[3,3],[3,0],[3,-1],[4,-4],[3,-3],[2,-1],[0,-1],[0,-1],[1,-1],[1,-1]],[[16,5135],[1,0],[-1,0]],[[18,5135],[0,-1],[0,1],[0,1],[0,-1]],[[15,5137],[-1,-1],[0,1],[0,2],[1,0],[0,-1],[0,-1]],[[18,5141],[0,-1],[-1,0],[0,1],[1,0]],[[18,5138],[-1,0],[1,1],[1,2],[1,0],[0,-1],[-1,-1],[-1,-1]],[[47,5141],[-3,-1],[-2,0],[-1,4],[-1,2],[0,1],[0,1],[0,1],[1,1],[0,2],[1,2],[1,3],[2,1],[2,0],[2,-3],[1,-4],[1,-2],[0,-1],[0,-2],[0,-1],[-1,-1],[-1,-2],[-2,-1]],[[58,5181],[1,0],[-1,0],[-1,0],[1,0]],[[59,5182],[0,0]],[[64,5200],[-2,-1],[-2,0],[1,1],[3,5],[3,1],[2,-1],[-5,-5]],[[18,5205],[-1,0],[1,1],[1,0],[-1,-1]],[[21,5193],[0,-3],[-2,-1],[0,-1],[0,-7],[1,-5],[0,-7],[0,-7],[-3,-5],[-4,-4],[-4,-3],[0,1],[-1,2],[1,1],[-1,2],[-1,1],[0,1],[-1,1],[-1,2],[0,1],[-1,1],[0,1],[-2,5],[0,11],[-1,5],[1,2],[-1,2],[0,1],[-1,2],[0,2],[0,4],[0,2],[1,1],[1,4],[2,2],[1,0],[1,0],[0,-2],[1,0],[2,-1],[4,-2],[2,-2],[2,-3],[-1,-1],[1,0],[1,-2],[0,2],[1,1],[1,0],[1,-1],[0,-3]],[[21,5193],[0,1],[1,2],[1,8],[1,1],[1,1],[1,0],[0,1],[0,2],[0,1],[-1,0],[0,1],[-1,0],[-1,1],[0,4],[-1,2],[0,1],[1,2],[1,2],[1,1],[1,1],[2,2],[0,1],[1,0],[3,-3],[1,-3],[1,-3],[0,-3],[0,-4],[0,-1],[1,-2],[1,-2],[1,-2],[1,-1],[1,-1],[1,1],[0,-1],[1,0],[1,0],[1,0],[1,-1],[2,-2],[1,-2],[5,-5],[1,0],[1,-1],[-1,-1],[-1,0],[-2,1],[-1,0],[-1,1],[-15,-6],[-3,-2],[-1,0],[-2,0],[-2,1],[-1,2],[-2,1],[0,2],[-1,2]]],"bbox":[-61.79784099608821,-21.370764085123668,55.854502821191,51.08754136401353],"transform":{"scale":[0.011766411022830206,0.007246555200433763],"translate":[-61.79784099608821,-21.370764085123668]},"title":"France (2015)","version":"2.0.1","copyright":"Copyright (c) 2022 Highsoft AS, Based on data from Natural Earth","copyrightShort":"Natural Earth","copyrightUrl":"http://www.naturalearthdata.com"}