{"type":"Topology","objects":{"default":{"type":"GeometryCollection","geometries":[{"type":"Polygon","arcs":[[0,1,2,3]],"id":"FR.F.IN","properties":{"hc-group":"admin2","hc-middle-x":0.54,"hc-middle-y":0.55,"hc-key":"fr-f-in","hc-a2":"IN","labelrank":"3","hasc":"FR.IN","alt-name":null,"woe-id":"12597125","subregion":null,"fips":"FRA3","name":"Indre","type":"Metropolitan department","region":"Centre","longitude":"1.61636","woe-name":"Indre","latitude":"46.8003","woe-label":null}},{"type":"Polygon","arcs":[[-2,4,5]],"id":"FR.F.IL","properties":{"hc-group":"admin2","hc-middle-x":0.49,"hc-middle-y":0.47,"hc-key":"fr-f-il","hc-a2":"IL","labelrank":"3","hasc":"FR.IL","alt-name":null,"woe-id":"12597121","subregion":null,"fips":"FRA3","name":"Indre-et-Loire","type":"Metropolitan department","region":"Centre","longitude":"0.713649","woe-name":"Indre-et-Loire","latitude":"47.2903","woe-label":null}},{"type":"Polygon","arcs":[[6,7,8]],"id":"FR.F.EL","properties":{"hc-group":"admin2","hc-middle-x":0.48,"hc-middle-y":0.6,"hc-key":"fr-f-el","hc-a2":"EL","labelrank":"3","hasc":"FR.EL","alt-name":null,"woe-id":"12597129","subregion":null,"fips":"FRA3","name":"Eure-et-Loir","type":"Metropolitan department","region":"Centre","longitude":"1.36704","woe-name":"Eure-et-Loir","latitude":"48.3564","woe-label":null}},{"type":"Polygon","arcs":[[-3,-6,9,-9,10,11]],"id":"FR.F.LC","properties":{"hc-group":"admin2","hc-middle-x":0.53,"hc-middle-y":0.54,"hc-key":"fr-f-lc","hc-a2":"LC","labelrank":"3","hasc":"FR.LC","alt-name":null,"woe-id":"12597147","subregion":null,"fips":"FRA3","name":"Loir-et-Cher","type":"Metropolitan department","region":"Centre","longitude":"1.59234","woe-name":"Loir-et-Cher","latitude":"47.5484","woe-label":null}},{"type":"Polygon","arcs":[[-4,-12,12,13]],"id":"FR.F.CH","properties":{"hc-group":"admin2","hc-middle-x":0.59,"hc-middle-y":0.47,"hc-key":"fr-f-ch","hc-a2":"CH","labelrank":"3","hasc":"FR.CH","alt-name":null,"woe-id":"12597136","subregion":null,"fips":"FRA3","name":"Cher","type":"Metropolitan department","region":"Centre","longitude":"2.51907","woe-name":"Cher","latitude":"47.1356","woe-label":null}},{"type":"Polygon","arcs":[[-11,-8,14,-13]],"id":"FR.F.LT","properties":{"hc-group":"admin2","hc-middle-x":0.58,"hc-key":"fr-f-lt","hc-a2":"LT","labelrank":"3","hasc":"FR.LT","alt-name":null,"woe-id":"12597141","subregion":null,"fips":"FRA3","name":"Loiret","type":"Metropolitan department","region":"Centre","longitude":"2.19238","woe-name":"Loiret","latitude":"47.9007","woe-label":null}}],"hc-recommended-transform":{"default":{"crs":"+proj=utm +zone=31 +datum=WGS84 +units=m +no_defs","scale":0.00243420296539,"jsonres":15.5,"jsonmarginX":-999,"jsonmarginY":9851,"xoffset":277646.182196,"yoffset":5421830.45406}}}},"arcs":[[[6792,272],[-120,-21],[-112,37],[-186,0],[-133,42],[-293,7],[-67,-13],[-98,-56],[-72,25],[-97,94],[-58,-4],[-35,-58],[3,-78],[-22,-46],[-67,-28],[-173,20],[-104,-68],[-92,2],[-33,72],[-47,30],[-86,-11],[-119,27],[-46,-10],[-215,-181],[-103,-54],[-146,82],[-52,73],[-64,23],[-45,-18],[-53,-68],[-189,-28],[-85,5],[-144,70],[57,158],[-38,51],[-64,28],[-69,62],[23,140],[-66,93],[-92,38],[-205,0],[-39,15],[-23,83],[-197,82],[-77,55],[-66,76],[-29,113],[4,102],[28,74],[-11,82],[-62,109],[-46,43]],[[2667,1543],[118,62],[79,-90],[128,47],[85,186],[97,433],[7,103],[68,29],[-6,181],[59,67],[88,39],[175,40],[72,-4],[151,-61],[46,-3],[108,95],[79,120],[44,-3],[34,120],[125,22],[22,83],[-18,84],[-99,133]],[[4129,3226],[318,156],[157,36],[175,-38],[19,80],[57,43],[147,-1],[35,104],[113,-14],[114,-31],[168,64],[376,-271]],[[5808,3354],[2,-110],[-46,-92],[-168,-141],[67,-33],[298,-70],[65,11],[131,54],[69,13],[168,-16],[68,-27],[44,-63],[-6,-83],[-28,-77],[26,-59],[82,-63],[61,-92],[1,-60],[-47,-162],[30,-55],[112,-57],[23,-79],[-107,-91],[-63,-116],[-1,-127],[107,-72],[-2,-87],[-110,-72],[-25,-36],[12,-73],[37,-23],[136,-20],[73,-55],[-7,-118],[90,-56],[50,-98],[-19,-117],[-78,-122],[2,-44],[58,-47],[57,-132],[-8,-97],[-115,-106],[-55,-112]],[[2667,1543],[-160,112],[-388,466],[-67,165],[-69,90],[-104,43],[-182,93],[-50,-2],[7,-67],[40,-70],[-68,-46],[-260,-10],[-87,-25],[-75,-44],[-149,23],[-142,-12],[-61,10],[-61,50],[-15,56],[2,130],[25,127],[-16,39],[-97,11],[-41,58],[-50,12],[-162,-31],[-31,39],[19,82],[-15,60],[-104,-11],[-64,14],[-1,69],[-38,25],[-54,-28],[-67,7],[-82,123],[48,295],[59,218],[72,130],[93,98],[89,123],[-16,106],[59,188],[103,188],[-21,127],[11,98],[76,164],[237,-42],[189,-46],[59,21],[-25,96],[9,53],[77,25],[77,-37],[64,3],[87,70],[131,25],[176,71],[89,13],[46,29],[-11,53]],[[1778,5170],[75,54],[84,5],[159,-78],[113,37],[320,-70],[70,-53],[11,-57],[-24,-128],[56,-56],[75,15],[65,66],[152,32],[83,-28],[18,-82],[36,-28],[111,31],[84,-102],[16,-67],[-53,-94],[1,-37],[68,-54],[105,-147],[47,-112],[16,-137],[-18,-138],[-66,-176],[62,-89],[151,-86],[110,16],[137,-25],[109,-82],[178,-274]],[[2509,6734],[-2,33],[265,149],[-20,44],[-195,32],[-160,96],[63,35],[33,54],[-101,171],[5,140],[-75,91],[44,84],[125,22],[223,74],[164,108],[115,176],[-5,30],[-84,88],[-19,59],[19,117],[-24,53],[-174,151],[-138,80],[-90,146],[-22,171],[107,90],[79,42],[311,70],[137,15],[96,103],[189,18],[27,84],[70,9],[90,-61],[99,-19],[115,8],[129,-24],[215,92],[66,48],[37,91],[56,75],[75,53],[132,56],[52,45],[9,69],[-30,81],[25,52],[131,64],[178,-275],[77,-89],[16,-88],[-31,-136],[35,-98],[95,-43],[-4,-53],[-96,-128],[13,-43],[77,-45],[30,-67],[76,-81],[207,-119],[24,-90],[41,-53],[99,-50],[51,-103],[1,-132],[33,-60],[88,-70],[244,-91],[118,20],[26,-18],[13,-121],[115,-119],[33,-139],[90,-67],[13,-36],[-92,-96],[2,-41],[53,-29]],[[6298,7439],[-66,-87],[-6,-77],[33,-131],[-43,-85],[-148,-46],[-94,-198],[-115,-112],[-67,-16],[-81,19],[-66,-9],[-196,-69],[-180,30],[-90,-9],[-54,-30],[-102,-113],[-50,-10],[-103,38],[-51,-8],[-70,-87],[13,-125]],[[4762,6314],[-162,31],[-65,-19],[-259,-128],[-151,-16],[-241,93],[-132,-30],[-59,37],[-102,137],[-135,114],[-79,100],[-154,32],[-65,62],[-11,103],[-26,39],[-89,-9],[-88,-53],[-112,-30],[-209,-9],[-114,-34]],[[1778,5170],[-23,47],[36,82],[74,63],[184,72],[95,49],[78,66],[82,212],[2,143],[30,107],[160,112],[40,71],[-21,54],[3,85],[26,81],[-12,61],[-80,9],[-57,96],[49,58],[100,7],[31,39],[-66,50]],[[4762,6314],[104,5],[53,-81],[-15,-42],[-70,-68],[-16,-44],[138,-86],[0,-148],[-95,-81],[-54,-69],[121,-115],[-74,-106],[167,-132],[60,29],[39,82],[122,-73],[130,-44],[39,-34],[51,-187],[76,-85],[106,-51],[101,10],[64,98],[14,82],[57,37],[91,-28],[172,-99],[96,-12],[660,51],[171,-55],[49,-163]],[[7119,4905],[-250,-67],[-98,-61],[-15,-111],[42,-39],[137,2],[54,-32],[76,-150],[102,-127],[16,-116],[-44,-108],[-94,0],[-209,61],[-83,-42],[-39,-95],[16,-123],[93,-198],[-32,-87],[-125,-61],[-163,-17],[-164,17],[-168,55],[-115,-90],[-15,-126],[-63,-53],[-59,-8],[-111,25]],[[7119,4905],[181,5],[171,-88],[86,-16],[169,53],[58,-7],[155,-117],[75,-20],[178,4],[59,-34],[137,-177],[116,-101],[57,-26],[82,6],[95,148],[70,-6],[141,-101],[69,5],[116,64],[69,21]],[[9203,4518],[59,-79],[48,-101],[74,-82],[-18,-156],[-52,-111],[-79,-99],[-32,-81],[59,-82],[86,-41],[83,-89],[91,-59],[27,-58],[31,-138],[76,-163],[66,-200],[-8,-151],[19,-56],[105,-89],[22,-277],[-70,-233],[63,-166],[-128,-226],[-15,-81],[-176,8],[-146,-39],[-209,-110],[-96,-110],[-107,18],[-108,-67],[-111,37],[-54,44],[-73,-65],[-154,-106],[-82,-3],[-27,-108],[-108,0],[-33,-21],[47,-84],[-18,-127],[104,-137],[-13,-63],[-275,-67],[-153,-9],[-93,-21],[-180,-10],[-195,-82],[-80,-92],[-79,-33],[-123,-187],[-324,15],[-52,-9]],[[6298,7439],[475,86],[111,41],[76,96],[56,18],[75,-49],[24,-52],[60,-29],[84,19],[78,64],[34,3],[146,-67],[128,16],[67,-86],[55,-164],[185,-98],[67,-69],[-44,-98],[29,-72],[-38,-38],[-111,14],[-42,-38],[-1,-48],[53,-38],[97,-9],[169,32],[448,-30],[112,45],[89,78],[140,22],[48,-33],[-26,-70],[97,-8],[330,95],[102,-6],[168,-48],[62,-65],[60,-188],[53,-61],[101,-64],[66,-71],[18,-96],[-79,-168],[-28,-33],[-132,-72],[-78,-73],[-72,-7],[-23,-37],[14,-96],[52,-107],[-44,-71],[3,-107],[-56,-51],[-106,-34],[-105,-55],[-189,-12],[-84,-49],[-13,-74],[20,-55],[97,-29],[158,-119],[63,-111],[-31,-83],[21,-70],[97,-100],[28,-61],[-68,-18],[-127,-2],[-166,-69],[-11,-31],[63,-61]]],"bbox":[0.0667605433992148,46.350941188184954,3.117805413174402,48.93954824243997],"transform":{"scale":[0.00030513500047756644,0.00025888659408490996],"translate":[0.0667605433992148,46.350941188184954]},"title":"Centre (2015)","version":"2.0.1","copyright":"Copyright (c) 2022 Highsoft AS, Based on data from Natural Earth","copyrightShort":"Natural Earth","copyrightUrl":"http://www.naturalearthdata.com"}