{"type":"Topology","objects":{"default":{"type":"GeometryCollection","geometries":[{"type":"Polygon","arcs":[[0,1]],"id":"FR.G.AN","properties":{"hc-group":"admin2","hc-middle-x":0.45,"hc-middle-y":0.61,"hc-key":"fr-g-an","hc-a2":"AN","labelrank":"3","hasc":"FR.AN","alt-name":"Champaña-Ardenne","woe-id":"12597142","subregion":null,"fips":"FRA4","name":"Ardennes","type":"Metropolitan department","region":"Champagne-Ardenne","longitude":"4.62417","woe-name":"Ardennes","latitude":"49.5403","woe-label":null}},{"type":"Polygon","arcs":[[2,-2,3,4,5]],"id":"FR.G.MR","properties":{"hc-group":"admin2","hc-middle-x":0.58,"hc-middle-y":0.49,"hc-key":"fr-g-mr","hc-a2":"MR","labelrank":"3","hasc":"FR.MR","alt-name":"Champaña-Ardenne","woe-id":"12597123","subregion":null,"fips":"FRA4","name":"Marne","type":"Metropolitan department","region":"Champagne-Ardenne","longitude":"4.26395","woe-name":"Marne","latitude":"49.022","woe-label":null}},{"type":"Polygon","arcs":[[6,-6,7]],"id":"FR.G.AB","properties":{"hc-group":"admin2","hc-middle-x":0.6,"hc-middle-y":0.55,"hc-key":"fr-g-ab","hc-a2":"AB","labelrank":"3","hasc":"FR.AB","alt-name":"Champaña-Ardenne","woe-id":"12597117","subregion":null,"fips":"FRA4","name":"Aube","type":"Metropolitan department","region":"Champagne-Ardenne","longitude":"4.16252","woe-name":"Aube","latitude":"48.3125","woe-label":null}},{"type":"Polygon","arcs":[[-8,-5,8]],"id":"FR.G.HM","properties":{"hc-group":"admin2","hc-middle-x":0.44,"hc-middle-y":0.55,"hc-key":"fr-g-hm","hc-a2":"HM","labelrank":"3","hasc":"FR.HM","alt-name":"Champaña-Ardenne","woe-id":"12597145","subregion":null,"fips":"FRA4","name":"Haute-Marne","type":"Metropolitan department","region":"Champagne-Ardenne","longitude":"5.24076","woe-name":"Haute-Marne","latitude":"48.1552","woe-label":null}}],"hc-recommended-transform":{"default":{"crs":"+proj=utm +zone=31 +datum=WGS84 +units=m +no_defs","scale":0.00245712462427,"jsonres":15.5,"jsonmarginX":-999,"jsonmarginY":9851,"xoffset":528790.261681,"yoffset":5558146.41122}}}},"arcs":[[[2654,7067],[-32,56],[-53,20],[39,53],[114,28],[-20,43],[-96,111],[22,70],[92,67],[-25,106],[30,69],[-106,226],[31,31],[77,23],[82,-2],[93,38],[51,63],[83,58],[74,28],[62,47],[182,110],[18,88],[-102,109],[30,137],[122,160],[-5,102],[-118,140],[-5,147],[247,22],[627,-109],[118,13],[556,174],[166,17],[43,18],[65,105],[31,125],[-29,69],[34,69],[425,270],[107,31],[18,-58],[45,-12],[126,17],[36,-30],[-36,-217],[-66,25],[-76,-103],[-1,-109],[-154,-241],[-17,-62],[53,-54],[188,-49],[63,-71],[-4,-85],[-89,-169],[48,-64],[0,-145],[36,-30],[104,-9],[89,8],[173,39],[85,2],[71,-25],[149,-92],[79,-29],[142,-26],[47,-28],[170,-156],[132,-71],[92,-16],[180,31],[86,1],[160,-112],[28,-58],[-50,-27],[-12,-55],[28,-51],[95,-3],[53,52],[194,-49],[31,-17],[-6,-61],[-145,-56],[-205,-114],[-116,-22],[-40,58],[-66,15],[-172,-10],[-77,16],[-117,67],[-60,14],[-106,-33],[-49,-51],[-24,-166],[-93,-79],[30,-92],[68,-42],[72,-172],[-88,-167],[-198,-181],[-19,-86],[50,-84],[-1,-34],[-120,-65],[-164,-106]],[[6334,6400],[-152,73],[-131,-2],[-284,-70],[-451,64],[-345,-68],[-73,39],[-74,105],[-89,48],[-104,10],[-408,-42],[-139,24],[-156,142],[-161,0],[-66,27],[-93,70],[-391,198],[-122,26],[-441,23]],[[591,3980],[-118,110],[-51,8],[-111,-20],[-33,15],[-18,77],[34,91],[-48,150],[-122,102],[-87,-1],[-15,39],[43,68],[79,50],[-60,50],[-5,38],[218,16],[45,45],[11,82],[134,166],[249,159],[66,99],[116,59],[47,54],[137,81],[22,60],[-58,33],[-209,-4],[-68,20],[-4,91],[88,42],[70,74],[12,63],[-24,78],[52,79],[93,17],[172,-19],[85,12],[74,44],[-3,73],[-99,43],[-47,44],[-101,15],[-35,67],[-15,166],[-67,144],[71,38],[140,47],[337,62],[248,21],[44,24],[-8,75],[74,38],[97,0],[92,-17],[113,-52],[82,0],[117,26],[115,-39],[57,27],[30,59],[5,98]],[[6334,6400],[6,-101],[-86,-110],[-11,-63],[93,-176],[31,-114],[1,-167],[43,-66],[83,-20],[60,-51],[-6,-42],[-48,-40],[-11,-172],[-59,-68],[-55,-20],[-174,-35],[-66,-69],[-28,-75],[34,-181],[-92,-106],[41,-66],[131,-65],[130,-82],[44,-108],[-6,-114]],[[6389,4289],[-500,2],[-258,-58],[-114,-134],[254,2],[68,-124],[-42,1],[-228,-48],[-70,-58],[-1,-39],[69,-108],[-4,-37],[-48,-13],[-409,-12]],[[5106,3663],[-283,70],[-92,-13],[-150,-64],[-50,-4],[-789,320],[-30,49],[36,116],[8,84],[-27,82],[-71,36],[-444,19],[-319,-69],[-149,7],[-84,-107],[-190,-36],[-483,-312],[-76,-29],[-58,-77],[-26,-96],[-243,22],[-157,34],[-67,81],[-61,30],[-76,-55],[-166,-22],[-78,-29],[-47,147],[-95,-4],[-137,143],[-111,-6]],[[5218,1681],[-114,-44],[-108,-9],[-130,27],[-108,-18],[-79,-51],[-11,-90],[-74,-36],[-862,-75],[-149,-85],[-46,0],[-85,40],[-149,148],[-29,-26],[1,-72],[-33,-32],[-109,55],[-93,-10],[-66,-59],[-157,-11],[-113,22],[-120,-60],[-187,32],[-155,-10],[-107,10],[-64,31],[-23,64],[10,80],[-29,40],[-158,-15],[-80,28],[-37,35],[118,43],[-20,48],[-283,320],[-123,92],[-46,88],[-93,45],[-37,-7],[-42,-57],[-70,-14],[-123,36],[-123,69],[-146,45],[23,51],[94,67],[7,47],[-24,133],[-76,91],[-259,225],[-120,68],[-123,47],[-161,6],[-34,125],[-69,38],[-14,37],[33,125],[-43,57],[29,51],[84,46],[7,34],[-62,69],[29,32],[160,21],[39,26],[60,116],[69,71],[176,99]],[[5106,3663],[5,-51],[-36,-99],[-91,-94],[15,-66],[145,-64],[144,-141],[148,-63],[82,-97],[183,-54],[28,-25],[-32,-69],[37,-67],[74,-50],[63,-357],[-16,-53],[-55,-68],[-6,-88],[-62,-128],[-54,-27],[-221,40],[-129,-13],[-60,-32],[-63,-95],[92,-140],[-79,-81]],[[6389,4289],[31,-23],[18,-122],[41,-72],[84,-74],[139,-78],[184,-65],[279,-153],[325,-121],[74,-13],[129,0],[101,-27],[46,-74],[395,-242],[-46,-58],[-78,-63],[32,-197],[24,-23],[64,9],[59,59],[156,7],[103,-66],[94,-107],[106,-88],[119,3],[95,-14],[46,-32],[8,-89],[40,-44],[204,-105],[30,-60],[-91,-60],[-36,-127],[-77,-101],[-39,-82],[14,-36],[74,-34],[202,-141],[222,-93],[45,-84],[-4,-143],[59,-27],[62,34],[83,6],[169,-136],[25,-52],[-23,-40],[-125,-31],[-110,-116],[-48,-30],[-420,-197],[-63,-81],[39,-108],[-35,-120],[12,-108],[-12,-48],[-73,-49],[-382,-89],[-126,9],[-215,85],[-321,-42],[-56,-48],[-144,-226],[-78,-22],[-82,53],[-147,-73],[-72,4],[-35,95],[-36,28],[-143,51],[-110,69],[-31,74],[-75,12],[-119,-97],[-113,-8],[-118,45],[-82,65],[-102,106],[-47,6],[-122,-75],[-80,28],[-42,83],[-24,141],[-92,87],[7,32],[67,28],[113,9],[43,37],[-12,51],[-74,110],[-88,94],[-204,174],[-41,6],[-79,-66],[-62,18],[-21,36],[68,133],[-53,39],[-185,50],[24,73],[-53,45],[-245,34],[-134,64]]],"bbox":[3.38948757215762,47.58981549118322,5.897920162142369,50.161333550538764],"transform":{"scale":[0.0002508683458330582,0.0002571775236879235],"translate":[3.38948757215762,47.58981549118322]},"title":"Champagne-Ardenne (2015)","version":"2.0.1","copyright":"Copyright (c) 2022 Highsoft AS, Based on data from Natural Earth","copyrightShort":"Natural Earth","copyrightUrl":"http://www.naturalearthdata.com"}