{"type":"Topology","objects":{"default":{"type":"GeometryCollection","geometries":[{"type":"Polygon","arcs":[[0,1,2,3,4]],"id":"FR.J.SE","properties":{"hc-group":"admin2","hc-middle-x":0.51,"hc-middle-y":0.48,"hc-key":"fr-j-se","hc-a2":"SE","labelrank":"3","hasc":"FR.SE","alt-name":null,"woe-id":"12597137","subregion":null,"fips":"FRA8","name":"Seine-et-Marne","type":"Metropolitan department","region":"Île-de-France","longitude":"2.84201","woe-name":"Seine-et-Marne","latitude":"48.5515","woe-label":null}},{"type":"Polygon","arcs":[[5,6,7,8,9,10]],"id":"FR.J.HD","properties":{"hc-group":"admin2","hc-middle-x":0.4,"hc-middle-y":0.61,"hc-key":"fr-j-hd","hc-a2":"HD","labelrank":"3","hasc":"FR.HD","alt-name":null,"woe-id":"15022631","subregion":null,"fips":"FRA8","name":"Hauts-de-Seine","type":"Metropolitan department","region":"Île-de-France","longitude":"2.19706","woe-name":"Hauts-de-Seine","latitude":"48.8557","woe-label":null}},{"type":"Polygon","arcs":[[-6,11,-4,12,13]],"id":"FR.J.SS","properties":{"hc-group":"admin2","hc-middle-x":0.63,"hc-middle-y":0.49,"hc-key":"fr-j-ss","hc-a2":"SS","labelrank":"3","hasc":"FR.SS","alt-name":null,"woe-id":"12597156","subregion":null,"fips":"FRA8","name":"Seine-Saint-Denis","type":"Metropolitan department","region":"Île-de-France","longitude":"2.51916","woe-name":"Seine-Saint-Denis","latitude":"48.9289","woe-label":null}},{"type":"Polygon","arcs":[[-9,14,-2,15,16]],"id":"FR.J.ES","properties":{"hc-group":"admin2","hc-middle-x":0.49,"hc-middle-y":0.48,"hc-key":"fr-j-es","hc-a2":"ES","labelrank":"3","hasc":"FR.ES","alt-name":null,"woe-id":"12597118","subregion":null,"fips":"FRA8","name":"Essonne","type":"Metropolitan department","region":"Île-de-France","longitude":"2.29588","woe-name":"Essonne","latitude":"48.5629","woe-label":null}},{"type":"Polygon","arcs":[[-12,-11,17,18,-5]],"id":"FR.J.VO","properties":{"hc-group":"admin2","hc-middle-x":0.59,"hc-middle-y":0.43,"hc-key":"fr-j-vo","hc-a2":"VO","labelrank":"3","hasc":"FR.VO","alt-name":null,"woe-id":"12597124","subregion":null,"fips":"FRA8","name":"Val-d'Oise","type":"Metropolitan department","region":"Île-de-France","longitude":"2.23366","woe-name":"Val-d'Oise","latitude":"49.0754","woe-label":null}},{"type":"Polygon","arcs":[[-7,-14,19]],"id":"FR.J.VP","properties":{"hc-group":"admin2","hc-middle-y":0.49,"hc-key":"fr-j-vp","hc-a2":"VP","labelrank":"3","hasc":"FR.VP","alt-name":"Ville de Paris","woe-id":"12597155","subregion":null,"fips":"FRA8","name":"Paris","type":"Metropolitan department","region":"Île-de-France","longitude":"2.34347","woe-name":"Paris","latitude":"48.8594","woe-label":null}},{"type":"Polygon","arcs":[[-3,-15,-8,-20,-13]],"id":"FR.J.VM","properties":{"hc-group":"admin2","hc-middle-x":0.49,"hc-middle-y":0.49,"hc-key":"fr-j-vm","hc-a2":"VM","labelrank":"3","hasc":"FR.VM","alt-name":null,"woe-id":"12597151","subregion":null,"fips":"FRA8","name":"Val-de-Marne","type":"Metropolitan department","region":"Île-de-France","longitude":"2.5155","woe-name":"Val-de-Marne","latitude":"48.7752","woe-label":null}},{"type":"Polygon","arcs":[[-10,-17,20,-18]],"id":"FR.J.YV","properties":{"hc-group":"admin2","hc-middle-x":0.53,"hc-middle-y":0.41,"hc-key":"fr-j-yv","hc-a2":"YV","labelrank":"3","hasc":"FR.YV","alt-name":null,"woe-id":"12597126","subregion":null,"fips":"FRA8","name":"Yvelines","type":"Metropolitan department","region":"Île-de-France","longitude":"1.90058","woe-name":"Yvelines","latitude":"48.8191","woe-label":null}}],"hc-recommended-transform":{"default":{"crs":"+proj=utm +zone=31 +datum=WGS84 +units=m +no_defs","scale":0.00456306013898,"jsonres":15.5,"jsonmarginX":-999,"jsonmarginY":9851,"xoffset":386233.855498,"yoffset":5453913.83943}}}},"arcs":[[[5443,8681],[205,121],[117,-34],[142,-166],[50,2],[100,55],[161,-129],[84,24],[103,135],[93,4],[262,-98],[375,87],[75,39],[119,-97],[38,6],[75,84],[67,36],[138,1],[165,126],[292,-118],[87,-135],[72,-203],[7,-86],[-49,-202],[18,-121],[33,-54],[687,-762],[57,-22],[117,66],[52,-89],[35,-309],[40,-88],[170,-162],[148,-53],[135,28],[-13,-192],[-54,-104],[-45,-17],[-161,5],[-54,-25],[6,-86],[67,-71],[4,-47],[-94,-115],[-52,-159],[19,-90],[103,2],[49,-102],[98,-133],[49,-255],[8,-94],[-39,-211],[20,-179],[39,-32],[133,44],[61,-17],[142,-256],[-211,-231],[-82,-163],[-72,-269],[-48,-60],[-191,-51],[-34,-74],[73,-158],[-8,-79],[-101,-108],[-34,-120],[53,-129],[-2,-76],[-40,-216],[17,-85],[-123,-167],[-70,-170],[-87,-20],[-138,52],[-484,-105],[-128,33],[-234,23],[-90,-30],[-92,-74],[-240,8],[-50,-65],[-35,-200],[-42,-107],[-15,-178],[16,-122],[67,-171],[-131,-351],[-57,-73],[-206,-143],[-51,-104],[-53,-342],[-480,-220],[-141,16],[37,164],[-71,76],[-130,-15],[-73,-35],[-130,-184],[-97,-77],[-65,-26],[-652,68],[-78,-12],[-170,-63],[-140,23],[-78,89],[1,112],[62,88],[161,-31],[54,88],[-41,167],[52,110],[13,119],[-98,163],[-269,227],[-80,381],[-27,80],[-72,122],[-42,-8]],[[4522,1730],[13,127],[443,622],[142,122],[49,95],[-99,110],[-12,73],[-11,319],[-21,160],[1,201],[90,377],[29,195],[13,449],[68,152],[105,118],[75,123],[-21,168]],[[5386,5141],[-2,120],[107,222],[25,166],[-30,534]],[[5486,6183],[-17,152],[-86,304],[8,140],[72,260],[22,148],[-1,133],[-104,333],[40,188],[-21,84],[-101,82]],[[5298,8007],[64,179],[26,342],[55,153]],[[4180,7541],[52,-88],[-12,-159],[-39,-65],[-178,-114],[-73,-87]],[[3930,7028],[-86,-134],[-74,-156],[-30,-146],[41,-172],[93,43],[368,-193]],[[4242,6270],[-33,-114],[-29,-194],[-12,-194],[21,-115]],[[4189,5653],[-33,-111],[-54,-57],[-60,10],[-107,216],[-133,92],[-64,97]],[[3738,5900],[-289,376],[-64,214],[-4,373]],[[3381,6863],[53,69],[100,202],[60,42],[84,29],[73,67],[122,150],[191,106],[116,13]],[[4180,7541],[131,129],[452,-153],[155,65],[246,323],[134,102]],[[5486,6183],[-181,226],[-189,157],[-198,83]],[[4918,6649],[-213,89],[-70,68],[-109,185],[-71,37],[-525,0]],[[4189,5653],[93,-54],[145,-164],[86,-27],[505,110],[66,-29],[104,-242],[53,-88],[64,-40],[81,22]],[[4522,1730],[-144,-28],[-213,157],[-50,-7],[-60,-99],[-53,-51],[-123,-45],[-87,69],[-35,118],[-109,115],[-81,-41],[-67,-172],[-43,-52],[-163,-95],[-692,-202],[-77,67],[-3,98],[134,224],[-20,84],[-87,60],[-44,97],[-24,114],[-23,210],[-36,95],[-132,181],[-15,72],[-3,211]],[[2272,2910],[5,152],[136,790],[35,72],[49,21],[169,-8],[72,52],[58,134],[34,167],[4,145],[-42,351],[14,155],[69,153],[52,48],[109,19],[52,32],[42,91],[40,259],[34,114],[44,61],[405,177],[85,5]],[[3381,6863],[-128,30],[-15,221],[69,251],[145,141],[50,123],[2,155],[-20,32],[-134,77],[-247,28],[-99,-46],[-56,-109],[-92,-282],[-82,-81],[-77,35],[-39,119],[36,174],[-84,201],[-58,73],[-87,40],[-89,-3],[-287,-137],[-69,179],[-57,338],[-63,106],[-87,45],[-98,1],[-98,-31],[-277,-204],[-91,5],[-37,165],[9,32],[-117,67],[-261,56]],[[843,8664],[230,975],[142,360],[70,-82],[28,-163],[33,-69],[58,-57],[108,-32],[152,-1],[224,-94],[139,-24],[84,-45],[166,56],[225,8],[95,23],[70,45],[204,191],[128,75],[45,-11],[132,-148],[124,-85],[72,6],[115,-32],[305,-170],[137,-11],[163,130],[87,29],[77,-28],[832,-576],[46,-3],[81,50],[37,-25],[88,-170],[103,-105]],[[4918,6649],[-40,-215],[-38,-126],[-66,-50],[-532,12]],[[2272,2910],[-39,43],[-172,-46],[-122,56],[-232,158],[-130,161],[-48,139],[0,311],[-28,149],[-47,89],[-143,117],[-61,123],[-9,131],[-26,79],[-61,67],[-240,212],[-71,95],[-42,92],[-42,160],[-112,104],[-18,99],[41,119],[99,180],[4,122],[-137,102],[-43,99],[-8,131],[44,318],[-23,205],[-112,207],[-258,642],[-30,166],[8,139],[-26,30],[-125,39],[-28,102],[20,119],[-9,144],[-46,128],[5,63],[46,53],[607,181],[185,126]]],"bbox":[1.4434566931170847,48.12178627923262,3.5378021395051102,49.23066356627836],"transform":{"scale":[0.00020945549018782137,0.00011089881858643226],"translate":[1.4434566931170847,48.12178627923262]},"title":"Île-de-France (2015)","version":"2.0.1","copyright":"Copyright (c) 2022 Highsoft AS, Based on data from Natural Earth","copyrightShort":"Natural Earth","copyrightUrl":"http://www.naturalearthdata.com"}