{"type":"Topology","objects":{"default":{"type":"GeometryCollection","geometries":[{"type":"MultiPolygon","arcs":[[[0]],[[1]],[[2,3,4]]],"id":"FR.N.HP","properties":{"hc-group":"admin2","hc-middle-x":0.54,"hc-middle-y":0.6,"hc-key":"fr-n-hp","hc-a2":"HP","labelrank":"3","hasc":"FR.HP","alt-name":null,"woe-id":"12597169","subregion":null,"fips":"FRB3","name":"Hautes-Pyrénées","type":"Metropolitan department","region":"Midi-Pyrénées","longitude":"0.13923","woe-name":"Hautes-Pyrénées","latitude":"43.0599","woe-label":null}},{"type":"Polygon","arcs":[[5,6]],"id":"FR.N.AG","properties":{"hc-group":"admin2","hc-middle-x":0.44,"hc-middle-y":0.52,"hc-key":"fr-n-ag","hc-a2":"AG","labelrank":"3","hasc":"FR.AG","alt-name":null,"woe-id":"12597197","subregion":null,"fips":"FRB3","name":"Ariège","type":"Metropolitan department","region":"Midi-Pyrénées","longitude":"1.53654","woe-name":"Ariège","latitude":"42.9046","woe-label":null}},{"type":"Polygon","arcs":[[7,8,9,10]],"id":"FR.N.TA","properties":{"hc-group":"admin2","hc-middle-x":0.43,"hc-key":"fr-n-ta","hc-a2":"TA","labelrank":"3","hasc":"FR.TA","alt-name":null,"woe-id":"12597192","subregion":null,"fips":"FRB3","name":"Tarn","type":"Metropolitan department","region":"Midi-Pyrénées","longitude":"2.13731","woe-name":"Tarn","latitude":"43.8024","woe-label":null}},{"type":"Polygon","arcs":[[-10,11,12,13,14,15]],"id":"FR.N.TG","properties":{"hc-group":"admin2","hc-middle-x":0.37,"hc-middle-y":0.53,"hc-key":"fr-n-tg","hc-a2":"TG","labelrank":"3","hasc":"FR.TG","alt-name":null,"woe-id":"12597168","subregion":null,"fips":"FRB3","name":"Tarn-et-Garonne","type":"Metropolitan department","region":"Midi-Pyrénées","longitude":"1.23277","woe-name":"Tarn-et-Garonne","latitude":"44.0657","woe-label":null}},{"type":"Polygon","arcs":[[16,-11,-16,17]],"id":"FR.N.AV","properties":{"hc-group":"admin2","hc-middle-x":0.56,"hc-middle-y":0.51,"hc-key":"fr-n-av","hc-a2":"AV","labelrank":"3","hasc":"FR.AV","alt-name":null,"woe-id":"12597173","subregion":null,"fips":"FRB3","name":"Aveyron","type":"Metropolitan department","region":"Midi-Pyrénées","longitude":"2.66383","woe-name":"Aveyron","latitude":"44.2884","woe-label":null}},{"type":"Polygon","arcs":[[18,-7,19,-5,20,-12,-9]],"id":"FR.N.HG","properties":{"hc-group":"admin2","hc-middle-x":0.47,"hc-middle-y":0.48,"hc-key":"fr-n-hg","hc-a2":"HG","labelrank":"3","hasc":"FR.HG","alt-name":null,"woe-id":"12597186","subregion":null,"fips":"FRB3","name":"Haute-Garonne","type":"Metropolitan department","region":"Midi-Pyrénées","longitude":"1.41673","woe-name":"Haute-Garonne","latitude":"43.5457","woe-label":null}},{"type":"Polygon","arcs":[[-21,-4,21,-13]],"id":"FR.N.GE","properties":{"hc-group":"admin2","hc-middle-x":0.57,"hc-middle-y":0.52,"hc-key":"fr-n-ge","hc-a2":"GE","labelrank":"3","hasc":"FR.GE","alt-name":null,"woe-id":"12597194","subregion":null,"fips":"FRB3","name":"Gers","type":"Metropolitan department","region":"Midi-Pyrénées","longitude":"0.537496","woe-name":"Gers","latitude":"43.6809","woe-label":null}},{"type":"Polygon","arcs":[[-18,-15,22]],"id":"FR.N.LO","properties":{"hc-group":"admin2","hc-middle-x":0.49,"hc-key":"fr-n-lo","hc-a2":"LO","labelrank":"3","hasc":"FR.LO","alt-name":null,"woe-id":"12597172","subregion":null,"fips":"FRB3","name":"Lot","type":"Metropolitan department","region":"Midi-Pyrénées","longitude":"1.61079","woe-name":"Lot","latitude":"44.6327","woe-label":null}}],"hc-recommended-transform":{"default":{"crs":"+proj=utm +zone=31 +datum=WGS84 +units=m +no_defs","scale":0.00228312458187,"jsonres":15.5,"jsonmarginX":-999,"jsonmarginY":9851,"xoffset":229223.91221,"yoffset":4988995.30616}}}},"arcs":[[[608,3069],[-50,14],[-23,70],[7,84],[33,62],[63,-4],[32,-67],[-27,-122],[-35,-37]],[[554,2746],[-73,42],[-6,111],[63,78],[61,-39],[27,-94],[-46,-86],[-26,-12]],[[2080,496],[-101,-30],[-105,9],[-20,60],[-74,70],[-48,-19],[-122,-172],[-39,-6],[-98,169],[-184,65],[-93,-46],[-163,-27],[-205,-85],[-92,-10],[-105,47],[-46,57],[-62,24],[-11,55],[-60,62],[-47,130],[6,70],[-125,-46],[-71,10],[-32,75],[-155,105],[-26,173],[-2,109],[84,161],[2,102],[-17,87],[22,63],[75,93],[42,26],[104,6],[36,50],[-18,77],[1,106],[39,61],[100,73],[55,136],[68,19],[32,37],[38,157],[83,98],[24,72],[-28,94],[24,135],[34,47],[69,28],[32,41],[-47,184],[9,150],[-18,46],[-46,-10],[-51,-66],[-38,27],[-10,80],[24,49],[72,25],[-17,81],[-65,173],[-86,93],[-27,78],[-53,41]],[[548,4065],[55,67],[69,55],[76,28],[76,-12],[26,-149],[55,-147],[43,-9],[136,-93],[84,-21],[24,-112],[45,-85],[-23,-111],[8,-66],[52,-39],[85,-125],[83,-16],[176,49],[64,-26],[36,-65],[55,-39],[96,61],[58,-113],[36,-13],[121,12],[368,-96]],[[2452,3000],[22,-78],[-29,-55],[-100,-103],[7,-125],[-21,-33],[-74,-26],[-76,-112],[-168,-193],[322,-232],[-15,-62],[-74,-171],[5,-51],[114,79],[84,34],[49,-121],[55,-179],[-170,-286],[-82,-77],[-140,21],[-54,-14],[-33,-74],[-18,-98],[-5,-246],[32,-242],[-3,-60]],[[5364,2822],[-17,-92],[35,-110],[26,-134],[148,-126],[175,-61],[106,-68],[117,-14],[74,-85],[21,-108],[-45,-71],[13,-44],[51,-43],[26,-60],[37,-157],[-5,-63],[-89,-39],[-38,-64],[73,-62],[25,-54],[17,-109],[-20,-62],[-125,-59],[-115,-20],[-57,-114],[73,-51],[56,-81],[-4,-108],[115,-89],[96,-13],[169,52],[81,-25],[81,-125],[79,-36],[48,-57],[12,-57],[-39,-54],[-149,30],[-246,-31],[-67,-57],[-47,-82],[-11,-110],[-54,-92],[-52,-13],[-122,42],[-73,-2],[-224,-44],[-22,37],[-105,51],[24,83],[-303,33],[-173,127],[-119,-38],[-84,5],[-40,-159],[-59,-27],[-39,57],[-44,138],[-99,174],[-61,31],[12,57],[-63,19],[-327,2],[-88,-33],[-75,42],[-74,176],[-46,47],[-56,19],[-227,18],[-64,54],[-50,0],[-50,-38],[-94,80],[-78,35]],[[3115,990],[-64,287],[14,94],[84,71],[15,92],[31,46],[73,-1],[113,34],[95,93],[15,79],[-28,196],[2,91],[22,55],[112,60],[43,111],[28,29],[62,0],[88,43],[41,-3],[149,-105],[87,-150],[45,-8],[126,139],[-45,70],[-129,67],[-12,50],[43,62],[57,17],[125,8],[118,53],[62,49],[26,60],[-34,50],[-144,65],[-38,53],[12,106],[53,37],[70,-10],[58,-38],[123,-142],[10,-37],[-18,-104],[64,-54],[69,3],[61,52],[38,92],[-42,123],[20,52],[51,16],[104,-103],[52,-33],[71,12],[46,-21],[33,-64],[45,12],[74,107],[73,-31]],[[8637,4545],[-46,-44],[-37,-77],[-46,-44],[-292,-141],[-65,4],[-114,67],[-91,18],[-87,-28],[-52,-142],[5,-159],[73,-89],[24,-59],[-26,-87],[30,-125],[-13,-34],[-136,-122],[-102,-31],[-281,29],[-251,-21],[-227,49],[-54,21],[-56,-16],[-30,-45],[8,-99],[-40,-74],[-47,4],[-85,64],[-205,-36],[-72,27],[-84,96]],[[6238,3451],[-17,68],[24,117],[51,72],[-70,89],[-69,-7],[-48,-84],[-87,-15],[-73,77],[-108,89],[-115,180],[-47,44],[-82,28],[-273,183],[45,77],[64,30],[-27,104],[-98,109],[-95,291],[-5,41],[-86,34],[-83,54],[-1,99],[-83,183],[19,138]],[[4974,5452],[-20,127],[40,56],[115,-7],[28,18],[63,104],[107,94],[43,63],[5,84],[-90,116],[-36,67],[18,78],[73,33],[244,-112],[66,100],[135,101],[121,-4],[73,74],[110,-7],[25,33]],[[6094,6470],[34,-86],[80,25],[239,151],[119,-9],[131,-94],[80,-96],[108,-8],[71,-74],[117,-33],[94,-62],[36,-47],[42,-130],[132,-37],[43,-50],[121,-217],[-21,-66],[24,-99],[74,-90],[41,-206],[52,-149],[74,-126],[156,-181],[92,-72],[89,-27],[84,26],[120,79],[230,-71],[51,-58],[30,-118]],[[4974,5452],[-120,-77],[-71,33],[-83,-99],[-67,-16],[-143,21],[-197,-134],[54,-52],[102,-68],[-298,-189],[-66,-3],[-58,53],[-93,117],[-73,-2],[-88,-43],[-138,4],[-261,-74]],[[3374,4923],[-149,5],[28,112],[-33,145],[-12,156],[-46,116],[-191,12],[-76,36],[-36,55],[70,52],[141,203],[24,65],[-28,105],[-50,10],[-146,-94],[-19,91],[-41,60]],[[2810,6052],[30,127],[34,50],[78,48],[22,78],[41,28],[120,-36],[81,39],[-9,59],[-50,66],[90,82],[100,237],[3,78],[-124,69],[-31,66],[39,140],[0,80],[51,48],[78,-54],[53,-11],[217,20],[35,44]],[[3668,7310],[95,51],[50,6],[25,-37],[-35,-155],[5,-59],[79,-108],[186,-112],[89,-26],[93,48],[38,-51],[-50,-115],[18,-25],[138,-51],[66,-5],[194,118],[55,57],[41,82],[82,-52],[62,-103],[46,-46],[56,2],[40,36],[-34,152],[14,53],[45,21],[69,-8],[45,-96],[54,2],[82,110],[220,107],[209,10],[96,38]],[[5841,7154],[-31,-42],[-4,-150],[61,-40],[209,-26],[-21,-106],[-113,-59],[-32,-93],[27,-90],[148,-55],[9,-23]],[[6699,8293],[24,101],[230,86],[55,-5],[66,-62],[57,33],[146,-6],[86,12],[73,56],[110,145],[36,73],[9,79],[37,93],[61,91],[44,162],[352,405],[35,-17],[88,-153],[0,-103],[26,-23],[101,21],[123,-175],[48,-129],[111,-55],[0,-39],[-53,-47],[20,-50],[30,-216],[55,-104],[90,-84],[229,-323],[48,-109],[-9,-127],[42,-133],[102,-141],[15,-69],[-15,-122],[-26,-79],[14,-146],[38,-70],[2,-58],[-60,-160],[65,-18],[150,-97],[51,-46],[27,-116],[42,-15],[195,21],[74,-9],[51,-46],[19,-57],[-93,-76],[-41,-68],[-1,-82],[-27,-56],[-77,-50],[52,-69],[68,11],[72,-68],[94,-19],[102,-92],[37,-54],[-12,-56],[-132,-153],[-95,-96],[-40,-140],[-53,-52],[-127,-14],[-97,-95],[-14,-101],[-61,-83],[-53,-22],[-162,14],[-107,25],[-56,-7],[-38,-44],[-9,-100],[31,-78],[-19,-105],[-8,-155],[-45,-43],[-117,40],[-148,-29]],[[5841,7154],[53,40],[1,48],[-70,110],[-39,90],[-73,310],[250,131],[159,141],[105,56],[94,69],[209,-21],[102,32],[64,41],[3,92]],[[6238,3451],[-215,-34],[-82,-34],[-69,-49],[-45,12],[-9,73],[-63,36],[-99,-147],[-21,-56],[17,-118],[-43,-42],[-140,-24],[-44,-46],[-3,-53],[-40,-59],[-18,-88]],[[3115,990],[-116,75],[-96,4],[-138,52],[-120,-1],[-62,-27],[-6,-144],[-38,-113],[30,-46],[-46,-75],[37,-15],[50,-105],[-3,-66],[-57,-57],[-95,14],[-330,-11],[-45,21]],[[2452,3000],[84,7],[66,46],[134,199],[91,55],[65,82],[43,26],[328,-25],[58,-43],[122,-133],[53,-19],[68,74],[21,131],[6,264],[51,181],[44,68],[163,-3],[119,103],[40,149],[-126,143],[-206,144],[-62,142],[-72,53],[-117,145],[-51,134]],[[548,4065],[-248,57],[-89,-8],[-42,118],[-39,29],[42,102],[14,79],[-23,53],[104,71],[54,161],[-37,72],[3,127],[44,123],[20,94],[-49,126],[-57,74],[27,64],[123,95],[94,-17],[85,7],[81,96],[120,77],[72,-51],[5,-43],[-36,-97],[37,-45],[133,-23],[48,23],[23,72],[-16,102],[37,69],[70,32],[109,-47],[69,74],[40,82],[63,43],[174,-83],[72,5],[106,74],[54,10],[193,105],[50,42],[113,-16],[181,75],[42,7],[83,-44],[93,-98],[55,12],[165,107]],[[3668,7310],[8,175],[-80,98],[-43,134],[-4,105],[-52,88],[34,81],[129,70],[88,82],[97,121],[117,234],[39,39],[121,40],[60,59],[80,40],[90,138],[-27,88],[6,63],[32,52],[75,21],[48,52],[72,135],[72,69],[29,53],[-7,91],[32,109],[-58,205],[13,66],[152,118],[114,63],[43,-70],[93,33],[76,-27],[131,-91],[91,-89],[56,-98],[82,-47],[56,-54],[88,-9],[139,52],[150,91],[48,8],[73,-38],[67,42],[69,14],[143,1],[33,-75],[22,-240],[38,-127],[113,-191],[40,-90],[19,-86],[-41,-220],[-29,-87],[56,-32],[31,-49],[17,-114],[28,-77],[62,-36]]],"bbox":[-0.3159038407881871,42.56755546053271,3.44690112842931,45.044951790127044],"transform":{"scale":[0.00037631812873462317,0.0002477644094003735],"translate":[-0.3159038407881871,42.56755546053271]},"title":"Midi-Pyrénées (2015)","version":"2.0.1","copyright":"Copyright (c) 2022 Highsoft AS, Based on data from Natural Earth","copyrightShort":"Natural Earth","copyrightUrl":"http://www.naturalearthdata.com"}