{"type":"Topology","objects":{"default":{"type":"GeometryCollection","geometries":[{"type":"MultiPolygon","arcs":[[[0]],[[1]],[[2,3,4]]],"id":"FR.T.CM","properties":{"hc-group":"admin2","hc-middle-x":0.52,"hc-middle-y":0.41,"hc-key":"fr-t-cm","hc-a2":"CM","labelrank":"3","hasc":"FR.CM","alt-name":null,"woe-id":"12597189","subregion":null,"fips":"FRB7","name":"Charente-Maritime","type":"Metropolitan department","region":"Poitou-Charentes","longitude":"-0.714301","woe-name":"Charente-Maritime","latitude":"45.8441","woe-label":null}},{"type":"Polygon","arcs":[[5,6,7,-4]],"id":"FR.T.DS","properties":{"hc-group":"admin2","hc-middle-x":0.52,"hc-middle-y":0.45,"hc-key":"fr-t-ds","hc-a2":"DS","labelrank":"3","hasc":"FR.DS","alt-name":null,"woe-id":"12597184","subregion":null,"fips":"FRB7","name":"Deux-Sèvres","type":"Metropolitan department","region":"Poitou-Charentes","longitude":"-0.300826","woe-name":"Deux-Sèvres","latitude":"46.5681","woe-label":null}},{"type":"Polygon","arcs":[[-8,8,9,-5]],"id":"FR.T.CT","properties":{"hc-group":"admin2","hc-middle-x":0.45,"hc-key":"fr-t-ct","hc-a2":"CT","labelrank":"3","hasc":"FR.CT","alt-name":null,"woe-id":"12597157","subregion":null,"fips":"FRB7","name":"Charente","type":"Metropolitan department","region":"Poitou-Charentes","longitude":"0.154828","woe-name":"Charente","latitude":"45.6998","woe-label":null}},{"type":"Polygon","arcs":[[-9,-7,10]],"id":"FR.T.VN","properties":{"hc-group":"admin2","hc-middle-x":0.53,"hc-middle-y":0.56,"hc-key":"fr-t-vn","hc-a2":"VN","labelrank":"3","hasc":"FR.VN","alt-name":null,"woe-id":"12597161","subregion":null,"fips":"FRB7","name":"Vienne","type":"Metropolitan department","region":"Poitou-Charentes","longitude":"0.412746","woe-name":"Vienne","latitude":"46.5338","woe-label":null}}],"hc-recommended-transform":{"default":{"crs":"+proj=utm +zone=30 +datum=WGS84 +units=m +no_defs","scale":0.00305217591562,"jsonres":15.5,"jsonmarginX":-999,"jsonmarginY":9851,"xoffset":611317.696282,"yoffset":5227417.21599}}}},"arcs":[[[984,4372],[41,-20],[96,20],[50,-48],[15,-61],[-3,-102],[40,-36],[-18,-76],[143,-93],[32,-83],[-29,-207],[-37,-127],[-54,-78],[-64,28],[-53,169],[-69,132],[-213,225],[-77,51],[-78,88],[-61,94],[24,94],[-41,112],[-80,168],[113,-14],[124,-60],[113,-85],[86,-91]],[[320,5577],[-22,-56],[-124,35],[64,-102],[95,2],[105,44],[88,20],[0,-33],[-52,0],[1,-36],[60,-27],[365,-55],[86,-51],[69,-75],[41,-91],[-98,-30],[-34,26],[-165,28],[-352,212],[-204,-36],[-56,20],[-147,157],[-40,58],[209,49],[66,-13],[45,-46]],[[5657,441],[-45,-70],[44,-97],[-122,-182],[-100,-42],[-101,37],[-55,-9],[-151,-62],[-103,-16],[-191,57],[-88,49],[-64,69],[-87,58],[-56,10],[-115,75],[-140,-20],[-61,19],[-87,140],[-17,64],[3,201],[-67,88],[-102,74],[-108,37],[-170,15],[-67,57],[-12,96],[-61,102],[-59,-12],[-68,-105],[-61,-14],[-128,20],[-131,-6],[-48,188],[-120,305],[-74,137],[-81,121],[-168,182],[-516,352],[-26,112],[-144,62],[-194,182],[-178,55],[-60,35],[-96,104],[-68,48],[-128,-26],[-64,24],[62,339],[0,62],[241,70],[71,-4],[232,-255],[85,-64],[255,-111],[-82,87],[-328,246],[-93,105],[-41,173],[-55,121],[41,20],[60,79],[98,67],[86,10],[15,56],[-25,101],[-49,68],[74,66],[-60,38],[-40,64],[-51,160],[76,-49],[61,-4],[48,41],[41,112],[-60,62],[-70,24],[-43,154],[-3,65],[-117,69],[45,60],[-129,75],[6,47],[-180,27],[-35,35],[19,88],[70,63],[-19,93],[40,63],[250,145],[30,62],[-30,149],[-30,41],[79,114],[62,39],[220,51],[78,8],[103,37],[54,-42],[-66,-120],[49,-43],[68,2],[192,39],[77,26],[152,-13],[249,-147]],[[2905,5826],[56,-141],[-2,-67],[-35,-64],[102,-68],[314,-372],[80,-55],[85,-19],[152,3],[73,-36],[74,-87],[70,-57],[167,22],[81,-12],[185,-132],[245,-7],[160,-53],[298,-203],[194,-232],[78,-29]],[[5282,4217],[58,-99],[-50,-64],[-98,-36],[-86,-10],[-4,-26],[100,-292],[-11,-142],[-59,-91],[-105,-111],[-113,-69],[-80,32],[-75,84],[-92,19],[-307,-88],[-206,-12],[-82,-26],[-59,-64],[-27,-120],[158,8],[-5,-93],[20,-273],[-35,-164],[4,-60],[123,-33],[327,-238],[-91,-142],[281,-155],[-83,-153],[69,-178],[-30,-95],[-55,-79],[-143,-109],[90,-79],[21,-45],[-22,-85],[4,-72],[71,-55],[190,42],[253,-127],[128,-2],[-24,-202],[286,-28],[113,-79],[21,-165]],[[2905,5826],[44,12],[179,97],[142,7],[52,19],[108,112],[170,24],[37,62],[-51,85],[-124,93],[-72,-15],[-38,95],[35,188],[-58,259],[11,49],[76,109],[-32,190],[-6,97],[-76,125],[-27,90],[-1,67],[-26,90],[-97,185],[-98,144],[-35,134],[50,114],[-45,71],[-78,64],[-210,122],[-64,90],[-25,81],[-21,141],[-46,61],[-96,51],[-84,141],[-49,54],[-133,87],[39,79],[94,-24],[142,-85],[119,-22],[208,35],[104,-27],[201,-16],[233,21],[85,34],[61,54],[156,71],[16,54],[-41,59],[4,61],[136,70],[79,-3],[82,-40],[255,63],[97,43],[389,44],[210,-6],[111,22],[81,-45],[58,-139],[90,-27],[34,60]],[[5260,9557],[81,-178],[18,-136],[47,-56],[59,-13],[45,-57],[-4,-118],[102,-318],[57,-85],[74,-63],[9,-111],[-42,-39],[-109,4],[-11,-81],[13,-196],[102,-127],[-1,-96],[-37,-110],[-65,-102],[-48,-155],[9,-81],[61,-78],[88,-28],[11,-113],[-92,-240],[-79,-95],[-23,-105],[9,-63],[69,-86],[12,-88],[-12,-179],[40,-77],[70,-54],[22,-62],[-7,-96],[25,-81],[67,-86],[77,-54],[60,19],[106,131],[68,35],[72,-2],[75,-66],[19,-107],[-23,-117],[-50,-95],[-131,-166],[-47,-137],[6,-68],[77,-69],[203,-79],[47,-35],[21,-70],[-37,-147],[11,-53]],[[6374,4828],[-71,-41],[-152,83],[-172,-26],[-193,-90],[-170,-140],[-105,-177],[-37,-93],[-46,-64],[-63,-39],[-83,-24]],[[6374,4828],[88,-26],[163,-115],[73,-21],[422,5],[143,-47],[56,24],[48,110],[-98,74],[43,95],[63,69],[100,11],[193,-203],[169,-38],[170,40],[125,114],[60,79],[73,37],[286,-26]],[[8551,5010],[34,-129],[2,-191],[26,-65],[124,-163],[57,-17],[80,26],[45,-54],[97,-180],[-22,-80],[-151,-115],[-79,-28],[-105,-3],[-58,-26],[-11,-154],[-31,-116],[-16,-202],[-30,-107],[-42,-48],[-77,-1],[-95,48],[-58,-26],[-53,-108],[-137,-118],[-83,-195],[-128,-112],[-130,-192],[-36,-28],[-72,0],[-66,-36],[-17,-64],[-7,-190],[-44,-109],[-88,-110],[-108,-183],[-71,-75],[-54,7],[-75,-25],[-368,-251],[-71,-118],[-46,-185],[-11,-127],[13,-131],[-26,-97],[-106,-101],[-150,-62],[-34,-37],[-36,-102],[-63,-63],[-65,-19],[-119,42],[-69,-11],[-264,-138]],[[5260,9557],[62,80],[141,50],[59,153],[119,139],[66,20],[192,-34],[92,-154],[73,-9],[59,35],[43,-30],[0,-88],[72,-18],[115,15],[18,-75],[-22,-104],[34,-48],[98,10],[81,29],[57,-16],[44,-73],[109,-13],[18,-50],[-29,-159],[-1,-163],[17,-71],[67,-62],[68,-14],[157,16],[164,-30],[86,56],[95,31],[289,12],[66,24],[9,33],[-44,90],[-9,84],[56,2],[201,-118],[117,-53],[76,-112],[75,-208],[429,-586],[154,-113],[76,-82],[68,-137],[12,-102],[-31,-95],[-5,-127],[33,-141],[74,-96],[84,-69],[219,-104],[25,-104],[44,-19],[228,-1],[102,-47],[73,-117],[-30,-131],[4,-43],[77,-79],[71,-36],[42,-63],[-64,-199],[-39,-3],[-163,-100],[-50,-14],[-144,-1],[-73,-41],[-108,-154],[-72,-76],[-42,-114],[-75,-27],[-201,4],[-70,-24],[-181,-165],[-70,-37],[-74,-11],[-42,-54],[22,-73],[76,-122],[35,-188],[-27,-46],[-86,13]]],"bbox":[-1.5558154414495502,45.10114542561945,1.194632209607714,47.16058430309369],"transform":{"scale":[0.00027507227233295974,0.00020596448419584387],"translate":[-1.5558154414495502,45.10114542561945]},"title":"Poitou-Charentes (2015)","version":"2.0.1","copyright":"Copyright (c) 2022 Highsoft AS, Based on data from Natural Earth","copyrightShort":"Natural Earth","copyrightUrl":"http://www.naturalearthdata.com"}