{"type":"Topology","objects":{"default":{"type":"GeometryCollection","geometries":[{"type":"Polygon","arcs":[[0,1,2,3,4]],"id":"FR.V.AI","properties":{"hc-group":"admin2","hc-middle-x":0.4,"hc-key":"fr-v-ai","hc-a2":"AI","labelrank":"3","hasc":"FR.AI","alt-name":"Rhone-Alpes","woe-id":"12597195","subregion":null,"fips":"FRB9","name":"Ain","type":"Metropolitan department","region":"Rhône-Alpes","longitude":"5.37744","woe-name":"Ain","latitude":"46.084","woe-label":null}},{"type":"Polygon","arcs":[[-2,5,6]],"id":"FR.V.HS","properties":{"hc-group":"admin2","hc-middle-x":0.46,"hc-middle-y":0.53,"hc-key":"fr-v-hs","hc-a2":"HS","labelrank":"3","hasc":"FR.HS","alt-name":"Rhone-Alpes","woe-id":"12597182","subregion":null,"fips":"FRB9","name":"Haute-Savoie","type":"Metropolitan department","region":"Rhône-Alpes","longitude":"6.51823","woe-name":"Haute-Savoie","latitude":"46.0502","woe-label":null}},{"type":"Polygon","arcs":[[-3,-7,7,8]],"id":"FR.V.SV","properties":{"hc-group":"admin2","hc-middle-x":0.58,"hc-middle-y":0.51,"hc-key":"fr-v-sv","hc-a2":"SV","labelrank":"3","hasc":"FR.SV","alt-name":"Rhone-Alpes","woe-id":"12597180","subregion":null,"fips":"FRB9","name":"Savoie","type":"Metropolitan department","region":"Rhône-Alpes","longitude":"6.47098","woe-name":"Savoie","latitude":"45.4832","woe-label":null}},{"type":"Polygon","arcs":[[9,10,11],[12]],"id":"FR.V.DM","properties":{"hc-group":"admin2","hc-middle-x":0.41,"hc-middle-y":0.48,"hc-key":"fr-v-dm","hc-a2":"DM","labelrank":"3","hasc":"FR.DM","alt-name":"Rhone-Alpes","woe-id":"12597190","subregion":null,"fips":"FRB9","name":"Drôme","type":"Metropolitan department","region":"Rhône-Alpes","longitude":"5.13443","woe-name":"Drôme","latitude":"44.7407","woe-label":null}},{"type":"Polygon","arcs":[[-11,13,14,15]],"id":"FR.V.AH","properties":{"hc-group":"admin2","hc-middle-x":0.54,"hc-middle-y":0.62,"hc-key":"fr-v-ah","hc-a2":"AH","labelrank":"3","hasc":"FR.AH","alt-name":"Rhone-Alpes","woe-id":"12597160","subregion":null,"fips":"FRB9","name":"Ardèche","type":"Metropolitan department","region":"Rhône-Alpes","longitude":"4.4999","woe-name":"Ardèche","latitude":"44.8014","woe-label":null}},{"type":"Polygon","arcs":[[16,-12,-16,17,18,-4,-9]],"id":"FR.V.IS","properties":{"hc-group":"admin2","hc-middle-y":0.55,"hc-key":"fr-v-is","hc-a2":"IS","labelrank":"3","hasc":"FR.IS","alt-name":"Rhone-Alpes","woe-id":"12597188","subregion":null,"fips":"FRB9","name":"Isère","type":"Metropolitan department","region":"Rhône-Alpes","longitude":"5.4175","woe-name":"Isère","latitude":"45.2478","woe-label":null}},{"type":"Polygon","arcs":[[-18,-15,19,20]],"id":"FR.V.LR","properties":{"hc-group":"admin2","hc-middle-x":0.35,"hc-middle-y":0.51,"hc-key":"fr-v-lr","hc-a2":"LR","labelrank":"3","hasc":"FR.LR","alt-name":"Rhone-Alpes","woe-id":"12597165","subregion":null,"fips":"FRB9","name":"Loire","type":"Metropolitan department","region":"Rhône-Alpes","longitude":"4.16239","woe-name":"Loire","latitude":"45.706","woe-label":null}},{"type":"Polygon","arcs":[[-19,-21,21,-5]],"id":"FR.V.RH","properties":{"hc-group":"admin2","hc-middle-y":0.58,"hc-key":"fr-v-rh","hc-a2":"RH","labelrank":"3","hasc":"FR.RH","alt-name":"Rhone-Alpes","woe-id":"12597185","subregion":null,"fips":"FRB9","name":"Rhône","type":"Metropolitan department","region":"Rhône-Alpes","longitude":"4.64841","woe-name":"Rhône","latitude":"45.841","woe-label":null}}],"hc-recommended-transform":{"default":{"crs":"+proj=utm +zone=31 +datum=WGS84 +units=m +no_defs","scale":0.0025649239709,"jsonres":15.5,"jsonmarginX":-999,"jsonmarginY":9851,"xoffset":552656.24333,"yoffset":5153106.7451}}}},"arcs":[[[3212,8578],[-11,69],[71,290],[155,335],[4,93],[72,152],[37,214],[73,227],[65,34],[81,-16],[107,-52],[111,-2],[176,68],[86,9],[67,-25],[101,-107],[76,-46],[203,-55],[1,-149],[26,-48],[70,-23],[55,-48],[33,-130],[47,-57],[100,-34],[38,-57],[84,-20],[16,-45],[-13,-137],[36,-44],[79,-24],[134,90],[32,48],[79,27],[15,47],[136,137],[144,-134],[27,-41],[20,-102],[46,-27],[314,-16],[118,33],[204,200],[49,91],[98,104],[41,69],[119,131],[142,-88],[77,-109],[4,-47],[-93,-209],[-42,-263],[-133,-14],[-243,-131],[-10,-50],[80,-121],[-69,-169]],[[6547,8406],[-102,-4],[-51,-29],[-55,-97],[-42,-25],[-74,73],[-60,-66],[-2,-188],[42,-333],[4,-133]],[[6207,7604],[-25,-171],[-137,-421],[-19,-170],[-53,-151],[-76,-45],[-110,-96],[-97,-125],[-56,-48],[-61,-8],[-56,49]],[[5517,6418],[-99,192],[-54,77],[-199,186],[-79,121],[-57,214],[-130,124],[-46,25],[-102,-50],[-174,-285],[-97,-59],[-56,14],[-83,58],[-164,83],[-90,15]],[[4087,7133],[-149,-28],[-168,29],[-215,-63],[-39,196],[16,67],[-63,38],[-119,110],[-74,-14],[-22,68],[-52,36],[-29,57],[-77,27],[-31,65],[26,130],[-19,258],[58,202],[73,182],[9,85]],[[6547,8406],[69,41],[131,32],[131,5],[97,-44],[93,48],[147,174],[184,123],[73,80],[-14,96],[-68,-13],[-42,33],[-39,112],[37,75],[166,257],[175,-10],[58,-88],[51,2],[42,60],[70,26],[148,86],[43,72],[569,57],[258,-45],[-15,-142],[-75,-89],[-16,-49],[56,-95],[102,-109],[64,-113],[-101,-201],[-50,-149],[-26,-144],[24,-70],[229,-51],[44,-43],[-51,-110],[-2,-153],[53,-23],[67,49],[65,-30],[194,-223],[113,-293],[-72,-59],[-80,-174],[-58,-49],[-126,-52],[-91,-2],[-8,-70],[-79,44],[-122,-51],[-52,-130],[4,-128]],[[8917,6876],[-209,-156],[-62,3],[23,126],[-50,92],[-87,52],[-135,16],[-55,31],[-89,90],[-32,76],[49,102],[10,73],[-82,88],[-61,0],[-142,-166],[-40,-67],[-59,-173],[-35,-51],[-139,-112],[-55,-200],[-53,-79],[-66,-55],[-75,-28],[-111,10],[-135,183],[-80,74],[-89,47],[-92,1],[-89,-67],[-70,-6],[-132,43],[-55,53],[-42,167],[-44,39],[-164,37],[-55,115],[-31,302],[-27,53],[-50,15]],[[8917,6876],[34,-195],[58,-89],[77,-60],[114,-30],[104,-96],[128,-50],[18,-62],[-40,-98],[-2,-68],[43,-80],[15,-173],[22,-61],[132,-75],[124,-97],[72,-145],[183,-102],[-3,-52],[-85,-174],[-107,-138],[14,-121],[31,-84],[0,-66],[-79,-68],[-53,-102],[-35,-15],[-59,55],[-204,-77],[-129,-166],[-93,-7],[-38,-46],[24,-68],[-94,-46],[-103,37],[-105,59],[-101,17],[-121,-71],[-77,-3],[-109,-66],[-91,-11],[-106,-68],[-117,-4],[-40,-36],[-31,-103],[-42,-54],[-61,-18],[-188,71],[-45,106],[-61,51],[-214,31],[-47,40]],[[7430,4198],[-27,76],[-86,33],[-164,5],[-40,40],[-6,132],[-66,285],[6,79],[33,76],[129,132],[15,93],[-21,107],[-52,94],[-126,146],[-28,13],[-202,23],[-176,166],[-102,25],[-95,-54],[-19,-272],[6,-72],[-444,188],[-43,49],[-338,680],[-67,176]],[[6125,2470],[48,-63],[2,-56],[-104,-120],[-84,-13],[-117,-43],[-114,18],[-73,-18],[-39,-150],[-86,-135],[-18,-74],[34,-68],[109,-108],[-19,-74],[-129,-96],[-56,-6],[-177,67],[-152,7],[-20,-43],[35,-111],[65,-59],[-22,-62],[-127,22],[-58,-17],[46,-95],[44,-133],[107,-92],[116,-35],[78,-41],[133,9],[58,-32],[-22,-89],[70,-94],[104,-90],[-7,-273],[-30,-54],[12,-103],[-32,-32],[-41,20],[-33,77],[-99,38],[-38,-12],[-154,-178],[-88,-59],[-101,14],[-224,186],[-40,136],[-116,29],[-201,77],[-132,-12],[-130,40],[-40,56],[-3,120],[34,87],[-42,44],[-59,-61],[-81,-19],[-168,34],[-196,-60],[-189,-89],[-78,-7],[-134,-85],[-64,-2],[-37,45],[-65,196],[-37,62],[-87,65],[-166,14],[-82,-12]],[[2809,858],[25,272],[31,190],[75,158],[52,413],[54,137],[142,218],[20,159],[-79,243],[25,171],[73,105],[73,69],[6,59],[79,84],[30,57],[69,271],[-19,72],[-82,149],[-18,81],[21,184],[-49,95],[10,53],[-63,43],[12,195],[-37,166],[-5,262],[13,79],[-16,72]],[[3251,4915],[190,19],[259,166],[105,0],[47,-89],[81,0],[63,-111],[42,-35],[130,-3],[-24,-160],[110,50],[36,-81],[8,-137],[42,-232],[-56,-210],[19,-77],[38,25],[121,-6],[35,-93],[101,-3],[84,-24],[89,21],[29,-62],[116,-2],[192,139],[82,4],[-44,-105],[7,-74],[56,-179],[-33,-153],[1,-152],[-63,-437],[1,-76],[45,-54],[209,-68],[-1,93],[52,-27],[69,-85],[86,-64],[99,-113],[340,-62],[111,12]],[[3737,798],[60,43],[59,122],[61,67],[-32,108],[-114,123],[-82,25],[-73,-52],[-143,-254],[-17,-137],[41,-45],[240,0]],[[2809,858],[1,-189],[-130,38],[-78,41],[-100,111],[-85,41],[-159,-4],[-42,-41],[-17,-104],[-45,-39],[-63,4],[-44,64],[13,85],[-68,48],[-113,-38],[-237,-205],[-64,14],[-253,153],[-29,42],[-157,-14],[-52,-19],[-39,30],[-24,186],[40,117],[-81,151],[-80,77],[-82,325],[-64,144],[-60,43],[-63,175],[-24,172],[-67,247],[10,120],[63,30],[154,253],[189,73],[29,105],[49,22],[83,-10],[242,47],[45,46],[69,118],[64,186],[105,6],[127,59],[-22,113],[37,82],[168,51],[25,46],[-53,71],[3,63],[72,77],[20,52],[-42,78],[44,43],[103,-80],[56,37],[10,106],[72,157],[28,156],[-43,45]],[[2250,4665],[374,27],[21,58],[-16,123],[42,110],[60,54],[258,140],[143,29]],[[3132,5206],[17,-120],[102,-171]],[[7430,4198],[-69,-82],[-57,-298],[13,-115],[92,-26],[132,29],[58,-33],[29,-192],[81,-107],[18,-67],[-13,-183],[-24,-43],[-147,37],[-83,-3],[-94,-43],[-108,5],[-87,-20],[-80,21],[-56,-10],[-147,-105],[-57,-9],[-75,25],[-54,-17],[-114,-89],[-2,-132],[-41,-49],[-114,-37],[-145,-9],[-66,-18],[-95,-158]],[[3132,5206],[-42,151],[14,178]],[[3104,5535],[75,120],[197,175],[44,146],[-89,97],[-105,84],[49,31],[559,49],[59,42],[63,159],[133,125],[79,43],[69,0],[6,61],[-31,43],[-181,105],[-33,50],[-1,65],[77,143],[13,60]],[[2250,4665],[-95,96],[-69,41],[-134,18],[-58,138],[36,113],[-19,95],[-55,103],[-66,50],[-85,-79],[-50,-4],[-169,59],[-106,-2],[-40,-93],[-53,-32],[-246,-43],[-111,-7],[-94,99],[-119,-29],[-77,-67],[-48,55],[28,156],[36,76],[131,161],[44,125],[-106,339],[-33,56],[-335,303],[-63,126],[-85,224],[-76,83],[-83,153],[-2,50],[37,74],[5,145],[56,161],[-44,93],[-95,80],[-7,99],[112,62],[178,36],[82,48],[25,70],[-31,119],[-16,186],[-31,117],[6,220],[-20,174],[-54,73],[16,53],[139,118],[189,59],[35,-112],[-4,-151],[139,-66],[97,-81],[77,-5],[165,66],[84,-6],[116,-39],[168,34],[278,-73],[114,39],[74,63],[86,116]],[[2024,8800],[51,-19],[89,-119],[18,-76],[-20,-96],[-65,-26],[-151,-11],[-49,-40],[-234,-274],[-17,-71],[137,-112],[22,-45],[-23,-57],[-135,-57],[17,-61],[198,-119],[36,-72],[-27,-115],[32,-80],[87,-51],[62,-97],[-30,-103],[-113,-169],[0,-73],[151,-46],[7,-50],[-97,-163],[54,-185],[148,-171],[176,-120],[141,-29],[175,27],[96,-12],[62,-53],[11,-57],[-38,-187],[5,-80],[71,-56],[112,8],[41,-28],[80,-120]],[[2024,8800],[70,273],[41,17],[107,-50],[112,-30],[53,6],[105,52],[78,-95],[70,-12],[39,42],[11,81],[43,27],[101,-45],[12,-112],[77,-59],[-3,-95],[49,-150],[54,-50],[169,-22]]],"bbox":[3.679503630905787,44.1217004693503,7.1606775623013075,46.51121932077771],"transform":{"scale":[0.0003481522083603881,0.0002389757827210132],"translate":[3.679503630905787,44.1217004693503]},"title":"Rhône-Alpes (2015)","version":"2.0.1","copyright":"Copyright (c) 2022 Highsoft AS, Based on data from Natural Earth","copyrightShort":"Natural Earth","copyrightUrl":"http://www.naturalearthdata.com"}