{"type":"Topology","objects":{"default":{"type":"GeometryCollection","geometries":[{"type":"MultiPolygon","arcs":[[[0]],[[1]],[[2,3]],[[4,5,6,7,8,9,10,11,12,13]]],"id":"UG","properties":{"hc-group":"admin0","hc-middle-x":0.59,"hc-middle-y":0.45,"hc-key":"ug","hc-a2":"UG","name":"Uganda","labelrank":"3","country-abbrev":"Uga.","subregion":"Eastern Africa","region-wb":"Sub-Saharan Africa","iso-a3":"UGA","iso-a2":"UG","woe-id":"23424974","continent":"Africa"}},{"type":"MultiPolygon","arcs":[[[14]],[[15,16,17,18,19]]],"id":"NG","properties":{"hc-group":"admin0","hc-middle-y":0.45,"hc-key":"ng","hc-a2":"NG","name":"Nigeria","labelrank":"2","country-abbrev":"Nigeria","subregion":"Western Africa","region-wb":"Sub-Saharan Africa","iso-a3":"NGA","iso-a2":"NG","woe-id":"23424908","continent":"Africa"}},{"type":"Polygon","arcs":[[20]],"id":"ST","properties":{"hc-group":"admin0","hc-middle-x":0.55,"hc-key":"st","hc-a2":"ST","name":"Sao Tome and Principe","labelrank":"6","country-abbrev":"S.T.P.","subregion":"Middle Africa","region-wb":"Sub-Saharan Africa","iso-a3":"STP","iso-a2":"ST","woe-id":"23424966","continent":"Africa"}},{"type":"MultiPolygon","arcs":[[[21]],[[22]],[[23]],[[24]],[[25,26,27,28,29,30,31,32,33,34,35,36,37,38,-12,39,-4,40,41,42,43]]],"id":"TZ","properties":{"hc-group":"admin0","hc-middle-x":0.47,"hc-middle-y":0.49,"hc-key":"tz","hc-a2":"TZ","name":"United Republic of Tanzania","labelrank":"3","country-abbrev":"Tanz.","subregion":"Eastern Africa","region-wb":"Sub-Saharan Africa","iso-a3":"TZA","iso-a2":"TZ","woe-id":"23424973","continent":"Africa"}},{"type":"MultiPolygon","arcs":[[[44]],[[45,46,47]]],"id":"SL","properties":{"hc-group":"admin0","hc-middle-x":0.33,"hc-middle-y":0.62,"hc-key":"sl","hc-a2":"SL","name":"Sierra Leone","labelrank":"4","country-abbrev":"S.L.","subregion":"Western Africa","region-wb":"Sub-Saharan Africa","iso-a3":"SLE","iso-a2":"SL","woe-id":"23424946","continent":"Africa"}},{"type":"MultiPolygon","arcs":[[[48]],[[49,50,51]]],"id":"GW","properties":{"hc-group":"admin0","hc-middle-x":0.55,"hc-key":"gw","hc-a2":"GW","name":"Guinea Bissau","labelrank":"6","country-abbrev":"GnB.","subregion":"Western Africa","region-wb":"Sub-Saharan Africa","iso-a3":"GNB","iso-a2":"GW","woe-id":"23424929","continent":"Africa"}},{"type":"MultiPolygon","arcs":[[[52]],[[53]],[[54]],[[55]],[[56]],[[57]]],"id":"CV","properties":{"hc-group":"admin0","hc-middle-x":0.64,"hc-middle-y":0.89,"hc-key":"cv","hc-a2":"CV","name":"Cape Verde","labelrank":"4","country-abbrev":"C.Vd.","subregion":"Western Africa","region-wb":"Sub-Saharan Africa","iso-a3":"CPV","iso-a2":"CV","woe-id":"23424794","continent":"Africa"}},{"type":"Polygon","arcs":[[58]],"id":"SC","properties":{"hc-group":"admin0","hc-middle-x":0.63,"hc-middle-y":0.45,"hc-key":"sc","hc-a2":"SC","name":"Seychelles","labelrank":"6","country-abbrev":"Syc.","subregion":"Eastern Africa","region-wb":"Sub-Saharan Africa","iso-a3":"SYC","iso-a2":"SC","woe-id":"23424941","continent":"Seven seas (open ocean)"}},{"type":"MultiPolygon","arcs":[[[59]],[[60,61,62]]],"id":"TN","properties":{"hc-group":"admin0","hc-middle-y":0.59,"hc-key":"tn","hc-a2":"TN","name":"Tunisia","labelrank":"3","country-abbrev":"Tun.","subregion":"Northern Africa","region-wb":"Middle East & North Africa","iso-a3":"TUN","iso-a2":"TN","woe-id":"23424967","continent":"Africa"}},{"type":"MultiPolygon","arcs":[[[63]],[[64]]],"id":"MG","properties":{"hc-group":"admin0","hc-middle-x":0.43,"hc-middle-y":0.51,"hc-key":"mg","hc-a2":"MG","name":"Madagascar","labelrank":"3","country-abbrev":"Mad.","subregion":"Eastern Africa","region-wb":"Sub-Saharan Africa","iso-a3":"MDG","iso-a2":"MG","woe-id":"23424883","continent":"Africa"}},{"type":"Polygon","arcs":[[65,-10,66,67,68,69,-42]],"id":"KE","properties":{"hc-group":"admin0","hc-middle-x":0.47,"hc-middle-y":0.43,"hc-key":"ke","hc-a2":"KE","name":"Kenya","labelrank":"2","country-abbrev":"Ken.","subregion":"Eastern Africa","region-wb":"Sub-Saharan Africa","iso-a3":"KEN","iso-a2":"KE","woe-id":"23424863","continent":"Africa"}},{"type":"MultiPolygon","arcs":[[[70]],[[71,-6,72,-14,73,74,75,76,77,78,79,80,81,82,83,84,85,86,87,88,-8]]],"id":"CD","properties":{"hc-group":"admin0","hc-middle-x":0.67,"hc-middle-y":0.67,"hc-key":"cd","hc-a2":"CD","name":"Democratic Republic of the Congo","labelrank":"2","country-abbrev":"D.R.C.","subregion":"Middle Africa","region-wb":"Sub-Saharan Africa","iso-a3":"COD","iso-a2":"CD","woe-id":"23424780","continent":"Africa"}},{"type":"MultiPolygon","arcs":[[[89]],[[90]]],"id":"FR","properties":{"hc-group":"admin0","hc-middle-x":0.97,"hc-middle-y":0.98,"hc-key":"fr","hc-a2":"FR","name":"France","labelrank":"2","country-abbrev":"Fr.","subregion":"Western Europe","region-wb":"Europe & Central Asia","iso-a3":"FRA","iso-a2":"FR","woe-id":"-90","continent":"Europe"}},{"type":"MultiPolygon","arcs":[[[91,92,93,94,95]],[[96,96,96]],[[96,96,96]]],"id":"MR","properties":{"hc-group":"admin0","hc-middle-x":0.51,"hc-middle-y":0.56,"hc-key":"mr","hc-a2":"MR","name":"Mauritania","labelrank":"3","country-abbrev":"Mrt.","subregion":"Western Africa","region-wb":"Sub-Saharan Africa","iso-a3":"MRT","iso-a2":"MR","woe-id":"23424896","continent":"Africa"}},{"type":"Polygon","arcs":[[97,98,99,-62,100,101,102,-92]],"id":"DZ","properties":{"hc-group":"admin0","hc-middle-x":0.6,"hc-key":"dz","hc-a2":"DZ","name":"Algeria","labelrank":"3","country-abbrev":"Alg.","subregion":"Northern Africa","region-wb":"Middle East & North Africa","iso-a3":"DZA","iso-a2":"DZ","woe-id":"23424740","continent":"Africa"}},{"type":"MultiPolygon","arcs":[[[103]],[[104,105,106,107]]],"id":"ER","properties":{"hc-group":"admin0","hc-middle-x":0.32,"hc-middle-y":0.39,"hc-key":"er","hc-a2":"ER","name":"Eritrea","labelrank":"4","country-abbrev":"Erit.","subregion":"Eastern Africa","region-wb":"Sub-Saharan Africa","iso-a3":"ERI","iso-a2":"ER","woe-id":"23424806","continent":"Africa"}},{"type":"MultiPolygon","arcs":[[[108]],[[109,110,111]]],"id":"GQ","properties":{"hc-group":"admin0","hc-middle-x":0.42,"hc-middle-y":0.75,"hc-key":"gq","hc-a2":"GQ","name":"Equatorial Guinea","labelrank":"4","country-abbrev":"Eq. G.","subregion":"Middle Africa","region-wb":"Sub-Saharan Africa","iso-a3":"GNQ","iso-a2":"GQ","woe-id":"23424804","continent":"Africa"}},{"type":"Polygon","arcs":[[112]],"id":"MU","properties":{"hc-group":"admin0","hc-middle-x":0.61,"hc-middle-y":0.58,"hc-key":"mu","hc-a2":"MU","name":"Mauritius","labelrank":"5","country-abbrev":"Mus.","subregion":"Eastern Africa","region-wb":"Sub-Saharan Africa","iso-a3":"MUS","iso-a2":"MU","woe-id":"23424894","continent":"Seven seas (open ocean)"}},{"type":"Polygon","arcs":[[113,-94,114,115,-51,116,117]],"id":"SN","properties":{"hc-group":"admin0","hc-middle-x":0.45,"hc-middle-y":0.41,"hc-key":"sn","hc-a2":"SN","name":"Senegal","labelrank":"3","country-abbrev":"Sen.","subregion":"Western Africa","region-wb":"Sub-Saharan Africa","iso-a3":"SEN","iso-a2":"SN","woe-id":"23424943","continent":"Africa"}},{"type":"MultiPolygon","arcs":[[[118]],[[119]]],"id":"KM","properties":{"hc-group":"admin0","hc-middle-x":0.06,"hc-middle-y":0.28,"hc-key":"km","hc-a2":"KM","name":"Comoros","labelrank":"6","country-abbrev":"Com.","subregion":"Eastern Africa","region-wb":"Sub-Saharan Africa","iso-a3":"COM","iso-a2":"KM","woe-id":"23424786","continent":"Africa"}},{"type":"Polygon","arcs":[[120,121,122,123,-68,124,125,-106,126]],"id":"ET","properties":{"hc-group":"admin0","hc-middle-x":0.46,"hc-middle-y":0.6,"hc-key":"et","hc-a2":"ET","name":"Ethiopia","labelrank":"2","country-abbrev":"Eth.","subregion":"Eastern Africa","region-wb":"Sub-Saharan Africa","iso-a3":"ETH","iso-a2":"ET","woe-id":"23424808","continent":"Africa"}},{"type":"MultiPolygon","arcs":[[[127,128]],[[129,130,131,132,133,134]]],"id":"CI","properties":{"hc-group":"admin0","hc-middle-y":0.52,"hc-key":"ci","hc-a2":"CI","name":"Ivory Coast","labelrank":"3","country-abbrev":"I.C.","subregion":"Western Africa","region-wb":"Sub-Saharan Africa","iso-a3":"CIV","iso-a2":"CI","woe-id":"23424854","continent":"Africa"}},{"type":"Polygon","arcs":[[-129,135,-133,136,137,138]],"id":"GH","properties":{"hc-group":"admin0","hc-middle-x":0.44,"hc-middle-y":0.38,"hc-key":"gh","hc-a2":"GH","name":"Ghana","labelrank":"3","country-abbrev":"Ghana","subregion":"Western Africa","region-wb":"Sub-Saharan Africa","iso-a3":"GHA","iso-a2":"GH","woe-id":"23424824","continent":"Africa"}},{"type":"Polygon","arcs":[[139,140,141,142,-81,143,-79,144,-36,145,146,147]],"id":"ZM","properties":{"hc-group":"admin0","hc-middle-x":0.36,"hc-middle-y":0.65,"hc-key":"zm","hc-a2":"ZM","name":"Zambia","labelrank":"3","country-abbrev":"Zambia","subregion":"Eastern Africa","region-wb":"Sub-Saharan Africa","iso-a3":"ZMB","iso-a2":"ZM","woe-id":"23425003","continent":"Africa"}},{"type":"Polygon","arcs":[[-142,148,149,150,151]],"id":"NA","properties":{"hc-group":"admin0","hc-middle-x":0.43,"hc-middle-y":0.4,"hc-key":"na","hc-a2":"NA","name":"Namibia","labelrank":"3","country-abbrev":"Nam.","subregion":"Southern Africa","region-wb":"Sub-Saharan Africa","iso-a3":"NAM","iso-a2":"NA","woe-id":"23424987","continent":"Africa"}},{"type":"Polygon","arcs":[[-39,152,-76,153,-74,-13]],"id":"RW","properties":{"hc-group":"admin0","hc-middle-x":0.83,"hc-middle-y":0.39,"hc-key":"rw","hc-a2":"RW","name":"Rwanda","labelrank":"3","country-abbrev":"Rwa.","subregion":"Eastern Africa","region-wb":"Sub-Saharan Africa","iso-a3":"RWA","iso-a2":"RW","woe-id":"23424937","continent":"Africa"}},{"type":"Polygon","arcs":[[154,-123,155,156]],"id":"SX","properties":{"hc-group":"admin0","hc-middle-x":0.72,"hc-middle-y":0.52,"hc-key":"sx","hc-a2":"SX","name":"Somaliland","labelrank":"5","country-abbrev":"Solnd.","subregion":"Eastern Africa","region-wb":"Sub-Saharan Africa","iso-a3":"-99","iso-a2":"SX","woe-id":"-99","continent":"Africa"}},{"type":"Polygon","arcs":[[-155,157,-69,-124]],"id":"SO","properties":{"hc-group":"admin0","hc-middle-x":0.29,"hc-middle-y":0.64,"hc-key":"so","hc-a2":"SO","name":"Somalia","labelrank":"6","country-abbrev":"Som.","subregion":"Eastern Africa","region-wb":"Sub-Saharan Africa","iso-a3":"SOM","iso-a2":"SO","woe-id":"-90","continent":"Africa"}},{"type":"MultiPolygon","arcs":[[[158,159,160,161,162,-112,163,-19,164]],[[165,166]]],"id":"CM","properties":{"hc-group":"admin0","hc-middle-x":0.51,"hc-middle-y":0.76,"hc-key":"cm","hc-a2":"CM","name":"Cameroon","labelrank":"3","country-abbrev":"Cam.","subregion":"Middle Africa","region-wb":"Sub-Saharan Africa","iso-a3":"CMR","iso-a2":"CM","woe-id":"23424785","continent":"Africa"}},{"type":"Polygon","arcs":[[-162,167,-87,168,169,170]],"id":"CG","properties":{"hc-group":"admin0","hc-middle-x":0.64,"hc-middle-y":0.37,"hc-key":"cg","hc-a2":"CG","name":"Republic of Congo","labelrank":"4","country-abbrev":"Rep. Congo","subregion":"Middle Africa","region-wb":"Sub-Saharan Africa","iso-a3":"COG","iso-a2":"CG","woe-id":"23424779","continent":"Africa"}},{"type":"Polygon","arcs":[[171,172,-98,-96]],"id":"EH","properties":{"hc-group":"admin0","hc-middle-x":0.8,"hc-middle-y":0.22,"hc-key":"eh","hc-a2":"EH","name":"Western Sahara","labelrank":"7","country-abbrev":"W. Sah.","subregion":"Northern Africa","region-wb":"Middle East & North Africa","iso-a3":"ESH","iso-a2":"EH","woe-id":"23424990","continent":"Africa"}},{"type":"Polygon","arcs":[[173,174,175,176,-16]],"id":"BJ","properties":{"hc-group":"admin0","hc-middle-x":0.48,"hc-middle-y":0.27,"hc-key":"bj","hc-a2":"BJ","name":"Benin","labelrank":"5","country-abbrev":"Benin","subregion":"Western Africa","region-wb":"Sub-Saharan Africa","iso-a3":"BEN","iso-a2":"BJ","woe-id":"23424764","continent":"Africa"}},{"type":"Polygon","arcs":[[-176,177,-137,-132,178,179]],"id":"BF","properties":{"hc-group":"admin0","hc-middle-x":0.54,"hc-middle-y":0.41,"hc-key":"bf","hc-a2":"BF","name":"Burkina Faso","labelrank":"3","country-abbrev":"B.F.","subregion":"Western Africa","region-wb":"Sub-Saharan Africa","iso-a3":"BFA","iso-a2":"BF","woe-id":"23424978","continent":"Africa"}},{"type":"Polygon","arcs":[[180,-138,-178,-175]],"id":"TG","properties":{"hc-group":"admin0","hc-middle-x":0.75,"hc-middle-y":0.91,"hc-key":"tg","hc-a2":"TG","name":"Togo","labelrank":"6","country-abbrev":"Togo","subregion":"Western Africa","region-wb":"Sub-Saharan Africa","iso-a3":"TGO","iso-a2":"TG","woe-id":"23424965","continent":"Africa"}},{"type":"Polygon","arcs":[[-177,-180,181,-102,182,183,-17]],"id":"NE","properties":{"hc-group":"admin0","hc-middle-x":0.63,"hc-middle-y":0.47,"hc-key":"ne","hc-a2":"NE","name":"Niger","labelrank":"3","country-abbrev":"Niger","subregion":"Western Africa","region-wb":"Sub-Saharan Africa","iso-a3":"NER","iso-a2":"NE","woe-id":"23424906","continent":"Africa"}},{"type":"Polygon","arcs":[[-183,-101,-61,184,185,186,187]],"id":"LY","properties":{"hc-group":"admin0","hc-middle-x":0.51,"hc-middle-y":0.47,"hc-key":"ly","hc-a2":"LY","name":"Libya","labelrank":"3","country-abbrev":"Libya","subregion":"Northern Africa","region-wb":"Middle East & North Africa","iso-a3":"LBY","iso-a2":"LY","woe-id":"23424882","continent":"Africa"}},{"type":"Polygon","arcs":[[-135,188,-46,189]],"id":"LR","properties":{"hc-group":"admin0","hc-middle-x":0.37,"hc-middle-y":0.54,"hc-key":"lr","hc-a2":"LR","name":"Liberia","labelrank":"4","country-abbrev":"Liberia","subregion":"Western Africa","region-wb":"Sub-Saharan Africa","iso-a3":"LBR","iso-a2":"LR","woe-id":"23424876","continent":"Africa"}},{"type":"MultiPolygon","arcs":[[[26,-27]],[[28,-29]],[[30,-31,190]],[[191,-33]],[[-35,192,193,-146]]],"id":"MW","properties":{"hc-group":"admin0","hc-middle-x":0.23,"hc-middle-y":0.33,"hc-key":"mw","hc-a2":"MW","name":"Malawi","labelrank":"6","country-abbrev":"Mal.","subregion":"Eastern Africa","region-wb":"Sub-Saharan Africa","iso-a3":"MWI","iso-a2":"MW","woe-id":"23424889","continent":"Africa"}},{"type":"Polygon","arcs":[[194,-118]],"id":"GM","properties":{"hc-group":"admin0","hc-middle-x":0.26,"hc-middle-y":0.53,"hc-key":"gm","hc-a2":"GM","name":"Gambia","labelrank":"6","country-abbrev":"Gambia","subregion":"Western Africa","region-wb":"Sub-Saharan Africa","iso-a3":"GMB","iso-a2":"GM","woe-id":"23424821","continent":"Africa"}},{"type":"Polygon","arcs":[[195,-167,196,-165,-18,-184,-188,197,198,-160]],"id":"TD","properties":{"hc-group":"admin0","hc-key":"td","hc-a2":"TD","name":"Chad","labelrank":"3","country-abbrev":"Chad","subregion":"Middle Africa","region-wb":"Sub-Saharan Africa","iso-a3":"TCD","iso-a2":"TD","woe-id":"23424777","continent":"Africa"}},{"type":"Polygon","arcs":[[-110,-163,-171,199]],"id":"GA","properties":{"hc-group":"admin0","hc-middle-x":0.57,"hc-middle-y":0.47,"hc-key":"ga","hc-a2":"GA","name":"Gabon","labelrank":"4","country-abbrev":"Gabon","subregion":"Middle Africa","region-wb":"Sub-Saharan Africa","iso-a3":"GAB","iso-a2":"GA","woe-id":"23424822","continent":"Africa"}},{"type":"Polygon","arcs":[[-122,200,-127,-105,201,-156]],"id":"DJ","properties":{"hc-group":"admin0","hc-middle-x":0.8,"hc-middle-y":0.21,"hc-key":"dj","hc-a2":"DJ","name":"Djibouti","labelrank":"5","country-abbrev":"Dji.","subregion":"Eastern Africa","region-wb":"Middle East & North Africa","iso-a3":"DJI","iso-a2":"DJ","woe-id":"23424797","continent":"Africa"}},{"type":"Polygon","arcs":[[202,-77,-153,-38]],"id":"BI","properties":{"hc-group":"admin0","hc-middle-x":0.2,"hc-middle-y":0.59,"hc-key":"bi","hc-a2":"BI","name":"Burundi","labelrank":"6","country-abbrev":"Bur.","subregion":"Eastern Africa","region-wb":"Sub-Saharan Africa","iso-a3":"BDI","iso-a2":"BI","woe-id":"23424774","continent":"Africa"}},{"type":"MultiPolygon","arcs":[[[203,-169,-86]],[[204,-82,-143,-152,205,-84]]],"id":"AO","properties":{"hc-group":"admin0","hc-middle-y":0.63,"hc-key":"ao","hc-a2":"AO","name":"Angola","labelrank":"3","country-abbrev":"Ang.","subregion":"Middle Africa","region-wb":"Sub-Saharan Africa","iso-a3":"AGO","iso-a2":"AO","woe-id":"23424745","continent":"Africa"}},{"type":"Polygon","arcs":[[206,-52,-116,207,-130,-190,-48]],"id":"GN","properties":{"hc-group":"admin0","hc-middle-x":0.38,"hc-middle-y":0.28,"hc-key":"gn","hc-a2":"GN","name":"Guinea","labelrank":"3","country-abbrev":"Gin.","subregion":"Western Africa","region-wb":"Sub-Saharan Africa","iso-a3":"GIN","iso-a2":"GN","woe-id":"23424835","continent":"Africa"}},{"type":"Polygon","arcs":[[-141,208,-148,209,210,211]],"id":"ZW","properties":{"hc-group":"admin0","hc-middle-x":0.63,"hc-middle-y":0.52,"hc-key":"zw","hc-a2":"ZW","name":"Zimbabwe","labelrank":"3","country-abbrev":"Zimb.","subregion":"Eastern Africa","region-wb":"Sub-Saharan Africa","iso-a3":"ZWE","iso-a2":"ZW","woe-id":"23425004","continent":"Africa"}},{"type":"Polygon","arcs":[[212,213,-150,214,-211,215,216],[217]],"id":"ZA","properties":{"hc-group":"admin0","hc-middle-x":0.44,"hc-middle-y":0.59,"hc-key":"za","hc-a2":"ZA","name":"South Africa","labelrank":"2","country-abbrev":"S.Af.","subregion":"Southern Africa","region-wb":"Sub-Saharan Africa","iso-a3":"ZAF","iso-a2":"ZA","woe-id":"23424942","continent":"Africa"}},{"type":"Polygon","arcs":[[-213,218,-216,-210,-147,-194,219,-44,220]],"id":"MZ","properties":{"hc-group":"admin0","hc-middle-x":0.73,"hc-middle-y":0.24,"hc-key":"mz","hc-a2":"MZ","name":"Mozambique","labelrank":"3","country-abbrev":"Moz.","subregion":"Eastern Africa","region-wb":"Sub-Saharan Africa","iso-a3":"MOZ","iso-a2":"MZ","woe-id":"23424902","continent":"Africa"}},{"type":"Polygon","arcs":[[-219,-217]],"id":"SZ","properties":{"hc-group":"admin0","hc-middle-x":0.52,"hc-middle-y":0.48,"hc-key":"sz","hc-a2":"SZ","name":"Swaziland","labelrank":"4","country-abbrev":"Swz.","subregion":"Southern Africa","region-wb":"Sub-Saharan Africa","iso-a3":"SWZ","iso-a2":"SZ","woe-id":"23424993","continent":"Africa"}},{"type":"Polygon","arcs":[[-103,-182,-179,-131,-208,-115,-93]],"id":"ML","properties":{"hc-group":"admin0","hc-middle-x":0.6,"hc-middle-y":0.42,"hc-key":"ml","hc-a2":"ML","name":"Mali","labelrank":"3","country-abbrev":"Mali","subregion":"Western Africa","region-wb":"Sub-Saharan Africa","iso-a3":"MLI","iso-a2":"ML","woe-id":"23424891","continent":"Africa"}},{"type":"Polygon","arcs":[[-149,-212,-215]],"id":"BW","properties":{"hc-group":"admin0","hc-middle-x":0.45,"hc-key":"bw","hc-a2":"BW","name":"Botswana","labelrank":"4","country-abbrev":"Bwa.","subregion":"Southern Africa","region-wb":"Sub-Saharan Africa","iso-a3":"BWA","iso-a2":"BW","woe-id":"23424755","continent":"Africa"}},{"type":"Polygon","arcs":[[221,-107,-126,222,223,-198,-187,224]],"id":"SD","properties":{"hc-group":"admin0","hc-middle-x":0.48,"hc-middle-y":0.45,"hc-key":"sd","hc-a2":"SD","name":"Sudan","labelrank":"3","country-abbrev":"Sudan","subregion":"Northern Africa","region-wb":"Sub-Saharan Africa","iso-a3":"SDN","iso-a2":"SD","woe-id":"-90","continent":"Africa"}},{"type":"Polygon","arcs":[[225,-99,-173]],"id":"MA","properties":{"hc-group":"admin0","hc-middle-x":0.73,"hc-middle-y":0.27,"hc-key":"ma","hc-a2":"MA","name":"Morocco","labelrank":"3","country-abbrev":"Mor.","subregion":"Northern Africa","region-wb":"Middle East & North Africa","iso-a3":"MAR","iso-a2":"MA","woe-id":"23424893","continent":"Africa"}},{"type":"Polygon","arcs":[[-225,-186,226]],"id":"EG","properties":{"hc-group":"admin0","hc-middle-x":0.38,"hc-middle-y":0.57,"hc-key":"eg","hc-a2":"EG","name":"Egypt","labelrank":"2","country-abbrev":"Egypt","subregion":"Northern Africa","region-wb":"Middle East & North Africa","iso-a3":"EGY","iso-a2":"EG","woe-id":"23424802","continent":"Africa"}},{"type":"Polygon","arcs":[[-218]],"id":"LS","properties":{"hc-group":"admin0","hc-middle-y":0.48,"hc-key":"ls","hc-a2":"LS","name":"Lesotho","labelrank":"6","country-abbrev":"Les.","subregion":"Southern Africa","region-wb":"Sub-Saharan Africa","iso-a3":"LSO","iso-a2":"LS","woe-id":"23424880","continent":"Africa"}},{"type":"Polygon","arcs":[[-9,-89,227,-223,-125,-67]],"id":"SS","properties":{"hc-group":"admin0","hc-middle-x":0.51,"hc-middle-y":0.49,"hc-key":"ss","hc-a2":"SS","name":"South Sudan","labelrank":"3","country-abbrev":"S. Sud.","subregion":"Eastern Africa","region-wb":"Sub-Saharan Africa","iso-a3":"SSD","iso-a2":"SS","woe-id":"-99","continent":"Africa"}},{"type":"Polygon","arcs":[[-228,-88,-168,-161,-199,-224]],"id":"CF","properties":{"hc-group":"admin0","hc-middle-x":0.51,"hc-middle-y":0.45,"hc-key":"cf","hc-a2":"CF","name":"Central African Republic","labelrank":"4","country-abbrev":"C.A.R.","subregion":"Middle Africa","region-wb":"Sub-Saharan Africa","iso-a3":"CAF","iso-a2":"CF","woe-id":"23424792","continent":"Africa"}}],"hc-recommended-transform":{"default":{"crs":"+proj=lcc +lat_1=20 +lat_2=-23 +lat_0=0 +lon_0=25 +x_0=0 +y_0=0 +datum=WGS84 +units=m +no_defs","scale":0.0000812423194296,"jsonres":15.5,"jsonmarginX":-999,"jsonmarginY":9851,"xoffset":-5257539.5112,"yoffset":4185728.66873}},"hc-recommended-mapview":{"projection":{"name":"LambertConformalConic","parallels":[20,-23],"rotation":[-25]}}}},"arcs":[[[6946,4774],[-13,-4],[-12,12],[16,2],[9,-10]],[[7045,4845],[6,22],[16,0],[-4,-31],[-18,9]],[[6881,4686],[0,3],[2,-3]],[[6883,4686],[-2,0]],[[6618,4758],[31,47],[-25,7]],[[6624,4812],[31,82],[-2,40],[66,63]],[[6719,4997],[12,-30],[44,69],[54,48],[-14,42]],[[6815,5126],[-69,41],[19,59],[-13,20],[11,63]],[[6763,5309],[36,41],[44,-18],[33,22],[48,-41],[24,29],[77,21],[62,-15],[54,62]],[[7141,5410],[22,-63],[33,-13],[-7,-40],[23,-60],[42,-65],[7,-112],[-22,-61],[-35,-19],[-61,-117]],[[7143,4860],[-52,-9],[-36,27],[-31,-37],[-50,4],[-81,-39],[12,-23],[-39,-69],[11,-28]],[[6877,4686],[-116,0],[-43,-9]],[[6718,4677],[-69,-56],[-38,11]],[[6611,4632],[-3,65],[10,61]],[[3933,5445],[28,-2],[-53,-8],[10,15],[15,-5]],[[3375,5708],[8,91],[-13,120],[13,162],[38,9],[4,42],[47,58],[7,61],[32,43],[-14,71],[-29,39],[13,42]],[[3481,6446],[7,116],[53,65],[5,66],[45,30],[93,9],[34,16],[98,-34],[64,-86],[59,14],[44,30],[39,-3],[72,-53],[116,-13],[34,44],[90,32],[92,-1],[75,-35],[50,-8],[11,25],[95,66],[31,-2]],[[4688,6724],[54,-87]],[[4742,6637],[14,-95],[59,-31],[-9,-92],[-51,-36],[-22,5],[-50,-83],[-16,-72],[-23,-11],[-6,-74],[-41,-23],[-6,-75],[-70,-62],[-4,-58],[-55,-98],[18,-22],[-39,-32],[-29,-61],[-86,87],[-14,-26],[-44,17],[-152,-159],[-7,-96],[-26,-47]],[[4083,5493],[-43,16],[5,-54],[-66,-5],[-49,13],[-36,-28],[-100,-17],[-72,50],[-30,98],[-55,92],[-58,49],[-64,9],[-140,-8]],[[3846,4836],[-19,19],[22,27],[14,-17],[-17,-29]],[[7835,3716],[-15,9],[11,17],[22,9],[-18,-35]],[[7772,4013],[11,19],[24,-103],[-40,42],[5,42]],[[7824,4070],[4,77],[16,-11],[4,-39],[-24,-27]],[[7016,4556],[20,-4],[7,-27],[-38,18],[11,13]],[[7259,3221],[0,10],[-5,12]],[[7254,3243],[-2,2],[-1,1]],[[7251,3246],[-11,8],[-8,9]],[[7232,3263],[-1,2],[-1,3]],[[7230,3268],[-28,178],[-24,33]],[[7178,3479],[-12,15]],[[7166,3494],[-3,2],[-9,9]],[[7154,3505],[-1,1],[-1,0]],[[7152,3506],[-15,-5],[-4,-23]],[[7133,3478],[-61,15],[-59,28]],[[7013,3521],[-65,38],[-48,9],[-53,50],[-45,16]],[[6802,3634],[-70,151],[-2,75],[-54,71],[-49,28],[28,46],[-25,67],[11,43],[-28,31],[7,62]],[[6620,4208],[42,24],[56,106],[39,34],[4,40],[-49,18],[16,62]],[[6728,4492],[34,8],[-1,104],[-43,73]],[[6877,4686],[-1,-7],[5,7]],[[6883,4686],[4,-20],[-31,-124],[37,-52],[-11,-39],[48,62],[17,-25],[102,-12],[75,41],[-32,32],[9,71],[51,59]],[[7152,4679],[430,-277],[-6,-64],[192,-162]],[[7768,4176],[-6,-59],[-43,-128],[8,-44],[75,-70],[9,-36],[-33,-67],[22,-57],[-21,-41],[9,-57],[35,-66],[19,-91],[-11,-14],[89,-55],[-1,-18]],[[7919,3373],[-52,-46],[-87,-48],[-47,-2],[-49,-34],[-28,19],[-46,-5],[-11,-34],[-43,-23],[-73,21],[-31,-22],[-44,4],[-45,40],[-30,-26],[-74,4]],[[1532,5880],[9,-29],[-10,11],[-42,12],[43,6]],[[1810,6001],[-9,-46],[-31,-20],[0,-34],[-91,-87],[-12,-30]],[[1667,5784],[-44,32],[-80,33],[12,22],[-67,51],[-2,47],[-22,-11],[-17,120]],[[1447,6078],[33,8],[39,45],[23,61],[72,18],[77,0],[72,-95],[24,-87],[-30,-49],[53,22]],[[1101,6380],[30,-5],[5,-16],[-40,-2],[5,23]],[[1240,6345],[-47,31],[-8,42],[49,14],[-19,23],[-52,-36],[36,64],[-72,-32],[-93,84]],[[1034,6535],[60,16],[67,-2],[58,33],[176,0]],[[1395,6582],[3,-56],[-32,-16],[30,-22],[0,-40],[-66,-6],[-49,-22],[-41,-75]],[[118,6881],[-23,13],[15,16],[13,-15],[-5,-14]],[[190,6948],[36,-42],[-6,-14],[-34,18],[4,38]],[[258,6949],[8,-21],[-9,-8],[-9,9],[10,20]],[[297,7071],[20,-5],[-14,-25],[-18,4],[12,26]],[[123,7132],[7,-6],[-11,-17],[-11,25],[15,-2]],[[27,7208],[14,-12],[-39,-26],[-2,26],[27,12]],[[9728,4184],[8,-7],[-3,-17],[-7,16],[2,8]],[[4365,9523],[15,-13],[-20,-20],[-18,31],[23,2]],[[4434,9424],[-7,-75],[15,-24],[-84,-46],[-92,-100],[20,-69],[-49,-78],[-42,-17]],[[4195,9015],[-57,255],[-87,68],[-28,74],[-41,16],[-32,95],[42,72],[48,32],[11,139],[-9,25],[20,113],[23,41]],[[4085,9945],[73,41],[78,13],[50,-21],[-12,-14],[31,-48],[75,49],[10,-30],[-41,-57],[-33,-16],[10,-67],[54,-34],[13,-52],[-68,-96],[-57,-30],[-9,-48],[34,-39],[47,1],[-1,-31],[32,22],[24,-60],[39,-4]],[[8868,2988],[0,-23],[-14,5],[-1,18],[15,0]],[[8528,1280],[-43,-1],[-37,34],[-56,12],[-41,36],[-39,82],[-8,105],[15,26],[-49,87],[-16,83],[34,127],[36,13],[11,47],[70,134],[0,54],[-30,65],[4,34],[-25,53],[-13,134],[58,105],[3,71],[48,-5],[50,42],[42,-8],[10,28],[63,10],[90,70],[-2,-45],[33,12],[-20,31],[48,77],[2,-58],[33,67],[-5,32],[41,39],[-21,41],[11,37],[44,-36],[12,36],[38,15],[26,83],[-9,34],[45,86],[37,-93],[45,-58],[24,-103],[11,-133],[30,-98],[-30,-73],[-23,15],[-17,61],[-32,-17],[26,-139],[-50,-102],[8,-52],[-17,-106],[-34,-89],[-62,-209],[-43,-169],[-42,-131],[-35,-154],[-53,-150],[-57,-35],[-50,-1],[-89,-53]],[[7152,4679],[11,95],[82,8],[-13,31],[-59,-25],[-30,31],[0,41]],[[7141,5410],[48,56],[124,57],[25,-58],[36,1]],[[7374,5466],[15,-25],[97,-1],[152,-114],[47,1],[125,-30],[37,64],[110,58],[43,-45],[93,2]],[[8093,5376],[-65,-108],[-44,-49],[0,-515],[65,-97],[1,-17]],[[8050,4590],[-30,-38],[-48,-6],[5,-28],[-37,-47],[-53,-29],[6,-32],[-30,-52],[-23,-75],[-46,-98],[-26,-9]],[[6551,4558],[1,-40],[-9,-6],[0,15],[8,31]],[[6815,5126],[-94,-94],[-2,-35]],[[6624,4812],[-46,-56],[8,-27],[32,29]],[[6611,4632],[-27,-16],[-16,-24]],[[6568,4592],[-20,13],[-24,-77],[2,-47],[2,-23]],[[6528,4458],[15,-10]],[[6543,4448],[27,-45],[-4,-40]],[[6566,4363],[-14,-98],[14,-66],[-13,-77],[33,-74],[-23,-43],[38,-109],[83,-92],[9,-64],[37,-55]],[[6730,3685],[-199,-35],[-3,-1]],[[6528,3649],[-66,-82],[-2,-63],[23,21]],[[6483,3525],[19,-59],[-5,-99],[-34,-129],[19,-59],[63,-69],[57,-11],[-4,29],[40,11],[-1,-175],[-27,27],[-49,-28],[-99,136],[-85,22],[-55,101],[-58,-62],[-85,14],[-77,37],[-9,61],[-119,-25],[11,37],[-50,34]],[[5935,3318],[-16,-21],[-41,8],[-57,-19],[-58,10],[-36,-30],[-9,55],[18,67],[-18,61],[-37,43],[9,167],[-21,55],[3,101],[-152,0],[11,51],[-39,-11],[-92,0],[-1,-67],[-20,-13],[1,-59],[-143,0],[-75,-11]],[[5162,3705],[-94,191]],[[5068,3896],[-20,107],[-34,10],[-195,-3],[-183,3]],[[4636,4013],[-88,-27],[-28,41]],[[4520,4027],[35,5],[-7,93],[75,58]],[[4623,4183],[34,-23],[43,16],[79,56],[4,-84],[52,10],[44,66],[45,41],[38,13],[41,91],[-7,56],[7,105],[36,37],[38,83],[55,34],[54,69],[-4,45],[28,93],[-10,75],[25,74],[0,85],[66,134],[1,48]],[[5292,5307],[3,70],[-14,45],[22,10],[44,73],[39,31],[38,1],[74,-50],[31,-51],[34,6],[40,-22],[62,1],[84,-23],[58,96],[59,-33],[131,71],[37,-25],[63,15],[6,39],[56,-16],[36,9],[41,-27],[48,-3],[31,22],[38,-18]],[[6353,5528],[40,-66],[77,-45],[42,39],[50,-29],[34,44],[90,-99],[39,-11],[2,-36],[36,-16]],[[9732,1932],[44,-39],[-5,-23],[-56,7],[-16,31],[33,24]],[[8502,3058],[-11,-9],[-3,-18],[-15,34],[29,-7]],[[2003,8607],[381,-258],[84,-59]],[[2468,8290],[-213,-1],[77,-762],[39,-412],[33,-30],[-19,-112],[-462,0],[-58,-17],[-109,7],[-22,-45],[-59,70],[-38,-8],[-11,-89],[-54,-18]],[[1572,6873],[-62,52],[-22,49],[-33,16],[-30,74],[-40,-4],[-63,71],[-71,1],[-90,-23],[-79,-1],[-25,-92]],[[1057,7016],[10,116],[35,85],[17,98],[-21,141],[-39,58],[39,113],[-40,73],[-16,-10],[-30,68],[-17,-55]],[[995,7703],[11,79],[475,0],[-9,161],[-8,35],[18,38],[47,35],[72,31],[1,346],[398,0],[3,179]],[[2468,8290],[0,0]],[[2003,8607],[0,52]],[[2003,8659],[0,140],[128,100],[57,16],[168,14],[26,-12],[32,51],[108,86],[88,28],[10,33],[-31,51],[19,46],[100,20],[-13,35],[51,12],[153,-8],[24,61],[-46,31],[-30,69],[0,121],[-24,67],[13,20],[-55,49]],[[2781,9689],[56,5],[59,36],[10,25],[101,47],[27,-17],[30,37],[111,60],[191,17],[36,28],[64,-5],[43,19],[116,-2],[54,-34],[116,35],[17,23],[69,-24],[57,26],[63,-33],[84,13]],[[4195,9015],[-28,-16],[46,-70],[19,-67],[-6,-119],[20,-56],[-26,-79],[22,-62],[-8,-47],[-43,-21],[-10,-33],[69,-100],[7,-75],[43,-52],[40,10],[102,-39],[48,-105]],[[4490,8084],[-540,-366],[-198,-193],[-194,-47]],[[3558,7478],[-110,-22],[-26,23],[19,30],[-5,60],[-99,36],[-26,31],[-35,-6],[-29,40],[-58,29],[-2,51],[-719,540]],[[7869,7027],[44,-44],[-33,6],[-23,17],[12,21]],[[8242,6586],[-53,-48],[-37,15]],[[8152,6553],[-52,56],[-28,52],[-62,51],[-44,68],[-87,50],[-72,14],[-36,-17],[-16,27],[-79,-30],[-64,63],[-39,-105],[-33,47],[-27,-24],[-66,-3]],[[7447,6802],[-12,118],[63,157],[-8,39],[15,75],[48,-6],[13,41],[84,28],[47,67]],[[7697,7321],[40,-85],[28,-106],[9,-72],[27,-82],[31,-35],[18,33],[50,-82],[30,12],[28,-42],[47,-8],[63,-97],[74,-50],[58,-99],[42,-22]],[[4105,5345],[22,-15],[-32,-62],[-26,9],[36,68]],[[4412,5125],[2,-161],[-185,0]],[[4229,4964],[-55,25],[55,100],[0,61]],[[4229,5150],[23,-25],[160,0]],[[9999,2040],[-5,-54],[-35,-4],[18,67],[22,-9]],[[1054,6708],[-46,107],[-28,41],[-43,14],[48,24],[72,122]],[[1572,6873],[5,-53],[31,-67],[-16,-28],[59,-48],[27,-59],[-1,-74]],[[1677,6544],[-82,1],[-35,-14],[-86,28],[0,17],[-79,6]],[[1034,6535],[-5,34],[2,67]],[[1031,6636],[10,13],[101,-1],[1,23],[72,15],[11,22],[90,-48],[65,13],[-17,35],[-43,-18],[-29,28],[-61,22],[-51,-33],[-126,1]],[[8405,3150],[4,-41],[-37,31],[20,-3],[13,13]],[[8283,3172],[-25,15],[3,61],[14,-6],[8,-70]],[[8081,6389],[-13,-14],[13,-13]],[[8081,6362],[20,-21],[80,21],[37,-12]],[[8218,6350],[-33,-51],[22,-59],[70,-111],[73,-59],[356,-137],[120,0]],[[8826,5933],[-186,-208],[-180,-219],[-117,6],[-101,-43],[-41,-50],[-78,-11],[-30,-32]],[[7374,5466],[-16,20],[3,75],[-59,5],[-41,69],[-29,110],[-53,46],[-70,95],[-80,21],[15,83],[96,6],[17,25],[-5,115]],[[7152,6136],[31,112],[-6,42],[37,43],[44,-1],[11,124],[20,18],[49,94],[58,17],[16,92],[18,29],[17,96]],[[8152,6553],[-75,-129],[4,-35]],[[2673,5531],[-17,2],[18,0]],[[2674,5533],[-1,-2]],[[2027,5872],[31,-1],[25,79],[-27,46],[66,22],[-32,24],[12,87],[-25,-2],[-13,76],[23,30]],[[2087,6233],[39,39],[85,-35],[31,22],[3,42],[31,-13],[21,23],[0,-60],[27,-14],[26,31],[34,2]],[[2384,6270],[36,-14],[31,-58],[34,-31],[123,37],[55,-5],[53,-73],[9,14]],[[2725,6140],[-10,-60],[18,-18],[14,-99],[-41,-54],[-24,-104],[-26,-63],[35,-138],[23,-6],[-7,-59]],[[2707,5539],[-57,-4],[-82,15],[-224,-27],[-128,-53],[-75,-42]],[[2141,5428],[-5,98],[24,71],[-8,38],[-43,18],[-13,41],[-85,31],[32,36],[6,53],[-22,58]],[[2674,5533],[14,0],[19,6]],[[2725,6140],[-28,171],[21,36],[247,2],[64,19]],[[3029,6368],[22,-10],[-12,-59],[58,-49],[-20,-97],[36,-25],[-19,-94],[40,-61],[-16,-11],[9,-122],[-16,-68],[30,-58],[50,-44]],[[3191,5670],[-22,-36],[-81,-8],[-84,-39],[-51,-39],[-94,-27],[-62,-40],[-32,26],[-92,24]],[[6513,2534],[-39,-2],[-52,-43],[-28,1],[-55,-80],[-36,-74]],[[6303,2336],[-38,-15],[-61,25],[-27,-15],[-35,25],[-51,2]],[[6091,2358],[-37,34],[-88,11],[-102,-23]],[[5864,2380],[-75,67],[-78,85],[-15,52],[0,439],[243,0],[-17,30],[21,55],[-8,106],[12,32],[-12,72]],[[6483,3525],[59,54],[17,44],[-31,26]],[[6730,3685],[-12,-39],[39,-8],[28,-32],[17,28]],[[7013,3521],[54,-68],[37,-94],[-43,-34],[9,-47],[-20,-35],[4,-101],[14,-53],[-50,-28],[4,-64],[-23,-71],[24,-48],[24,4]],[[7047,2882],[-360,-133],[22,-92]],[[6709,2657],[-67,3],[-51,-13],[-66,-46],[-12,-67]],[[6091,2358],[-37,1],[-54,-38],[-39,5],[-72,-62],[-33,65],[-40,-1],[-181,-39],[-60,-3],[1,-505],[-121,-6],[0,-380]],[[5455,1395],[1,-505],[-51,-20],[-58,-59],[-40,17],[-71,-9],[-91,27],[-7,67],[-55,20],[-11,-40],[-37,-28]],[[5035,865],[-17,2],[-80,84],[-48,87],[-39,137],[-15,79],[-8,133],[-37,90],[8,180],[-18,80],[-52,68],[-14,46],[-54,88],[-28,92],[-104,202],[-53,77],[-16,83],[6,41]],[[4466,2434],[31,14],[63,-12],[74,40],[94,-64],[31,3],[511,0],[38,-50],[154,-20],[36,5],[57,-24],[71,3],[238,51]],[[6728,4492],[-74,12],[-4,-46],[-25,-23],[-82,13]],[[6528,4458],[-2,24],[59,61],[-17,49]],[[8942,6384],[0,-249],[-116,-202]],[[8218,6350],[38,68]],[[8256,6418],[71,-96],[54,-47],[82,-7],[102,64],[77,-25],[111,67],[96,-4],[59,26],[34,-12]],[[8942,6384],[77,30],[84,18],[63,55],[60,-21],[-26,-90],[11,-87],[27,-12],[-56,-21],[-11,-120],[-50,-83],[-16,-52],[-54,-72],[-3,-31],[-54,-99],[-40,-122],[-47,-93],[-84,-141],[-160,-199],[-72,-81],[-178,-121],[-129,-131],[-168,-206],[-66,-115]],[[4772,6638],[-5,-27],[28,12]],[[4795,6623],[39,-46],[9,-69],[18,-8],[10,-76],[-13,-49],[5,-54],[29,-67],[46,-44],[-115,-10],[-66,8],[-29,-47],[48,-65],[101,-95],[36,-134]],[[4913,5867],[-31,-37],[-60,-138],[-39,-32],[22,-14],[16,-181],[35,-30],[19,-89],[111,-124],[13,-87]],[[4999,5135],[-4,-69],[-111,41],[-42,-4],[-39,28],[-36,-7],[-117,0]],[[4650,5124],[-7,16],[-227,4],[-4,-19]],[[4229,5150],[19,102],[-38,63],[-3,59],[-37,-4],[-41,24],[-4,62],[-51,-3],[9,40]],[[4742,6637],[30,1]],[[4780,6638],[1,-2],[-4,2]],[[4777,6638],[3,0]],[[4999,5135],[34,83],[11,87],[108,34],[46,-24],[75,13],[19,-21]],[[4623,4183],[-27,32],[-55,-28],[-46,-58]],[[4495,4129],[-23,56],[-85,95]],[[4387,4280],[45,59],[20,-24],[35,53],[-31,18],[-15,113],[61,-9],[47,12],[-5,60],[47,-3],[20,-62],[60,-10],[33,47],[41,-56],[45,132],[-8,73],[13,55],[-45,45],[-35,14],[4,55],[72,99],[-34,66],[-47,7],[-66,-30],[-12,55],[18,75]],[[995,7703],[-5,10],[10,81]],[[1000,7794],[152,9],[110,-5],[25,57],[50,62],[23,153],[30,52],[56,27],[30,58],[76,59],[48,167],[37,10],[46,74],[-6,34],[56,18],[81,-21],[63,0],[39,32],[73,4],[-2,75],[16,0]],[[3375,5708],[-99,-13],[-32,-8]],[[3244,5687],[19,8],[-26,55],[8,45],[-4,284],[-21,33],[-11,99],[-68,51],[17,86]],[[3158,6348],[25,9],[39,58],[69,-7],[46,66]],[[3337,6474],[-3,44],[58,25],[89,-97]],[[3158,6348],[-51,2],[-78,18]],[[2384,6270],[2,88],[34,50],[-7,58],[86,43],[21,53],[-11,26],[33,14],[-17,41],[46,49],[61,-42],[25,17],[-2,59],[45,-9],[7,55],[45,33],[53,-12],[7,40],[32,1],[79,45],[35,35],[62,-1],[55,-21]],[[3075,6892],[-8,-50],[57,-120],[39,-14],[3,-72],[68,-58],[69,8],[16,-39],[-21,-16],[39,-57]],[[3244,5687],[-23,-5],[-30,-12]],[[3075,6892],[91,11],[43,40],[262,11],[44,49],[37,98],[7,80],[-1,297]],[[4490,8084],[182,-46],[91,-78],[90,52]],[[4853,8012],[23,-138],[1,-68],[52,-77],[-8,-21],[49,-59],[-26,-65],[-32,-414],[-132,-162],[-65,-101],[-8,-42],[-38,-47],[19,-94]],[[4434,9424],[102,-48],[46,-5],[74,14],[100,-25],[35,-27],[88,-18],[35,-101],[67,-54],[82,-7],[77,-19],[97,-42],[96,-70],[45,3],[49,29],[35,43],[13,55],[-27,69],[18,64],[59,53],[126,51],[65,3],[113,-42],[1,-45],[120,-44],[107,-5],[21,-43]],[[6078,9213],[-35,-38],[16,-83],[-37,-89],[35,-134],[0,-995]],[[6057,7874],[0,-277],[-121,-1],[0,-68]],[[5936,7528],[-962,547],[-121,-63]],[[2141,5428],[-87,32],[-122,78],[-135,143],[-115,73],[-15,30]],[[1810,6001],[57,3],[38,-23],[18,-99],[-14,-27],[41,-33],[32,11],[21,59],[24,-20]],[[7178,3479],[0,0]],[[7154,3505],[-2,1]],[[7133,3478],[6,-39],[37,-62],[-7,-25],[12,-147],[-34,-69],[37,-114],[-2,-54],[38,-42],[-13,-39],[21,-40],[20,37],[45,-55],[-22,93],[-25,30]],[[7246,2952],[27,-26],[93,-134],[-8,-73],[1,-113],[-50,-19],[-29,-55],[17,-22],[2,-59],[-25,1],[-10,42],[-75,88],[-17,41],[40,85],[-9,97],[-18,26],[-76,-14],[-9,-16],[-53,81]],[[1031,6636],[-9,38],[32,34]],[[4795,6623],[32,14],[-28,25],[-19,-24]],[[4777,6638],[-9,7],[4,-7]],[[5936,7528],[1,-523],[-107,-3],[-20,-20],[4,-47],[-35,-75],[-37,-19],[20,-59],[-55,-48],[24,-61],[-41,-38],[0,-58],[33,14],[49,-92],[-9,-55],[45,-40],[-6,-66]],[[5802,6338],[-49,12],[-88,-51],[3,-30],[-89,-94],[-23,-45],[-46,-38],[-161,-18],[-28,-21],[30,-26],[-63,-86],[-110,-9],[-110,-60],[-27,43],[-21,-27],[-69,-29],[-38,8]],[[4387,4280],[-56,66],[-2,19],[-88,86],[-76,114],[11,73],[-40,7],[-40,99],[41,-18],[27,42],[6,101],[23,-29],[38,1],[-38,24],[-22,47],[39,-3],[-9,50],[28,5]],[[8081,6362],[11,11],[-11,16]],[[8242,6586],[25,-30],[6,-67],[-75,-42],[-2,-19],[60,-10]],[[6620,4208],[-38,96],[-16,59]],[[4520,4027],[2,38],[-27,64]],[[5068,3896],[38,-89],[56,-102]],[[4466,2434],[7,107],[-9,94],[29,26],[34,120],[7,91],[21,33],[1,57],[52,64],[-1,23],[51,31],[33,47],[19,66],[6,92],[-11,64],[-67,131],[-24,84],[46,48],[-2,59],[-62,147],[-2,50],[-25,24],[-42,86],[56,9],[53,26]],[[1447,6078],[-35,102],[-105,62],[-18,65],[-49,38]],[[1677,6544],[-14,-29],[38,-24],[34,25],[24,-43],[53,46],[66,-28],[49,45],[39,6],[24,-66],[-7,-35],[57,-40],[-29,-33],[37,-18],[2,-64],[37,-53]],[[6303,2336],[80,105],[43,16],[9,33],[72,6],[34,26],[-28,12]],[[6709,2657],[1,-49],[104,-4],[78,-56],[46,-4],[81,-31],[-17,-36],[23,-58],[-10,-72],[12,-63],[-18,-63],[-23,-6],[21,-40],[-12,-48],[31,-44],[-2,-35],[-44,-73],[-16,-1],[-12,-100],[-135,-153]],[[6817,1721],[-54,16],[-65,-8],[-66,28],[-49,-7]],[[6583,1750],[-34,19],[-4,35],[-121,30],[-43,68],[3,81],[-51,1],[-7,53],[-59,25],[-71,61],[-24,80],[-85,137],[4,18]],[[6916,1104],[29,-2],[65,2]],[[7010,1104],[-42,-186],[-19,-51],[-76,-57],[-68,-83],[-96,-178],[-46,-61],[-75,-62],[-62,-76],[-117,-105],[-91,-61],[-76,-38],[-68,7],[-33,-12],[3,-32],[-90,6],[-12,-28],[-147,28],[-28,-18],[-101,16],[-104,-54],[-95,3],[-47,-12],[-68,-50],[-38,5],[-44,51],[-56,6],[5,30],[-64,-1],[20,40],[-77,145],[52,24],[8,54],[-21,82],[-34,44],[-73,138],[-57,176],[-38,71]],[[5455,1395],[46,-40],[30,-54],[28,-98],[-27,-41],[8,-64],[121,4],[124,121],[15,70],[20,24],[54,4],[56,-48],[106,-28],[94,29],[34,121],[65,16],[53,53],[19,84],[90,58],[71,89],[69,18],[16,32],[36,5]],[[6817,1721],[29,-106],[-2,-35],[41,-74],[16,-66],[-5,-213]],[[6896,1227],[-63,30],[-37,-23],[-40,-78],[2,-47],[43,-55],[97,-15],[3,70],[15,-5]],[[6447,630],[113,49],[1,34],[32,45],[-96,107],[-30,-8],[-77,-39],[-39,-68],[-49,-31],[36,-70],[51,-65],[41,-8],[17,54]],[[6916,1104],[-9,78],[-11,45]],[[7246,2952],[-12,80],[8,31],[-15,72],[21,20],[11,66]],[[7919,3373],[21,-51],[-22,-110],[19,-183],[-6,-94],[36,-115],[-1,-47],[-26,-50],[-3,-43],[-52,-61],[-31,-68],[-93,-64],[-147,-68],[-99,-70],[-73,-99],[-98,-77],[-65,-79],[-47,-25],[-9,-75],[40,-43],[4,-48],[29,-78],[5,-106],[20,44],[5,-113],[-15,-130],[13,-37],[-48,-67],[-55,-30],[-111,-41],[-102,-61],[-43,-55],[39,-48],[17,45],[-11,-122]],[[7490,7874],[1,-48],[27,-52],[14,-99],[-7,-30],[20,-165],[25,-62],[16,4],[48,-53],[63,-48]],[[7152,6136],[-20,0],[-1,101],[-86,91],[-13,103],[16,86],[-57,1],[1,-29],[-80,-1],[32,-40],[8,-91],[-57,-55],[-33,-62],[-52,-57],[-59,-9],[-88,74],[-48,-29],[-16,-41],[-57,-22],[-19,-38],[-97,1],[-18,36],[-98,1],[-63,-11],[-79,93],[-7,31],[-91,-18],[-36,-68],[-27,-127],[-47,-27]],[[5960,6029],[-83,14],[-1,53],[18,15],[0,87],[-41,74],[-51,66]],[[6057,7874],[755,0],[678,0]],[[1000,7794],[6,50],[31,69],[22,5],[28,81],[64,133],[103,114],[15,106],[44,113],[95,60],[55,137],[24,32],[110,24],[68,33],[53,61],[57,31],[52,61],[59,96],[5,39],[-33,39],[4,100],[59,86],[12,77],[89,95],[124,53],[81,54],[64,117],[47,127],[61,18],[18,-47],[57,-48],[48,-13],[85,19],[30,-13],[54,17],[11,-23],[79,-8]],[[6078,9213],[30,-21],[51,15],[182,-34],[68,-35],[61,-4],[74,-36],[57,18],[104,76],[22,-16],[81,27],[37,-19],[48,11],[-18,-32],[38,-30],[29,26],[33,-29],[61,25],[65,-17],[66,27],[76,-218],[-23,-134],[-28,-65],[3,-44],[-42,-26],[-101,107],[-13,64],[-50,61],[-18,67],[-28,-49],[31,-35],[4,-52],[29,-55],[78,-85],[-2,-44],[61,-111],[1,-32],[64,-123],[83,-184],[58,-57],[-24,-2],[-4,-66],[25,-78],[61,-40],[82,-90]],[[6353,5528],[-37,96],[-79,47],[-23,39],[11,37],[-42,48],[-80,46],[-10,46],[-53,70],[-85,25],[5,47]]],"bbox":[-25.316849789525808,-34.81133086771159,57.71386577803557,37.32879358878588],"transform":{"scale":[0.008303901946950833,0.00721473391904165],"translate":[-25.316849789525808,-34.81133086771159]},"title":"Africa","version":"2.0.1","copyright":"Copyright (c) 2022 Highsoft AS, Based on data from Natural Earth","copyrightShort":"Natural Earth","copyrightUrl":"http://www.naturalearthdata.com"}