{"type":"Topology","objects":{"default":{"type":"GeometryCollection","geometries":[{"type":"MultiPolygon","arcs":[[[0]],[[1,2,3,4,5,6,7,8,9,10]]],"id":"IR","properties":{"hc-group":"admin0","hc-middle-x":0.56,"hc-middle-y":0.52,"hc-key":"ir","hc-a2":"IR","name":"Iran","labelrank":"2","country-abbrev":"Iran","subregion":"Southern Asia","region-wb":"Middle East & North Africa","iso-a3":"IRN","iso-a2":"IR","woe-id":"23424851","continent":"Asia"}},{"type":"MultiPolygon","arcs":[[[11]],[[12]],[[13]],[[14]],[[15]],[[16]],[[17]],[[18]],[[19]],[[20]],[[21]],[[22]],[[23]],[[24]],[[25]],[[26]],[[27]],[[28]],[[29]],[[30]],[[31]]],"id":"PH","properties":{"hc-group":"admin0","hc-middle-x":0.36,"hc-middle-y":0.1,"hc-key":"ph","hc-a2":"PH","name":"Philippines","labelrank":"2","country-abbrev":"Phil.","subregion":"South-Eastern Asia","region-wb":"East Asia & Pacific","iso-a3":"PHL","iso-a2":"PH","woe-id":"23424934","continent":"Asia"}},{"type":"MultiPolygon","arcs":[[[32]],[[33,34,35,36,37,38,39,40,41,42]]],"id":"SA","properties":{"hc-group":"admin0","hc-middle-x":0.41,"hc-middle-y":0.48,"hc-key":"sa","hc-a2":"SA","name":"Saudi Arabia","labelrank":"2","country-abbrev":"Saud.","subregion":"Western Asia","region-wb":"Middle East & North Africa","iso-a3":"SAU","iso-a2":"SA","woe-id":"23424938","continent":"Asia"}},{"type":"MultiPolygon","arcs":[[[43]],[[44]],[[45]],[[46]],[[47]],[[48]],[[49]],[[50]],[[51]],[[52]],[[53]],[[54]],[[55]]],"id":"JP","properties":{"hc-group":"admin0","hc-middle-x":0.59,"hc-middle-y":0.52,"hc-key":"jp","hc-a2":"JP","name":"Japan","labelrank":"2","country-abbrev":"Japan","subregion":"Eastern Asia","region-wb":"East Asia & Pacific","iso-a3":"JPN","iso-a2":"JP","woe-id":"23424856","continent":"Asia"}},{"type":"MultiPolygon","arcs":[[[56]],[[57,58]],[[59,60,61,62,63,64]]],"id":"TH","properties":{"hc-group":"admin0","hc-middle-x":0.46,"hc-middle-y":0.29,"hc-key":"th","hc-a2":"TH","name":"Thailand","labelrank":"3","country-abbrev":"Thai.","subregion":"South-Eastern Asia","region-wb":"East Asia & Pacific","iso-a3":"THA","iso-a2":"TH","woe-id":"23424960","continent":"Asia"}},{"type":"MultiPolygon","arcs":[[[65]],[[66]],[[67,68]],[[69,70,71,-36]]],"id":"OM","properties":{"hc-group":"admin0","hc-middle-x":0.75,"hc-key":"om","hc-a2":"OM","name":"Oman","labelrank":"4","country-abbrev":"Oman","subregion":"Western Asia","region-wb":"Middle East & North Africa","iso-a3":"OMN","iso-a2":"OM","woe-id":"23424898","continent":"Asia"}},{"type":"MultiPolygon","arcs":[[[72]],[[73,-37,-72]]],"id":"YE","properties":{"hc-group":"admin0","hc-middle-x":0.44,"hc-middle-y":0.48,"hc-key":"ye","hc-a2":"YE","name":"Yemen","labelrank":"3","country-abbrev":"Yem.","subregion":"Western Asia","region-wb":"Middle East & North Africa","iso-a3":"YEM","iso-a2":"YE","woe-id":"23425002","continent":"Asia"}},{"type":"MultiPolygon","arcs":[[[74]],[[75]],[[76]],[[77,78,79,80,81,82,83,84,85,86]]],"id":"IN","properties":{"hc-group":"admin0","hc-middle-x":0.32,"hc-middle-y":0.46,"hc-key":"in","hc-a2":"IN","name":"India","labelrank":"2","country-abbrev":"India","subregion":"Southern Asia","region-wb":"South Asia","iso-a3":"IND","iso-a2":"IN","woe-id":"23424848","continent":"Asia"}},{"type":"MultiPolygon","arcs":[[[87]],[[88,89]]],"id":"KR","properties":{"hc-group":"admin0","hc-middle-x":0.38,"hc-middle-y":0.39,"hc-key":"kr","hc-a2":"KR","name":"South Korea","labelrank":"2","country-abbrev":"S.K.","subregion":"Eastern Asia","region-wb":"East Asia & Pacific","iso-a3":"KOR","iso-a2":"KR","woe-id":"23424868","continent":"Asia"}},{"type":"MultiPolygon","arcs":[[[90]],[[91,92,-82]]],"id":"BD","properties":{"hc-group":"admin0","hc-middle-x":0.44,"hc-middle-y":0.68,"hc-key":"bd","hc-a2":"BD","name":"Bangladesh","labelrank":"3","country-abbrev":"Bang.","subregion":"Southern Asia","region-wb":"South Asia","iso-a3":"BGD","iso-a2":"BD","woe-id":"23424759","continent":"Asia"}},{"type":"Polygon","arcs":[[93]],"id":"SP","properties":{"hc-group":"admin0","hc-middle-x":0.58,"hc-middle-y":0.51,"hc-key":"sp","hc-a2":"SP","name":"Spratly Islands","labelrank":"6","country-abbrev":"Spratly Is.","subregion":"South-Eastern Asia","region-wb":"East Asia & Pacific","iso-a3":"-99","iso-a2":"SP","woe-id":"23424921","continent":"Asia"}},{"type":"MultiPolygon","arcs":[[[94]],[[95]],[[-78,96,-86,97,98,99,100,101,102,103,104,105,106,107,108,109,110,111,112,113,114,-80,115]],[[116]]],"id":"CN","properties":{"hc-group":"admin0","hc-middle-x":0.42,"hc-middle-y":0.56,"hc-key":"cn","hc-a2":"CN","name":"China","labelrank":"2","country-abbrev":"China","subregion":"Eastern Asia","region-wb":"East Asia & Pacific","iso-a3":"CHN","iso-a2":"CN","woe-id":"23424781","continent":"Asia"}},{"type":"Polygon","arcs":[[117]],"id":"BH","properties":{"hc-group":"admin0","hc-middle-x":0.46,"hc-key":"bh","hc-a2":"BH","name":"Bahrain","labelrank":"4","country-abbrev":"Bahr.","subregion":"Western Asia","region-wb":"Middle East & North Africa","iso-a3":"BHR","iso-a2":"BH","woe-id":"23424753","continent":"Asia"}},{"type":"MultiPolygon","arcs":[[[118]],[[-92,-81,-115,119,-62,120],[121]]],"id":"MM","properties":{"hc-group":"admin0","hc-middle-x":0.45,"hc-middle-y":0.36,"hc-key":"mm","hc-a2":"MM","name":"Myanmar","labelrank":"3","country-abbrev":"Myan.","subregion":"South-Eastern Asia","region-wb":"East Asia & Pacific","iso-a3":"MMR","iso-a2":"MM","woe-id":"23424763","continent":"Asia"}},{"type":"MultiPolygon","arcs":[[[122]],[[123]],[[124]],[[125]],[[126]],[[127]],[[128]],[[129]],[[130]],[[131]],[[132]],[[133]],[[134]],[[135]],[[136]],[[137]],[[138]],[[139]],[[140]],[[141]],[[142]],[[143]],[[144]],[[145]],[[146]],[[147]],[[148]],[[149]],[[150]],[[151]],[[152]],[[153]],[[154]],[[155]],[[156]],[[157]],[[158]],[[159]],[[160]],[[161]],[[162]],[[163]],[[164]],[[165]],[[166]],[[167]],[[168]],[[169]],[[170]],[[171]],[[172]],[[173]],[[174]],[[175]],[[176]],[[177]],[[178]],[[179]],[[180,181,182,183]],[[184,185]],[[186],[187]],[[188]],[[189,190]],[[191]],[[192]],[[193]],[[194]],[[195]]],"id":"ID","properties":{"hc-group":"admin0","hc-middle-x":0.39,"hc-middle-y":0.39,"hc-key":"id","hc-a2":"ID","name":"Indonesia","labelrank":"2","country-abbrev":"Indo.","subregion":"South-Eastern Asia","region-wb":"East Asia & Pacific","iso-a3":"IDN","iso-a2":"ID","woe-id":"23424846","continent":"Asia"}},{"type":"Polygon","arcs":[[196]],"id":"SG","properties":{"hc-group":"admin0","hc-middle-x":0.51,"hc-middle-y":0.59,"hc-key":"sg","hc-a2":"SG","name":"Singapore","labelrank":"6","country-abbrev":"Sing.","subregion":"South-Eastern Asia","region-wb":"East Asia & Pacific","iso-a3":"SGP","iso-a2":"SG","woe-id":"23424948","continent":"Asia"}},{"type":"MultiPolygon","arcs":[[[197]],[[198]],[[199]],[[200]],[[201]],[[202]],[[203]],[[204]],[[205]],[[206]],[[207]],[[208]],[[209]],[[210]],[[211]],[[212]],[[213]],[[214]],[[215]],[[216]],[[217]],[[218]],[[219]],[[220]],[[221]],[[222]],[[223]],[[224]],[[225]],[[226]],[[227]],[[228]],[[229]],[[230]],[[231]],[[232]],[[233]],[[234]],[[235]],[[236]],[[237]],[[238]],[[239]],[[240]],[[241]],[[242]],[[243]],[[244]],[[245]],[[246]],[[247]],[[248]],[[249]],[[250]],[[251]],[[252]],[[253]],[[254]],[[255]],[[256]],[[257]],[[258]],[[259]],[[260]],[[261]],[[262]],[[263]],[[264]],[[265]],[[266]],[[267]],[[268]],[[269]],[[270]],[[271]],[[272,273,274,275,276,277,278,279,280,281,-110,282,-108,283,-104,284,285,286,287,288,289,290,291,292,293,294,295,296,297,298,299,300,301,302,303,304,305]],[[306]],[[307]],[[308]],[[309]],[[310]],[[311]],[[312]],[[313]],[[314]],[[315]],[[316]],[[317]],[[318]]],"id":"RU","properties":{"hc-group":"admin0","hc-middle-x":0.55,"hc-middle-y":0.51,"hc-key":"ru","hc-a2":"RU","name":"Russia","labelrank":"2","country-abbrev":"Rus.","subregion":"Eastern Europe","region-wb":"Europe & Central Asia","iso-a3":"RUS","iso-a2":"RU","woe-id":"23424936","continent":"Europe"}},{"type":"Polygon","arcs":[[319]],"id":"SH","properties":{"hc-group":"admin0","hc-middle-x":0.54,"hc-middle-y":0.51,"hc-key":"sh","hc-a2":"SH","name":"Scarborough Reef","labelrank":"6","country-abbrev":"S.R.","subregion":"South-Eastern Asia","region-wb":"East Asia & Pacific","iso-a3":"-99","iso-a2":"SH","woe-id":"-99","continent":"Asia"}},{"type":"MultiPolygon","arcs":[[[320]],[[-186,321,-191,322,323,324,325,326]],[[-60,327]]],"id":"MY","properties":{"hc-group":"admin0","hc-middle-x":0.86,"hc-middle-y":0.17,"hc-key":"my","hc-a2":"MY","name":"Malaysia","labelrank":"3","country-abbrev":"Malay.","subregion":"South-Eastern Asia","region-wb":"East Asia & Pacific","iso-a3":"MYS","iso-a2":"MY","woe-id":"23424901","continent":"Asia"}},{"type":"MultiPolygon","arcs":[[[328]],[[329]],[[330,-11,331]],[[332,333,-276,334,-3],[335]]],"id":"AZ","properties":{"hc-group":"admin0","hc-middle-x":0.77,"hc-middle-y":0.42,"hc-key":"az","hc-a2":"AZ","name":"Azerbaijan","labelrank":"5","country-abbrev":"Aze.","subregion":"Western Asia","region-wb":"Europe & Central Asia","iso-a3":"AZE","iso-a2":"AZ","woe-id":"23424741","continent":"Asia"}},{"type":"MultiPolygon","arcs":[[[-336]],[[-2,-331,336,337,-333],[-329],[-330]]],"id":"AM","properties":{"hc-group":"admin0","hc-middle-x":0.56,"hc-middle-y":0.42,"hc-key":"am","hc-a2":"AM","name":"Armenia","labelrank":"6","country-abbrev":"Arm.","subregion":"Western Asia","region-wb":"Europe & Central Asia","iso-a3":"ARM","iso-a2":"AM","woe-id":"23424743","continent":"Asia"}},{"type":"MultiPolygon","arcs":[[[338]],[[339,340,341,-113]]],"id":"VN","properties":{"hc-group":"admin0","hc-middle-x":0.58,"hc-middle-y":0.91,"hc-key":"vn","hc-a2":"VN","name":"Vietnam","labelrank":"2","country-abbrev":"Viet.","subregion":"South-Eastern Asia","region-wb":"East Asia & Pacific","iso-a3":"VNM","iso-a2":"VN","woe-id":"23424984","continent":"Asia"}},{"type":"MultiPolygon","arcs":[[[342]],[[343]],[[-101,344,345,346]]],"id":"TJ","properties":{"hc-group":"admin0","hc-middle-x":0.34,"hc-middle-y":0.54,"hc-key":"tj","hc-a2":"TJ","name":"Tajikistan","labelrank":"4","country-abbrev":"Tjk.","subregion":"Central Asia","region-wb":"Europe & Central Asia","iso-a3":"TJK","iso-a2":"TJ","woe-id":"23424961","continent":"Asia"}},{"type":"MultiPolygon","arcs":[[[347]],[[348]],[[349,350,351,-346,352,353,354,355,356,357,358],[-343]]],"id":"UZ","properties":{"hc-group":"admin0","hc-middle-x":0.4,"hc-middle-y":0.38,"hc-key":"uz","hc-a2":"UZ","name":"Uzbekistan","labelrank":"3","country-abbrev":"Uzb.","subregion":"Central Asia","region-wb":"Europe & Central Asia","iso-a3":"UZB","iso-a2":"UZ","woe-id":"23424980","continent":"Asia"}},{"type":"MultiPolygon","arcs":[[[359,-183]],[[360,-181]]],"id":"TL","properties":{"hc-group":"admin0","hc-middle-x":0.62,"hc-middle-y":0.31,"hc-key":"tl","hc-a2":"TL","name":"East Timor","labelrank":"5","country-abbrev":"T.L.","subregion":"South-Eastern Asia","region-wb":"East Asia & Pacific","iso-a3":"TLS","iso-a2":"TL","woe-id":"23424968","continent":"Asia"}},{"type":"Polygon","arcs":[[-64,361,-341,362,58]],"id":"KH","properties":{"hc-group":"admin0","hc-middle-x":0.52,"hc-middle-y":0.52,"hc-key":"kh","hc-a2":"KH","name":"Cambodia","labelrank":"3","country-abbrev":"Camb.","subregion":"South-Eastern Asia","region-wb":"East Asia & Pacific","iso-a3":"KHM","iso-a2":"KH","woe-id":"23424776","continent":"Asia"}},{"type":"Polygon","arcs":[[-116,-79]],"id":"BT","properties":{"hc-group":"admin0","hc-middle-x":0.16,"hc-middle-y":0.55,"hc-key":"bt","hc-a2":"BT","name":"Bhutan","labelrank":"5","country-abbrev":"Bhutan","subregion":"Southern Asia","region-wb":"South Asia","iso-a3":"BTN","iso-a2":"BT","woe-id":"23424770","continent":"Asia"}},{"type":"Polygon","arcs":[[-277,-334,-338,363,364,365,-279,366]],"id":"GE","properties":{"hc-group":"admin0","hc-middle-x":0.33,"hc-middle-y":0.51,"hc-key":"ge","hc-a2":"GE","name":"Georgia","labelrank":"5","country-abbrev":"Geo.","subregion":"Western Asia","region-wb":"Europe & Central Asia","iso-a3":"GEO","iso-a2":"GE","woe-id":"23424823","continent":"Asia"}},{"type":"MultiPolygon","arcs":[[[-285,-103,367,-351,368,-357,369,370,-274,371,-306,372,-304,373,374,-301,375,376,-298,377,-296,378,-294,379,380,381,382,-289,383,-287,384]],[[385,-359]]],"id":"KZ","properties":{"hc-group":"admin0","hc-middle-x":0.56,"hc-middle-y":0.46,"hc-key":"kz","hc-a2":"KZ","name":"Kazakhstan","labelrank":"3","country-abbrev":"Kaz.","subregion":"Central Asia","region-wb":"Europe & Central Asia","iso-a3":"KAZ","iso-a2":"KZ","woe-id":"-90","continent":"Asia"}},{"type":"Polygon","arcs":[[386,387,388,389,390,391,392,393]],"id":"IL","properties":{"hc-group":"admin0","hc-middle-x":0.6,"hc-middle-y":0.22,"hc-key":"il","hc-a2":"IL","name":"Israel","labelrank":"4","country-abbrev":"Isr.","subregion":"Western Asia","region-wb":"Middle East & North Africa","iso-a3":"ISR","iso-a2":"IL","woe-id":"23424852","continent":"Asia"}},{"type":"Polygon","arcs":[[394,395,396,397,398,-389]],"id":"SY","properties":{"hc-group":"admin0","hc-middle-x":0.32,"hc-middle-y":0.35,"hc-key":"sy","hc-a2":"SY","name":"Syria","labelrank":"3","country-abbrev":"Syria","subregion":"Western Asia","region-wb":"Middle East & North Africa","iso-a3":"SYR","iso-a2":"SY","woe-id":"23424956","continent":"Asia"}},{"type":"Polygon","arcs":[[399,-392,400,-390,-399,401,-39,402,-394]],"id":"JO","properties":{"hc-group":"admin0","hc-middle-x":0.21,"hc-middle-y":0.69,"hc-key":"jo","hc-a2":"JO","name":"Jordan","labelrank":"4","country-abbrev":"Jord.","subregion":"Western Asia","region-wb":"Middle East & North Africa","iso-a3":"JOR","iso-a2":"JO","woe-id":"23424860","continent":"Asia"}},{"type":"Polygon","arcs":[[403,-354,404,-5,405,-370,-356]],"id":"TM","properties":{"hc-group":"admin0","hc-middle-x":0.57,"hc-key":"tm","hc-a2":"TM","name":"Turkmenistan","labelrank":"4","country-abbrev":"Turkm.","subregion":"Central Asia","region-wb":"Europe & Central Asia","iso-a3":"TKM","iso-a2":"TM","woe-id":"23424972","continent":"Asia"}},{"type":"MultiPolygon","arcs":[[[406,407,408,409]],[[410,411,412,413]],[[414,415,416,417]]],"id":"CNM","properties":{"hc-group":"admin0","hc-middle-x":0.24,"hc-middle-y":0.35,"hc-key":"cnm","hc-a2":"CN","name":"Cyprus No Mans Area","labelrank":"9","country-abbrev":null,"subregion":"Western Asia","region-wb":"Europe & Central Asia","iso-a3":"-99","iso-a2":null,"woe-id":"-99","continent":"Asia"}},{"type":"Polygon","arcs":[[418,-105,-284,-107]],"id":"MN","properties":{"hc-group":"admin0","hc-middle-x":0.48,"hc-middle-y":0.51,"hc-key":"mn","hc-a2":"MN","name":"Mongolia","labelrank":"3","country-abbrev":"Mong.","subregion":"Eastern Asia","region-wb":"East Asia & Pacific","iso-a3":"MNG","iso-a2":"MN","woe-id":"23424887","continent":"Asia"}},{"type":"Polygon","arcs":[[419,420,421,422,-41]],"id":"KW","properties":{"hc-group":"admin0","hc-middle-x":0.64,"hc-middle-y":0.48,"hc-key":"kw","hc-a2":"KW","name":"Kuwait","labelrank":"6","country-abbrev":"Kwt.","subregion":"Western Asia","region-wb":"Middle East & North Africa","iso-a3":"KWT","iso-a2":"KW","woe-id":"23424870","continent":"Asia"}},{"type":"Polygon","arcs":[[423,-420,-40,-402,-398,424,-9,425,-422]],"id":"IQ","properties":{"hc-group":"admin0","hc-middle-x":0.53,"hc-middle-y":0.65,"hc-key":"iq","hc-a2":"IQ","name":"Iraq","labelrank":"3","country-abbrev":"Iraq","subregion":"Western Asia","region-wb":"Middle East & North Africa","iso-a3":"IRQ","iso-a2":"IQ","woe-id":"23424855","continent":"Asia"}},{"type":"Polygon","arcs":[[-69,426,-70,-35,427],[-67]],"id":"AE","properties":{"hc-group":"admin0","hc-middle-x":0.8,"hc-middle-y":0.52,"hc-key":"ae","hc-a2":"AE","name":"United Arab Emirates","labelrank":"4","country-abbrev":"U.A.E.","subregion":"Western Asia","region-wb":"Middle East & North Africa","iso-a3":"ARE","iso-a2":"AE","woe-id":"23424738","continent":"Asia"}},{"type":"Polygon","arcs":[[-120,-114,-342,-362,-63]],"id":"LA","properties":{"hc-group":"admin0","hc-middle-x":0.65,"hc-middle-y":0.59,"hc-key":"la","hc-a2":"LA","name":"Laos","labelrank":"4","country-abbrev":"Laos","subregion":"South-Eastern Asia","region-wb":"East Asia & Pacific","iso-a3":"LAO","iso-a2":"LA","woe-id":"23424872","continent":"Asia"}},{"type":"Polygon","arcs":[[428,-84,429,-7,430,-99]],"id":"PK","properties":{"hc-group":"admin0","hc-middle-x":0.53,"hc-middle-y":0.59,"hc-key":"pk","hc-a2":"PK","name":"Pakistan","labelrank":"2","country-abbrev":"Pak.","subregion":"Southern Asia","region-wb":"South Asia","iso-a3":"PAK","iso-a2":"PK","woe-id":"23424922","continent":"Asia"}},{"type":"Polygon","arcs":[[-429,-98,-85]],"id":"JK","properties":{"hc-group":"admin0","hc-middle-x":0.24,"hc-middle-y":0.39,"hc-key":"jk","hc-a2":"JK","name":"Siachen Glacier","labelrank":"5","country-abbrev":"Siachen","subregion":"Southern Asia","region-wb":"South Asia","iso-a3":"-99","iso-a2":"JK","woe-id":"23424928","continent":"Asia"}},{"type":"Polygon","arcs":[[431,-43]],"id":"QA","properties":{"hc-group":"admin0","hc-key":"qa","hc-a2":"QA","name":"Qatar","labelrank":"5","country-abbrev":"Qatar","subregion":"Western Asia","region-wb":"Middle East & North Africa","iso-a3":"QAT","iso-a2":"QA","woe-id":"23424930","continent":"Asia"}},{"type":"MultiPolygon","arcs":[[[-332,-10,-425,-397,432,-364,-337]],[[433]]],"id":"TR","properties":{"hc-group":"admin0","hc-middle-x":0.38,"hc-middle-y":0.49,"hc-key":"tr","hc-a2":"TR","name":"Turkey","labelrank":"2","country-abbrev":"Tur.","subregion":"Western Asia","region-wb":"Europe & Central Asia","iso-a3":"TUR","iso-a2":"TR","woe-id":"23424969","continent":"Asia"}},{"type":"MultiPolygon","arcs":[[[434,-324]],[[-326,435]]],"id":"BN","properties":{"hc-group":"admin0","hc-middle-x":0.44,"hc-middle-y":0.33,"hc-key":"bn","hc-a2":"BN","name":"Brunei","labelrank":"6","country-abbrev":"Brunei","subregion":"South-Eastern Asia","region-wb":"East Asia & Pacific","iso-a3":"BRN","iso-a2":"BN","woe-id":"23424773","continent":"Asia"}},{"type":"Polygon","arcs":[[-100,-431,-6,-405,-353,-345]],"id":"AF","properties":{"hc-group":"admin0","hc-middle-x":0.35,"hc-middle-y":0.55,"hc-key":"af","hc-a2":"AF","name":"Afghanistan","labelrank":"3","country-abbrev":"Afg.","subregion":"Southern Asia","region-wb":"South Asia","iso-a3":"AFG","iso-a2":"AF","woe-id":"23424739","continent":"Asia"}},{"type":"Polygon","arcs":[[436,-111,-282,437,-89]],"id":"KP","properties":{"hc-group":"admin0","hc-middle-x":0.4,"hc-middle-y":0.64,"hc-key":"kp","hc-a2":"KP","name":"North Korea","labelrank":"3","country-abbrev":"N.K.","subregion":"Eastern Asia","region-wb":"East Asia & Pacific","iso-a3":"PRK","iso-a2":"KP","woe-id":"23424865","continent":"Asia"}},{"type":"Polygon","arcs":[[438,-395,-388]],"id":"LB","properties":{"hc-group":"admin0","hc-middle-x":0.54,"hc-middle-y":0.55,"hc-key":"lb","hc-a2":"LB","name":"Lebanon","labelrank":"5","country-abbrev":"Leb.","subregion":"Western Asia","region-wb":"Middle East & North Africa","iso-a3":"LBN","iso-a2":"LB","woe-id":"23424873","continent":"Asia"}},{"type":"MultiPolygon","arcs":[[[439,-412]],[[440,-416,441,-410]]],"id":"NC","properties":{"hc-group":"admin0","hc-middle-x":0.54,"hc-middle-y":0.64,"hc-key":"nc","hc-a2":"NC","name":"Northern Cyprus","labelrank":"6","country-abbrev":"N. Cy.","subregion":"Western Asia","region-wb":"Europe & Central Asia","iso-a3":"-99","iso-a2":"NC","woe-id":"-90","continent":"Asia"}},{"type":"MultiPolygon","arcs":[[[442,-408]],[[-414,443,-418,444]]],"id":"CY","properties":{"hc-group":"admin0","hc-middle-x":0.41,"hc-middle-y":0.49,"hc-key":"cy","hc-a2":"CY","name":"Cyprus","labelrank":"5","country-abbrev":"Cyp.","subregion":"Western Asia","region-wb":"Europe & Central Asia","iso-a3":"CYP","iso-a2":"CY","woe-id":"-90","continent":"Asia"}},{"type":"Polygon","arcs":[[445]],"id":"TW","properties":{"hc-group":"admin0","hc-middle-x":0.24,"hc-middle-y":0.76,"hc-key":"tw","hc-a2":"TW","name":"Taiwan","labelrank":"3","country-abbrev":"Taiwan","subregion":"Eastern Asia","region-wb":"East Asia & Pacific","iso-a3":"TWN","iso-a2":"TW","woe-id":"23424971","continent":"Asia"}},{"type":"Polygon","arcs":[[-87,-97]],"id":"NP","properties":{"hc-group":"admin0","hc-middle-x":0.4,"hc-middle-y":0.46,"hc-key":"np","hc-a2":"NP","name":"Nepal","labelrank":"3","country-abbrev":"Nepal","subregion":"Southern Asia","region-wb":"South Asia","iso-a3":"NPL","iso-a2":"NP","woe-id":"23424911","continent":"Asia"}},{"type":"Polygon","arcs":[[446]],"id":"LK","properties":{"hc-group":"admin0","hc-middle-x":0.46,"hc-middle-y":0.48,"hc-key":"lk","hc-a2":"LK","name":"Sri Lanka","labelrank":"3","country-abbrev":"Sri L.","subregion":"Southern Asia","region-wb":"South Asia","iso-a3":"LKA","iso-a2":"LK","woe-id":"23424778","continent":"Asia"}},{"type":"Polygon","arcs":[[-368,-102,-347,-352],[-344],[-348],[-349]],"id":"KG","properties":{"hc-group":"admin0","hc-middle-x":0.58,"hc-middle-y":0.38,"hc-key":"kg","hc-a2":"KG","name":"Kyrgyzstan","labelrank":"4","country-abbrev":"Kgz.","subregion":"Central Asia","region-wb":"Europe & Central Asia","iso-a3":"KGZ","iso-a2":"KG","woe-id":"23424864","continent":"Asia"}}],"hc-recommended-transform":{"default":{"rotation":-0.0349065850399,"crs":"+proj=mill +lat_0=0 +lon_0=0 +x_0=0 +y_0=0 +R_A +datum=WGS84 +units=m +no_defs","scale":0.0000412393763639,"jsonres":15.5,"jsonmarginX":-999,"jsonmarginY":9851,"xoffset":2731935.60103,"yoffset":12366575.4662}}}},"arcs":[[[1938,4051],[-39,-15],[3,12],[54,38],[-18,-35]],[[1303,5364],[17,7],[8,-5]],[[1328,5366],[23,30],[63,56],[32,-33],[-1,-36],[-20,-24],[39,-45],[17,3]],[[1481,5317],[17,-88],[66,-23],[22,-39],[39,-33],[54,-16],[102,32],[34,-7],[-6,56]],[[1809,5199],[56,20],[5,26],[37,34],[56,1],[9,18],[51,1],[9,-32],[94,-30],[36,-21],[1,-19],[42,-31],[21,-42],[48,1],[12,-111]],[[2286,5014],[-13,-86],[-23,-33],[12,-21],[-26,-24],[1,-49],[24,-11],[-20,-42],[17,-97],[0,-81],[54,-12],[8,-60],[-61,-105]],[[2259,4393],[28,-48],[40,-93],[55,-31],[4,-112],[34,-11],[-12,-54],[-25,3],[-59,-44],[-17,-111]],[[2307,3892],[-11,-16],[-51,23],[-5,19],[-42,-12],[-71,24],[-42,-2],[-55,26],[-19,115],[-15,32],[-29,5],[-43,-20],[-57,-55],[-33,23],[-38,-1],[-20,31],[-54,44],[-10,28],[-68,36],[-21,81],[-27,43],[1,34],[-33,52],[-5,28],[-30,-18],[-43,40],[-1,-35],[-26,-12]],[[1459,4405],[-33,54],[0,54],[-23,3],[10,82],[-31,76],[-15,-1],[-55,55],[-25,72],[-33,37],[2,50],[33,70],[17,14],[-14,30],[21,36],[-60,15],[-8,46],[-16,14],[-14,66]],[[1215,5178],[-12,62],[-24,28],[4,94],[-14,59],[22,4],[11,36],[15,-14]],[[1217,5447],[41,-68],[45,-15]],[[6089,1722],[0,6],[26,25],[-6,-14],[-20,-17]],[[6182,1802],[-19,9],[7,22],[24,-12],[-12,-19]],[[6235,1868],[-16,19],[17,15],[17,-14],[-18,-20]],[[6490,2227],[-3,-1],[10,34],[6,-29],[-13,-4]],[[6396,2261],[-15,-50],[-32,21],[25,37],[22,-8]],[[6471,2296],[2,-56],[-15,25],[3,23],[10,8]],[[6278,2317],[-5,-15],[-10,6],[12,28],[3,-19]],[[6314,2360],[20,-16],[-27,-105],[11,-56],[-19,-32],[-29,42],[-12,43],[30,30],[-3,46],[12,40],[17,8]],[[6361,2371],[-2,-82],[-42,-88],[7,57],[37,113]],[[6251,2443],[57,-32],[-3,-30],[-35,-52],[-42,-29],[11,132],[12,11]],[[6103,2461],[-9,43],[31,-28],[-6,-27],[-16,12]],[[6347,2509],[18,-69],[-41,50],[-16,-27],[4,70],[35,-24]],[[6242,2537],[-9,-50],[-6,15],[6,33],[9,2]],[[6173,2496],[-23,81],[-25,55],[54,-7],[23,-38],[0,-48],[-29,-43]],[[6224,2637],[15,-10],[-8,-28],[-11,14],[4,24]],[[6377,2693],[11,-22],[-5,-32],[-20,10],[14,44]],[[6229,2798],[4,-34],[-6,-10],[-6,43],[8,1]],[[6439,2319],[7,-72],[-19,49],[1,-39],[-16,13],[0,72],[-25,12],[5,59],[34,-10],[-10,17],[3,24],[-33,49],[-7,33],[59,6],[21,-36],[4,-106],[-21,-18],[-16,31],[1,-63],[12,-21]],[[6365,1871],[-2,73],[14,31],[-34,43],[-36,-35],[-3,28],[-19,-49],[0,48],[-20,-4],[-26,-87],[-12,10],[13,90],[11,21],[40,14],[11,40],[44,10],[7,-49],[23,6],[11,44],[23,-12],[2,62],[22,-27],[7,28],[20,-7],[-9,70],[35,-20],[35,-136],[-5,-42],[14,-60],[-23,-55],[-3,-51],[-8,58],[-18,56],[-2,-50],[-17,13],[-8,-45],[12,-8],[6,-62],[-18,-40],[-21,31],[-54,35],[-12,28]],[[6004,2180],[-31,-45],[-52,-58],[28,76],[23,18],[53,104],[29,33],[-3,47],[18,52],[5,-27],[6,-67],[-30,-53],[-29,-18],[-17,-62]],[[6247,2675],[15,47],[25,-8],[15,-32],[41,-4],[17,-22],[-29,-11],[36,-38],[1,-77],[-51,48],[-9,47],[-42,56],[4,-85],[-18,46],[-38,39],[-20,-33],[-26,-2],[-8,29],[-18,-11],[-3,39],[26,36],[-28,36],[3,-36],[-33,32],[-20,120],[13,35],[21,-23],[1,82],[8,63],[-6,19],[17,107],[33,12],[55,-39],[17,24],[-4,-97],[24,-56],[-19,-84],[-43,-40],[4,-30],[-17,-38],[23,-64],[1,-55],[32,-32]],[[1036,2982],[-3,-10],[-14,24],[11,7],[6,-21]],[[1633,3830],[4,-35],[19,-6]],[[1656,3789],[2,-18],[64,-124],[164,-33],[5,8]],[[1891,3622],[30,-77],[-43,-214],[-195,-108]],[[1683,3223],[-185,-41],[-63,-51],[-37,-73],[-11,-40],[-29,-14],[-17,33],[-83,5],[-17,13],[-93,-10],[-23,18],[-14,-20],[2,-60],[-27,-43]],[[1086,2940],[-3,33],[-27,54],[-2,29],[-37,50],[-34,84],[-17,88],[-28,50],[-56,53],[-37,91],[-8,66],[8,68],[-41,132],[-50,55],[-10,-2],[-24,63],[5,37],[-37,72],[-28,82],[-44,89],[-22,65],[-37,5],[20,135]],[[577,4339],[69,-18],[30,33],[18,40],[46,14],[34,54],[-67,107],[131,54],[11,14]],[[849,4637],[80,-19],[110,-93],[170,-202],[120,-12]],[[1329,4311],[59,-10],[14,-50],[51,0]],[[1453,4251],[28,-76],[24,-31],[6,-37],[52,-57],[1,-101],[20,-31],[23,-76]],[[1607,3842],[11,-19],[15,7]],[[6609,4054],[28,-8],[-26,-22],[7,11],[-9,19]],[[6704,4212],[-8,9],[35,27],[-18,-28],[-9,-8]],[[6784,4458],[11,-9],[-16,-14],[-3,15],[8,8]],[[6819,4469],[-5,-21],[-8,11],[14,40],[-1,-30]],[[6766,4673],[-1,-7],[-14,-21],[2,36],[13,-8]],[[6694,4759],[-1,-43],[-14,-22],[1,18],[14,47]],[[7070,4876],[-12,-15],[-4,9],[21,34],[-5,-28]],[[6708,4871],[-10,-20],[9,59],[10,-6],[-9,-33]],[[7300,5277],[3,-18],[-15,-10],[3,39],[9,-11]],[[6741,4699],[-21,84],[19,-13],[44,53],[34,13],[3,-34],[44,-7],[-15,-34],[26,-1],[8,-37],[-23,-41],[-22,-125],[-44,-41],[-29,26],[8,41],[-8,49],[30,61],[-28,59],[-26,-53]],[[7060,4821],[-24,-20],[-12,-43],[-18,27],[-42,-16],[-21,-57],[-25,-9],[-12,79],[37,72],[8,-20],[28,2],[9,23],[33,22],[39,-60]],[[7494,5558],[20,-30],[22,-92],[-15,-55],[-25,-39],[4,-42],[-28,11],[-10,-52],[7,-56],[-31,-118],[20,-59],[-26,-18],[-5,-40],[-31,-30],[-9,43],[-42,-9],[0,-39],[-20,-29],[-2,56],[-17,-2],[-21,-42],[-88,4],[-13,26],[-8,-40],[23,-36],[-44,-23],[-17,-52],[-33,-3],[-25,35],[0,42],[18,48],[-38,6],[-69,-27],[-47,-36],[-38,19],[-15,-57],[-27,24],[-31,-14],[-26,20],[7,31],[29,2],[65,82],[14,28],[30,18],[22,-16],[72,23],[82,-16],[19,27],[-8,22],[51,95],[0,53],[35,20],[-25,-43],[5,-29],[82,34],[39,69],[38,36],[40,144],[-1,35],[-17,4],[17,53],[-12,25],[29,31],[3,43],[21,-41],[29,-2],[3,44],[-22,-16],[7,45],[23,-21],[10,-74]],[[7447,5683],[-32,-45],[-16,17],[12,45],[-24,28],[6,45],[42,38],[-2,39],[44,-26],[18,24],[-7,38],[19,24],[10,71],[-14,61],[25,38],[66,-100],[63,-47],[58,-22],[33,43],[-17,-63],[18,-49],[17,1],[-57,-41],[-36,5],[-36,-35],[-26,-78],[-98,74],[-48,-30],[-16,25],[-29,-33],[28,-14],[30,-37],[-31,4]],[[4691,2059],[10,-13],[0,-20],[-8,-13],[-2,46]],[[4980,2474],[1,0],[10,-43]],[[4991,2431],[-11,43]],[[4937,1850],[-17,-55],[-17,18],[-29,-29],[-1,65],[-60,49],[-3,-27]],[[4810,1871],[-28,46],[4,27],[-23,21],[-32,79],[-33,10],[-13,42],[4,54],[32,142]],[[4721,2292],[1,36],[30,45],[27,77],[-16,83],[-19,63],[3,58],[-39,71],[-25,81],[24,22],[10,101],[-16,80],[-49,88],[5,15],[-25,60],[24,5],[-5,38],[23,95],[33,-14],[31,19],[61,64],[10,-14]],[[4809,3365],[29,-16],[-6,-67],[52,3],[4,-56],[-19,-67],[9,-40],[-18,-50],[16,-14],[61,81],[39,-39],[47,64],[40,-15],[18,-49],[34,-53],[-3,-90],[18,-41],[23,-13],[17,-43],[-13,-57],[9,-11],[-12,-61],[-15,-9]],[[5139,2722],[-27,10],[-49,-10],[-22,10],[-38,-15],[-37,-78],[-12,-1],[10,-97],[18,-26],[-4,-30],[2,-11]],[[4980,2474],[-26,17],[-32,51],[-65,4],[8,82],[-60,-7],[-2,-131],[-10,-25],[-36,-144],[-10,-54],[7,-95],[39,7],[7,-72],[20,-34],[-5,-87],[52,-71],[37,-2],[33,-63]],[[2117,3350],[-2,19],[17,36],[4,-18],[-19,-37]],[[1962,3896],[-2,-4],[-1,11],[8,-1],[-5,-6]],[[1949,3984],[19,36],[4,-50],[-10,-32]],[[1962,3938],[-8,3],[-5,43]],[[1891,3622],[0,32],[23,84],[-5,20],[35,13],[-16,17],[2,67],[17,-11],[22,23]],[[1969,3867],[14,-51],[36,-59],[106,-48],[49,-100],[17,-5],[-1,-36],[-29,-81],[-27,-32],[-27,-79],[-26,17],[-26,-88],[9,-80],[-60,-21],[-17,-24],[-21,-72],[-58,-10],[-27,-88],[-65,-4],[-60,-37]],[[1756,2969],[-25,71],[-48,183]],[[1787,2545],[35,-1],[23,-16],[-22,-21],[-36,-1],[-16,19],[16,20]],[[1756,2969],[-53,-40],[-4,-70],[-56,-41],[-53,-21],[-24,-21],[-39,-11],[-32,-25],[-26,-51],[-43,2],[-40,-44],[-46,-24],[-68,-10],[-50,-64],[-22,7],[-39,-22],[-31,26],[-14,40],[2,55],[-38,214],[6,71]],[[4390,1958],[14,-6],[-3,-48],[-11,28],[0,26]],[[4320,2339],[0,-23],[-12,-4],[-1,26],[13,1]],[[4349,2647],[-2,-121],[-25,-86],[16,163],[11,44]],[[4031,4179],[32,25],[15,-28],[3,-56]],[[4081,4120],[-11,-18],[24,-36],[47,-13],[37,20],[13,-12],[60,3],[37,15],[-7,57],[-14,-5],[-8,35]],[[4259,4166],[22,-2],[43,20],[1,20],[52,62],[58,37],[18,33],[43,-29],[30,31],[26,2],[53,-112],[24,-11]],[[4629,4217],[0,-35],[-30,-30],[17,-53],[-24,23],[-40,-9],[-72,-85],[7,-45],[-35,-71],[6,-39],[-39,-127],[-52,21],[9,-44],[-4,-54],[-15,-14],[2,-67],[-13,-42],[-26,-2]],[[4320,3544],[-14,141],[-13,49],[-37,-86],[-19,22],[-11,50],[15,53],[49,33],[9,54],[-16,29],[-107,-2],[-37,23],[3,60],[-19,4],[-70,52],[-25,-58],[55,-80],[-32,0],[-27,-56],[48,-46],[-14,-61],[27,-50],[-7,-25],[14,-89]],[[4092,3561],[2,-49],[-34,-13],[-34,9],[8,55],[-31,-54],[-32,-11],[-24,-41],[11,-53],[-39,-74],[-62,-35],[-37,-48],[-51,-101],[-31,-25],[-24,-49],[-62,-60],[1,-49],[-35,-28],[-33,0],[-7,-36],[-22,-29],[-17,17],[-19,-22],[-13,-71],[9,-48],[1,-93],[9,-38],[-12,-94],[-20,-49],[-1,-188],[-29,5],[-31,-92],[8,-17],[-52,-37],[-12,-64],[-35,-32],[-34,31],[-28,56],[-21,118],[-26,121],[-20,63],[-22,36],[-25,90],[-15,113],[-21,85],[-53,148],[-11,109],[-19,107],[-21,190],[14,72],[-1,41],[-16,64],[21,22],[-26,3],[1,48],[-27,-19],[11,-35],[-12,-49],[-74,-53],[-28,10],[-32,37],[-72,123],[44,7],[36,22],[15,42],[-45,-21],[-31,9],[-40,38],[-29,70]],[[2735,3745],[35,13],[1,35],[54,-2],[26,-11],[37,28],[15,-21],[21,19],[-1,30],[-27,81],[-2,28],[-23,0],[-13,31],[6,59],[-46,30],[8,40],[49,89],[33,-34],[67,28],[33,89],[34,26],[30,98],[38,27],[-7,19],[32,59],[21,20],[-11,66],[22,35],[34,26],[-40,21],[-3,40],[-25,-3],[-20,40],[-1,51],[19,33],[-21,5],[-11,40],[33,43],[97,-30],[50,25],[32,41]],[[3311,4959],[49,42]],[[3360,5001],[31,-90],[43,-31],[-13,-32],[3,-57],[38,-41],[7,-57],[-37,-31],[-12,31],[-22,-12],[24,-61],[-1,-67],[22,10],[33,-53],[43,-23],[-5,-18],[54,-39]],[[3568,4430],[-33,-42],[-29,-105],[72,-50],[10,-26],[49,-24],[45,-45],[118,-17],[5,-33],[41,-31],[21,13],[14,-30],[31,4],[28,-22],[20,18],[19,-24],[48,10],[7,32],[-13,38],[10,83]],[[6544,4792],[2,-27],[-36,-12],[1,29],[33,10]],[[6534,5253],[33,50],[57,0],[21,34]],[[6645,5337],[17,-51],[46,-92],[9,-56],[-6,-61],[11,-13],[-6,-62],[-18,-38],[-45,-6],[-4,-22],[-24,16],[-31,-16],[13,-22],[-79,-49],[-18,55],[11,38],[0,58],[23,24],[-20,32],[-10,68],[11,29],[25,-13],[-22,76],[6,21]],[[4226,3587],[4,-16],[-8,-14],[-4,3],[8,27]],[[4320,3544],[4,-73],[-20,17],[-4,-42]],[[4300,3446],[2,-32],[-28,77],[-1,67],[-26,73],[-32,-23],[-29,55],[3,-93],[7,25],[-1,36],[13,-65],[-24,-10],[4,11],[-23,-42],[-6,22],[-56,-39],[-11,53]],[[5831,2332],[-1,0],[0,1],[1,0],[0,-1]],[[6253,4403],[-21,5],[-2,16],[20,-8],[3,-13]],[[6225,4565],[-38,22],[-4,20],[47,-32],[-5,-10]],[[4031,4179],[-63,-5],[-40,29],[-36,-22],[-19,49],[-39,-3],[5,30],[-32,1],[-29,33],[-9,37],[-38,-7],[-22,48],[-21,3],[-46,45],[-3,28],[-45,3],[-20,-37],[-6,19]],[[3360,5001],[-25,-3],[-41,18]],[[3294,5016],[-16,29],[-24,-11],[-17,32],[5,38],[-41,50],[-52,11]],[[3149,5165],[-11,12],[33,10]],[[3171,5187],[18,19],[-18,21],[-8,99],[-27,17],[-35,-8],[-12,92]],[[3089,5427],[20,15],[5,51],[24,4],[30,45],[23,-8],[26,18],[6,-35],[61,37],[9,34],[85,10],[19,36],[61,44],[57,25],[2,19]],[[3517,5722],[-5,47],[43,55],[-30,105],[2,59],[-25,15],[6,24],[108,34],[14,-20],[41,3],[2,28],[-21,11],[18,71],[38,109],[49,-25],[49,0],[7,-17],[47,24],[12,37],[-10,58],[16,52],[52,13],[21,62],[28,-2]],[[3979,6465],[13,4],[19,5]],[[4011,6474],[8,-62],[40,-26],[31,-39],[33,5],[52,-41],[9,-37],[37,-80],[-3,-59],[-23,-57],[14,-33],[51,-14],[122,-12],[26,-29],[72,-46],[22,4],[35,-116],[28,-50],[55,4],[148,-23],[35,11],[106,-17],[26,-36],[67,-19],[42,-27],[51,13],[-1,-23],[34,-7],[12,16],[102,59],[91,18],[85,0],[61,33],[34,56],[65,45],[-36,70],[23,66],[18,13],[105,-37],[27,21],[31,49],[72,5],[35,29],[28,65],[46,5],[60,39],[38,5],[56,-19],[14,13],[-12,49],[-76,87],[-52,1]],[[5955,6346],[-4,-2],[-11,-20]],[[5940,6324],[-12,-14],[-31,24],[-39,0],[-25,-18],[-23,45],[76,184]],[[5886,6545],[70,-34],[58,48],[43,14],[-11,31],[23,39],[40,101],[43,48],[-3,45],[-44,7],[-1,18],[54,56],[95,22],[84,8],[51,-36],[46,-3],[40,-24],[52,-89],[-6,-19],[30,-63],[2,-35],[23,-35],[3,-45],[16,-11],[-4,-43],[37,-31],[46,4],[19,-24],[27,7],[49,-60],[27,1],[-10,-26],[20,-31],[-9,-32],[21,-39],[98,3],[37,43],[84,30],[26,-73],[-41,-48],[-16,-108],[-15,-13],[-36,-109],[-19,-8]],[[6935,6031],[-6,21],[-48,-3]],[[6881,6049],[-12,12],[-25,-41],[-32,-12],[22,-85],[1,-73],[-12,-50],[-45,-19],[8,-22]],[[6786,5759],[-27,48],[-17,-2],[-10,-56],[-23,0],[-29,-44],[-57,-4],[18,-44],[-10,-22],[-58,13],[-22,33],[-19,-16],[-40,-81],[-72,-46],[-34,-41]],[[6386,5497],[-16,-29],[-48,-4],[-65,-41],[-34,-50],[-47,-24],[-2,24],[36,15],[7,31],[-31,1],[15,51],[23,15],[28,54],[-30,36],[-44,9],[-48,-78],[-58,-33],[-34,-75],[-51,-14],[-31,5],[-14,-53],[35,-51],[49,1],[13,-46],[-4,-48],[30,-17],[84,76],[56,-43],[34,15],[37,-18],[-24,-62],[-18,17],[-84,-57],[-3,-33],[-68,-61],[-29,-57],[29,-54],[39,-26],[15,-72],[27,-68],[-2,-36],[34,-31],[28,-47],[0,-29],[-35,23],[-35,-11],[64,-55],[17,-40],[-65,-39],[-17,-34],[42,10],[20,-36],[27,-10],[-12,-28],[2,-62],[-23,24],[5,-103],[-32,-32],[1,37],[-39,-87],[-5,-39],[-53,-54],[12,-42],[-26,-103],[-9,19],[-23,-27],[1,-36],[-62,-60],[-30,-71],[-44,-9],[-27,-77],[-44,-21],[-67,7],[-18,-38],[-40,-5],[-10,38],[-12,-65],[-64,-43],[-36,4],[-25,-29],[-60,-19],[-12,-43],[-17,2],[9,-72],[-31,-7],[-17,74],[5,58],[-39,-6],[0,20],[-45,29],[-29,-41]],[[5322,3491],[-42,13],[-46,42],[-7,47],[13,34],[-17,19],[-41,-2],[-34,50],[-29,-22],[-3,-25],[-54,-44],[-23,30],[-22,-1],[-21,-38],[-34,35],[-22,-39]],[[4940,3590],[-30,4],[-9,-23],[15,-44],[-2,-74],[-28,4],[-9,42]],[[4877,3499],[-2,22],[-60,-36],[-16,66],[-52,12],[22,97],[-41,14],[1,46],[-19,50],[-26,4],[-35,-27],[-6,96],[18,54],[56,67],[-9,25],[13,56],[-4,102],[-26,-4],[-11,66],[-37,42],[-14,-34]],[[4259,4166],[-23,37],[-12,-13],[-41,12],[-16,30],[-43,-24],[-43,-88]],[[5433,3332],[80,-2],[4,-32],[-21,-33],[-19,-75],[-41,-32],[-12,-24],[-56,37],[-5,82],[70,79]],[[1585,4004],[9,-7],[-3,-42],[-6,22],[0,27]],[[4691,2524],[2,19],[11,-20],[-9,-19],[-4,20]],[[4877,3499],[-28,-27],[-12,-54],[-21,-12],[-7,-41]],[[4721,2292],[-13,-39],[-6,77],[17,24],[3,90],[-25,-3],[20,107],[-7,50],[-28,54],[-22,128],[-10,151],[-13,1],[-25,102],[-11,14],[-7,-69],[-11,-23],[-47,-30],[-30,-55],[-30,3],[-50,28],[4,57],[23,108],[-13,82],[-17,56],[-31,21],[-12,31],[17,4],[-7,16],[10,0],[10,-8],[-38,72],[-21,-9],[-44,74],[-7,40]],[[4408,3264],[4,2],[-2,1],[-2,-3]],[[6320,37],[-10,-25],[-23,-12],[34,52],[-1,-15]],[[6103,169],[30,-30],[22,-50],[-24,-23],[-31,34],[-67,46],[15,20],[55,3]],[[6306,270],[-17,-18],[10,27],[19,8],[-12,-17]],[[5890,272],[-11,-53],[-37,-1],[1,50],[24,26],[23,-22]],[[6358,289],[-26,-36],[-21,6],[10,22],[37,8]],[[6376,275],[-4,-17],[-9,11],[15,27],[-2,-21]],[[6398,301],[35,-4],[1,-20],[-45,-12],[9,36]],[[6606,295],[4,10],[19,-6],[6,-15],[-29,11]],[[5809,297],[14,-22],[-31,-48],[-50,78],[67,-8]],[[6736,336],[6,-14],[-5,-14],[-12,15],[11,13]],[[6538,350],[-16,-31],[-26,8],[-8,23],[50,0]],[[6864,407],[-6,-50],[-22,-44],[-12,43],[40,51]],[[5711,436],[9,-11],[-38,-27],[-53,8],[7,27],[75,3]],[[6134,480],[-3,67],[3,9],[4,-23],[-4,-53]],[[6929,565],[5,-13],[-4,-16],[-6,5],[5,24]],[[7026,554],[23,39],[11,-27],[-3,-70],[-24,-1],[-14,32],[7,27]],[[6949,568],[-3,0],[7,36],[5,0],[-9,-36]],[[6227,628],[9,-11],[-7,-28],[-10,21],[8,18]],[[6282,643],[-15,-51],[-17,6],[8,68],[22,11],[2,-34]],[[6310,674],[-17,-54],[17,-15],[-41,-22],[10,28],[11,84],[20,-21]],[[6302,746],[11,-10],[-11,-15],[-9,19],[9,6]],[[6647,788],[-27,-18],[3,20],[17,9],[7,-11]],[[5863,799],[-15,-60],[-5,44],[17,46],[3,-30]],[[6548,841],[25,-29],[-1,-24],[-33,-27],[-36,28],[-13,37],[28,20],[30,-5]],[[4836,840],[-9,-2],[-12,19],[2,21],[19,-38]],[[5290,867],[10,33],[39,-20],[-3,-41],[-22,8],[-16,-20],[-8,40]],[[4815,880],[-12,-9],[-2,38],[14,-20],[0,-9]],[[4784,947],[9,-23],[-16,8],[-1,28],[8,-13]],[[6496,911],[-7,7],[-7,34],[9,10],[5,-51]],[[6454,984],[37,1],[18,-9],[-55,-9],[0,17]],[[6775,994],[5,-17],[-12,-20],[-36,17],[43,20]],[[6385,962],[1,35],[17,4],[44,-26],[-62,-13]],[[7107,1005],[80,-15],[11,-10],[-40,-10],[-51,35]],[[5239,858],[-48,15],[-12,69],[-32,5],[-10,21],[29,44],[29,-7],[21,-94],[30,-11],[-7,-42]],[[6598,1040],[32,-33],[-5,-15],[-44,9],[17,39]],[[6331,1017],[-43,-11],[2,42],[33,-3],[8,-28]],[[4733,1075],[21,-90],[-24,11],[-19,51],[22,28]],[[6804,1083],[17,-11],[-6,-40],[-21,38],[10,13]],[[7104,1106],[27,-4],[23,-40],[-19,-14],[-11,40],[-20,18]],[[5092,1143],[8,-14],[-15,-24],[-6,20],[13,18]],[[6574,1127],[15,17],[7,-35],[9,-27],[-31,45]],[[6241,1152],[0,-14],[-27,-13],[12,19],[15,8]],[[6789,1131],[-20,35],[36,10],[31,-16],[-4,-26],[-43,-3]],[[4705,1138],[-6,-24],[-6,5],[9,30],[3,-11]],[[5102,1186],[10,-29],[-2,-3],[-18,-1],[10,33]],[[5028,1276],[2,-32],[-10,14],[7,18],[1,0]],[[4999,1289],[4,-22],[-19,21],[0,14],[15,-13]],[[5059,1284],[9,2],[12,-17],[-2,-17],[-19,32]],[[5103,1264],[-11,27],[-15,4],[23,14],[3,-45]],[[4632,1341],[36,-58],[-14,-44],[-42,91],[20,11]],[[4948,1347],[16,-9],[1,-23],[-24,18],[7,14]],[[4914,1399],[0,-31],[-9,-7],[-9,39],[18,-1]],[[6631,1422],[27,39],[8,-16],[-13,-47],[-22,24]],[[4537,1490],[37,-59],[-51,46],[6,16],[8,-3]],[[5342,1616],[1,-42],[-22,35],[16,25],[5,-18]],[[6534,1605],[10,27],[-5,34],[12,-28],[-17,-33]],[[7035,488],[4,-6],[-16,-51],[-8,16],[5,64],[15,-21],[17,-10],[11,2],[-7,-11],[-21,17]],[[5991,276],[47,14],[1,-43],[-37,-25],[-95,-26],[-16,10],[5,54],[39,4],[4,31],[40,7],[12,-26]],[[6363,171],[15,-18],[13,34]],[[6391,187],[7,1],[23,23]],[[6421,211],[15,-25],[-5,-31]],[[6431,155],[-42,-73],[-62,-21],[15,81],[21,29]],[[5966,1624],[-16,-19],[2,20]],[[5952,1625],[3,0],[11,-1]],[[4959,1271],[3,-11],[28,-4],[14,-29],[21,5],[23,-56],[-24,-23],[23,-14],[-28,-38],[32,-35],[36,-1],[10,-87],[23,-48],[47,-11],[30,-94],[-16,-44],[8,-18],[-11,-214],[-30,38],[-13,-34],[-32,32],[6,-46],[-28,29],[-38,76],[-51,48],[-40,55],[-5,38],[-39,42],[-34,71],[-14,60],[-31,83],[-7,47],[-31,57],[-14,42],[-31,19],[-3,38],[-36,141],[-57,52],[-3,49],[-55,95],[-22,7],[-65,109],[-17,82],[47,-9],[16,-24],[88,-3],[28,-40],[6,-37],[18,-13],[2,-37],[94,-97],[52,-110],[19,-18],[13,33],[21,-56],[48,-42],[7,-21],[-1,23],[17,-17],[0,-19],[1,6],[38,-39],[-33,2],[-10,10]],[[4959,1271],[2,11],[-9,9],[7,-20]],[[7301,487],[-25,106],[-56,44],[-25,10],[-56,42],[-49,8],[-58,63],[0,-16],[-47,49],[-23,-54],[-18,-5],[-16,45],[14,15],[-39,65],[-23,4],[14,25],[35,-14],[20,35],[50,-18],[11,27],[-44,21],[-40,-10],[-40,21],[-18,63],[-54,8],[18,68],[42,14],[13,24],[40,11],[45,-39],[37,-1],[21,-67],[-8,-63],[-1,-40],[20,-59],[8,45],[7,-57],[19,-39],[32,-3],[52,85],[8,38],[54,15],[-6,31],[42,33],[135,-95],[20,5],[52,-31],[0,-699],[-67,106],[-72,-3],[2,9],[-10,-13],[8,-1],[4,-18],[-22,-2],[7,18],[-14,-19],[-53,-4],[26,88],[50,24],[17,-21],[-5,-24],[7,26],[-26,39],[1,61],[-16,24]],[[5944,1624],[11,-55],[-42,1],[38,-26],[-22,-20],[18,-14],[31,-89],[-15,-40],[74,-101],[-14,-16],[-47,13],[-17,-12],[-22,-77],[-2,-68],[11,-29],[-21,-1],[-17,-42],[-31,-30],[-11,-32],[15,-49],[-42,-149],[-87,-61],[-8,74],[-29,14],[-27,-11],[-39,58],[-1,-26],[-26,-28],[-21,12],[-30,-26],[-6,80],[-70,-29],[-25,9],[-23,204],[-20,12],[11,-15],[-19,-18],[-3,32],[10,2],[-21,14],[4,29],[-19,36],[17,28],[-25,35],[-4,54],[15,78],[36,56]],[[5429,1401],[-8,-21],[21,-52],[46,-60],[42,25],[40,-7],[24,47],[54,9],[41,-33],[17,24],[39,-1],[21,49],[-4,37],[28,29],[-9,34],[26,22],[9,45],[-4,49],[20,52],[35,-10],[54,6],[23,-21]],[[6251,247],[43,46],[-10,-43],[-66,-30],[-25,9],[-32,-13],[-21,13],[-44,-8],[-22,30],[41,33],[50,-5],[34,-29],[33,19],[19,-22]],[[5666,338],[47,17],[29,-22],[-7,-62],[16,-39],[-41,16],[-50,38],[-35,-19],[-57,21],[-7,-13],[-78,29],[-29,24],[-75,29],[-36,-23],[-59,36],[-58,9],[1,46],[-38,17],[-45,-2],[-5,17],[17,-13],[25,40],[15,60],[61,-22],[3,18],[69,-45],[16,9],[16,-55],[122,-21],[12,48],[17,11],[15,-31],[22,8],[37,-30],[35,0],[10,-69],[35,-27]],[[6789,841],[19,-48],[-2,-32],[-84,61],[-4,-18],[-40,28],[-25,-29],[-23,43],[-13,-52],[1,57],[15,17],[61,-9],[21,18],[74,-36]],[[6326,1095],[-9,-31],[-33,14],[-28,-63],[-37,-23],[-7,-21],[-25,13],[65,-122],[-4,-80],[43,-57],[-4,-26],[-48,-9],[-8,-36],[-33,22],[9,60],[-47,59],[12,85],[-20,15],[-37,-36],[12,-28],[-2,-78],[6,-75],[-12,-56],[3,-39],[-48,-16],[-14,33],[17,112],[-21,95],[-24,-15],[-10,77],[24,44],[12,51],[0,81],[26,63],[4,94],[17,54],[33,4],[23,63],[37,-25],[153,-32],[49,40],[-2,17],[38,41],[-16,-82],[-37,-62],[-71,-8],[-11,21],[-82,-11],[-7,11],[-53,-10],[-33,5],[-25,-74],[7,-48],[20,-27],[17,-53],[27,-3],[27,61],[40,-7],[6,17],[49,5],[18,17],[14,-21]],[[6642,1075],[-42,78],[-3,113],[-14,43],[11,56],[22,46],[8,-69],[-26,-58],[10,-20],[43,79],[17,3],[-1,-54],[-25,-18],[0,-25],[23,-13],[13,-33],[-59,26],[-5,-54],[28,-100]],[[5053,1331],[9,-5],[-10,-13],[-13,5],[14,13]],[[7812,5964],[-35,-52],[-4,10],[25,50],[14,-8]],[[7973,6061],[-72,-35],[-48,-63],[-6,6],[66,80],[48,30],[12,-18]],[[8087,6158],[-23,-33],[-50,-37],[50,64],[23,6]],[[8193,6256],[7,-1],[-33,-40],[2,11],[24,30]],[[8367,6524],[-3,-30],[-7,-9],[-7,12],[17,27]],[[8448,6617],[-15,-26],[-43,-21],[-2,25],[34,14],[23,39],[3,-31]],[[8467,6635],[-15,3],[14,20],[8,-12],[-7,-11]],[[7217,7112],[-10,-18],[-22,-1],[24,21],[8,-2]],[[7257,7117],[21,-14],[-26,-41],[-14,28],[19,27]],[[9087,7141],[19,-22],[26,-33],[-19,0],[-26,55]],[[8998,7554],[3,-35],[-68,-33],[25,51],[40,17]],[[647,8195],[-2,-11],[-15,-7],[-17,14],[34,4]],[[2807,8374],[52,-11],[-3,-20],[-32,9],[-17,22]],[[1562,8608],[-99,-25],[-24,20],[5,39],[63,25],[58,-27],[-3,-32]],[[8790,8671],[8,-61],[-24,12],[-4,38],[20,11]],[[2677,8659],[-12,-8],[-10,6],[24,18],[-2,-16]],[[8792,8657],[-1,19],[15,-2],[-1,-13],[-13,-4]],[[9312,8695],[-36,-22],[-72,29],[33,21],[75,-17],[0,-11]],[[2623,8806],[10,-36],[-10,11],[-4,15],[4,10]],[[1733,8872],[30,-28],[-13,-20],[-49,33],[32,15]],[[9999,8827],[-76,-20],[-13,25],[18,22],[70,31],[1,-58]],[[7262,8890],[-7,-16],[-48,12],[13,4],[42,0]],[[3359,8968],[-56,-1],[45,37],[51,-15],[-40,-21]],[[6708,9019],[-66,4],[44,13],[26,-7],[-4,-10]],[[3473,9035],[2,-20],[-64,13],[36,26],[26,-19]],[[3168,9053],[-24,-20],[-24,14],[7,9],[41,-3]],[[6089,9047],[-10,8],[24,7],[13,-14],[-27,-1]],[[2932,9074],[11,-12],[-98,-15],[6,39],[64,13],[17,-25]],[[3254,9104],[-24,-12],[-19,0],[8,11],[35,1]],[[3679,9161],[31,7],[25,-4],[-11,-9],[-45,6]],[[7125,9170],[33,-20],[-8,-12],[-46,31],[21,1]],[[7436,9142],[-20,33],[43,6],[10,-29],[-33,-10]],[[5670,9189],[-37,-28],[-86,27],[36,21],[84,-6],[3,-14]],[[3860,9205],[-12,-4],[-10,8],[25,4],[-3,-8]],[[3892,9214],[14,-5],[-26,-10],[-10,3],[22,12]],[[3966,9254],[-12,-12],[-42,2],[15,14],[39,-4]],[[3637,9275],[-12,18],[-23,7],[43,15],[-8,-40]],[[7131,9300],[-26,0],[15,52],[31,-25],[-20,-27]],[[4591,9396],[-22,-12],[-72,5],[34,11],[60,-4]],[[5616,9434],[7,-17],[-11,-1],[-33,19],[37,-1]],[[4535,9437],[22,6],[16,1],[-14,-11],[-24,4]],[[8002,9435],[-52,-1],[27,12],[35,4],[-10,-15]],[[4087,9474],[-11,-1],[-10,11],[31,5],[-10,-15]],[[4574,9483],[-37,-5],[-42,-4],[82,23],[-3,-14]],[[4136,9493],[-28,-3],[-12,9],[31,10],[9,-16]],[[5299,9600],[-13,-12],[-68,9],[32,5],[49,-2]],[[5241,9615],[-36,-11],[-14,2],[32,14],[18,-5]],[[3261,9760],[86,-12],[-58,-6],[-34,10],[6,8]],[[1634,9798],[13,-9],[-56,8],[28,12],[15,-11]],[[2125,9789],[-34,3],[83,20],[26,-14],[-75,-9]],[[1557,9805],[-33,11],[24,8],[21,-1],[-12,-18]],[[2016,9836],[-10,-31],[-80,4],[18,26],[72,1]],[[1771,9842],[34,-14],[-24,-11],[-85,11],[75,14]],[[1899,9835],[12,-7],[-27,-6],[-6,21],[21,-8]],[[1867,9846],[-27,-6],[15,13],[28,0],[-16,-7]],[[1831,9862],[-1,-19],[-29,6],[6,15],[24,-2]],[[2138,9885],[-37,-6],[-37,8],[58,9],[16,-11]],[[1903,9892],[40,-7],[-71,-9],[-58,12],[89,4]],[[3512,9902],[13,-11],[-78,-6],[7,16],[58,1]],[[2111,9901],[-45,9],[12,8],[38,-7],[-5,-10]],[[2288,9904],[-80,3],[36,9],[69,2],[-25,-14]],[[1955,9919],[35,0],[102,-20],[-70,-3],[-67,23]],[[1605,9912],[-26,-3],[10,16],[29,-7],[-13,-6]],[[4239,9915],[-87,3],[6,12],[89,-3],[-8,-12]],[[2055,9921],[-47,4],[58,8],[14,-4],[-25,-8]],[[1995,9948],[67,-12],[-129,-10],[-24,16],[71,-8],[15,14]],[[2166,9928],[-61,13],[35,9],[18,-4],[8,-18]],[[2061,9964],[50,-13],[-50,-3],[-68,7],[68,9]],[[2139,9986],[-66,-5],[-1,14],[81,4],[-14,-13]],[[3663,9362],[7,5],[44,-4],[-51,-1]],[[2358,9977],[18,7],[67,-3],[-14,-11],[-71,7]],[[2103,9849],[53,-14],[-77,-8],[22,-11],[-64,-4],[-31,38],[97,-1]],[[4223,9782],[10,10],[36,13],[126,-14],[-72,-28],[-34,15],[-66,4]],[[3663,9362],[-13,-8],[1,8],[12,0]],[[2358,9977],[-19,-7],[2,9],[17,-2]],[[1395,6613],[-42,-68]],[[1353,6545],[-8,-54],[16,-13],[-36,-86],[39,-15],[3,-49],[61,-5],[31,-38],[31,-69],[-36,-12],[50,-36]],[[1504,6168],[-68,-64],[-36,-3],[-28,-79],[-32,-57],[35,-25],[24,-48],[-9,-80],[72,-127]],[[1462,5685],[-46,-69],[-39,11],[-35,59],[-20,3]],[[1322,5689],[-52,37],[5,30],[-54,28],[-60,-23],[-9,21]],[[1152,5782],[-90,52]],[[1062,5834],[-57,0],[-58,33]],[[947,5867],[-43,-15]],[[904,5852],[-66,81],[-52,27],[-19,31],[-84,56],[16,26],[18,-22],[41,7],[-9,38],[24,40],[38,10],[-38,26],[-15,33],[99,36],[0,27],[-68,-16],[9,53],[31,26],[60,-1],[15,48],[-20,80],[30,25],[-62,66],[-66,21],[-12,-17],[-35,56],[-55,-23],[-32,24],[-27,-10],[-39,91],[-59,7],[-6,76],[-19,44],[-57,-12],[-37,8],[-30,-31],[-21,30],[-10,96],[44,-13],[41,38],[-17,30],[-47,8],[5,29],[-32,19],[-10,42],[-25,18],[14,25],[-7,63],[-66,24],[-27,-15],[-5,28],[-71,10],[-10,53],[-33,34],[14,48],[-32,26],[12,30],[41,21],[-42,25],[18,25],[-5,58],[24,85],[57,3],[13,19],[66,-13],[-22,30],[-80,19],[5,44],[-58,-21],[91,75],[93,101],[40,34],[21,44],[-22,31],[-81,59],[38,51],[-34,19],[1,43],[-30,22],[15,23],[-8,46],[25,2],[-13,50],[-52,78],[1,17],[58,74],[-46,43],[-40,13],[-14,37],[23,31],[-23,7],[94,49],[25,29],[36,-10],[-1,30],[64,-12],[16,29],[69,-33],[-62,-1],[24,-15],[223,-35],[111,-51],[49,-38],[102,-37],[66,-34],[22,-74],[-59,-66],[-72,-29],[-92,-5],[-67,21],[-99,15],[-36,21],[-87,12],[-79,43],[45,-64],[100,-45],[26,-44],[-29,-36],[33,-56],[-12,-32],[42,-29],[25,5],[32,-35],[65,-21],[46,15],[0,39],[-57,9],[-44,56],[36,27],[68,-34],[98,-33],[19,14],[10,-3],[-10,5],[26,0],[14,-14],[-7,1],[11,-4],[-10,41],[-43,52],[7,22],[64,42],[35,8],[55,50],[24,-16],[45,6],[60,-60],[-3,46],[23,39],[-13,45],[-31,10],[28,116],[-60,39],[129,-8],[42,-11],[50,-64],[-89,-13],[-26,-44],[42,-17],[17,-30],[47,-8],[75,20],[6,61],[62,17],[155,84],[68,9],[-5,-22],[39,11],[-29,14],[74,34],[38,-9],[-19,-20],[17,-34],[57,-17],[5,23],[66,28],[89,-10],[42,31],[60,17],[34,-26],[-20,-39],[37,-8],[7,36],[45,6],[28,22],[-50,70],[22,16],[-59,-1],[-9,19],[-56,21],[-3,27],[32,16],[22,-14],[73,-47],[0,-21],[19,14],[121,-12],[97,-21],[103,-51],[93,-31],[73,-49],[43,33],[11,32],[-40,3],[-29,57],[-60,22],[-21,-10],[5,43],[30,77],[-42,6],[16,57],[66,25],[35,33],[33,94],[39,18],[128,4],[83,-22],[1,-48],[-42,-70],[-24,-9],[54,-46],[7,-73],[-22,-17],[16,-47],[-12,-20],[5,-76],[70,-48],[-37,-31],[4,-52],[-35,-11],[-24,-49],[-47,-32],[4,-24],[-58,-15],[-55,33],[-57,-1],[10,-21],[82,-30],[50,3],[55,-14],[33,41],[65,23],[26,51],[54,42],[-2,53],[-24,21],[8,34],[48,19],[76,13],[62,-49],[-12,-83],[59,-24],[61,7],[-97,16],[4,40],[40,16],[-31,66],[-60,25],[-81,15],[-26,-16],[-89,8],[10,24],[-25,36],[15,47],[37,37],[-49,79],[-34,20],[31,41],[92,30],[6,60],[19,18],[26,-61],[-28,-32],[16,-45],[-20,-15],[51,-18],[115,-10],[44,-27],[-11,40],[-40,3],[-88,29],[-21,38],[62,14],[42,-22],[34,4],[-12,27],[-30,-6],[42,34],[82,0],[153,-74],[73,10],[30,-12],[-17,-29],[-49,-13],[7,-54],[47,10],[-9,-49],[12,1],[-2,23],[7,17],[3,-17],[-6,-23],[36,4],[-41,83],[32,39],[-17,25],[-77,28],[0,21],[-63,7],[-33,21],[9,40],[-37,42],[36,28],[73,10],[100,-1],[214,27],[25,-32],[5,28],[-65,59],[16,17],[-49,7],[32,18],[47,-21],[9,27],[132,64],[54,13],[233,30],[-33,24],[101,-1],[-6,19],[90,-11],[38,-29],[89,13],[57,23],[68,-17],[-58,51],[41,-6],[87,8],[25,25],[-20,22],[81,46],[71,28],[97,5],[73,-15],[1,-51],[88,-9],[14,-11],[-66,-44],[91,4],[6,21],[157,3],[78,-8],[73,-34],[12,-24],[39,0],[28,-32],[-13,-28],[-74,28],[15,-28],[56,-8],[-2,-25],[-48,-32],[-48,-12],[-142,-59],[-4,-14],[-59,-20],[-60,-41],[-59,-2],[-33,-34],[-26,3],[-49,-61],[48,23],[8,23],[89,-3],[206,56],[-88,10],[31,25],[153,-33],[48,21],[25,-42],[125,22],[197,-13],[1,-41],[86,-20],[205,-14],[39,35],[-19,19],[22,35],[49,9],[133,-42],[42,14],[66,-5],[-6,-16],[96,-34],[-75,-13],[-21,-27],[20,-5],[-8,3],[33,3],[17,-3],[-14,-10],[27,-8],[26,-25],[-38,-19],[-70,39],[124,-138],[72,-41],[44,13],[64,107],[72,-48],[55,-6],[97,27],[136,-44],[-3,36],[47,9],[29,-25],[54,7],[-30,50],[20,26],[-45,-2],[23,36],[102,10],[-34,33],[63,-13],[250,-23],[90,-25],[-93,2],[-27,10],[-35,-29],[43,10],[121,6],[-62,-50],[-49,-1],[8,-20],[53,17],[67,55],[79,-2],[78,-18],[30,-24],[-46,-2],[-24,-21],[62,-4],[-5,-23],[50,6],[64,-23],[38,-45],[94,-2],[149,26],[106,-3],[61,-12],[76,-32],[27,-44],[-27,-40],[40,-25],[40,-2],[2,-57],[41,-19],[-10,48],[57,30],[111,12],[53,-22],[55,3],[82,-10],[56,30],[28,-23],[3,-35],[66,-16],[21,-34],[82,23],[-19,66],[1,55],[222,-25],[98,-3],[184,-39],[106,-55],[0,-422],[-33,-26],[-82,-18],[-60,19],[-82,9],[45,-37],[50,21],[-4,-37],[36,-23],[19,15],[24,-44],[-4,-58],[45,-21],[21,-54],[-44,-37],[-106,23],[-130,-50],[-53,-33],[-31,1],[-130,-104],[-77,-37],[-27,-59],[-29,10],[-16,37],[-31,18],[-74,0],[-68,-26],[-61,-54],[18,70],[-81,-42],[-22,-32],[-20,34],[-56,-7],[-30,-58],[6,-45],[-56,-46],[-27,-62],[35,-36],[12,23],[40,-28],[-32,-34],[-3,-67],[29,-2],[9,-62],[-21,-18],[-30,28],[-29,-15],[-23,-56],[5,-57],[19,-25],[-28,-36],[-64,3],[-45,-39],[-14,-69],[15,-48],[-28,18],[-63,-39],[-24,-100],[-102,-117],[-12,43],[-6,101],[-22,77],[-35,254],[6,68],[26,91],[40,30],[21,41],[-12,38],[43,3],[101,66],[45,50],[9,28],[133,115],[2,23],[62,36],[57,18],[-18,8],[35,38],[6,98],[27,21],[45,-6],[-41,30],[-87,-16],[7,-21],[-25,-59],[4,-29],[-41,18],[-28,-33],[-119,-86],[19,49],[-40,-11],[-4,33],[34,34],[4,42],[-54,-29],[-11,24],[-122,-12],[-52,-28],[-1,-34],[-54,-52],[-57,-39],[-47,-54],[-9,-38],[57,-1],[15,-36],[-45,5],[-30,-17],[-44,20],[-29,-35],[-38,15],[-63,-22],[-18,27],[79,14],[-35,7],[-22,33],[-58,-13],[-60,30],[-51,-25],[7,-32],[-66,17],[-24,-17],[-80,18],[-157,2],[-106,-32],[-44,-55],[-45,-25],[-26,-57],[-119,-94],[-49,-67],[-74,-75],[-100,-82],[33,-36],[75,3],[-14,-85],[28,0],[-3,37],[56,35],[-39,-46],[29,-11],[-28,-44],[38,6],[42,43],[-21,-46],[16,-2],[16,83],[41,-14],[28,11],[30,-43],[76,-80],[-20,-17],[20,-113],[-34,-36],[-31,-114],[15,-53],[-33,-174],[-50,-58],[-55,-99],[-28,-82],[-83,-110],[-46,-79],[-15,-8],[-48,-96],[-80,-68],[-50,-20],[-56,20],[1,48],[-38,-16],[-66,-95]],[[6797,5733],[-4,9],[-7,17]],[[6881,6049],[2,-44],[22,-31],[30,57]],[[5886,6545],[-30,20],[-55,-13],[-41,37],[-30,5],[-70,-50],[-10,-25],[-111,-24],[-40,-24],[-102,22],[-40,-2],[-39,36],[1,29],[-48,8],[-36,35],[-27,-4],[-60,20],[-108,-37],[-86,44],[-10,85],[-51,13],[-57,30],[-33,0],[-73,43],[-11,-30],[-43,-41],[-16,-50],[31,-52],[-12,-49],[-52,-37],[-22,18],[-71,13],[-23,-13],[-58,13],[-25,59],[-103,12],[-22,18],[-58,-41],[-27,-4],[-90,-56],[4,-21],[-53,-29],[-45,1],[-23,-30]],[[3979,6465],[-48,54],[-27,-13],[-59,13],[-18,53],[-47,20],[-29,66],[-25,12]],[[3726,6670],[-62,-29]],[[3664,6641],[-66,2],[-4,24],[-46,38]],[[3548,6705],[-46,-56]],[[3502,6649],[-33,75],[-105,192],[-86,75],[21,53]],[[3299,7044],[-91,-49]],[[3208,6995],[-65,-34]],[[3143,6961],[-24,-10]],[[3119,6951],[-43,-17]],[[3076,6934],[-13,24],[19,32],[-58,19],[-11,-25]],[[3013,6984],[-24,27]],[[2989,7011],[-58,-5],[-1,67],[-23,61],[-41,-17]],[[2866,7117],[-81,33]],[[2785,7150],[-45,-27],[-6,-26],[-142,-36],[-34,1],[-15,-30],[-81,-4],[-58,-24],[-96,-14],[-27,7],[-12,-41]],[[2269,6956],[13,-39]],[[2282,6917],[58,-31]],[[2340,6886],[-68,-7],[-24,-28],[24,-35],[-59,-49]],[[2213,6767],[41,-28]],[[2254,6739],[58,-40]],[[2312,6699],[-19,-51],[-42,-14],[-45,21],[-17,-33],[-55,15],[-40,51],[-35,-3],[-5,-25],[-34,22],[-43,-4],[-55,-57],[-66,53],[-11,-19],[-74,71],[-54,-3],[-11,31],[-36,-29]],[[1670,6725],[-78,15]],[[1592,6740],[-15,-34],[-60,-24],[-1,-27],[-48,-29],[14,-60],[-30,-22],[-57,69]],[[1856,9919],[57,-12],[32,4],[108,-24],[-40,-14],[-24,7],[16,-10],[-72,-4],[-26,9],[81,5],[-89,23],[-58,4],[15,12]],[[1904,9199],[57,4],[-48,19],[56,7],[-32,13],[51,11],[-15,13],[39,36],[45,-7],[-11,20],[40,7],[50,36],[139,18],[-1,21],[85,-9],[107,13],[103,29],[86,39],[98,3],[32,-20],[-1,-24],[-38,-23],[-78,-26],[-374,-84],[-77,-52],[-21,-24],[-38,2],[-10,-22],[-61,15],[35,-37],[-32,-5],[-32,-50],[-64,-52],[-60,6],[39,-8],[-20,-48],[-26,0],[-23,-52],[7,-43],[40,-69],[87,-70],[-92,-4],[-39,19],[-17,-21],[-44,24],[-77,9],[13,22],[47,6],[-54,17],[-9,19],[-91,0],[-30,45],[30,30],[36,-7],[24,60],[-11,24],[45,2],[-10,28],[116,30],[19,-4],[-14,6],[-64,-7],[33,25],[-59,16],[76,24],[38,50]],[[2369,9889],[39,14],[58,2],[44,23],[34,-7],[14,-23],[-66,-20],[-85,-6],[-38,17]],[[7597,6267],[25,-77],[-61,10],[-24,-77],[-18,75],[15,48],[-5,61],[14,37],[-22,88],[20,97],[-7,91],[14,60],[-12,43],[-25,29],[-2,68],[18,69],[-11,38],[34,-1],[33,36],[-30,62],[13,3],[30,-17],[-8,-35],[27,-71],[3,-49],[-12,-89],[25,-68],[16,-101],[32,-114],[-66,15],[-47,-148],[0,-27],[31,-56]],[[7534,9142],[88,-40],[11,-33],[-26,-7],[-155,25],[-53,-8],[-4,15],[51,15],[29,29],[59,4]],[[7842,9299],[105,6],[14,-23],[33,6],[113,-15],[-17,-25],[-91,-15],[-68,5],[-136,47],[21,38],[26,-24]],[[7719,9291],[-37,-27],[-93,10],[-26,26],[33,36],[-44,2],[-16,-22],[35,-46],[71,-17],[-88,-12],[-33,18],[-115,-19],[-38,14],[-31,-32],[-73,21],[-67,55],[34,-1],[-16,32],[37,15],[-18,18],[95,28],[59,-34],[77,-30],[3,46],[22,15],[77,-35],[90,-3],[94,-35],[-43,-9],[11,-14]],[[4881,9604],[-76,-25],[-50,8],[105,101],[61,42],[31,7],[41,-17],[-36,-48],[33,23],[60,12],[45,-31],[43,-6],[12,-33],[-37,-18],[-70,-9],[-162,-6]],[[4366,9750],[92,29],[-24,16],[43,14],[169,8],[51,-32],[11,20],[82,-17],[14,-22],[-29,-46],[-34,1],[58,-34],[-36,-16],[-106,-1],[-63,19],[-115,5],[-43,22],[-3,26],[-67,8]],[[1354,9879],[14,10],[74,-1],[29,-24],[-61,17],[-84,-33],[-63,6],[-27,15],[118,10]],[[2272,9842],[-117,14],[17,29],[101,5],[65,3],[0,-28],[-66,-23]],[[1420,9825],[-53,-8],[-30,15],[89,0],[-7,11],[32,17],[47,-6],[32,13],[-40,15],[80,17],[95,-27],[-49,-15],[-137,-17],[17,-21],[-93,-13],[17,19]],[[4606,9896],[63,-22],[-49,-6],[0,-45],[-173,-10],[-26,-12],[-8,-6],[-161,35],[25,19],[53,5],[35,31],[-50,-3],[36,24],[119,16],[58,16],[78,-42]],[[5956,2809],[-1,1],[1,-1]],[[5907,1961],[16,8],[-1,-18],[-11,-8],[-4,18]],[[5952,1625],[0,3],[-8,-4]],[[5429,1401],[18,-42],[70,-15],[20,96],[23,43],[87,35],[61,120],[4,35]],[[5712,1673],[38,-63],[17,43],[-7,34],[15,17]],[[5775,1704],[3,3],[1,-11]],[[5779,1696],[5,-47],[17,-6],[-15,62]],[[5786,1705],[30,33],[-16,12],[15,32],[17,-7],[17,62],[25,39],[19,57],[2,-47],[21,46],[10,-40],[29,-26],[2,-52],[16,16],[7,-40],[19,11],[55,-64],[-38,-27],[-36,-7],[40,-47],[-61,-25],[7,-7]],[[4937,1850],[68,-94],[21,-63],[4,-49],[-11,-62],[10,-27],[-3,-59],[21,-36],[35,-127],[-61,9],[-135,142],[5,25],[-21,57],[-21,27],[-9,50],[0,56],[-14,25],[-1,101],[-15,46]],[[1231,5599],[0,-2],[-4,4],[4,1],[0,-3]],[[1244,5591],[-3,0],[0,1],[1,2],[2,-3]],[[1215,5454],[66,-17],[22,-73]],[[1217,5447],[-1,1],[-1,6]],[[1328,5366],[-10,53],[-47,69],[22,22],[-39,49],[14,19],[-39,47]],[[1229,5625],[31,15],[67,-41],[13,24],[-34,42],[16,24]],[[1462,5685],[30,-46],[36,-86],[30,-4],[20,-23],[-31,0],[-29,-32],[-16,-114],[-15,19],[-6,-82]],[[1260,5552],[3,-2],[3,5],[-5,1],[-1,-4]],[[1215,5454],[-20,29],[-52,15],[4,61],[-19,47]],[[1128,5606],[49,13],[52,6]],[[5063,2302],[5,-21],[-5,-24],[-10,37],[10,8]],[[5322,3491],[-55,-59],[-7,-25],[-34,-17],[3,-34],[-35,-26],[-26,-107],[31,-75],[21,-19],[13,-70],[83,-128],[20,-7],[36,-90],[21,-70],[14,-92],[-5,-52],[16,-79],[-17,-2],[2,-98],[-14,-41],[-60,-47],[-54,-59],[-25,17],[-26,-106],[-62,-45],[-28,-53],[-22,20],[8,111],[13,16],[-32,17],[-9,28]],[[5092,2299],[26,12],[11,42],[47,11],[27,-28],[-21,57],[11,52],[27,-10],[-2,32],[19,0],[53,39],[-3,74],[9,55],[-18,62],[13,64]],[[5291,2761],[9,62],[-32,51],[9,34],[-50,66],[0,32],[-52,74],[-18,57],[-25,28],[3,26],[-26,10],[-57,55],[25,44],[18,-11],[29,53],[-38,37],[15,24],[-35,31],[-25,-32],[-36,22],[-16,48],[6,29],[-55,89]],[[2896,5588],[-2,-1],[-4,7],[4,0],[2,-6]],[[2894,5470],[5,-3],[-7,-6],[-8,11],[10,-2]],[[3171,5187],[-15,18],[-67,-18],[9,22],[-31,3],[-41,-46],[-68,-35],[-11,39],[10,90],[-22,2],[6,38],[-38,18],[-38,-53],[-1,-44],[-41,5],[-18,-52],[-19,25],[-62,-43],[-15,27]],[[2709,5183],[4,37],[34,69],[-20,39],[2,49],[-25,0],[-22,25],[26,44],[49,-9],[32,75],[18,-5],[-6,37],[16,29],[15,-19],[50,43],[20,-36],[-25,-25],[14,-26],[25,2]],[[2916,5512],[-28,-22],[-36,18],[-43,-23],[0,-51],[58,1],[32,-12],[50,21],[17,-36],[20,10],[71,-1],[32,10]],[[2968,5476],[-6,4],[6,5],[2,-2],[-2,-7]],[[2930,5490],[2,-16],[-10,8],[-5,19],[13,-11]],[[2168,6040],[-16,-43],[47,-55],[9,66]],[[2208,6008],[63,-50],[9,-22],[56,-75],[77,16],[78,-9],[35,16],[37,-43],[18,-45],[19,12],[-5,-107],[32,0],[11,-86],[82,0],[3,-41],[39,-24],[-1,35],[30,48],[57,38],[35,40],[33,18]],[[2916,5729],[19,-6],[-71,-67],[66,-50],[37,36],[28,-48],[61,-24],[-34,-29],[-16,10],[-44,-49],[-28,19],[-18,-9]],[[2709,5183],[-35,0],[-15,21],[-32,-2]],[[2627,5202],[3,72],[-44,26],[-18,-3],[-82,78],[-15,-1],[-107,113],[-38,120],[-27,19],[-12,-16],[-56,10],[-21,16],[-10,60],[6,28],[-36,8],[-56,54],[-31,-16],[23,-35],[-32,20],[-23,-36]],[[2051,5719],[-27,13],[-10,-38]],[[2014,5694],[-5,-73],[-66,8]],[[1943,5629],[0,395],[170,60]],[[2113,6084],[-23,-67],[4,-54],[27,33],[1,80]],[[2122,6076],[25,-20],[21,-16]],[[6421,211],[15,36],[118,34],[23,-10],[-57,-59],[-54,-24],[-35,-33]],[[6363,171],[11,8],[17,8]],[[5139,2722],[48,-46],[15,17],[-11,32],[34,23],[29,-28],[37,41]],[[5092,2299],[-13,16],[-41,-7],[3,60],[-37,-14],[2,42],[-15,35]],[[1128,5606],[-41,50],[-24,-15],[-60,8]],[[1003,5649],[17,33],[-17,88],[-42,46],[-35,8],[-22,28]],[[904,5852],[16,19],[27,-4]],[[1062,5834],[38,-14],[52,-38]],[[3517,5722],[-19,25],[-32,6],[-19,33],[-41,10],[-178,6],[-38,-8],[-65,44],[-35,-22],[-15,-51],[7,-18],[-108,44],[-29,-3],[-26,-25],[-3,-34]],[[2208,6008],[-3,79],[-15,-1],[20,48],[25,-11],[47,35],[5,24],[-33,23],[-50,-12],[53,-33],[-12,-20],[-73,27],[14,-26],[-19,-41],[-9,34],[-35,-14],[-10,-36]],[[1943,5629],[-36,-4],[-34,69],[-46,42],[-80,-21],[-34,-41]],[[1713,5674],[-2,37],[20,70],[-51,11],[-18,38],[-25,-3],[3,29],[-30,82],[-41,21],[5,28],[66,-5],[-22,27],[27,51],[73,9],[48,-6],[-34,19],[23,53],[6,74],[-17,27],[-31,5],[-13,-21],[-67,34],[-52,-27],[-39,-36],[-32,2],[-6,-25]],[[1353,6545],[26,23],[16,45]],[[1592,6740],[52,0],[26,-15]],[[2312,6699],[-47,39],[-11,1]],[[2254,6739],[-27,5],[-14,23]],[[2340,6886],[-3,15],[-55,16]],[[2282,6917],[8,29],[-21,10]],[[2785,7150],[47,-11],[34,-22]],[[2989,7011],[9,19],[15,-46]],[[3076,6934],[34,22],[9,-5]],[[3119,6951],[21,-12],[3,22]],[[3143,6961],[37,13],[28,21]],[[3208,6995],[12,11],[79,38]],[[3502,6649],[30,18],[16,38]],[[3664,6641],[19,21],[43,8]],[[2122,6076],[23,37],[21,-29],[2,-44]],[[577,4361],[-8,20],[-41,169],[33,69],[26,122]],[[587,4741],[24,0],[23,35]],[[634,4776],[4,-50],[-9,-21]],[[629,4705],[-13,-12],[1,-94]],[[617,4599],[-12,-27],[2,-21]],[[607,4551],[-2,-7],[1,-3]],[[606,4541],[-3,-5],[5,-10]],[[608,4526],[-19,-71],[-12,-94]],[[634,4776],[6,25],[44,60],[-13,45],[-28,3]],[[643,4909],[-3,84],[-12,15],[11,38]],[[639,5046],[14,-10],[16,43],[19,1],[0,65],[51,-21],[48,29],[31,-20],[71,2],[62,39],[50,-3],[48,27],[9,-23]],[[1058,5175],[-34,-54],[-28,-9],[-11,-53],[8,-42],[-10,-94],[-33,-47],[-124,-104]],[[826,4772],[-128,-115],[-29,9],[-40,39]],[[608,4526],[6,11],[-8,4]],[[607,4551],[9,1],[1,47]],[[826,4772],[17,-95],[6,-40]],[[577,4339],[3,19],[-3,3]],[[2014,5694],[17,-42],[33,15],[-13,52]],[[2627,5202],[-49,23],[-17,-36],[-28,-1],[-18,-32],[-22,-74],[-72,-43],[-17,-44],[-50,-31],[-18,29],[-50,21]],[[1809,5199],[-6,128],[10,41],[-26,46],[-31,9],[39,14],[-19,25],[10,19],[-53,10],[-1,47],[13,53],[12,-21],[39,-16],[40,9],[25,43],[-41,39],[-12,65],[-48,2],[-23,-35],[0,-41],[-24,38]],[[516,4955],[0,-2]],[[516,4953],[-5,-1],[-3,2]],[[508,4954],[1,1]],[[509,4955],[4,0],[3,0]],[[423,4966],[1,0]],[[424,4966],[1,-1],[2,2]],[[427,4967],[1,0]],[[428,4967],[-2,-4],[-3,3]],[[430,4967],[1,0]],[[431,4967],[45,2],[18,-19]],[[494,4950],[2,0],[0,-4]],[[496,4946],[-19,19],[-39,-10],[-8,12]],[[5940,6324],[24,6],[-9,16]],[[1329,4311],[38,93],[16,14],[38,-10]],[[1421,4408],[7,-20],[3,22]],[[1431,4410],[1,0]],[[1432,4410],[15,-24],[-8,-21],[-11,20],[8,-24],[-31,-20],[26,-2],[22,-88]],[[1431,4410],[-10,-2]],[[1058,5175],[24,27],[49,-13],[48,1],[5,-29],[31,17]],[[1459,4405],[-21,6],[-6,-1]],[[1962,3938],[7,-11],[0,-60]],[[1656,3789],[16,-26],[50,16],[65,-11],[36,9],[23,27],[14,45],[24,23],[65,112]],[[3294,5016],[17,-57]],[[2735,3745],[-35,-4],[-18,28],[-13,64],[-31,19],[2,43],[-18,39],[-49,-27],[-76,-7],[-61,9],[-5,-19],[-66,8],[-49,-24],[-9,18]],[[2259,4393],[106,-48],[70,9],[34,-12],[26,20],[36,-3],[75,32],[11,117],[38,43],[26,-13],[26,14],[-11,21],[38,33],[41,-23],[33,34],[-5,52],[21,70],[49,28],[-19,77],[33,-11],[35,13],[2,66],[36,57],[-3,38],[-28,53],[31,44],[60,39],[70,9],[30,-7],[29,20]],[[1607,3842],[-3,81],[18,60],[13,12],[22,-31],[-7,-38],[7,-60],[-24,-36]],[[639,5046],[-8,43],[26,31],[-11,35],[-44,-42],[-36,30],[-15,-5],[-57,-67],[-57,-13],[-29,16],[-22,40],[-44,28],[-42,9],[-19,-69],[-47,-14],[-35,24],[-13,44],[-43,11],[2,21],[-67,-10],[22,35],[-26,8],[2,68],[-65,31],[45,17],[-14,31],[21,24],[-28,36],[18,33],[-53,-11],[8,57],[35,42],[157,4],[-10,23],[24,12],[-22,23],[13,29],[68,-3],[62,-14],[11,25],[56,44],[69,32],[89,-8],[17,17],[37,-50],[28,10],[32,-53],[11,14],[63,-37],[49,-12],[71,21],[45,-20],[83,49],[7,14]],[[31,5693],[47,18],[18,-20],[31,8],[3,-36],[68,-44],[-9,-25],[-48,9],[-46,-11],[-23,-38],[-32,-19],[-35,-42],[4,28],[40,30],[-49,1],[19,38],[-2,32],[19,13],[-19,36],[14,22]],[[5712,1673],[35,10],[28,21]],[[5779,1696],[6,3],[1,6]],[[6534,5253],[-33,-1],[-36,22],[2,-28],[-62,37],[50,129],[-10,23],[-62,41],[3,21]],[[6797,5733],[-19,4],[-50,-84],[11,-18],[-6,-59],[-33,-15],[-36,-53],[-74,-50],[-5,-62],[21,-6],[39,-53]],[[587,4741],[31,90],[25,78]],[[424,4966],[1,1],[2,0]],[[509,4955],[-9,-5],[-6,0]],[[431,4967],[14,24],[33,-9],[74,35],[-42,-39],[6,-23]],[[516,4953],[-8,-10],[0,11]],[[428,4967],[2,0]],[[496,4946],[-30,-32],[-54,7],[-8,37],[19,8]],[[6206,3899],[26,-29],[-13,-21],[-27,-179],[-28,-67],[-7,-66],[-34,65],[-17,68],[1,39],[40,119],[23,47],[36,24]],[[3511,2235],[40,-50],[40,-94],[6,-39],[24,-57],[5,-63],[-14,-60],[-20,-24],[-50,-32],[-26,12],[-22,82],[-8,131],[29,168],[-19,17],[15,9]]],"bbox":[26.04331804311501,-10.91210067658374,179.79451981122162,81.80809064926132],"transform":{"scale":[0.015376657842594921,0.009272946427227228],"translate":[26.04331804311501,-10.91210067658374]},"title":"Asia","version":"2.0.1","copyright":"Copyright (c) 2022 Highsoft AS, Based on data from Natural Earth","copyrightShort":"Natural Earth","copyrightUrl":"http://www.naturalearthdata.com"}