{"type":"Topology","objects":{"default":{"type":"GeometryCollection","geometries":[{"type":"MultiPolygon","arcs":[[[0]],[[8,51,52,53,54]]],"id":"NL.NH","properties":{"hc-group":"admin1","hc-middle-x":0.41,"hc-middle-y":0.64,"hc-key":"nl-nh","hc-a2":"NH","labelrank":"8","hasc":"NL.NH","alt-name":"Holanda do Norte|Hollande-septentrionale|North Holland","woe-id":"2346379","subregion":null,"fips":"NL07","postal-code":null,"name":"Noord-Holland","country":"Netherlands","type-en":"Province","region":null,"longitude":"4.89736","woe-name":"Noord-Holland","latitude":"52.5748","woe-label":"North Holland, NL, Netherlands","type":"Provincie"}},{"type":"MultiPolygon","arcs":[[[1]],[[2]],[[3]],[[4]],[[55,56,57,58,-52,9,59]]],"id":"NL.FR","properties":{"hc-group":"admin1","hc-middle-x":0.62,"hc-middle-y":0.64,"hc-key":"nl-fr","hc-a2":"FR","labelrank":"8","hasc":"NL.FR","alt-name":"Frise|Frisia|Frísia","woe-id":"2346374","subregion":null,"fips":"NL02","postal-code":"FR","name":"Friesland","country":"Netherlands","type-en":"Province","region":null,"longitude":"5.77345","woe-name":"Friesland","latitude":"53.0792","woe-label":"Friesland, NL, Netherlands","type":"Provincie"}},{"type":"Polygon","arcs":[[60]],"id":"BE.BU","properties":{"hc-group":"admin1","hc-middle-x":0.48,"hc-middle-y":0.56,"hc-key":"be-bu","hc-a2":"BR","labelrank":"9","hasc":"BE.BU","alt-name":"Bruselas|Brussel Hoofstadt|Brusselse Hoofdstedelijke Gewest|Brüssel|Bruxelas|Région de Bruxelles-Capitale","woe-id":"55965974","subregion":null,"fips":"BE11","postal-code":null,"name":"Brussels","country":"Belgium","type-en":"Capital Region","region":"Capital Region","longitude":"4.36266","woe-name":"Brussels","latitude":"50.8332","woe-label":"Capital Region of Brussels, BE, Belgium","type":"Hoofdstedelijk Gewest|Région Capitale"}},{"type":"MultiPolygon","arcs":[[[5]],[[61,-60,10]]],"id":"NL.GR","properties":{"hc-group":"admin1","hc-middle-x":0.65,"hc-middle-y":0.47,"hc-key":"nl-gr","hc-a2":"GR","labelrank":"7","hasc":"NL.GR","alt-name":"Groninga|Groningue","woe-id":"2346376","subregion":null,"fips":"NL04","postal-code":"GR","name":"Groningen","country":"Netherlands","type-en":"Province","region":null,"longitude":"6.73067","woe-name":"Groningen","latitude":"53.279","woe-label":"Groningen, NL, Netherlands","type":"Provincie"}},{"type":"MultiPolygon","arcs":[[[6]],[[62,63,-58]]],"id":"NL.FL","properties":{"hc-group":"admin1","hc-middle-x":0.45,"hc-middle-y":0.72,"hc-key":"nl-fl","hc-a2":"FL","labelrank":"8","hasc":"NL.FL","alt-name":null,"woe-id":"2346384","subregion":null,"fips":"NL16","postal-code":"FL","name":"Flevoland","country":"Netherlands","type-en":"Province","region":null,"longitude":"5.55746","woe-name":"Flevoland","latitude":"52.5508","woe-label":"Flevoland, NL, Netherlands","type":"Provincie"}},{"type":"MultiPolygon","arcs":[[[7]],[[24,-48,-47]],[[19,64]],[[16,17,65]],[[66,21,67]]],"id":"NL.ZE","properties":{"hc-group":"admin1","hc-middle-x":0.63,"hc-middle-y":0.84,"hc-key":"nl-ze","hc-a2":"ZE","labelrank":"8","hasc":"NL.ZE","alt-name":"Zelanda|Zélande|Zelândia","woe-id":"2346382","subregion":null,"fips":"NL10","postal-code":"ZE","name":"Zeeland","country":"Netherlands","type-en":"Province","region":null,"longitude":"3.78515","woe-name":"Zeeland","latitude":"51.2837","woe-label":"Zeeland, NL, Netherlands","type":"Provincie"}},{"type":"Polygon","arcs":[[68,69,40,70,23,39,32,48,-28,71,72,73]],"id":"BE.3528","properties":{"hc-group":"admin1","hc-middle-x":0.59,"hc-middle-y":0.48,"hc-key":"be-3528","hc-a2":"LI","labelrank":"7","hasc":"BE.","alt-name":"Luik","woe-id":"7153300","subregion":null,"fips":null,"postal-code":null,"name":"Liege","country":"Belgium","type-en":"Province","region":"Walloon","longitude":"5.67651","woe-name":"Liege","latitude":"50.5794","woe-label":"Liege, BE, Belgium","type":"Province"}},{"type":"Polygon","arcs":[[-74,74,75,76]],"id":"BE.3529","properties":{"hc-group":"admin1","hc-middle-x":0.51,"hc-middle-y":0.55,"hc-key":"be-3529","hc-a2":"WB","labelrank":"7","hasc":"BE.","alt-name":"Waals-Brabant|Brabant Wallon","woe-id":"22525997","subregion":null,"fips":null,"postal-code":null,"name":"Walloon Brabant","country":"Belgium","type-en":"Province","region":"Walloon","longitude":"4.55466","woe-name":"Walloon Brabant","latitude":"50.6416","woe-label":"Walloon Brabant, BE, Belgium","type":"Province"}},{"type":"MultiPolygon","arcs":[[[77,35,78,79,80,-76]],[[37,81]]],"id":"BE.489","properties":{"hc-group":"admin1","hc-middle-x":0.57,"hc-middle-y":0.33,"hc-key":"be-489","hc-a2":"HA","labelrank":"7","hasc":"BE.","alt-name":"Henegouwen","woe-id":"7153299","subregion":null,"fips":null,"postal-code":null,"name":"Hainaut","country":"Belgium","type-en":"Province","region":"Walloon","longitude":"3.88925","woe-name":"Hainaut","latitude":"50.521","woe-label":"Hainault, BE, Belgium","type":"Province"}},{"type":"Polygon","arcs":[[27,-49,28,82,83,-50]],"id":"LU.DI","properties":{"hc-group":"admin1","hc-middle-x":0.38,"hc-middle-y":0.51,"hc-key":"lu-di","hc-a2":"DI","labelrank":"9","hasc":"LU.DI","alt-name":"Dikrech|Dikkrich","woe-id":"20070542","subregion":null,"fips":"LU01","postal-code":"DI","name":"Diekirch","country":"Luxembourg","type-en":"District","region":null,"longitude":"6.00481","woe-name":"Diekirch","latitude":"49.9763","woe-label":"Diekirch, LU, Luxembourg","type":"District"}},{"type":"Polygon","arcs":[[-83,29,84]],"id":"LU.GR","properties":{"hc-group":"admin1","hc-middle-x":0.6,"hc-middle-y":0.21,"hc-key":"lu-gr","hc-a2":"GR","labelrank":"9","hasc":"LU.GR","alt-name":"Gréivemaacher","woe-id":"20070559","subregion":null,"fips":"LU02","postal-code":"GR","name":"Grevenmacher","country":"Luxembourg","type-en":"District","region":null,"longitude":"6.33835","woe-name":"Grevenmacher","latitude":"49.6474","woe-label":"Grevenmacher, LU, Luxembourg","type":"District"}},{"type":"Polygon","arcs":[[-85,30,-51,-84]],"id":"LU.LU","properties":{"hc-group":"admin1","hc-middle-x":0.51,"hc-middle-y":0.6,"hc-key":"lu-lu","hc-a2":"LU","labelrank":"9","hasc":"LU.LU","alt-name":"Lëtzebuerg|Luxemburg","woe-id":"20070560","subregion":null,"fips":"LU03","postal-code":"LU","name":"Luxembourg","country":"Luxembourg","type-en":"District","region":null,"longitude":"6.05114","woe-name":"Luxembourg","latitude":"49.6376","woe-label":"Luxemburg, LU, Luxembourg","type":"District"}},{"type":"Polygon","arcs":[[18,-65,20,-67,85,86,87,-44,-43,-66]],"id":"NL.NB","properties":{"hc-group":"admin1","hc-middle-x":0.49,"hc-middle-y":0.43,"hc-key":"nl-nb","hc-a2":"NB","labelrank":"8","hasc":"NL.NB","alt-name":"Brabante del Norte|Brabante do Norte|Brabante settentrionale|Brabant-septentrional|Nord-Brabant|Nort","woe-id":"2346378","subregion":null,"fips":"NL06","postal-code":null,"name":"Noord-Brabant","country":"Netherlands","type-en":"Province","region":null,"longitude":"5.16122","woe-name":"Noord-Brabant","latitude":"51.6008","woe-label":"North Brabant, NL, Netherlands","type":"Provincie"}},{"type":"Polygon","arcs":[[88,89,90,-54]],"id":"NL.UT","properties":{"hc-group":"admin1","hc-middle-x":0.45,"hc-middle-y":0.53,"hc-key":"nl-ut","hc-a2":"UT","labelrank":"9","hasc":"NL.UT","alt-name":null,"woe-id":"2346381","subregion":null,"fips":"NL09","postal-code":null,"name":"Utrecht","country":"Netherlands","type-en":"Province","region":null,"longitude":"5.1938","woe-name":"Utrecht","latitude":"52.0749","woe-label":"Utrecht, NL, Netherlands","type":"Provincie"}},{"type":"Polygon","arcs":[[-91,91,-86,-68,22,-55]],"id":"NL.ZH","properties":{"hc-group":"admin1","hc-middle-x":0.44,"hc-middle-y":0.53,"hc-key":"nl-zh","hc-a2":"ZH","labelrank":"8","hasc":"NL.ZH","alt-name":"Hollande-méridionale|South Holland","woe-id":"2346383","subregion":null,"fips":"NL11","postal-code":null,"name":"Zuid-Holland","country":"Netherlands","type-en":"Province","region":null,"longitude":"4.52252","woe-name":"Zuid-Holland","latitude":"52.0075","woe-label":"South Holland, NL, Netherlands","type":"Provincie"}},{"type":"Polygon","arcs":[[11,92,-56,-62]],"id":"NL.DR","properties":{"hc-group":"admin1","hc-middle-x":0.57,"hc-middle-y":0.55,"hc-key":"nl-dr","hc-a2":"DR","labelrank":"8","hasc":"NL.DR","alt-name":null,"woe-id":"2346373","subregion":null,"fips":"NL01","postal-code":"DR","name":"Drenthe","country":"Netherlands","type-en":"Province","region":null,"longitude":"6.60064","woe-name":"Drenthe","latitude":"52.9046","woe-label":"Drenthe, NL, Netherlands","type":"Provincie"}},{"type":"Polygon","arcs":[[13,93,-87,-92,-90,94,95]],"id":"NL.GE","properties":{"hc-group":"admin1","hc-middle-x":0.57,"hc-middle-y":0.52,"hc-key":"nl-ge","hc-a2":"GE","labelrank":"8","hasc":"NL.GE","alt-name":"Geldern|Gheldria|Guelders|Gueldre","woe-id":"2346375","subregion":null,"fips":"NL03","postal-code":"GE","name":"Gelderland","country":"Netherlands","type-en":"Province","region":null,"longitude":"5.96001","woe-name":"Gelderland","latitude":"52.0635","woe-label":"Gelderland, NL, Netherlands","type":"Provincie"}},{"type":"Polygon","arcs":[[-88,-94,14,-40,15,-42,-41,-45]],"id":"NL.LI","properties":{"hc-group":"admin1","hc-middle-x":0.58,"hc-middle-y":0.48,"hc-key":"nl-li","hc-a2":"LI","labelrank":"8","hasc":"NL.LI","alt-name":"Limbourg|Limburgo","woe-id":"2346377","subregion":null,"fips":"NL05","postal-code":"LI","name":"Limburg","country":"Netherlands","type-en":"Province","region":null,"longitude":"5.93161","woe-name":"Limburg","latitude":"51.2248","woe-label":"Limburg, NL, Netherlands","type":"Provincie"}},{"type":"Polygon","arcs":[[-81,96,97,98,-69,-77],[-61]],"id":"BE.VB","properties":{"hc-group":"admin1","hc-middle-x":0.68,"hc-middle-y":0.42,"hc-key":"be-vb","hc-a2":"FB","labelrank":"7","hasc":"BE.VB","alt-name":"Vlaams Brabant|Flamish-Brabant|Brabant flamand","woe-id":"22525998","subregion":null,"fips":null,"postal-code":null,"name":"Flemish Brabant","country":"Belgium","type-en":"Province","region":"Flemish","longitude":"4.53709","woe-name":"Flemish Brabant","latitude":"50.8709","woe-label":"Vlaams Brabant, BE, Belgium","type":"Province"}},{"type":"MultiPolygon","arcs":[[[99,43,44,-70,-99]],[[41,-71]]],"id":"BE.490","properties":{"hc-group":"admin1","hc-middle-x":0.46,"hc-middle-y":0.47,"hc-key":"be-490","hc-a2":"LI","labelrank":"7","hasc":"BE.","alt-name":null,"woe-id":"7153301","subregion":null,"fips":null,"postal-code":null,"name":"Limburg","country":"Belgium","type-en":"Province","region":"Flemish","longitude":"5.41314","woe-name":"Limburg","latitude":"50.9954","woe-label":"Limburg, BE, Belgium","type":"Province"}},{"type":"Polygon","arcs":[[12,-96,100,-63,-57,-93]],"id":"NL.OV","properties":{"hc-group":"admin1","hc-middle-x":0.52,"hc-middle-y":0.58,"hc-key":"nl-ov","hc-a2":"OV","labelrank":"8","hasc":"NL.OV","alt-name":null,"woe-id":"2346380","subregion":null,"fips":"NL15","postal-code":"OV","name":"Overijssel","country":"Netherlands","type-en":"Province","region":null,"longitude":"6.41649","woe-name":"Overijssel","latitude":"52.4311","woe-label":"Overyssel, NL, Netherlands","type":"Provincie"}},{"type":"Polygon","arcs":[[-75,-73,101,34,-78]],"id":"BE.3526","properties":{"hc-group":"admin1","hc-middle-x":0.55,"hc-middle-y":0.43,"hc-key":"be-3526","hc-a2":"NA","labelrank":"7","hasc":"BE.","alt-name":"Namen","woe-id":"7153303","subregion":null,"fips":null,"postal-code":null,"name":"Namur","country":"Belgium","type-en":"Province","region":"Walloon","longitude":"4.88712","woe-name":"Namur","latitude":"50.3244","woe-label":"Namur, BE, Belgium","type":"Province"}},{"type":"Polygon","arcs":[[49,50,33,-102,-72]],"id":"BE.3527","properties":{"hc-group":"admin1","hc-middle-x":0.51,"hc-middle-y":0.43,"hc-key":"be-3527","hc-a2":"LU","labelrank":"7","hasc":"BE.","alt-name":"Luxemburg","woe-id":"7153302","subregion":null,"fips":null,"postal-code":null,"name":"Luxembourg","country":"Belgium","type-en":"Province","region":"Walloon","longitude":"5.50117","woe-name":"Luxembourg","latitude":"49.9637","woe-label":"Luxemburg, BE, Belgium","type":"Province"}},{"type":"Polygon","arcs":[[42,-100,-98,102,26,-17]],"id":"BE.3535","properties":{"hc-group":"admin1","hc-middle-x":0.47,"hc-key":"be-3535","hc-a2":"AN","labelrank":"7","hasc":"BE.","alt-name":"Antwerpen","woe-id":"7153308","subregion":null,"fips":null,"postal-code":null,"name":"Antwerp","country":"Belgium","type-en":"Province","region":"Flemish","longitude":"4.72122","woe-name":"Antwerp","latitude":"51.2485","woe-label":"Antwerp, BE, Belgium","type":"Province"}},{"type":"Polygon","arcs":[[-97,-80,103,47,25,-103]],"id":"BE.OV","properties":{"hc-group":"admin1","hc-middle-x":0.43,"hc-middle-y":0.56,"hc-key":"be-ov","hc-a2":"EF","labelrank":"7","hasc":"BE.OV","alt-name":"Oost-Vlaanderen|Ostflandern|Falndre orientale","woe-id":"7153304","subregion":null,"fips":null,"postal-code":null,"name":"East Flanders","country":"Belgium","type-en":"Province","region":"Flemish","longitude":"3.83186","woe-name":"East Flanders","latitude":"50.9749","woe-label":"Oost-Vlaanderen, BE, Belgium","type":"Province"}},{"type":"Polygon","arcs":[[-104,-79,36,-82,38,46]],"id":"BE.3534","properties":{"hc-group":"admin1","hc-middle-x":0.49,"hc-middle-y":0.52,"hc-key":"be-3534","hc-a2":"WF","labelrank":"7","hasc":"BE.","alt-name":"West-Vlaanderen","woe-id":"7153305","subregion":null,"fips":null,"postal-code":null,"name":"West Flanders","country":"Belgium","type-en":"Province","region":"Flemish","longitude":"3.02202","woe-name":"West Flanders","latitude":"51.0312","woe-label":"West-Vlaanderen, BE, Belgium","type":"Province"}},{"type":"MultiLineString","arcs":[[0],[1],[2],[3],[4],[5],[6],[7],[8,9,10,11,12,13,14],[15],[16],[17,18,19,20,21,22],[23],[-17],[24],[25,26],[27],[28,29,30],[31],[32],[-28],[33,34,35,36,37,38],[39],[39],[40,41],[40,41],[42,43,44],[42,43,44],[45],[45],[46,47],[46,47],[48],[48],[49,50],[49,50]],"properties":{"hc-group":"__border_lines__"}}],"hc-recommended-transform":{"default":{"crs":"+proj=utm +zone=31 +datum=WGS84 +units=m +no_defs","scale":0.0015244644565,"jsonres":15.5,"jsonmarginX":-999,"jsonmarginY":9851,"xoffset":466508.156242,"yoffset":5939909.82161}}}},"arcs":[[[5069,8913],[44,-15],[-43,-70],[-59,-63],[-101,-56],[-48,-65],[-72,-14],[-76,21],[-41,62],[14,63],[42,72],[53,59],[101,59],[50,73],[54,60],[67,-2],[0,-50],[52,-76],[0,-39],[-37,-19]],[[5161,9192],[-55,-33],[-66,21],[90,79],[139,88],[145,59],[108,-11],[1,-16],[-57,0],[-89,-26],[-169,-114],[-47,-47]],[[6211,9631],[-94,-29],[-77,-13],[-297,-88],[-60,0],[-27,36],[24,42],[116,28],[37,24],[49,-1],[287,40],[64,33],[317,43],[-50,-47],[-61,-15],[-124,-4],[13,-35],[-117,-14]],[[7252,9795],[87,-31],[-212,-33],[-219,-1],[-158,-42],[-54,9],[-37,37],[11,35],[37,21],[32,-10],[513,15]],[[7764,9782],[-43,-37],[-23,68],[54,33],[137,34],[212,12],[59,-13],[-29,-16],[-367,-81]],[[8409,9999],[117,-35],[-28,-18],[-114,33],[25,20]],[[7093,7600],[42,-107],[-2,-48],[-27,-63],[-82,-95],[-55,-39],[-124,-22],[-101,-35],[-82,-18],[-45,-47],[-97,-20],[-60,-22],[18,-74],[-13,-61],[-44,-44],[-77,-21],[-141,-4],[-57,16],[-128,72],[-68,26],[-147,38],[-133,1],[-44,17],[-44,101],[98,56],[134,51],[91,62],[159,45],[96,62],[110,40],[51,91],[81,9],[131,83],[125,29],[38,21],[58,-44],[339,-56]],[[3193,5490],[46,-38],[89,-18],[40,-21],[4,-38],[-21,-25],[-74,-28],[-164,-22],[-117,22],[-47,23],[-33,64],[-118,43],[-45,33],[-29,1],[-65,-52],[-96,-4],[-44,9],[-28,29],[6,79],[78,35],[179,19],[72,-11],[205,-4],[82,-27],[80,-69]],[[4227,7006],[19,26],[131,264],[17,87],[42,62],[91,472],[38,120],[26,112],[91,162],[21,80],[11,103],[15,50],[25,21],[169,-18],[-32,-74],[50,-45],[87,-18],[85,4],[48,20],[91,53],[130,19],[83,26],[218,133]],[[5683,8665],[213,132],[72,48],[98,15],[44,20],[43,60],[58,166],[43,74],[123,87],[78,24],[108,88],[145,22],[75,44],[342,94],[78,38],[49,2],[143,51],[439,12]],[[7834,9642],[188,3],[60,-27],[39,-2],[54,30],[318,63],[504,54],[212,-25],[80,-40],[73,-200],[63,-28],[39,-34],[68,-16],[86,-33],[37,8],[43,-18],[59,19],[-26,-34],[16,-70],[64,-26],[180,-27],[8,-109],[-22,-79],[-30,-54],[-4,-48],[27,-50],[20,-173],[-3,-87],[-21,-78],[-46,-81],[-176,-190],[-16,-32]],[[9728,8258],[-22,-42],[-17,-81],[-20,-262],[-17,-86],[-39,-52],[-107,26],[-107,-11],[-113,23],[-202,-1],[-110,-35]],[[8974,7737],[-37,-18],[18,-26],[-14,-42],[15,-36],[70,-41],[-118,-41],[-36,-3],[27,-37],[24,-123],[41,-34],[57,-20],[170,-16],[109,-29],[61,-7],[109,13],[47,34],[130,-148],[30,-62],[-18,-88],[-57,-106],[-3,-45],[32,-87],[-96,-41],[-72,-75],[-43,-27],[-93,-28],[-40,-31],[-48,-67],[-26,-17],[-127,-10]],[[9086,6479],[-83,-41],[-46,-60],[-67,-17],[-11,-61],[221,-82],[55,-41],[14,-58],[-44,-23],[-49,-62],[-49,-42],[-58,-22],[-190,-4],[-213,-51],[-105,-58],[-78,-11],[-138,29],[18,-55],[-9,-24],[-81,-16],[-5,38],[-117,23],[-66,50],[-68,-11],[-71,22],[-70,39],[-68,23],[-73,-28],[106,-73],[30,-32],[-155,28],[-88,-17],[-115,-46],[-88,-12],[-43,-39],[49,-26],[28,-47],[-4,-49],[-34,-24]],[[7321,5599],[-15,-36],[84,-5],[94,-49],[-29,-69],[48,-44],[145,-45],[-36,-89],[10,-30],[141,-138],[86,-71],[26,-124],[-27,-144],[32,-27],[-18,-76],[-34,-51],[-76,-42],[-110,-145],[-66,-65],[-26,-103],[16,-45],[51,-20],[106,52],[49,-11],[-66,-36],[45,-30],[-32,-31],[-121,-47],[-198,-111],[-71,-85],[-64,-24],[-84,55],[-60,-24],[12,-56],[32,-70],[3,-62],[114,30],[86,-16],[76,7],[-17,-53],[8,-55],[68,-35],[70,-18],[-21,-39],[19,-50],[-38,-64],[-47,2],[-49,-36],[7,-43],[-41,-50],[-34,6],[9,-31],[53,-46],[-6,-31]],[[7382,3173],[-179,9]],[[3762,4681],[-43,2]],[[3719,4683],[-26,36],[-9,73],[-94,-22],[-193,4],[-86,29],[-119,73],[-123,17],[-30,-13],[-88,-110],[-161,-34],[-81,51],[-129,46],[-83,57],[-34,2],[-88,-24],[-49,-1],[-120,20],[-39,14],[-87,102],[-70,44],[-32,64],[23,23],[220,96],[574,44],[47,-4],[66,-36],[51,-65],[-73,-34],[-1,-15],[205,-15],[104,-30],[89,-54],[70,-122],[32,-31],[50,-10],[111,11],[43,-15],[136,11]],[[3725,4865],[40,8],[30,56],[-18,52],[-45,39],[-79,28]],[[3653,5048],[-76,9],[-88,28],[-133,0],[-52,22],[-169,113],[113,38],[57,11],[192,-7],[55,-11],[51,-31]],[[3603,5220],[-10,45],[-35,19]],[[3558,5284],[-84,3],[-61,31],[-15,39]],[[3398,5357],[3,58],[64,33],[74,3],[-76,45],[-149,32],[-32,31],[-13,81],[-36,50],[-113,63],[-39,-22],[-111,-11],[-84,-20],[-20,68],[62,30],[135,28],[17,18],[114,-9],[84,-23],[49,22],[-98,94],[24,65],[-6,37],[-65,137],[26,34],[100,-16],[83,10],[72,34],[306,260],[261,269],[197,248]],[[7203,3182],[1,-1],[178,-8]],[[1788,4604],[-19,93],[346,79],[65,22],[134,-63],[209,-42],[69,-44],[46,-13],[86,0],[81,-17],[53,6],[207,64],[29,24],[33,70],[45,-2],[82,-27],[57,-68],[110,-27],[74,-5],[50,49],[89,-24],[-29,-90]],[[3605,4589],[31,90],[39,-27],[32,-69],[101,-78],[11,-30],[-20,-34]],[[3799,4441],[38,17],[31,47],[-72,22],[-26,31],[-4,78],[-47,47]],[[7485,1724],[82,-1]],[[7687,1650],[-45,-175],[38,-30],[7,-77],[47,-62],[49,-89],[23,33],[37,-43],[69,-124],[34,-25],[104,-39],[18,-30]],[[8068,989],[16,-33],[67,13],[98,-60],[73,-25],[103,0],[80,-26],[-29,-126],[3,-42],[26,-32],[-18,-28],[-157,-75],[-33,-34],[33,-40],[-44,-62],[-56,-50],[-44,-65],[0,-76],[-18,-103],[7,-91],[-100,26],[-101,57]],[[7974,117],[-63,20],[-61,4],[-123,-10],[14,-22],[-60,-4],[-32,-48],[-77,-39],[-183,-9],[-36,-9],[-30,69],[-40,30],[-136,24],[-92,45],[-66,66]],[[7485,1724],[0,0]],[[7425,3179],[34,-32],[1,-69],[150,12],[40,-30],[130,-143],[-27,-13],[24,-35],[44,-17],[147,-3],[-33,-66],[-116,-61],[-39,-45],[35,-32],[-13,-30],[42,-6],[-17,-22],[35,-39],[39,-10],[81,20],[43,-16],[131,-16],[-29,-37],[18,-46],[43,-33],[-3,-41],[-30,-89],[4,-29],[74,-94],[4,-33],[-27,-22],[-56,-7],[-78,12],[-64,-54],[6,-46],[-40,-27],[-136,-33],[-92,-71],[29,-23],[11,-55],[-30,-30],[-60,-10],[-17,-48],[30,-28],[-26,-32]],[[6989,234],[-72,26],[-46,-6],[-55,-36],[-139,31],[-54,-20],[-37,-54],[-50,2],[-67,23],[-149,-69],[-60,30],[0,93],[-103,137],[-39,27],[-103,30],[-29,-32],[-50,2],[-10,65],[27,17],[-15,37],[-85,70],[-144,-21],[-48,11],[-71,44],[-116,116],[-120,34],[-79,58],[-44,15]],[[5231,864],[-133,-26],[-103,1],[-19,18],[0,91],[-26,40],[48,106],[1,53],[-34,44],[-101,30],[-28,35],[9,39],[82,149],[1,68],[42,65],[35,-16],[19,135],[-19,19],[-92,-3],[-8,37],[-59,-20],[-227,-168],[-19,-43],[15,-44],[-16,-77],[-35,-66],[-112,-22],[-298,-109],[-80,-4]],[[4074,1196],[-320,64],[-164,-17],[-131,52],[-16,105],[26,32],[90,53],[50,18],[-63,163],[-86,-9],[-30,11],[4,44],[63,162],[94,70],[5,25],[-88,50],[-27,-8],[-13,-43],[-40,14],[-59,91],[-89,48],[-71,57],[-86,11],[-137,-41],[-49,-1],[-118,48],[-89,8],[-122,-12],[-96,-110],[-74,52],[-19,99],[0,113],[-20,94],[-33,46],[-43,29],[-96,25],[-138,0],[-26,14],[20,27],[-10,33],[-61,4],[-72,-41],[-94,-25],[-89,4],[-93,34],[-63,47],[-13,106],[-57,137],[-18,70],[30,41],[-41,79],[-59,11],[-72,99]],[[1371,3179],[-72,70],[-56,12],[-170,-38]],[[1073,3223],[-111,-26],[-89,-51],[-64,-81],[-28,-16],[-44,9]],[[737,3058],[-170,56],[-40,24],[-52,80],[-80,55],[-32,48],[-152,19],[-29,44],[-37,18],[15,63],[-42,106],[75,72],[-7,48],[-111,98],[-21,47],[-21,107],[-33,55],[44,23],[80,19],[291,158],[444,186],[430,203],[479,110],[20,-93]],[[7382,3173],[43,6]],[[6703,3319],[93,-30],[-27,-84],[39,-16],[57,11]],[[6865,3200],[42,36],[87,-52],[185,3],[24,-5]],[[3762,4681],[137,-39],[100,-5],[40,15],[12,42],[-79,86],[20,61],[-25,21],[112,45],[114,31],[90,4],[18,-20],[-25,-95],[41,-21],[90,6],[101,-11],[50,20],[166,144],[70,26],[70,-13],[57,-37],[6,-37],[-24,-71],[16,-42],[-93,31],[-36,-32],[45,-14],[149,-4],[123,-35],[46,10],[54,37],[82,87],[35,67],[33,6],[70,-36],[42,-57],[-31,-79],[6,-76],[74,-58],[43,-91],[37,-14],[122,2],[37,-34],[2,-87],[52,-4]],[[5811,4410],[66,11],[253,-7],[44,12],[133,59],[96,-26],[40,-37],[22,-102],[13,-8]],[[6478,4312],[36,-22],[120,-26],[73,-44],[127,15],[62,-18],[73,-61],[102,10],[25,-43],[-38,-49],[49,-37],[-88,-16],[15,-35],[-43,-66],[-44,7],[-16,-56],[30,-28],[-34,-59],[-84,-97],[89,0],[-61,-86],[-38,-36],[-50,-13],[-154,-124],[4,-55],[70,-54]],[[3719,4683],[0,0]],[[1788,4604],[-11,-118],[31,-61],[67,-45]],[[1875,4380],[118,-22],[101,12],[4,81],[24,17],[151,21],[107,-4],[262,-62],[39,-19],[12,-84],[58,-36],[254,3],[47,11],[98,55],[265,94],[106,60],[84,82]],[[7687,1650],[-32,10],[-11,64],[-27,20],[-50,-21]],[[7485,1724],[-52,57],[-79,-22],[-44,-90],[-32,-25],[-80,-28],[-34,-24],[-18,-71],[-56,-49],[2,-51],[-21,-31],[-57,-27],[-3,-34],[24,-26],[-23,-34],[-81,-41],[-21,-40],[-74,-95],[-9,-23],[72,-35],[21,-22],[-57,4],[-10,-36],[20,-14],[-35,-36],[16,-59],[22,-28],[86,-39],[51,-72],[7,-51],[110,-39]],[[7130,643],[-31,-78],[22,-26],[58,-13],[12,-35],[-50,-50],[-45,-80],[-23,-17],[36,-15],[-20,-39],[-49,-38],[-51,-18]],[[5683,8665],[5,-10],[11,-33]],[[5699,8622],[-124,-75],[-93,-40],[-89,-25],[45,-26],[106,-150],[12,-53],[5,-154],[29,-33],[72,-40],[77,38],[63,2],[110,-34],[14,-12],[22,-89],[-101,-44],[-29,-58],[-34,-27],[-131,-57],[-63,-12],[-52,34],[-57,15],[-77,-8],[-31,-41],[3,-61],[30,-72],[70,-109],[17,-60],[-44,-32],[17,-34],[-61,-16],[55,-55],[34,-12],[-35,-46],[-72,-40],[-36,-63],[-91,18],[-30,-35],[133,-57],[176,-24],[108,-52],[89,-17],[136,5],[150,-76]],[[6022,6895],[-134,-2],[-25,-8],[-40,-46],[-51,-103],[-42,-66],[-42,-21],[-119,5],[-175,-31],[-23,88],[16,50],[35,30],[-43,40],[-5,44],[64,18],[-86,5],[-34,-10],[-49,20],[-54,-21],[-59,-3],[-47,-48],[-85,-9],[-123,-54],[-99,-21]],[[4802,6752],[-67,-32],[-24,8],[-32,57],[-133,-36],[-143,-17],[-73,36],[26,32],[18,72],[90,104],[-48,8],[-44,-16],[-145,38]],[[8099,8867],[-5,-33],[100,-36],[28,-85],[115,-107],[27,-37],[-9,-24],[-73,-76],[-102,-48],[-71,34],[-105,8],[-110,-79],[-181,-96]],[[7713,8288],[-90,-25],[-76,-10],[-42,-44],[-83,4],[-55,41],[-75,-11],[-51,-44],[-63,-27],[-88,4],[-33,18],[-79,-27]],[[6978,8167],[-23,37],[-73,48],[-52,-5]],[[6830,8247],[-14,14],[-155,31],[-68,-11],[-69,-30],[-67,2],[-76,28],[-137,4],[-67,12],[-90,52],[-6,40],[101,71],[-29,39],[35,27],[9,39],[-29,67],[15,59],[-66,87],[-23,52],[-181,-78],[-214,-130]],[[7834,9642],[-34,-61],[21,-52],[71,-17],[51,-32],[78,1],[6,-76],[23,-9],[-71,-53],[-18,-42],[-59,-74],[12,-57],[-80,-73],[-37,-82],[10,-52],[48,-35],[148,-19],[96,-42]],[[4059,3558],[34,-41],[-35,-48],[86,-40],[34,-77],[-45,-4],[-19,-22],[73,-37],[-174,-68],[-93,-1],[-59,29],[-57,86],[-39,-14],[-80,31],[26,38],[54,7],[13,40],[-21,28],[40,57],[79,28],[91,-11],[55,40],[37,-21]],[[9728,8258],[-51,48],[-65,23],[46,81],[-18,22],[-204,184],[-248,174],[-169,125],[-89,18],[-144,-33],[-30,45],[-74,68],[-40,19],[-72,76],[-23,-2],[-110,34],[-116,-64],[-61,-48],[-67,-121],[-34,-43],[-60,3]],[[6978,8167],[156,-60],[99,-55],[40,-40],[30,-62],[16,-62],[-40,-42],[152,-43],[47,-40],[-67,-26],[-105,-25],[-94,8],[-115,-40]],[[7097,7680],[-69,23],[-283,-11],[-34,8],[-69,85],[-66,56],[-3,95],[15,101],[18,60],[43,61],[53,48],[62,31],[66,10]],[[3603,5220],[64,-55],[12,-69],[-26,-48]],[[3725,4865],[5,-137],[32,-47]],[[3583,5335],[-1,-2],[-24,-49]],[[3398,5357],[41,28],[144,-50]],[[5339,3184],[52,-23],[0,-43],[67,-44],[57,7]],[[5515,3081],[142,-31],[27,25],[-23,39],[157,-16],[69,31],[68,-27],[11,28],[42,26],[98,25],[29,-9],[28,-48],[57,-16],[47,4],[18,43],[42,-34],[33,6],[59,36],[-5,40],[185,40],[104,76]],[[6865,3200],[37,-29],[55,11],[90,-87],[78,8],[69,-14],[51,55],[-42,38]],[[7485,1724],[4,74],[-11,32],[31,24],[-48,7],[-9,27],[12,226],[-69,25],[-2,22],[-260,41],[-19,-44],[39,-25],[-47,-85],[74,-8],[-14,-23],[-135,-14],[-63,7],[-129,-14],[58,89],[-58,11],[-37,69],[37,60],[-108,0],[10,30],[-70,-4],[-116,79],[-72,-25],[-48,12],[-49,74],[-86,-40],[-93,52],[-42,-18],[44,-55],[-71,-49]],[[6138,2281],[-92,22],[-117,-56],[-29,29],[2,45],[-107,21],[-25,31],[33,48],[-40,64],[-46,34],[-72,-20],[-13,50],[-42,-5],[-16,39],[-50,6],[-33,57],[-119,5],[40,22],[-54,116],[-104,72],[8,59]],[[5262,2920],[40,55],[-2,72],[34,17],[-52,55],[50,19],[7,46]],[[5262,2920],[-69,10],[-49,-47],[-287,-55],[-4,-36],[-24,27],[-86,-26],[-14,50],[-54,-12],[-10,-26],[-60,30],[-44,-29],[24,-76],[-47,-7],[-78,19],[-75,-24],[8,-41]],[[4393,2677],[-129,-40],[-28,33],[-71,-27],[-5,73],[-95,0],[-23,16],[-122,-9],[-53,-43],[7,62],[-63,-5],[-55,61],[-69,10],[12,50],[-114,21],[11,51],[-42,39],[-23,-6],[-68,-68],[-87,7],[-21,43],[-2,89],[20,41]],[[3373,3075],[17,24],[52,-1],[16,27],[42,0],[46,-47],[58,2],[70,-42],[41,22],[60,-15],[45,21],[6,37],[46,0],[-6,37],[41,-40],[40,-2],[12,36],[103,12],[78,44],[77,7],[2,-40],[68,-28],[5,29],[93,16],[51,40],[11,-53],[71,3],[42,35],[-39,38],[9,62],[111,-20],[122,42],[90,-22],[46,-55],[51,-3],[-10,-27],[162,12],[-8,-43],[60,-13],[105,60],[80,-46]],[[4393,2677],[-38,-120],[77,14],[-17,-22],[27,-26],[-37,-78],[-20,-15],[93,-40],[-32,-51],[-35,-7],[45,-38],[-52,-63],[13,-91],[-144,-17],[-40,37],[-59,-5],[-43,-54],[-119,12],[-18,-45],[-38,0],[-27,-35],[-73,-4],[-85,-45],[36,-36],[78,-33],[55,34],[77,-25],[-26,-77],[17,-35],[-78,-44],[82,-104],[-28,-42],[12,-137],[34,-8],[17,-126],[63,-94],[-36,-61]],[[1371,3179],[120,42],[89,-36],[91,10],[46,-48],[-4,-33],[87,-34],[8,19],[96,74],[97,51]],[[2001,3224],[78,-24],[85,18],[14,-76],[141,-2],[60,-30],[88,121],[60,26],[23,-33],[93,28],[36,-76],[85,7],[29,-20],[121,19],[22,-42]],[[2936,3140],[-15,-40],[40,-55],[46,-13],[130,-2],[42,25],[41,-10],[51,19],[15,-17],[30,41],[57,-13]],[[737,3058],[-52,123],[71,28],[30,-20],[61,8],[9,23],[81,24],[-41,48],[123,37],[34,-17],[20,-89]],[[8068,989],[-68,-18],[-16,-31],[21,-39],[-42,-53]],[[7963,848],[-68,23],[-64,48],[-80,10],[-71,-15],[-71,25],[-81,-8],[-88,-105],[-16,-128],[-161,-43],[-133,-12]],[[7974,117],[-36,123],[13,53],[68,50],[56,12],[2,27],[-31,26],[58,43],[-38,51],[-20,64],[-73,35],[-164,3],[98,114],[44,25],[47,-2],[26,58],[-61,49]],[[3583,5335],[88,20],[88,5],[114,22],[84,40],[65,84],[222,-31],[81,1],[212,56],[67,1],[108,91],[30,42],[108,70],[118,0],[53,12],[83,53],[55,1],[109,-16],[50,4]],[[5318,5790],[6,-33],[113,-69],[76,4],[79,-38],[-5,-84],[391,31],[79,37],[27,31],[29,88],[43,16],[86,-5],[127,46],[73,-27],[136,15],[96,-16],[38,-57],[62,-17],[149,-74],[220,-8]],[[7143,5630],[43,-15],[11,-59],[34,-15],[86,-6],[33,-19],[29,-87],[33,-27],[-13,-23],[50,-35],[54,-70],[39,-113],[-34,-20],[-73,29],[-105,-26],[-82,-6],[-83,19],[-75,6],[32,-153],[48,-139],[75,-72],[51,-79],[-126,-74],[-67,-12],[-360,-80],[-98,-106],[-20,-81],[-26,-29],[-121,-26]],[[6022,6895],[48,-25],[95,-30]],[[6165,6840],[-18,-92],[90,-57],[-32,-50],[12,-17],[96,-19],[82,-59],[-10,-56],[-23,1],[-29,-50],[-33,-26],[67,-30],[84,41],[-5,37],[35,7],[25,-78],[-3,-58],[19,-73],[70,-68],[32,-54],[-9,-50],[-72,12],[-165,70],[-92,14],[-88,-34],[-81,16],[-48,-8],[-62,-34],[-44,-8],[-121,47],[-71,-26],[-83,-4]],[[5688,6134],[-61,18],[-49,53],[-56,19],[-87,-27],[-71,-45],[-89,14],[-73,-31],[-61,-43],[-70,-4],[-13,-16],[-135,135],[63,27],[-10,30],[-98,-9],[-8,15],[67,72],[84,29],[15,17],[-96,1],[-27,90],[-61,27],[64,47],[94,-9],[-25,67],[19,12],[-104,62],[-47,13],[-51,54]],[[5688,6134],[-138,-183],[7,-37],[-187,-59],[-62,-2],[10,-63]],[[8974,7737],[-25,10],[-24,52],[-154,48],[-90,-7],[-105,-37],[-31,-31],[7,-72],[-89,29],[-56,-12],[-53,23],[-99,-20],[-38,54],[-85,62],[-112,1],[-118,45],[-74,-16],[-39,33],[-75,133],[22,26],[56,18],[77,53],[10,20],[-166,139]],[[7321,5599],[-72,29],[-48,46],[-57,-11],[-1,-33]],[[6165,6840],[89,-6],[185,31],[26,19],[68,115],[98,81],[65,37],[125,27],[143,62],[46,36],[129,134],[26,57],[2,48]],[[7167,7481],[38,-2],[70,-88],[32,-12],[65,14],[67,40],[63,22],[41,-13],[29,-39],[68,-52],[35,-68],[45,-45],[5,-41],[-32,-59],[-83,-23],[-28,-119],[39,-40],[43,-14],[39,-69],[-2,-36],[44,-18],[-5,-34],[26,-23],[54,30],[171,-22],[135,2],[126,42],[64,-5],[116,-122],[63,-42],[134,-3],[85,5],[8,-29],[95,9],[45,-13],[11,-53],[-21,-38],[208,-30],[26,-14]],[[2936,3140],[50,-12],[69,12],[-42,57],[53,54],[56,-31],[37,33],[30,-21],[100,50],[31,68],[-19,36],[-55,7],[100,105],[-29,45],[58,30],[-20,47],[98,-29],[50,25],[1,31],[-30,67],[32,49],[69,-17],[50,16],[49,116]],[[3674,3878],[74,14],[51,-7],[105,-34],[0,-22],[66,33],[-20,-38],[41,-9],[9,-35],[130,22],[48,-35],[39,42],[72,-39],[39,26],[68,-29],[33,-1],[28,50],[155,31],[58,-24],[-23,-38],[83,67],[46,-7],[70,38],[37,-57],[28,-13],[110,33],[27,-10],[57,37],[122,26],[30,-26]],[[5257,3873],[55,11],[34,-48],[43,12],[45,-20],[38,18],[-1,60],[60,6],[47,-16],[59,-53],[-55,-16],[-32,15],[15,-56],[-90,-30],[-2,-54],[-86,-54],[28,-54],[50,4],[36,-28],[82,27],[7,-19],[76,-1],[30,-19],[-18,-67],[-52,2],[-36,-71],[-15,-81],[47,-12],[-96,-72],[17,-45],[-29,-49],[42,-18],[-41,-64]],[[5257,3873],[62,62],[0,33],[171,24],[86,79],[108,4],[48,51],[70,-15],[53,34],[-6,99],[-88,58],[23,93],[27,15]],[[7167,7481],[-50,175],[-20,24]],[[6138,2281],[18,-31],[-44,-44],[30,-29],[-117,-63],[92,18],[23,-38],[-2,-37],[-59,-45],[-152,-71],[-22,21],[-70,-25],[5,-29],[-62,4],[-39,-21],[82,-33],[-1,-49],[76,-65],[-20,-44],[-61,-14],[55,-37],[-12,-26],[-56,4],[-59,-29],[-45,-7],[-201,-11],[-45,12],[-12,68],[-32,-93],[19,-14],[-22,-41],[-70,-53],[-40,10],[-16,-38],[-40,1],[52,-37],[27,-80],[24,-8],[90,13],[20,-33],[62,-24],[-8,-54],[46,-33],[-107,-32],[-54,-38],[36,-26],[-161,-84],[9,-68],[-28,-6],[-16,-58]],[[3674,3878],[-18,15],[-42,-24],[-49,24],[16,25],[-32,111],[73,52],[129,6],[85,20],[27,38],[10,53],[-17,48],[-52,53],[19,9],[-46,104],[22,29]],[[2001,3224],[133,71],[5,18],[-48,48],[27,25],[-133,82],[50,38],[-16,45],[-33,10],[-51,-22],[-16,34],[28,20],[-16,28],[64,5],[-32,23],[43,0],[-103,37],[66,21],[-36,36],[56,60],[-64,78],[46,24],[-242,124],[94,43],[76,105],[-50,63],[-57,14],[51,26],[-36,63],[68,37]]],"bbox":[2.521800414972237,49.441319177806506,7.198704631760469,53.55810015949203],"transform":{"scale":[0.00046773719539836304,0.0004117192700955618],"translate":[2.521800414972237,49.441319177806506]},"title":"Benelux","version":"2.0.1","copyright":"Copyright (c) 2022 Highsoft AS, Based on data from Natural Earth","copyrightShort":"Natural Earth","copyrightUrl":"http://www.naturalearthdata.com"}