{"type":"Topology","objects":{"default":{"type":"GeometryCollection","geometries":[{"type":"MultiPolygon","arcs":[[[0]],[[1]],[[2]],[[3]],[[4]],[[5]],[[6,7]],[[8]]],"id":"IE.IRL","properties":{"hc-group":"admin0","hc-middle-x":0.58,"hc-middle-y":0.59,"hc-key":"ie-irl","hc-a2":"IR","country":"Ireland","name":"Ireland"}},{"type":"MultiPolygon","arcs":[[[9]],[[10]],[[11,12,13,14,15,16,17,18,19,20,21,22,23,24]],[[25]]],"id":"GB.ENG","properties":{"hc-group":"admin0","hc-middle-x":0.62,"hc-middle-y":0.57,"hc-key":"gb-eng","hc-a2":"EN","country":"United Kingdom","name":"England"}},{"type":"MultiPolygon","arcs":[[[26]],[[27,-22,28,29,30,-18,31,32,-15,33,-13,34]],[[35]]],"id":"GB.WLS","properties":{"hc-group":"admin0","hc-middle-x":0.64,"hc-middle-y":0.39,"hc-key":"gb-wls","hc-a2":"WA","country":"United Kingdom","name":"Wales"}},{"type":"MultiPolygon","arcs":[[[36]],[[37]],[[38]],[[39]],[[40]],[[41]],[[42]],[[43]],[[44]],[[45]],[[46]],[[47]],[[48]],[[49]],[[50]],[[51]],[[52]],[[53]],[[54]],[[55]],[[56]],[[57]],[[58]],[[59]],[[60]],[[61]],[[62,-24]],[[63]],[[64]],[[65]],[[66]],[[67]],[[68]],[[69]],[[70]],[[71]]],"id":"GB.SCT","properties":{"hc-group":"admin0","hc-middle-x":0.47,"hc-middle-y":0.67,"hc-key":"gb-sct","hc-a2":"SC","country":"United Kingdom","name":"Scotland"}},{"type":"Polygon","arcs":[[72]],"id":"GB.IMN","properties":{"hc-group":"admin0","hc-middle-x":0.54,"hc-middle-y":0.53,"hc-key":"gb-imn","hc-a2":"IO","country":"Isle of Man","name":"Isle of Man"}},{"type":"Polygon","arcs":[[73,-8]],"id":"GB.NIR","properties":{"hc-group":"admin0","hc-middle-x":0.51,"hc-middle-y":0.51,"hc-key":"gb-nir","hc-a2":"NI","country":"United Kingdom","name":"Northern Ireland"}}],"hc-recommended-transform":{"default":{"crs":"+proj=utm +zone=30 +datum=WGS84 +units=m +no_defs","scale":0.000578035606384,"jsonres":15.5,"jsonmarginX":-999,"jsonmarginY":9851,"xoffset":-10793.3291132,"yoffset":6747386.21622}}}},"arcs":[[[395,3521],[-58,-2],[52,32],[30,-15],[-24,-15]],[[580,2917],[66,-4],[9,-36],[-123,43],[48,-3]],[[621,3056],[9,20],[43,-52],[-45,-23],[-7,55]],[[110,1810],[19,-17],[-100,-27],[11,20],[70,24]],[[1616,4608],[-67,0],[24,37],[33,-14],[10,-23]],[[521,1543],[8,-10],[-64,-16],[-7,24],[63,2]],[[3426,3802],[130,-89],[-61,-20],[-99,29],[-33,-7],[-27,-79],[24,-33],[88,-16],[-10,-39],[27,-24],[-21,-36],[21,-101],[44,-37],[62,-27],[15,-34],[-40,-66],[-59,-6],[54,-18],[2,-39],[63,-13],[-20,-16],[-40,23],[-76,-32],[50,-54],[48,-13],[-3,-65],[57,-95],[-18,-93],[45,-41],[-108,-137],[-15,-64],[-55,-74],[5,-110],[-128,-140],[-20,-32],[-87,5],[35,-48],[53,-15],[58,-50],[-43,-56],[-75,25],[-111,-26],[-96,35],[-58,-6],[18,47],[-56,-19],[7,-57],[-60,-25],[-19,56],[-40,32],[-8,-57],[-30,-43],[-73,-7],[28,32],[-41,6],[-37,-31],[-219,-12],[-113,-35],[16,-25],[-30,-64],[-97,-15],[-13,-27],[-85,8],[-76,-38],[25,-28],[-96,-24],[4,-24],[-107,-23],[-91,-1],[13,31],[44,18],[-5,25],[-91,18],[-111,-17],[82,-22],[-15,-29],[40,0],[-3,-66],[-36,-30],[-72,-30],[-31,22],[-55,-62],[6,-35],[-47,33],[-83,-14],[-5,-50],[-128,18],[-65,-57],[-38,24],[-104,-11],[-70,-22],[-25,-34],[-40,19],[-64,-32],[-22,19],[41,44],[-61,-38],[0,42],[-119,-19],[-66,-29],[-23,24],[-39,-43],[-95,-26],[-11,39],[137,59],[98,54],[-38,3],[-157,-56],[-51,-3],[95,47],[138,53],[85,23],[13,33],[-69,6],[-28,33],[-5,-41],[-66,-34],[-186,-22],[-126,-55],[-93,16],[68,16],[-22,37],[68,6],[38,26],[-34,7],[40,30],[112,33],[62,50],[54,5],[74,32],[-145,-28],[-95,-40],[5,18],[-177,-61],[-115,23],[31,7],[-6,46],[-32,10],[-88,-56],[0,50],[-39,2],[6,29],[107,35],[-46,41],[33,26],[114,36],[109,26],[19,31],[34,-16],[17,54],[111,-6],[12,25],[-221,-11],[-129,-28],[-26,20],[-73,0],[-88,-29],[-38,3],[0,71],[64,-7],[14,52],[73,36],[85,17],[6,-48],[52,6],[46,26],[16,37],[14,-52],[111,-19],[111,15],[-100,33],[27,23],[-6,60],[-95,34],[83,15],[140,50],[4,64],[44,23],[98,-7],[184,7],[166,43],[65,1],[25,24],[143,13],[-68,26],[-53,-6],[-7,81],[-47,-14],[-121,-126],[-152,-24],[45,39],[-86,-25],[-138,25],[-116,-31],[-11,-23],[-187,-22],[92,35],[199,137],[67,8],[58,115],[60,51],[-100,6],[32,24],[135,166],[93,-33],[60,30],[-36,15],[68,13],[90,-26],[-18,31],[21,33],[-81,2],[72,47],[-374,-19],[-91,-19],[-44,32],[-38,-24],[-4,79],[46,17],[-33,22],[-42,-21],[11,40],[-37,-9],[-48,-56],[-52,-12],[-65,15],[0,38],[82,31],[-11,25],[-62,-23],[-29,29],[-9,-34],[-85,-4],[-20,22],[-103,3],[15,25],[73,3],[-15,35],[-76,68],[58,-5],[-5,19],[118,-7],[-63,34],[95,0],[63,17],[-44,25],[-11,41],[11,66],[280,31],[-46,19],[51,45],[-6,31],[-156,1],[-125,-38],[-27,19],[28,37],[-6,31],[85,-11],[-69,104],[52,53],[-39,-1],[-52,-42],[-38,36],[68,12],[-40,32],[17,32],[-61,28],[-23,-47],[-40,-7],[15,-51],[-40,-7],[-8,27],[56,89],[-29,12],[17,31],[68,29],[30,-27],[60,-8],[-38,-33],[49,1],[20,45],[65,-20],[-54,38],[-11,30],[48,9],[63,-19],[264,-19],[41,19],[94,-34],[7,-58],[39,-24],[23,-43],[1,57],[35,18],[32,57],[93,1],[54,-23],[183,-2],[62,-58],[50,14],[-90,38],[22,25],[102,-6],[-76,56],[-81,1],[-1,19],[227,100],[79,10],[64,28],[-50,13],[43,42],[66,33],[14,38],[-93,-17],[-47,-21],[-20,27],[-55,-27],[-28,32],[-35,-35],[-20,26],[-153,-11],[-16,21],[-67,17],[-17,36],[129,64],[147,-6],[-59,23],[56,6],[-76,31],[68,12],[118,-3],[-44,17],[-1,27],[-42,15],[-25,36],[79,7],[-74,43],[35,7],[49,53],[29,-24],[-1,65],[35,51],[58,-13],[76,7],[76,31],[17,29],[40,-9],[-43,-26],[78,6],[11,-44],[49,23],[-25,45],[55,38],[-14,-49],[80,-33],[12,-62],[28,44],[-38,69],[4,-44],[-67,29],[25,46],[96,16],[26,-29],[-7,-33],[76,-67],[-3,-31],[-90,-51],[49,6],[7,-24],[-50,-26],[-7,-28],[92,61],[50,12],[-1,93],[-59,48],[15,85],[44,13],[52,-17],[64,20],[23,-29],[36,7],[-77,47],[-27,47],[154,-44],[41,-41],[139,-41],[27,-28],[-76,-20],[-102,-42],[-72,-75]],[[2627,4694],[-88,-26],[-41,-35],[-1,-40],[-35,-36],[-18,-69],[-59,-48],[1,-47],[-87,3],[-72,-34],[-89,21],[-69,-31],[20,-33],[124,-43],[36,9],[-113,-77],[-32,-8],[-94,11],[-44,-42],[-96,-33],[77,-75],[63,-21],[42,-52],[46,-7],[20,-61],[28,-20],[108,-5],[78,-54],[87,-14],[51,19],[37,-22],[69,-7],[-19,26],[30,20],[27,-22],[28,61],[62,16],[6,26],[-51,37],[13,38],[54,14],[64,57],[53,-9],[84,-55],[35,-75],[40,-53],[68,-4],[54,-28],[-26,-92],[45,-29],[112,29],[83,-5],[19,44],[69,-11]],[[267,3712],[59,21],[86,-7],[-6,-56],[34,-1],[-29,-67],[-80,30],[1,42],[-89,2],[-83,19],[62,32],[45,-15]],[[7784,762],[-67,-1],[40,38],[20,-10],[7,-27]],[[9317,1297],[-115,0],[-50,37],[26,34],[102,-25],[37,-46]],[[6373,1523],[-15,100]],[[6358,1623],[24,75],[-61,28],[-119,83],[-64,-18]],[[6138,1791],[-105,99]],[[6033,1890],[-36,54]],[[5997,1944],[10,55]],[[6007,1999],[5,34]],[[6012,2033],[43,53],[78,37],[-33,24],[35,41],[-94,5],[-105,60],[8,52],[67,23],[63,3],[45,38],[-24,27],[-87,-37],[-4,54],[66,58],[22,56],[39,22],[-31,20],[-115,37]],[[5985,2606],[9,77]],[[5994,2683],[102,64]],[[6096,2747],[127,-11]],[[6223,2736],[56,-35],[48,17],[-4,44],[-65,18],[-37,29],[-38,78],[-43,33],[30,41],[-86,59],[-54,11]],[[6030,3031],[0,15],[-82,94],[23,29],[81,24],[37,-17],[49,-86],[84,-31],[83,18],[-113,23],[-77,54],[-95,139],[-3,26],[65,74],[100,75],[-71,1],[-53,31],[4,100],[23,49],[105,13],[48,64],[-53,-13],[-20,30],[101,84],[-47,63],[-106,-37],[-34,62],[-29,-54],[-70,-57],[0,-34],[-78,45],[22,62],[-14,20],[-62,-9],[-82,79],[3,37],[-57,69],[-131,110],[35,47],[22,72],[53,77],[25,8],[67,136],[34,17],[74,-2],[-52,19],[86,32],[74,-21],[82,21],[-57,5],[35,20]],[[6059,4614],[15,59],[63,-5],[108,86],[61,20],[95,61],[5,36],[133,91],[83,1],[28,33],[95,33],[22,26],[-78,116],[-40,33],[69,23],[66,67],[57,31],[11,32],[46,13]],[[6898,5370],[118,-102],[51,-56],[39,8],[11,-31],[46,4],[56,-25],[37,-94],[-4,-98],[26,-44],[-10,-39],[40,-52],[-1,-57],[35,-75],[55,-78],[34,-23],[12,-65],[49,-115],[107,-116],[-33,-19],[83,-7],[259,-60],[183,-76],[35,-53],[48,-28],[53,-111],[98,-46],[36,-53],[129,-45],[-72,-25],[-46,-56],[55,-114],[233,-235],[14,-31],[-77,29],[-83,-14],[-69,19],[-77,67],[-66,19],[-103,-24],[-92,-4],[-76,20],[-73,-29],[28,-12],[78,19],[54,-28],[36,16],[147,18],[22,-6],[74,-80],[117,-46],[117,-75],[44,-12],[77,-78],[79,-151],[13,-74],[-23,-54],[-39,-11],[-99,-61],[-123,-112],[67,5],[64,-28],[63,-61],[108,-4],[48,46],[38,85],[69,33],[218,5],[108,-25],[-2,25],[252,-42],[100,-35],[203,-105],[42,-42],[42,-97],[0,-85],[19,-43],[-71,-148],[-43,-50],[-1,-65],[-39,-108],[-90,-24],[-39,-50],[-75,-56],[-56,49],[-64,29],[69,-63],[-86,9],[-57,-19],[136,-6],[14,-11],[-65,-45],[63,-31],[-115,-58],[-81,1],[-48,38],[-75,-38],[-10,-32],[-144,-25],[42,-11],[85,10],[63,22],[17,-117],[-63,-52],[-84,-29],[-65,8],[-193,-28],[-22,-36],[87,22],[130,-12],[23,-29],[-67,-2],[-70,-29],[26,-19],[103,-7],[12,32],[30,-50],[175,-14],[100,22],[265,17],[19,-8],[-55,-72],[27,-76],[-45,-83],[-152,-50],[-53,-1],[-65,-32],[-50,-54],[11,-60],[-29,-8],[-116,28],[-33,-7],[-113,-66],[-212,-38],[-77,-65],[-122,13],[-241,62],[-79,2],[-105,-27],[-140,0],[-133,-32],[-66,-29],[-74,34],[32,28],[-45,31],[-83,6],[-29,-55],[-38,11],[27,44],[-78,1],[30,-18],[-19,-40],[-152,84],[-72,25],[85,-68],[4,-24],[-72,-23],[-97,-12],[-31,-39],[-89,19],[-83,-18],[-52,7],[-86,-34],[-7,20],[-81,20],[38,-49],[57,-33],[-42,-44],[-81,0],[-60,21],[-228,17],[-25,-49],[30,-25],[-25,-28],[-20,57],[-170,95],[-141,37],[-109,-23],[-50,5],[-47,-23],[-117,-13],[-30,-33],[-91,-16],[-42,52],[21,-62],[-51,-57],[6,-81],[-55,-25],[56,-20],[-42,-62],[-77,-29],[-10,-79],[-118,-13],[-131,99],[-69,-23],[-61,39],[2,31],[-48,5],[-22,38],[26,39],[-61,-20],[5,-38],[-36,-14],[75,-23],[-27,-31],[-32,31],[-107,10],[-91,-36],[-134,-5],[-23,19],[-53,-12],[-40,-92],[-39,4],[-81,-32],[-44,-51],[-42,47],[-33,-83],[30,-40],[-34,-44],[-39,-3],[-37,-47],[-109,119],[-123,38],[-54,-15],[-30,-54],[-105,-2],[-2,74],[20,26],[142,53],[59,-23],[41,42],[60,13],[137,93],[-6,41],[85,26],[20,88],[65,36],[10,-40],[64,7],[-53,26],[0,31],[105,5],[30,59],[80,47],[88,91],[-4,81],[27,69],[-4,39],[73,0],[81,-17],[106,74],[-38,68],[22,38],[62,18],[254,20],[60,13],[105,-20],[67,2],[102,-17],[39,-21],[94,2],[89,16],[85,1],[30,-14],[18,38],[-9,71],[42,58],[117,91],[81,24],[130,147],[76,61],[-14,16],[-150,-116]],[[7477,579],[-149,77],[-60,-14],[53,46],[71,24],[15,-12],[85,48],[153,-38],[39,-36],[-85,-48],[-2,-34],[-91,-19],[-29,6]],[[4745,3087],[25,1],[55,-63],[-18,-10],[-34,31],[-44,9],[16,32]],[[6373,1523],[-39,-28],[-120,-37],[-68,-4],[-26,19],[-33,-29],[-74,-31],[-55,-41],[-10,-50],[-85,-13],[-205,13],[-101,72],[-60,13],[-37,79],[-60,43],[-88,-7],[-30,-23],[20,-26],[-120,3],[-74,-25],[-64,15],[0,57],[46,25],[11,-19],[106,15],[17,20],[-106,22],[-76,-13],[-70,51],[49,-2],[-61,36],[-46,2],[-9,-28],[-92,5],[-85,-22],[-29,-61],[-110,-4],[-76,-46],[-86,28],[-5,28],[-50,25],[63,-6],[157,38],[-24,16],[8,42],[-47,-3],[24,-37],[-16,-20],[-81,-10],[-114,10],[-6,-18],[-59,30],[99,53],[-25,70],[-125,-1],[2,49],[139,39],[26,15],[5,42],[54,4],[43,-16],[34,19],[72,-9],[-5,28],[50,14],[59,45],[55,23],[101,-2],[117,67],[46,7],[97,57],[82,100],[33,92],[-5,30],[94,26],[-86,-6],[-59,56],[15,46],[47,62],[-82,84],[26,17],[-11,53],[24,23],[-105,5],[-88,-25],[-56,1],[-61,-39],[-30,-56],[-53,23],[-148,-23],[23,37],[113,91],[59,14],[135,77],[15,77],[16,-9],[47,48],[92,67],[69,1],[76,30],[117,25],[-39,45],[90,-17],[43,-30],[126,7],[156,53],[33,0],[170,-82],[31,-3]],[[6223,2736],[-69,-3],[-58,14]],[[6096,2747],[-63,-30],[-39,-34]],[[5994,2683],[-19,-46],[10,-31]],[[6012,2033],[25,-18],[-30,-16]],[[6007,1999],[-7,-3],[-3,-52]],[[6033,1890],[80,-86],[25,-13]],[[6358,1623],[18,-46],[-3,-54]],[[4915,2942],[-38,19],[-4,26],[-58,59],[10,81],[-11,27],[120,31],[83,-6],[39,-17],[7,-30],[53,-65],[61,15],[70,-10],[-45,-49],[-80,-27],[-21,-36],[-100,-45],[-56,-1],[22,46],[-52,-18]],[[6193,8139],[-33,-38],[-11,-44],[-79,88],[68,13],[55,-19]],[[6414,8444],[83,-53],[-69,-20],[-55,76],[41,-3]],[[6076,8471],[62,1],[-19,-45],[-73,0],[-40,22],[9,30],[61,-8]],[[6289,8529],[33,-19],[-27,-29],[22,-40],[-38,-6],[-42,50],[37,0],[15,44]],[[6143,8625],[-33,-27],[75,-15],[19,-42],[-85,33],[-11,-24],[-72,61],[107,14]],[[3426,6483],[11,-39],[-39,-28],[-124,55],[76,47],[31,3],[45,-38]],[[3708,6735],[-27,-6],[-46,30],[48,4],[25,-28]],[[3661,6924],[-28,-72],[23,-66],[-54,-19],[-18,42],[13,74],[36,9],[-16,26],[44,6]],[[4457,5300],[-87,50],[-20,53],[-28,13],[-20,51],[25,9],[71,-38],[57,-96],[2,-42]],[[3538,5652],[-34,-64],[-60,-11],[12,47],[42,34],[40,-6]],[[3964,5790],[-21,-67],[-24,30],[17,31],[28,6]],[[3517,5980],[-64,0],[-22,13],[40,18],[46,-31]],[[2926,5957],[-68,14],[-20,40],[203,41],[-2,-27],[-103,-35],[-10,-33]],[[3185,6099],[-42,-22],[-70,10],[44,16],[46,45],[71,30],[43,3],[-31,-45],[-61,-37]],[[7472,9309],[-5,-40],[-22,0],[6,54],[21,-14]],[[7673,9390],[20,-11],[-19,-57],[-40,14],[-11,51],[50,3]],[[7753,9535],[-46,0],[23,27],[76,12],[-53,-39]],[[7890,9782],[42,-1],[-22,-29],[-69,11],[-11,-16],[-46,53],[96,0],[10,-18]],[[7917,9950],[-21,-43],[-40,-24],[23,-31],[-116,5],[-2,32],[70,110],[23,-38],[17,34],[40,-2],[6,-43]],[[2518,6455],[-78,-41],[-66,10],[33,26],[-6,27],[55,19],[62,-41]],[[2591,6913],[74,-20],[-51,-13],[47,-28],[-70,-13],[-95,38],[31,40],[64,-4]],[[2943,7619],[57,-41],[-55,7],[-23,28],[21,6]],[[5760,8220],[53,19],[84,-30],[61,-70],[-62,-26],[95,13],[-19,-17],[-118,-8],[-23,37],[-84,51],[13,31]],[[6272,8297],[-40,-38],[90,19],[17,-36],[-109,-46],[-62,16],[-54,56],[-84,-16],[-27,-25],[-69,0],[-28,52],[24,30],[-18,31],[-31,-29],[8,-27],[-54,-19],[-35,54],[13,76],[21,26],[76,20],[61,-6],[59,-13],[11,-25],[62,-25],[-111,-63],[59,-12],[38,24],[65,-6],[56,-34],[62,16]],[[6446,8554],[147,21],[-51,-14],[-45,-45],[-16,19],[-58,-6],[-48,-35],[-21,10],[76,43],[-13,26],[72,6],[-43,-25]],[[3583,6722],[57,8],[69,-17],[19,-23],[132,32],[75,-12],[-35,-69],[-75,-21],[-14,-39],[-98,-68],[-71,-19],[-21,15],[24,50],[49,50],[80,25],[-116,-6],[-30,19],[-41,-59],[-23,3],[-10,49],[-167,-25],[34,32],[-57,-7],[-111,113],[53,21],[76,-21],[-67,37],[-46,-4],[-10,49],[-40,-18],[-6,32],[-41,-71],[-109,35],[-14,37],[-43,36],[50,0],[-21,30],[34,20],[81,-61],[-19,46],[54,9],[-29,31],[-45,14],[12,50],[56,-22],[6,-22],[82,-43],[63,5],[62,-51],[-10,32],[-53,51],[23,37],[-33,6],[-12,43],[86,52],[129,-104],[13,-118],[-19,-50],[50,-68],[-46,-25],[90,3],[-27,-29]],[[6059,4614],[-70,-13],[-261,13],[-59,-5],[-37,17],[1,-88],[-24,-20],[-96,2],[-19,-18],[-85,6],[16,-39],[-114,-49],[-65,-1],[-5,49],[-28,-43],[-74,15],[-27,31],[6,37],[-58,-25],[-60,19],[-47,43],[-20,-35],[19,-41],[45,-16],[0,-97],[-19,-18],[-110,21],[-74,64],[-150,54],[-15,26],[-50,4],[-76,-52],[46,-96],[24,-14],[6,-52],[-69,18],[-8,70],[-143,110],[-38,60],[4,87],[45,21],[42,-51],[2,-41],[39,-19],[21,22],[-48,74],[-3,31],[35,85],[103,71],[32,52],[8,51],[49,35],[19,41],[81,32],[27,44],[-57,44],[14,37],[-42,31],[-79,18],[6,14],[-90,51],[49,45],[-26,124],[17,41],[71,18],[52,-16],[176,-18],[20,8],[-122,16],[-76,49],[-55,10],[6,-24],[-64,16],[-3,60],[32,52],[58,59],[-20,4],[-58,-73],[-24,7],[-11,49],[-22,-5],[29,-80],[-23,-109],[-56,-84],[-36,3],[-37,77],[-56,41],[51,-84],[-77,23],[-8,31],[-50,-70],[33,-57],[-78,20],[-31,40],[-2,92],[110,113],[89,34],[42,55],[85,32],[-102,-21],[-37,-50],[-97,-42],[-104,-100],[-75,3],[-7,-62],[21,-7],[19,-75],[45,-32],[27,-44],[-94,-58],[-47,-70],[29,-48],[-74,-132],[-32,-20],[58,-49],[-35,-38],[-68,-26],[-93,-6],[-24,15],[-6,78],[62,46],[-5,107],[39,70],[-6,31],[45,24],[36,52],[62,30],[41,51],[-78,-57],[-50,-19],[-50,76],[38,55],[-45,-18],[-12,28],[90,88],[-33,11],[-65,-75],[8,37],[103,107],[50,81],[-79,-44],[48,93],[28,28],[-69,-12],[20,64],[94,104],[110,13],[66,-12],[50,16],[-139,12],[-35,-7],[-14,36],[-47,-26],[34,57],[90,113],[81,26],[54,-8],[128,32],[-135,-18],[-64,19],[97,93],[-93,-52],[-29,-44],[-58,-19],[-77,-46],[-135,-104],[-56,-28],[-84,35],[-69,13],[-122,62],[-3,22],[61,12],[83,-20],[-27,26],[85,35],[102,-10],[-92,23],[-121,-36],[-47,12],[-138,7],[-32,-17],[-50,16],[-8,31],[43,24],[126,8],[65,17],[78,-32],[40,41],[-28,42],[85,6],[-41,15],[40,31],[-115,-6],[35,100],[84,25],[33,-31],[67,-1],[-65,19],[5,24],[-90,22],[61,55],[58,9],[71,-26],[129,5],[-16,13],[-98,-13],[-37,25],[-68,13],[-5,25],[40,37],[4,34],[62,17],[80,-44],[-45,50],[51,38],[-131,-36],[-99,4],[15,45],[72,9],[129,47],[-7,27],[-80,-55],[-63,10],[12,39],[-66,-53],[-83,-3],[-3,80],[-38,9],[-10,45],[26,71],[43,-3],[120,-59],[-12,18],[113,4],[-23,18],[-95,-10],[-84,83],[-35,7],[12,49],[95,13],[-38,22],[-68,9],[-2,92],[67,28],[41,-12],[12,-63],[62,-7],[-1,43],[-54,42],[31,48],[52,-13],[18,-44],[59,-12],[23,49],[168,-56],[-81,48],[-52,13],[16,27],[55,-32],[34,7],[112,-43],[18,2],[-101,53],[13,29],[-72,19],[-77,48],[-49,47],[46,7],[20,-23],[54,3],[3,60],[44,12],[-73,31],[-50,57],[15,18],[52,-19],[113,8],[35,18],[51,-19],[116,13],[-139,11],[-63,71],[25,55],[102,-24],[-72,44],[46,17],[-45,30],[1,25],[62,28],[32,77],[106,-14],[34,-19],[20,-46],[13,60],[95,-48],[-82,-99],[121,70],[23,46],[88,-8],[42,-17],[-56,-89],[48,43],[97,45],[48,-16],[80,31],[65,0],[43,28],[19,-20],[158,2],[92,35],[83,15],[53,-23],[70,11],[68,-12],[11,18],[-51,32],[44,18],[39,-25],[87,12],[42,-18],[110,-1],[-25,-49],[-65,-69],[7,-25],[46,-1],[-19,-64],[-109,-99],[-105,-27],[-73,-37],[-63,-62],[-180,-89],[-75,-28],[-27,-39],[-127,-46],[-51,-5],[74,-33],[-18,-37],[-49,6],[-29,-18],[-93,18],[-66,-10],[-76,42],[43,-40],[57,-17],[50,11],[138,-37],[46,22],[86,-24],[65,46],[7,-33],[-161,-124],[-24,26],[-50,6],[-64,-35],[-113,-11],[-11,-24],[-78,-41],[-21,-30],[185,90],[86,-15],[77,17],[-200,-165],[44,-6],[131,61],[-41,27],[202,6],[124,56],[77,-11],[-16,24],[61,-6],[36,48],[68,8],[102,-2],[60,-24],[107,-23],[69,6],[64,24],[212,-5],[108,-26],[23,13],[81,-13],[101,23],[54,-16],[83,27],[90,-3],[53,-18],[84,-63],[24,-80],[33,-49],[-73,-72],[-107,-69],[-53,-86],[-22,-83],[18,-15],[-88,-91],[-36,-66],[12,-31],[-26,-39],[-96,-74],[-86,-53],[-38,-74],[6,-25],[-41,-42],[-192,-96],[-241,-22],[-61,-23],[-84,-55],[6,-11],[229,71],[53,23],[67,-27],[-29,-57],[58,-31],[74,-4],[82,-40],[-58,-51],[-111,-34],[-89,15],[-59,-3],[-103,-67],[-31,-8],[-41,-60],[-57,-2],[-77,-26],[-64,-2],[-133,24],[-71,0],[-61,19],[27,-40],[46,-17],[64,6],[224,-36],[148,-7],[26,-19],[123,19],[57,56],[55,31],[137,-6],[54,-31],[-12,-19],[62,6],[164,-69],[131,-16],[55,-45],[47,-58]],[[4334,5251],[53,-100],[-20,-40],[33,-62],[-32,-15],[-119,7],[-68,33],[1,62],[-35,37],[-4,51],[31,39],[75,32],[85,-44]],[[3448,5237],[-64,67],[58,39],[-80,-2],[-31,-47],[-62,-45],[-34,7],[9,54],[36,34],[-27,12],[24,47],[99,44],[-6,-34],[162,82],[16,-11],[16,-90],[2,-28],[40,-32],[21,-78],[-67,-37],[-89,-13],[-38,-40],[-40,0],[-8,41],[63,30]],[[3740,5527],[-77,-6],[-3,36],[49,44],[41,12],[105,66],[42,5],[3,-32],[-40,-33],[-33,-51],[-87,-123],[-48,-26],[-15,-50],[-81,5],[-20,67],[10,31],[63,32],[91,23]],[[3896,5894],[-93,-52],[-87,15],[-190,-48],[-75,1],[-22,-19],[-50,12],[-31,42],[62,21],[35,-31],[133,38],[51,27],[-128,-20],[-20,18],[55,57],[94,20],[3,36],[-90,-27],[-55,45],[-76,8],[-42,18],[39,19],[-28,32],[84,6],[26,29],[58,8],[71,-32],[67,-87],[81,0],[106,-31],[56,-57],[-3,-25],[-67,0],[-37,-25],[73,2]],[[7610,9580],[65,52],[20,-11],[-59,-39],[42,5],[-9,-38],[-76,-7],[80,-25],[-51,-27],[39,-17],[-61,-19],[-28,-44],[45,-15],[-7,-35],[-49,-44],[39,-38],[-45,-18],[22,-39],[-46,-1],[-21,-105],[-84,24],[45,44],[-22,19],[38,47],[33,79],[-42,61],[38,59],[-73,-44],[-34,12],[-47,-50],[-59,34],[50,23],[-30,23],[-92,-25],[-45,22],[-17,42],[27,19],[145,10],[11,-35],[18,38],[66,0],[30,30],[55,2],[-110,32],[8,30],[-44,7],[-6,57],[-133,-8],[79,68],[20,-30],[64,51],[-7,25],[75,3],[21,30],[7,-41],[-35,-61],[0,-43],[33,6],[-61,-83],[37,23],[74,16],[-21,19],[35,30],[53,-61],[0,-39]],[[7609,9690],[-22,107],[6,19],[57,-28],[-17,41],[9,51],[28,19],[70,-4],[0,-89],[-57,26],[39,-44],[-31,-16],[34,-19],[-24,-22],[7,-48],[-99,7]],[[2541,6690],[66,-24],[-4,-63],[50,-31],[-20,-13],[-91,0],[-32,27],[-19,79],[-34,19],[53,70],[-31,70],[62,18],[73,-32],[11,-38],[-99,52],[0,-31],[104,-27],[35,-31],[-46,-51],[-78,6]],[[2680,6976],[40,-14],[-19,-26],[-106,-2],[-53,41],[-75,24],[-17,-12],[-67,25],[56,64],[74,-1],[-8,-25],[52,26],[46,-1],[79,25],[-6,-31],[78,-3],[23,-16],[-28,-25],[-60,32],[-37,-1],[55,-72],[-66,-9],[-22,18],[-44,-26],[105,9]],[[3448,7590],[67,34],[0,-39],[-44,-25],[-151,18],[22,-63],[-95,-38],[-29,7],[-77,-26],[184,21],[33,-58],[-58,-31],[-98,12],[73,-38],[-68,-51],[-93,3],[-47,74],[35,37],[-18,12],[-62,-50],[73,-68],[12,-45],[-96,20],[-23,-20],[56,-37],[-84,-25],[-43,-42],[-73,-30],[-97,71],[113,53],[1,23],[89,15],[10,22],[-161,23],[-61,27],[44,32],[100,26],[-101,-13],[29,38],[-42,-16],[-41,57],[10,52],[78,8],[-30,11],[19,39],[100,-25],[-24,-5],[41,-39],[73,31],[50,-32],[23,20],[-61,38],[-28,50],[84,49],[77,11],[225,103],[64,45],[51,-28],[31,-57],[-38,-47],[38,-20],[-67,-31],[-3,-18],[-93,-51],[46,-21],[55,7]],[[4847,4048],[74,35],[74,9],[-21,-48],[11,-35],[41,-33],[-63,-86],[-70,-49],[-95,-46],[-17,-31],[-74,26],[-71,-20],[43,56],[22,88],[92,51],[54,83]],[[2627,4694],[149,-24],[40,25],[34,60],[10,54],[65,-19],[105,4],[93,28],[57,2],[78,34],[48,-15],[32,13],[100,-32],[78,10],[48,-9],[52,-41],[-20,-86],[71,-19],[-10,-66],[47,-10],[82,-79],[23,-58],[55,-14],[-52,35],[38,11],[40,-29],[7,-54],[-29,-34],[-94,-26],[-67,-62],[25,-25],[46,40],[75,28],[44,-10],[97,10],[31,-20],[19,-55],[29,-26],[8,-49],[28,-46],[-21,-68],[-34,-48],[-61,58],[24,78],[-24,38],[-55,35],[-47,9],[-12,-37],[74,-19],[0,-69],[-29,-56],[-39,-26],[106,29],[23,-17],[-2,-61],[-83,-64],[-19,16],[-83,0],[-68,-14],[-4,-64],[-37,-65],[-104,-50],[-109,35],[-10,17],[-69,5]]],"bbox":[-10.461181018243009,49.95912154352611,1.77056437025751,60.845036413947454],"transform":{"scale":[0.0012232968685369056,0.0010887003570778423],"translate":[-10.461181018243009,49.95912154352611]},"title":"British Isles","version":"2.0.1","copyright":"Copyright (c) 2022 Highsoft AS, Based on data from Natural Earth","copyrightShort":"Natural Earth","copyrightUrl":"http://www.naturalearthdata.com"}