{"type":"Topology","objects":{"default":{"type":"GeometryCollection","geometries":[{"type":"MultiPolygon","arcs":[[[0]],[[1]],[[2]],[[3]],[[4]],[[5,6,7,8,9]]],"id":"HN","properties":{"hc-group":"admin0","hc-middle-x":0.42,"hc-middle-y":0.47,"hc-key":"hn","hc-a2":"HN","name":"Honduras","labelrank":"5","country-abbrev":"Hond.","subregion":"Central America","region-wb":"Latin America & Caribbean","iso-a3":"HND","iso-a2":"HN","woe-id":"23424841","continent":"North America"}},{"type":"MultiPolygon","arcs":[[[10,11,12],[13]],[[14]],[[15]],[[16]],[[17]],[[18]],[[19]],[[20]],[[21]]],"id":"PA","properties":{"hc-group":"admin0","hc-middle-x":0.33,"hc-middle-y":0.54,"hc-key":"pa","hc-a2":"PA","name":"Panama","labelrank":"4","country-abbrev":"Pan.","subregion":"Central America","region-wb":"Latin America & Caribbean","iso-a3":"PAN","iso-a2":"PA","woe-id":"23424924","continent":"North America"}},{"type":"MultiPolygon","arcs":[[[22]],[[23,-11,24,25]]],"id":"CR","properties":{"hc-group":"admin0","hc-middle-x":0.56,"hc-middle-y":0.36,"hc-key":"cr","hc-a2":"CR","name":"Costa Rica","labelrank":"5","country-abbrev":"C.R.","subregion":"Central America","region-wb":"Latin America & Caribbean","iso-a3":"CRI","iso-a2":"CR","woe-id":"23424791","continent":"North America"}},{"type":"MultiPolygon","arcs":[[[26]],[[27]],[[28]],[[29]],[[30,31]]],"id":"BZ","properties":{"hc-group":"admin0","hc-middle-x":0.39,"hc-middle-y":0.4,"hc-key":"bz","hc-a2":"BZ","name":"Belize","labelrank":"6","country-abbrev":"Belize","subregion":"Central America","region-wb":"Latin America & Caribbean","iso-a3":"BLZ","iso-a2":"BZ","woe-id":"23424760","continent":"North America"}},{"type":"MultiPolygon","arcs":[[[32]],[[33,-7,34,-26]]],"id":"NI","properties":{"hc-group":"admin0","hc-middle-x":0.55,"hc-key":"ni","hc-a2":"NI","name":"Nicaragua","labelrank":"5","country-abbrev":"Nic.","subregion":"Central America","region-wb":"Latin America & Caribbean","iso-a3":"NIC","iso-a2":"NI","woe-id":"23424915","continent":"North America"}},{"type":"Polygon","arcs":[[35,-10,36,37,-32]],"id":"GT","properties":{"hc-group":"admin0","hc-middle-x":0.47,"hc-middle-y":0.62,"hc-key":"gt","hc-a2":"GT","name":"Guatemala","labelrank":"3","country-abbrev":"Guat.","subregion":"Central America","region-wb":"Latin America & Caribbean","iso-a3":"GTM","iso-a2":"GT","woe-id":"23424834","continent":"North America"}},{"type":"Polygon","arcs":[[38,-37,-9]],"id":"SV","properties":{"hc-group":"admin0","hc-middle-x":0.45,"hc-middle-y":0.47,"hc-key":"sv","hc-a2":"SV","name":"El Salvador","labelrank":"6","country-abbrev":"El. S.","subregion":"Central America","region-wb":"Latin America & Caribbean","iso-a3":"SLV","iso-a2":"SV","woe-id":"23424807","continent":"North America"}}],"hc-recommended-transform":{"default":{"crs":"+proj=utm +zone=16 +datum=WGS84 +units=m +no_defs","scale":0.00042306307386,"jsonres":15.5,"jsonmarginX":-999,"jsonmarginY":9851,"xoffset":-65876.8760737,"yoffset":2045066.23226}}}},"arcs":[[[3065,5353],[-15,-3],[-18,31],[39,5],[-6,-33]],[[3067,5457],[22,-10],[-2,-48],[-45,25],[25,33]],[[3558,7882],[-55,-34],[-22,16],[35,30],[35,9],[7,-21]],[[4008,8165],[-14,-10],[-59,0],[-93,-53],[-25,-23],[-38,-11],[-34,-39],[0,35],[45,42],[61,35],[71,30],[86,-6]],[[4212,8177],[-34,-29],[13,45],[29,43],[21,13],[23,-17],[-52,-55]],[[2652,7520],[18,27],[50,-36],[18,10],[57,83],[26,-5],[39,30],[-11,43],[28,1],[41,22],[57,5],[25,21],[52,-29],[17,4],[72,-84],[42,-6],[67,51],[69,-20],[59,-27],[62,-9],[71,-20],[49,-1],[52,19],[20,19],[47,-16],[152,15],[37,-25],[50,4],[63,51],[24,31],[46,20],[95,4],[40,31],[20,42],[-10,18],[-62,14],[20,12],[112,-25],[81,-30],[56,-57],[79,-33],[155,13],[38,21],[80,70],[50,1],[97,-51],[118,-47],[-3,-74],[14,-17],[30,5],[4,25],[22,-22],[65,-5],[16,16],[-82,23],[-43,36],[118,-29],[112,-17],[85,-90],[181,-198],[63,-50],[42,-16],[-10,-22],[-102,73],[-28,43],[-38,18],[-34,-24],[-23,12],[1,-37],[-35,63],[-48,-2],[22,-33],[-3,-28],[38,45],[24,-73],[-21,-18],[27,-63],[31,-16],[1,34],[16,-21],[6,-42],[28,-10],[24,-44],[42,3],[25,18],[-46,46],[-65,25],[-30,43],[26,18],[60,-33],[13,-28],[39,-20],[35,-39],[3,-58],[25,-14],[17,30],[48,16],[7,35],[63,-9],[-3,-65],[-44,19],[-16,-34],[45,-24],[18,28],[31,14],[-24,66],[-21,2],[-80,45],[-37,29],[15,23],[106,-76],[89,-44],[35,-32],[18,-74],[29,-69],[21,-21],[82,-42]],[[6046,6901],[-90,-14],[-5,18],[-54,6],[-23,19],[-18,-30],[-28,-13],[-34,27],[-12,-56],[-51,-36],[-8,-32],[-50,12],[-9,-42],[-27,11],[-13,-20],[-36,-3],[13,-19],[-46,-23],[-36,24],[0,-37],[-66,-4],[-66,23],[19,-37],[-59,-26],[-52,40],[-3,-72],[-47,-3],[-17,37],[-30,-59],[-49,-26],[-30,36],[-49,2],[-40,18],[-25,-8],[-47,116],[-32,21],[-57,-10],[-65,-68],[-20,-63],[7,-57],[-43,-54],[-34,31],[-9,-83],[-18,-52],[-18,-18],[22,-23],[9,-38],[-20,-26],[-88,-24],[-48,-64],[-24,-68],[-53,-35],[-12,-38],[-43,-15],[-70,-64],[-19,3],[-13,-68],[15,-36],[-66,0],[-25,50],[-36,3],[-74,78],[5,53],[-51,-10],[-35,-53],[-22,-15],[-24,-46],[-43,-61],[-20,-62],[-29,-21],[-34,-4],[-26,21],[-28,-11],[-33,20],[-81,-16],[-43,4],[-26,-21],[-5,-81],[15,-26],[-4,-58],[22,-106],[-10,-38],[25,-74],[-7,-24],[-31,-20],[-38,25],[-31,-10],[-32,-37],[-15,-52],[9,-75],[-41,-66],[-35,-37],[-32,15],[-153,-13]],[[3271,5113],[29,42],[-30,4],[-24,49],[32,8],[-38,14],[-39,-1],[-11,68],[-32,72],[-18,15],[47,63],[41,12],[-15,35],[-31,8],[-23,-55],[-43,-3],[3,16],[-36,10],[-14,59],[-28,-9],[-3,-49],[-37,-23],[-63,41]],[[2938,5489],[52,32],[8,51],[-35,9],[-8,21],[21,75],[2,65],[35,110],[-58,50],[-12,33],[-78,-25],[-29,7],[-30,-20],[-38,68],[-10,33],[-25,10],[-73,2],[-1,-49],[-82,-58],[-21,6],[-69,-25],[1,110],[-92,35],[-38,-4],[-37,37],[0,53],[-61,-9],[-29,74],[-26,13],[-23,-12],[-12,37],[-29,39],[-10,46],[-34,11],[-15,54],[-32,-40],[-47,27],[-90,30]],[[1913,6385],[4,53],[22,11],[51,75],[56,8],[1,75],[10,38],[-55,112],[-3,29],[42,75],[-14,39],[33,71],[110,56],[381,384],[31,39],[24,51],[46,19]],[[6199,725],[8,60],[-35,102],[-2,28],[-39,18],[-34,41],[66,77],[55,33],[15,24],[7,57],[-8,88],[-41,75],[-8,37],[25,24],[12,48],[69,39],[29,36],[-20,46],[-38,22],[-68,65],[-20,-10],[-3,334],[7,29],[48,13],[-11,67],[32,38],[79,-51],[21,-41],[40,-11],[11,55],[26,-9],[-7,33]],[[6415,2092],[72,-72],[39,-52],[24,-19],[18,16],[-23,-68],[19,-44],[-26,-18],[24,-70],[24,-19],[22,15],[17,-18],[38,34],[19,-18],[-5,-48],[-47,22],[-10,-21],[16,-60],[-4,-58],[18,-18],[51,-4],[29,-53],[67,16],[26,-14],[36,35],[73,-35],[12,8],[1,50],[-45,34],[-23,46],[-40,45],[43,-8],[-25,35],[18,10],[45,-56],[-18,-5],[14,-36],[39,-6],[27,-28],[62,-118],[58,-77],[157,-27],[144,23],[136,69],[39,4],[64,95],[59,48],[87,53],[65,28],[77,8],[38,24],[47,12],[42,27],[66,87],[14,37],[24,1],[-1,-43],[24,-6],[9,43],[14,-12],[2,54],[35,-12],[27,36],[30,20],[27,37],[6,62],[34,39],[66,14],[8,-49],[37,0],[5,24],[80,-21],[94,-30],[25,14],[124,16],[-4,-25],[-53,-12],[-2,-65],[54,-1],[49,-30],[76,12],[40,16],[7,-11],[75,-23],[29,19],[32,-19],[50,-11],[39,-34],[26,-8],[87,-59],[44,-11],[18,-21],[59,-25],[38,-40],[52,-92],[22,-21],[-14,58],[43,-54],[4,-20],[41,-63],[-6,-17],[29,-57],[51,-57],[3,24],[62,-77],[-6,-37],[45,-40],[68,-5],[-40,-32],[4,-32],[-35,-59],[-5,-46],[44,-16],[21,-56],[5,-60],[13,-47],[26,-10],[62,-143],[20,-105],[21,-41],[-67,-15],[-34,-33],[-39,-94],[27,-60],[-19,-23],[-94,-77],[-46,-58],[-23,8],[-8,43],[-30,65],[-46,52],[-20,-44],[9,-65],[15,-39],[-4,-41],[-22,-27],[-31,2],[-50,-215],[-34,30],[-45,64],[4,38],[-27,37],[-11,-7],[-67,84],[-4,56],[-43,67],[-35,36],[9,30],[-35,105],[-43,65],[-25,114],[17,51],[7,-29],[47,-8],[26,18],[32,64],[-4,29],[-41,59],[32,7],[1,30],[23,-20],[26,23],[-1,33],[19,53],[18,5],[5,-40],[46,-29],[33,-76],[26,15],[51,-17],[32,-40]],[[9556,863],[-39,54],[-73,23],[-19,30],[-21,81],[10,15],[-31,50],[7,34],[-29,34],[16,-39],[4,-86],[-27,49],[-25,-22],[-6,-31],[-35,-21],[-3,31],[28,6],[-9,67],[-13,-60],[-10,50],[-28,-41],[-12,39],[-37,-55],[-27,109],[-2,-21],[18,-87],[15,-28],[-18,-52],[-40,50],[-5,53],[-9,-24],[-14,43],[0,46],[-27,46],[32,0],[-13,51],[-66,28],[-16,35],[-37,38],[-31,10],[-13,38],[-27,28],[-25,-18],[-20,24],[-11,45],[-86,61],[-52,25],[1,66],[-26,11],[22,-35],[-20,-36],[-103,22],[-76,-1],[-63,-18],[-34,-52],[14,-37],[-36,54],[5,-40],[-28,-20],[-68,-19],[-35,-66],[11,-70],[-10,-30],[-48,-39],[32,-18],[54,35],[-2,-14],[-49,-55],[-59,-24],[-7,-29],[-39,-27],[-25,-41],[-73,-64],[-96,-62],[-50,0],[-22,-11],[-34,20],[-56,-80],[-3,-101],[12,-64],[72,-40],[31,-94],[104,-117],[61,-102],[31,-75],[7,-44],[-15,-41],[-79,-28],[-82,-1],[-65,-38],[7,-56],[-21,-4],[-44,-60],[-20,6],[-157,-32],[-90,2],[-54,33],[23,65],[-1,42],[-16,14],[4,54],[-35,50],[14,41],[-17,42],[-42,67],[19,6],[-25,27],[12,27],[-33,16],[-7,26],[25,25],[-3,79],[-23,-61],[-30,0],[-39,18],[18,-65],[-35,-56],[14,-13],[1,-64],[-15,-27],[-41,32],[-78,25],[-18,-2],[-17,31],[-50,5],[25,33],[-27,10],[-8,-18],[-23,18],[-9,40],[14,44],[-22,1],[-15,31],[9,85],[-21,-28],[-33,88],[9,12],[-50,110],[5,-31],[-19,-30],[-74,44],[-43,16],[13,38],[-32,-36],[-22,23],[-32,-8],[-37,21],[-17,-66],[-1,48],[-35,-10],[-19,121],[-12,-34],[-22,8],[-3,31],[-46,-7],[5,-24],[-38,-19],[-22,15],[-5,39],[-17,-29],[9,-31],[-39,-4],[-98,42],[-52,-6],[-47,-19],[-36,-37],[-9,-32],[3,-73],[15,-60],[-19,-39],[-14,9]],[[9556,863],[12,-16],[1,0],[6,-8],[20,-41],[21,0],[-37,51],[-10,-2],[-13,16]],[[7428,300],[-24,-19],[-31,10],[-41,-46],[-41,-2],[19,27],[32,9],[17,27],[41,17],[37,-5],[-9,-18]],[[6968,380],[22,-81],[24,-38],[-26,-16],[-7,-36],[28,-54],[37,2],[22,-52],[-40,-12],[-24,18],[-41,7],[-63,71],[-27,77],[17,0],[18,52],[60,62]],[[6649,883],[-22,-9],[5,-27],[-46,38],[28,17],[35,-19]],[[6585,932],[1,-25],[-55,-18],[-21,37],[19,-3],[34,32],[22,-23]],[[8741,926],[-25,-6],[-12,-40],[-12,32],[10,52],[16,13],[23,-51]],[[8875,1097],[19,-49],[1,-50],[-16,-40],[-41,-13],[11,-56],[-17,14],[-7,43],[-20,20],[10,36],[-11,99],[54,15],[17,-19]],[[6675,1889],[16,3],[47,-42],[-45,-40],[-4,58],[-14,21]],[[6635,1881],[-58,65],[42,25],[23,-59],[-7,-31]],[[4710,2560],[31,-17],[-41,-7],[-26,37],[58,-7],[-22,-6]],[[5704,3290],[31,-62],[11,-72],[-28,73],[11,-100],[21,21],[32,-118],[41,-125],[47,-104],[127,-220],[78,-112],[40,2],[6,-37],[44,-85],[77,-113],[17,7],[8,-50],[16,-28],[44,-20],[46,-3],[42,-52]],[[6199,725],[-9,10],[8,52],[-45,103],[-16,23],[-82,80],[-23,30],[34,54],[1,28],[-26,59],[23,17],[-41,14],[27,22],[-32,43],[-46,-12],[-12,25],[-40,16],[-8,47],[-34,15],[-26,-22],[-40,-2],[52,-110],[78,-42],[-5,-42],[10,-19],[-5,-85],[-40,10],[-77,49],[-75,2],[-25,39],[-57,72],[-25,19],[-2,28],[25,48],[23,4],[25,45],[1,31],[36,24],[-42,3],[34,32],[-19,49],[26,-11],[-36,48],[17,31],[-17,61],[-19,17],[-45,80],[-27,5],[-13,43],[-35,19],[-52,67],[-59,39],[-113,52],[6,15],[-26,43],[-78,22],[-88,33],[-42,-6],[-63,52],[-8,26],[-33,39],[0,37],[29,57],[0,23],[-42,76],[-19,14],[11,34],[-16,39],[-19,8],[-58,-8],[41,18],[-40,6],[-32,19],[-77,90],[-51,49],[-57,-6],[-39,37],[-13,30],[18,-134],[21,-10],[6,-37],[27,-32],[87,-49],[37,1],[32,-37],[-13,-17],[16,-26],[-18,-18],[46,-11],[-32,-24],[-31,-61],[-32,15],[6,-40],[-43,-30],[-17,-68],[-20,-29],[-18,50],[-86,150],[-38,40],[-72,34],[-19,-14],[-111,50],[-18,-5],[-8,49],[-68,111],[-43,133],[-9,52],[13,20],[-25,38],[30,52],[12,-7],[25,37],[-23,42],[18,44],[14,-10],[39,26],[46,53],[-13,21],[-27,-37],[20,67],[-1,88],[-55,34],[-14,-10],[-23,28],[-70,43],[-25,5],[43,28],[3,21],[32,2],[22,-39],[9,29],[48,-9],[10,38],[-34,45],[17,19],[35,-3],[-22,37]],[[4341,3427],[46,103],[23,12],[59,-52],[382,-186],[30,5],[119,102],[20,7],[37,-31],[26,-1],[61,-34],[15,-25],[32,-11],[42,35],[29,-68],[32,-15],[36,-35],[-12,-38],[24,-34],[36,7],[41,-22],[35,20],[59,-60],[49,3],[16,23],[91,36],[23,16],[-5,102],[17,4]],[[2947,8957],[-15,-21],[0,94],[18,-57],[-3,-16]],[[2955,9149],[5,-18],[-17,-48],[-24,-38],[-14,13],[-22,-34],[-18,-100],[-10,12],[21,118],[34,40],[25,-6],[11,25],[-15,48],[24,-12]],[[2726,9272],[-21,-1],[64,57],[-7,-29],[-36,-27]],[[2917,9703],[-39,-117],[-18,-73],[-21,-26],[21,139],[19,74],[38,3]],[[2046,9399],[0,77],[19,61],[55,26],[46,-44],[22,-1],[9,-25],[35,-28],[16,36],[41,41],[12,42],[27,25],[28,87],[-2,26],[53,51],[6,43],[35,60],[14,81],[30,37],[19,-9],[31,14],[15,-13],[54,5],[15,-17],[-13,-22],[-52,-47],[13,-27],[31,18],[-28,-59],[67,47],[43,-18],[69,27],[-34,-41],[33,3],[5,-105],[-5,-82],[-39,-129],[-10,-10],[-28,-70],[-4,-97],[-17,-73],[-22,-41],[-7,-56],[44,-47],[33,-14],[-8,-17],[-34,4],[-9,-22],[-28,-118],[-9,-143],[14,-77],[21,-11],[16,-50],[4,-60],[-17,-5],[-27,-51],[21,-71],[-33,-36],[-3,-105],[-19,-16],[-39,-74],[14,-18],[-10,-37],[-40,-84],[-19,-11],[-33,-66],[-7,-30],[-37,-9],[-39,19],[-6,-27],[-53,-22],[-3,-66],[-31,-28],[-10,-28],[-30,-30],[-3,-27],[-47,-39],[9,-80]],[[2210,7696],[-25,-13],[-59,20],[-91,-1],[-34,-18],[-3,66],[16,205],[17,274],[23,480],[-1,253],[-7,437]],[[6309,6344],[-47,-3],[24,43],[20,7],[3,-47]],[[4341,3427],[-57,27],[-23,73],[-71,104],[-44,30],[-32,47],[-79,77],[-9,34],[-46,43],[-61,35],[-27,52],[-78,80],[-31,73],[-31,37],[-27,72],[-40,53],[-25,56],[-23,84],[-24,32],[-135,109],[-66,71],[-46,27],[48,-16],[-52,47],[-28,40],[-84,78],[-72,110],[-6,38],[-44,14],[-77,63],[-26,40],[12,56],[55,68],[24,-5],[53,-62],[21,-54],[29,-7],[68,5],[-52,8],[-1,22],[37,25]],[[6046,6901],[-24,-25],[-9,15],[-37,-58],[-34,-85],[-14,76],[-41,-25],[-30,-49],[18,-54],[33,-31],[26,36],[39,-220],[32,-121],[0,-66],[-18,-56],[-87,-179],[-32,-28],[-22,-54],[-41,-193],[-16,-101],[-2,-82],[-26,-103],[-7,-115],[41,-340],[-22,-234],[0,-51],[37,-97],[-5,-64],[-83,-22],[10,34],[-21,53],[-2,81],[33,-4],[16,28],[13,182],[-48,18],[-19,-27],[21,-46],[16,-91],[-56,-55],[-62,-21],[-5,-58],[27,-3],[10,-48],[-10,-54],[18,-24],[20,6],[3,-47],[21,61],[16,-9],[-31,-81],[-15,-106],[5,-113],[-30,58],[15,18],[-10,38],[-15,-76],[-19,-9],[5,-85],[-51,-67],[35,-52],[28,-6],[5,43],[23,-3],[31,-163],[0,-49],[-71,-49],[-23,-100],[-18,3],[-30,-64],[-1,-90],[20,-116],[57,-142],[37,-41],[34,-9]],[[2210,7696],[31,-30],[53,-2],[107,-93],[-7,-45],[26,3],[31,82],[0,37],[41,6],[-87,95],[9,14],[37,-25],[68,-74],[68,-41],[59,-63],[23,-13],[-17,-27]],[[1913,6385],[-25,27],[-21,-25],[-36,8],[-37,-41],[-19,28],[-14,-23],[10,-30],[-15,-22],[32,-35],[13,-56],[-72,-22],[-47,-46],[-29,-65],[-6,-40],[-49,26],[-29,-15],[-94,-93],[-17,-38],[-34,-33],[-11,-55],[15,-60]],[[1428,5775],[-205,115],[-65,33],[-53,16],[-84,15],[-135,-17],[-88,2],[-81,12],[-100,25],[-157,90],[-140,110],[-95,91],[-95,111],[-130,123],[25,22],[29,86],[3,30],[-20,100],[24,76],[0,84],[34,20],[19,50],[-86,145],[-1,46],[301,671],[18,20],[822,1],[24,8],[-7,33],[22,42],[-24,23],[11,105],[44,52],[-10,46],[-54,11],[-45,53],[-59,-6],[13,31],[-23,10],[10,55],[-23,-4],[0,57],[-45,84],[-64,52],[-45,18],[-46,43],[-16,1],[-49,39],[-36,88],[-33,9],[-36,69],[-23,16],[-20,58],[-49,1],[-6,20],[-46,22],[8,15],[291,-3],[0,488],[20,13],[1194,-2]],[[2938,5489],[-14,31],[-25,-67],[56,-53],[-5,-35],[-62,-46],[-24,-49],[-92,8],[-94,-6],[-150,21],[13,33],[-31,36],[7,-33],[-52,16],[-16,29],[-39,7],[-65,-8],[29,-17],[53,8],[33,-39],[-41,7],[82,-26],[-3,-25],[-32,25],[-171,41],[-185,112],[-79,64],[-45,25],[-88,21],[-95,-2],[-101,37],[-85,-8],[-20,62],[-75,60],[-94,57]]],"bbox":[-92.24624530682937,7.216730122607595,-77.16901920685943,18.490755073365555],"transform":{"scale":[0.001507873397336727,0.0011275152466004561],"translate":[-92.24624530682937,7.216730122607595]},"title":"Central America","version":"2.0.1","copyright":"Copyright (c) 2022 Highsoft AS, Based on data from Natural Earth","copyrightShort":"Natural Earth","copyrightUrl":"http://www.naturalearthdata.com"}