{"type":"Topology","objects":{"default":{"type":"GeometryCollection","geometries":[{"type":"MultiPolygon","arcs":[[[0]],[[1]],[[2]],[[3]],[[4]],[[5]],[[6]],[[7]],[[8]],[[9]],[[10]],[[11,12]],[[13]],[[14]],[[15]]],"id":"DK","properties":{"hc-group":"admin0","hc-middle-x":0.2,"hc-middle-y":0.46,"hc-key":"dk","hc-a2":"DK","name":"Denmark","labelrank":"4","country-abbrev":"Den.","subregion":"Northern Europe","region-wb":"Europe & Central Asia","iso-a3":"DNK","iso-a2":"DK","woe-id":"23424796","continent":"Europe"}},{"type":"MultiPolygon","arcs":[[[-13,16,17,18,19,20,21,22,23,24,25,26,27],[28]],[[29]],[[30]],[[31]],[[32]],[[33]],[[34]],[[35]],[[36]],[[37]],[[38]],[[39]],[[40]],[[41]]],"id":"DE","properties":{"hc-group":"admin0","hc-middle-x":0.46,"hc-middle-y":0.52,"hc-key":"de","hc-a2":"DE","name":"Germany","labelrank":"2","country-abbrev":"Ger.","subregion":"Western Europe","region-wb":"Europe & Central Asia","iso-a3":"DEU","iso-a2":"DE","woe-id":"23424829","continent":"Europe"}},{"type":"MultiPolygon","arcs":[[[42]],[[43]],[[44]],[[45]],[[46]],[[47]],[[48,49,50,51,52,53,-24,54,55,56,57],[58]],[[59]]],"id":"FR","properties":{"hc-group":"admin0","hc-middle-x":0.48,"hc-key":"fr","hc-a2":"FR","name":"France","labelrank":"2","country-abbrev":"Fr.","subregion":"Western Europe","region-wb":"Europe & Central Asia","iso-a3":"FRA","iso-a2":"FR","woe-id":"-90","continent":"Europe"}},{"type":"MultiPolygon","arcs":[[[60]],[[61]],[[62]],[[63]],[[64]],[[65]],[[66,67]]],"id":"IE","properties":{"hc-group":"admin0","hc-middle-x":0.59,"hc-middle-y":0.58,"hc-key":"ie","hc-a2":"IE","name":"Ireland","labelrank":"3","country-abbrev":"Ire.","subregion":"Northern Europe","region-wb":"Europe & Central Asia","iso-a3":"IRL","iso-a2":"IE","woe-id":"23424803","continent":"Europe"}},{"type":"MultiPolygon","arcs":[[[68]],[[69]],[[70]],[[71]],[[72]],[[73]],[[74]],[[75]],[[76]],[[77]],[[78]],[[79]],[[80]],[[81]],[[82]],[[83]],[[84]],[[85]],[[86]],[[87,88,89]]],"id":"HR","properties":{"hc-group":"admin0","hc-middle-x":0.73,"hc-middle-y":0.26,"hc-key":"hr","hc-a2":"HR","name":"Croatia","labelrank":"6","country-abbrev":"Cro.","subregion":"Southern Europe","region-wb":"Europe & Central Asia","iso-a3":"HRV","iso-a2":"HR","woe-id":"23424843","continent":"Europe"}},{"type":"MultiPolygon","arcs":[[[90]],[[91]],[[92]],[[93]],[[94]],[[95]],[[96]],[[97]],[[98]],[[99]],[[100]],[[101]],[[102]],[[103]],[[104]],[[105]],[[106]],[[107]],[[108]],[[109]],[[110]],[[111]],[[112]],[[113]],[[114]],[[115]],[[116]],[[117]],[[118]],[[119]],[[120]],[[121]],[[122]],[[123]],[[124]],[[125]],[[126,127,128,129,-130,130,131,132,133,134],[135]],[[136,137]],[[138,139]],[[140]],[[141]],[[142]],[[143]],[[144]],[[145]],[[146,-68]]],"id":"GB","properties":{"hc-group":"admin0","hc-middle-x":0.18,"hc-middle-y":0.36,"hc-key":"gb","hc-a2":"GB","name":"United Kingdom","labelrank":"2","country-abbrev":"U.K.","subregion":"Northern Europe","region-wb":"Europe & Central Asia","iso-a3":"GBR","iso-a2":"GB","woe-id":"-90","continent":"Europe"}},{"type":"MultiPolygon","arcs":[[[147]],[[148]],[[149]],[[150]],[[151]],[[152]],[[153,154]]],"id":"EE","properties":{"hc-group":"admin0","hc-middle-x":0.6,"hc-middle-y":0.51,"hc-key":"ee","hc-a2":"EE","name":"Estonia","labelrank":"6","country-abbrev":"Est.","subregion":"Northern Europe","region-wb":"Europe & Central Asia","iso-a3":"EST","iso-a2":"EE","woe-id":"23424805","continent":"Europe"}},{"type":"MultiPolygon","arcs":[[[-136]],[[155,-128,156]],[[157,-140,158,159,160,161,-132]],[[162,129]]],"id":"CY","properties":{"hc-group":"admin0","hc-middle-x":0.21,"hc-middle-y":0.68,"hc-key":"cy","hc-a2":"CY","name":"Cyprus","labelrank":"5","country-abbrev":"Cyp.","subregion":"Western Asia","region-wb":"Europe & Central Asia","iso-a3":"CYP","iso-a2":"CY","woe-id":"-90","continent":"Asia"}},{"type":"MultiPolygon","arcs":[[[163]],[[164]],[[165]],[[166]],[[167]],[[168]],[[169]],[[170]],[[171]],[[172]],[[173]],[[174]],[[175]],[[176]],[[177]],[[178]],[[179]],[[180]],[[181]],[[182]],[[183]],[[184]],[[185]],[[186]],[[187]],[[188]],[[189]],[[190]],[[191]],[[192]],[[193]],[[194]],[[195]],[[196]],[[197]],[[198]],[[199]],[[200,201]],[[202]]],"id":"FI","properties":{"hc-group":"admin0","hc-middle-x":0.58,"hc-middle-y":0.72,"hc-key":"fi","hc-a2":"FI","name":"Finland","labelrank":"3","country-abbrev":"Fin.","subregion":"Northern Europe","region-wb":"Europe & Central Asia","iso-a3":"FIN","iso-a2":"FI","woe-id":"23424812","continent":"Europe"}},{"type":"MultiPolygon","arcs":[[[203]],[[204]],[[205]],[[206]],[[207]],[[208]],[[209]],[[210]],[[211]],[[212]],[[213]],[[214]],[[215]],[[216]],[[217]],[[218]],[[219]],[[220]],[[221]],[[222]],[[223]],[[224]],[[225]],[[226]],[[227]],[[228]],[[229]],[[230]],[[231]],[[232]],[[233]],[[234]],[[235]],[[236]],[[237]],[[238]],[[239]],[[240]],[[241]],[[242]],[[243]],[[244]],[[245]],[[246]],[[247]],[[248]],[[249]],[[250]],[[251]],[[252]],[[253]],[[254]],[[255]],[[256]],[[257]],[[258]],[[259]],[[260,261]],[[262,263]],[[264]],[[265]],[[266]],[[267]]],"id":"GR","properties":{"hc-group":"admin0","hc-middle-x":0.21,"hc-middle-y":0.39,"hc-key":"gr","hc-a2":"GR","name":"Greece","labelrank":"3","country-abbrev":"Greece","subregion":"Southern Europe","region-wb":"Europe & Central Asia","iso-a3":"GRC","iso-a2":"GR","woe-id":"23424833","continent":"Europe"}},{"type":"MultiPolygon","arcs":[[[268]],[[269]],[[270]],[[271]],[[272]],[[273]],[[274]],[[275]],[[276]],[[277]],[[278]],[[279]],[[280]],[[281]],[[282]],[[283]],[[284]],[[285]],[[286]],[[287]],[[288]],[[289]],[[290]],[[291]],[[292]],[[293]],[[294]],[[295]],[[-201,296]],[[297]],[[298]]],"id":"SE","properties":{"hc-group":"admin0","hc-middle-x":0.52,"hc-middle-y":0.34,"hc-key":"se","hc-a2":"SE","name":"Sweden","labelrank":"3","country-abbrev":"Swe.","subregion":"Northern Europe","region-wb":"Europe & Central Asia","iso-a3":"SWE","iso-a2":"SE","woe-id":"23424954","continent":"Europe"}},{"type":"MultiPolygon","arcs":[[[299]],[[300]],[[301]],[[302]],[[303]],[[304]],[[305,306]],[[307,-27,308],[309]]],"id":"NL","properties":{"hc-group":"admin0","hc-middle-x":0.35,"hc-middle-y":0.58,"hc-key":"nl","hc-a2":"NL","name":"Netherlands","labelrank":"5","country-abbrev":"Neth.","subregion":"Western Europe","region-wb":"Europe & Central Asia","iso-a3":"NLD","iso-a2":"NL","woe-id":"-90","continent":"Europe"}},{"type":"MultiPolygon","arcs":[[[310]],[[311]],[[312]],[[313]],[[-59]],[[314]],[[315,-58,316,-138,317,318,319,-50]],[[320]]],"id":"ES","properties":{"hc-group":"admin0","hc-middle-x":0.4,"hc-middle-y":0.51,"hc-key":"es","hc-a2":"ES","name":"Spain","labelrank":"2","country-abbrev":"Sp.","subregion":"Southern Europe","region-wb":"Europe & Central Asia","iso-a3":"ESP","iso-a2":"ES","woe-id":"23424950","continent":"Europe"}},{"type":"MultiPolygon","arcs":[[[321]],[[322,323,324,325]]],"id":"LT","properties":{"hc-group":"admin0","hc-middle-x":0.6,"hc-middle-y":0.49,"hc-key":"lt","hc-a2":"LT","name":"Lithuania","labelrank":"5","country-abbrev":"Lith.","subregion":"Northern Europe","region-wb":"Europe & Central Asia","iso-a3":"LTU","iso-a2":"LT","woe-id":"23424875","continent":"Europe"}},{"type":"MultiPolygon","arcs":[[[326]],[[327]],[[328]],[[329]],[[330]],[[331]],[[332]],[[333]],[[334]],[[335]],[[336]],[[337]],[[338,339,340,341,-56],[342]],[[343]],[[344]]],"id":"IT","properties":{"hc-group":"admin0","hc-middle-x":0.44,"hc-middle-y":0.38,"hc-key":"it","hc-a2":"IT","name":"Italy","labelrank":"2","country-abbrev":"Italy","subregion":"Southern Europe","region-wb":"Europe & Central Asia","iso-a3":"ITA","iso-a2":"IT","woe-id":"23424853","continent":"Europe"}},{"type":"MultiPolygon","arcs":[[[345]],[[346]]],"id":"MT","properties":{"hc-group":"admin0","hc-middle-x":0.66,"hc-middle-y":0.64,"hc-key":"mt","hc-a2":"MT","name":"Malta","labelrank":"5","country-abbrev":"Malta","subregion":"Southern Europe","region-wb":"Middle East & North Africa","iso-a3":"MLT","iso-a2":"MT","woe-id":"23424897","continent":"Europe"}},{"type":"MultiPolygon","arcs":[[[347,348]],[[349,-134,350,351,352]]],"id":"NC","properties":{"hc-group":"admin0","hc-middle-x":0.59,"hc-middle-y":0.61,"hc-key":"nc","hc-a2":"NC","name":"Northern Cyprus","labelrank":"6","country-abbrev":"N. Cy.","subregion":"Western Asia","region-wb":"Europe & Central Asia","iso-a3":"-99","iso-a2":"NC","woe-id":"-90","continent":"Asia"}},{"type":"Polygon","arcs":[[353,-18,354,-323,355,356,357,-20]],"id":"PL","properties":{"hc-group":"admin0","hc-middle-x":0.55,"hc-key":"pl","hc-a2":"PL","name":"Poland","labelrank":"3","country-abbrev":"Pol.","subregion":"Eastern Europe","region-wb":"Europe & Central Asia","iso-a3":"POL","iso-a2":"PL","woe-id":"23424923","continent":"Europe"}},{"type":"Polygon","arcs":[[358,359,360,361,-357]],"id":"SK","properties":{"hc-group":"admin0","hc-middle-x":0.41,"hc-middle-y":0.46,"hc-key":"sk","hc-a2":"SK","name":"Slovakia","labelrank":"6","country-abbrev":"Svk.","subregion":"Eastern Europe","region-wb":"Europe & Central Asia","iso-a3":"SVK","iso-a2":"SK","woe-id":"23424877","continent":"Europe"}},{"type":"Polygon","arcs":[[362,363,364,-90,365,366,-360]],"id":"HU","properties":{"hc-group":"admin0","hc-middle-x":0.52,"hc-key":"hu","hc-a2":"HU","name":"Hungary","labelrank":"5","country-abbrev":"Hun.","subregion":"Eastern Europe","region-wb":"Europe & Central Asia","iso-a3":"HUN","iso-a2":"HU","woe-id":"23424844","continent":"Europe"}},{"type":"Polygon","arcs":[[-54,367,-25]],"id":"LU","properties":{"hc-group":"admin0","hc-middle-x":0.46,"hc-middle-y":0.05,"hc-key":"lu","hc-a2":"LU","name":"Luxembourg","labelrank":"6","country-abbrev":"Lux.","subregion":"Western Europe","region-wb":"Europe & Central Asia","iso-a3":"LUX","iso-a2":"LU","woe-id":"23424881","continent":"Europe"}},{"type":"Polygon","arcs":[[368,-341,369,-366,-89]],"id":"SI","properties":{"hc-group":"admin0","hc-middle-x":0.39,"hc-middle-y":0.61,"hc-key":"si","hc-a2":"SI","name":"Slovenia","labelrank":"6","country-abbrev":"Slo.","subregion":"Southern Europe","region-wb":"Europe & Central Asia","iso-a3":"SVN","iso-a2":"SI","woe-id":"23424945","continent":"Europe"}},{"type":"Polygon","arcs":[[-368,370,-52,371,-307,372,-309,-26]],"id":"BE","properties":{"hc-group":"admin0","hc-middle-x":0.53,"hc-middle-y":0.37,"hc-key":"be","hc-a2":"BE","name":"Belgium","labelrank":"2","country-abbrev":"Belg.","subregion":"Western Europe","region-wb":"Europe & Central Asia","iso-a3":"BEL","iso-a2":"BE","woe-id":"23424757","continent":"Europe"}},{"type":"MultiPolygon","arcs":[[[373,-157,-127,-353]],[[374,-349,375,-160]],[[376,-351,-133,-162]]],"id":"CNM","properties":{"hc-group":"admin0","hc-middle-x":0.55,"hc-middle-y":0.16,"hc-key":"cnm","hc-a2":"CN","name":"Cyprus No Mans Area","labelrank":"9","country-abbrev":null,"subregion":"Western Asia","region-wb":"Europe & Central Asia","iso-a3":"-99","iso-a2":null,"woe-id":"-99","continent":"Asia"}},{"type":"Polygon","arcs":[[377,-264,378,379]],"id":"BG","properties":{"hc-group":"admin0","hc-middle-x":0.52,"hc-middle-y":0.58,"hc-key":"bg","hc-a2":"BG","name":"Bulgaria","labelrank":"4","country-abbrev":"Bulg.","subregion":"Eastern Europe","region-wb":"Europe & Central Asia","iso-a3":"BGR","iso-a2":"BG","woe-id":"23424771","continent":"Europe"}},{"type":"Polygon","arcs":[[380,-364,381,-380]],"id":"RO","properties":{"hc-group":"admin0","hc-middle-x":0.45,"hc-middle-y":0.54,"hc-key":"ro","hc-a2":"RO","name":"Romania","labelrank":"3","country-abbrev":"Rom.","subregion":"Eastern Europe","region-wb":"Europe & Central Asia","iso-a3":"ROU","iso-a2":"RO","woe-id":"23424933","continent":"Europe"}},{"type":"Polygon","arcs":[[382,-155,383,-325]],"id":"LV","properties":{"hc-group":"admin0","hc-middle-x":0.68,"hc-middle-y":0.47,"hc-key":"lv","hc-a2":"LV","name":"Latvia","labelrank":"5","country-abbrev":"Lat.","subregion":"Northern Europe","region-wb":"Europe & Central Asia","iso-a3":"LVA","iso-a2":"LV","woe-id":"23424874","continent":"Europe"}},{"type":"Polygon","arcs":[[384,-22,385,-361,-367,-370,-340]],"id":"AT","properties":{"hc-group":"admin0","hc-middle-x":0.68,"hc-key":"at","hc-a2":"AT","name":"Austria","labelrank":"4","country-abbrev":"Aust.","subregion":"Western Europe","region-wb":"Europe & Central Asia","iso-a3":"AUT","iso-a2":"AT","woe-id":"23424750","continent":"Europe"}},{"type":"Polygon","arcs":[[-21,-358,-362,-386]],"id":"CZ","properties":{"hc-group":"admin0","hc-middle-x":0.43,"hc-middle-y":0.48,"hc-key":"cz","hc-a2":"CZ","name":"Czech Republic","labelrank":"5","country-abbrev":"Cz. Rep.","subregion":"Eastern Europe","region-wb":"Europe & Central Asia","iso-a3":"CZE","iso-a2":"CZ","woe-id":"23424810","continent":"Europe"}},{"type":"Polygon","arcs":[[386,-319]],"id":"PT","properties":{"hc-group":"admin0","hc-middle-x":0.48,"hc-middle-y":0.35,"hc-key":"pt","hc-a2":"PT","name":"Portugal","labelrank":"2","country-abbrev":"Port.","subregion":"Southern Europe","region-wb":"Europe & Central Asia","iso-a3":"PRT","iso-a2":"PT","woe-id":"23424925","continent":"Europe"}}],"hc-recommended-transform":{"default":{"crs":"+proj=lcc +lat_1=43 +lat_2=62 +lat_0=30 +lon_0=10 +x_0=0 +y_0=0 +ellps=intl +units=m +no_defs","scale":0.000177281835398,"jsonres":15.5,"jsonmarginX":-999,"jsonmarginY":9851,"xoffset":-1706316.2597,"yoffset":4578113.15471}},"hc-recommended-mapview":{"projection":{"name":"LambertConformalConic","parallels":[43,62],"rotation":[-10]}}}},"arcs":[[[4619,5725],[37,-12],[-29,-7],[-40,31],[32,-12]],[[5104,5755],[-7,-16],[-42,1],[-20,-16],[-21,17],[46,23],[44,-9]],[[4495,5777],[52,-34],[-13,-28],[-35,12],[-2,32],[-39,12],[37,6]],[[4727,5736],[-24,-54],[-20,29],[13,24],[57,63],[-26,-62]],[[5626,5820],[58,-28],[-17,-40],[-65,16],[-22,15],[17,59],[29,-22]],[[4189,5878],[11,-4],[-3,-24],[-17,25],[9,3]],[[5113,5911],[-13,18],[20,23],[15,-27],[-22,-14]],[[4679,6003],[1,-25],[-24,-1],[14,29],[9,-3]],[[4892,6228],[-16,4],[3,5],[28,4],[-15,-13]],[[4300,6305],[-7,-43],[-26,-29],[-25,-5],[-24,31],[23,28],[59,18]],[[4806,6409],[-28,-10],[-8,-25],[-39,18],[38,16],[37,1]],[[4244,5725],[5,67],[-24,3],[-20,-21],[-4,31],[49,-11],[-16,84],[-39,7],[-28,28],[-15,-13],[-34,13],[22,70],[43,23],[-24,51],[-38,13],[6,24],[-3,97],[12,35],[31,-27],[55,0],[17,-28],[20,1],[3,43],[47,48],[33,-2],[17,-25],[-29,-25],[50,3],[4,20],[-29,54],[28,29],[33,8],[41,-14],[15,18],[51,6],[-29,12],[-116,-28],[-33,16],[-48,-21],[-49,-9],[-43,-49],[28,-42],[-16,-11],[-66,52],[6,19],[77,78],[37,-5],[44,16],[55,-6],[41,7],[36,22],[47,61],[39,37],[52,3],[88,42],[-36,-50],[25,-39],[-2,-56],[-20,-14],[-40,-78],[21,-98],[43,-12],[53,5],[38,-25],[-11,-32],[-37,-34],[-26,7],[-23,-39],[-13,22],[9,28],[-24,6],[-40,-43],[12,-34],[-7,-31],[-78,-22],[35,-7],[2,-17],[-59,-22],[14,-13],[-32,-25],[-47,-13],[35,-4],[-15,-14],[27,-50],[-6,-15],[-43,-11],[20,-30],[35,-20],[1,-41],[-34,26],[-33,-33]],[[4417,5701],[-47,-1],[-8,12],[-82,16],[-36,-3]],[[4763,5694],[24,13],[-20,15],[16,17],[37,3],[25,-21],[50,-20],[29,18],[29,-37],[-20,-27],[-35,6],[-30,-12],[-105,45]],[[4660,5763],[-74,18],[-46,22],[-24,23],[0,27],[-47,41],[18,14],[30,-10],[100,28],[32,-18],[-3,-29],[29,14],[1,34],[29,-29],[-17,-14],[30,-29],[3,-40],[-17,-40],[-44,-12]],[[4907,5805],[-51,12],[-34,-6],[-5,21],[-34,25],[26,7],[-13,47],[-42,47],[65,1],[50,32],[0,28],[64,8],[-23,-17],[33,-65],[13,36],[29,28],[14,-70],[7,21],[-16,60],[-35,8],[85,44],[53,-8],[30,-15],[-24,-35],[20,-61],[-31,-28],[-48,-17],[-5,-31],[48,-24],[-11,-27],[-47,-7],[-22,-23],[20,-5],[-5,-39],[-20,-6],[-22,-7],[47,-30],[-46,-41],[1,-35],[-22,26],[8,17],[-35,43],[1,26],[29,2],[-52,58]],[[4417,5701],[31,15],[54,-30],[20,9],[27,-32],[-4,-37],[-30,-23],[54,9],[20,-25],[21,10],[104,-36],[34,18],[33,-10],[-4,-45],[-69,-38],[31,-23],[63,15],[15,-21],[47,-11],[8,27],[37,40],[88,10],[64,35],[35,48],[43,-11],[-73,-35],[69,23],[44,-7],[35,19],[19,-43],[38,-13],[39,-39],[51,16],[23,-13],[4,19],[88,-67]],[[5476,5455],[-8,-9],[5,-7]],[[5473,5439],[-72,-10],[3,25],[-16,-16],[37,-29],[54,-4],[9,-17]],[[5488,5388],[8,-54],[24,-66],[-15,-64],[-44,-24],[-5,-31],[57,-32],[59,-45],[-24,-44],[15,-41],[20,-6],[-2,-38],[17,-12],[-39,-76],[29,-37],[4,-45],[47,-19],[17,-60],[-15,-48],[-32,-58]],[[5609,4588],[-44,-4],[5,18],[-32,31],[-45,5],[-12,-15],[25,-29],[-101,-28],[-13,-16],[-52,-3],[-33,-33],[-49,-4],[-15,-24],[-34,-1],[-21,-24],[-20,10],[-70,-15],[-38,-37],[-13,-27],[-10,27],[-35,16],[37,-77],[50,-21],[13,-18],[-32,-45],[53,-66],[4,-23],[35,-28],[45,-9],[40,-50],[26,-8],[40,-43],[28,2],[46,-50]],[[5387,3999],[-2,-44],[-19,-25],[-44,18],[-25,-59],[-29,-19],[-54,-13],[-64,-40],[4,-16],[51,-62],[-22,-34],[28,-3],[12,-26],[-8,-36],[-21,-6],[-36,23],[-4,32],[-59,-11],[-16,18],[-55,4],[-2,-29],[-51,2],[-26,-10],[-45,4],[-14,-21],[-32,-3],[-34,-29],[-62,-3],[-41,35],[-83,17],[8,-39],[-33,-38],[-32,-9],[7,31],[-26,-4],[-1,21],[-28,24],[-50,6]],[[4479,3655],[-47,27],[-42,11],[-54,39],[24,-42],[-62,-6],[-67,41],[-31,-9],[-16,-28],[39,0],[-26,-22],[-60,8],[-20,-13],[-59,8],[-31,-14],[-21,10]],[[4006,3665],[-14,57],[21,62],[-11,26],[40,73],[13,73],[65,58],[22,39],[-60,22],[-63,0],[-57,38],[-27,-19],[-97,29],[-29,-10],[-45,74],[-34,6]],[[3730,4193],[1,31],[31,37],[2,28],[-62,25],[-28,46],[6,20]],[[3680,4380],[6,27],[51,28],[-9,46],[-31,3],[-3,35],[-41,39]],[[3653,4558],[14,43],[-31,35],[50,34],[-18,23],[31,44],[-2,34],[-22,38],[-35,25],[-2,21],[43,26],[57,-20],[96,38],[-31,20],[78,55],[5,39],[-17,23],[-62,8],[17,46],[59,2],[10,58],[23,32],[2,78]],[[3918,5260],[25,24],[-62,13],[14,60],[31,22],[160,15],[49,-47],[-24,-15],[31,-25],[27,27],[-15,27],[69,-16],[-19,39],[20,48],[25,9],[39,-16],[92,10],[65,-75],[-8,32],[-30,33],[-39,17],[-47,0],[-38,41],[36,-2],[-4,33],[-26,-6],[-5,36],[27,18],[-69,-12],[-5,32],[51,7],[34,27],[-46,51],[-26,13],[-6,45]],[[5406,5458],[2,13],[32,-15],[-23,36],[-38,-13],[3,18],[-9,-14],[33,-25]],[[3818,5354],[-11,-2],[-7,8],[27,6],[-9,-12]],[[3952,5395],[-38,-7],[-9,3],[22,6],[25,-2]],[[4015,5402],[-26,-1],[-5,4],[26,1],[5,-4]],[[4052,5410],[-11,-4],[-11,2],[7,5],[15,-3]],[[4874,5479],[-7,-15],[-21,3],[20,15],[8,-3]],[[4294,5604],[-17,10],[8,5],[26,1],[-17,-16]],[[4819,5608],[14,-18],[-44,-1],[-24,15],[26,20],[28,-16]],[[4246,5614],[-12,-2],[-4,10],[23,8],[-7,-16]],[[5242,5642],[-9,-5],[-12,-22],[10,27],[11,0]],[[4177,5673],[6,-20],[-8,-6],[-13,13],[15,13]],[[4224,5669],[-39,5],[16,11],[19,0],[4,-16]],[[4183,5725],[-22,-1],[20,40],[-6,-19],[8,-20]],[[5244,5628],[45,10],[13,-26],[15,18],[-45,25],[22,1],[16,-21],[39,3],[-14,-32],[41,-36],[-58,0],[-52,-25],[-33,23],[29,13],[-18,47]],[[2036,3220],[25,-29],[-8,-24],[-36,46],[19,7]],[[1996,3290],[35,-12],[12,-13],[-66,26],[19,-1]],[[1816,3420],[-20,-2],[-1,7],[9,1],[12,-6]],[[1836,3495],[-13,-4],[-10,20],[21,-2],[2,-14]],[[1631,3594],[10,-7],[-38,5],[-3,20],[31,-18]],[[1202,3916],[-9,-8],[-10,5],[14,7],[5,-4]],[[2701,2235],[3,30],[-57,8],[-8,-13]],[[2639,2260],[-24,34],[-41,1],[-15,17],[-91,18],[-3,-45],[-82,-4],[-24,16],[-46,-11],[-26,31],[-36,13],[-58,-13],[-40,43],[-48,2],[-113,35],[19,46],[-76,14],[-11,26]],[[1924,2483],[29,4],[41,51],[29,124],[22,136],[14,45],[31,2],[-26,31],[-22,-43],[27,243],[12,22],[71,-68],[19,-71],[10,-1],[-26,99],[-19,26],[-80,55],[-7,23],[23,4],[12,28],[-6,55],[-23,16],[21,29],[-88,45],[-66,23],[-13,37],[-57,53],[3,31],[24,34],[-38,32],[4,41],[-29,-18],[-61,38],[36,11],[-25,29],[-70,-7],[-20,16],[37,-2],[-7,22],[-66,-14],[-101,57],[-72,6],[-18,24],[-38,-2],[-26,-22],[-33,1],[-15,48],[-55,26],[88,11],[-3,25],[-35,15],[-15,-19],[-3,35],[79,-2],[-59,12],[21,20],[-88,-20],[-4,42],[11,22],[36,18],[57,3],[73,25],[27,-29],[9,29],[54,-13],[11,44],[33,-5],[62,13],[11,-22],[48,-38],[31,-42],[82,50],[23,-30],[15,16],[67,22],[1,-26],[104,11],[-41,24],[1,80],[-11,55],[-49,48],[-5,50],[-20,42],[74,-20],[46,18],[37,-26],[-18,-18],[27,-36],[80,-19],[92,-6],[42,-18],[41,12],[44,27],[55,10],[-68,12],[-5,13],[34,53],[98,41],[110,24],[49,33],[21,30],[40,10],[-28,16],[9,84],[0,83],[87,39],[122,22]],[[2882,4652],[19,-36],[-4,-33],[44,-33],[79,12],[27,-67],[43,-3],[41,-20],[4,-36],[80,5],[39,-24],[-17,-35],[19,-19],[-16,-24],[67,-11],[48,15],[6,27],[42,16],[-19,-47],[16,-53],[21,3],[77,-52],[23,-3],[17,-30]],[[3538,4204],[69,12]],[[3607,4216],[38,-27],[38,15],[47,-11]],[[4006,3665],[-46,-43],[-30,-3],[-14,19],[-38,4],[-32,-41],[39,-4],[-19,-27],[-80,-73],[-35,-11],[-2,-52],[-67,-46],[-17,-50],[18,-17],[-9,-32],[-29,-10],[-1,-23],[34,2],[38,29],[3,38],[45,10],[64,0],[9,-39],[-12,-39],[18,-3],[38,-55]],[[3881,3199],[-50,-28],[-1,-31],[37,-22],[5,-37],[39,-28],[-11,-42],[-60,-37],[-23,8],[-30,-15],[27,-25],[1,-24],[46,-19],[27,-50],[-17,2],[-30,-41],[16,-31],[-11,-18],[37,-36],[76,-35],[62,15],[8,-25],[-48,-62],[6,-20]],[[3987,2598],[-39,-30],[-39,-9],[-2,-29],[-37,-1],[-12,-28],[-43,-11],[-29,-36],[18,-23],[-145,-34],[-19,15],[-18,-25],[-49,40],[-65,8],[-11,39],[-51,-7],[-13,15],[37,13],[-32,37],[8,-30],[-30,-3],[-24,-27],[-57,7],[-12,24],[-68,1],[-22,26],[-37,-5],[-70,-45],[-24,-26],[-28,1],[-61,-50],[-16,-46],[2,-110],[29,-35]],[[3028,2214],[-55,11],[-104,-36],[-42,25],[-49,-22],[-29,24],[-48,19]],[[2757,2218],[9,0],[-8,12],[-5,-6],[4,-6]],[[4368,1917],[-95,52],[2,23],[27,15],[-51,10],[20,26],[-8,31],[-29,-9],[-6,20],[34,20],[-34,26],[-9,30],[31,11],[-29,18],[36,61],[66,25],[20,21],[41,-14],[11,89],[18,7],[14,-51],[-7,-53],[17,-29],[5,-121],[-34,-45],[0,-69],[-30,-50],[-10,-44]],[[141,4807],[3,-3],[-17,-4],[-3,7],[17,0]],[[30,4889],[6,-4],[-28,-9],[3,7],[19,6]],[[158,5229],[18,-1],[2,-12],[-33,14],[13,-1]],[[178,5257],[-7,-3],[-6,12],[11,4],[2,-13]],[[112,5478],[1,-39],[-23,22],[-47,7],[69,10]],[[439,5747],[-18,0],[6,12],[10,-5],[2,-7]],[[931,5500],[35,-27],[-53,1],[-6,-25],[30,-14],[4,-61],[29,-20],[-7,-52],[-21,-10],[26,-20],[24,-91],[-49,-84],[1,-33],[-40,-54],[-23,2],[38,-35],[-11,-17],[-50,0],[-52,17],[-15,-25],[-16,27],[-11,-31],[-92,-3],[-31,-11],[-4,-28],[-53,-10],[-39,-35],[-53,-7],[14,22],[-33,-5],[6,-30],[-87,-51],[-34,5],[-93,-24],[-30,11],[-93,-29],[-3,12],[64,35],[-53,-17],[12,14],[61,24],[-16,12],[-76,-20],[-34,-18],[-14,22],[78,46],[-77,-22],[-33,27],[-24,-18],[-9,25],[30,10],[-4,21],[74,23],[5,17],[-122,-7],[-1,21],[65,30],[67,-15],[8,40],[-26,11],[61,20],[13,26],[76,0],[69,21],[-8,30],[-33,-38],[-41,-7],[-50,11],[-34,-16],[-25,4],[54,42],[18,2],[32,51],[-27,2],[46,59],[25,-11],[24,18],[24,-8],[-1,35],[-149,-10],[3,37],[-63,-14],[22,21],[-53,-1],[-35,47],[47,3],[-17,10],[43,5],[-12,41],[76,9],[0,29],[-76,-11],[-2,27],[24,-4],[-22,50],[-23,28],[5,24],[49,-13],[-17,20],[139,-14],[19,-37],[19,40],[94,-9],[35,6],[-44,23],[87,46],[34,34],[-38,-11],[-29,10],[-55,-6],[-28,23],[35,19],[40,-2],[-21,18],[50,3],[-30,29],[41,63],[37,-2],[70,14],[34,19],[24,-48],[-23,-16],[38,0],[-16,43],[3,26],[44,6],[-13,21],[42,-13],[56,-34],[-48,-20],[-19,-22]],[[714,5774],[-35,-19],[-31,-74],[-43,-9],[-24,6],[-13,-19],[33,-13],[-20,-21],[-34,1],[-39,-23],[62,-48],[13,-24],[50,-19],[67,-7],[37,39],[-15,11],[36,34],[37,-20],[21,-39],[33,-10],[5,-37],[77,17]],[[6080,2310],[-2,-8],[-20,-3],[-6,12],[28,-1]],[[6179,2318],[78,-24],[4,-6],[-81,22],[-1,8]],[[6043,2366],[58,3],[38,-16],[-77,-7],[-48,10],[29,10]],[[5916,2396],[4,-12],[-21,-6],[-15,15],[32,3]],[[5998,2439],[42,-19],[97,-9],[-110,-1],[-72,19],[43,10]],[[6052,2471],[1,-21],[-41,-1],[-46,15],[1,22],[85,-15]],[[5938,2488],[22,-16],[-10,-2],[-31,13],[19,5]],[[5947,2515],[9,-2],[-29,-3],[4,9],[16,-4]],[[5732,2597],[-13,4],[-17,16],[8,-1],[22,-19]],[[5749,2628],[-19,6],[-21,25],[27,-11],[13,-20]],[[5701,2675],[-9,-5],[-14,13],[-14,19],[37,-27]],[[5621,2695],[77,-63],[-17,-3],[-29,42],[-31,24]],[[5608,2755],[-12,4],[2,14],[8,-1],[2,-17]],[[5617,2826],[12,2],[78,-76],[-79,42],[-11,32]],[[5519,2826],[-1,-7],[-15,39],[14,-9],[2,-23]],[[5596,2895],[15,-22],[7,-19],[-37,41],[15,0]],[[5533,2925],[-4,-44],[15,-50],[-20,10],[-28,81],[19,5],[-25,47],[19,8],[24,-57]],[[5554,3009],[22,-46],[34,-31],[-24,-9],[-18,25],[-44,15],[22,13],[8,33]],[[6148,2381],[50,-29],[46,-13],[31,10],[10,-26],[82,-53],[47,-19],[12,-41],[-152,111],[-13,-5],[-69,23],[-53,32],[9,10]],[[6516,3200],[-11,-34],[26,-39],[-6,-37],[17,7],[-3,-56],[36,-23],[44,-10],[6,-22],[-59,7],[-15,-14],[4,-66],[-41,-14],[-26,23],[-18,38],[-33,-6],[-68,28],[-10,-13],[-38,11],[-41,-24],[-34,28],[-25,-12],[-67,19],[-18,-11],[-58,38],[-30,-30],[-45,12],[-23,-6],[-32,-54],[-28,7],[-48,53],[-38,-3],[-10,-14],[-2,-88],[-12,-17],[20,-26],[19,6],[49,-55],[19,-46],[4,-42],[102,-104],[8,-19],[82,-72],[34,-11],[7,-35],[39,-57],[32,-19],[17,-33],[-33,-2],[-45,48],[-53,31],[-43,47],[-56,12],[-65,29],[-80,-14],[-10,49],[-103,69],[-72,77],[-7,20],[44,12],[48,-14],[-48,27],[-90,95],[-4,47],[8,28],[-21,44],[-38,23],[-16,26],[-56,18],[-39,-79],[2,-22],[-27,-12],[-17,-39],[-36,15],[1,14],[-44,57],[-1,46],[-22,65],[19,-7]],[[5338,3075],[66,-18],[19,25],[26,-11],[62,1],[22,14],[19,37],[25,-35],[48,-18],[5,13],[51,-24],[50,15],[-21,33],[24,11],[-28,19],[45,30],[47,6],[8,57],[-25,21],[16,29],[84,26],[4,20],[50,0],[-10,32],[24,16],[38,-13]],[[5987,3361],[77,-40],[25,-42],[49,-25],[33,-47],[54,-5],[15,-26],[47,-20],[76,3],[45,-12],[58,48],[50,5]],[[1851,4138],[22,-25],[-46,3],[-3,19],[27,3]],[[2035,4564],[51,-23],[-23,-25],[-33,-4],[-40,24],[45,28]],[[1289,5281],[6,1],[15,-20],[-26,9],[5,10]],[[1389,5275],[35,1],[-66,-47],[-15,-1],[-36,40],[0,34],[33,10],[33,-8],[16,-29]],[[1186,5878],[-51,12],[-2,59],[44,-4],[15,-31],[-6,-36]],[[1210,5960],[-23,15],[-19,36],[27,-9],[15,-42]],[[968,5989],[17,-43],[-63,-27],[14,21],[-23,32],[-35,-26],[12,45],[69,29],[9,-31]],[[961,6068],[-10,-20],[-16,-4],[15,26],[11,-2]],[[1039,6042],[-40,-61],[-23,1],[-3,30],[21,27],[53,37],[-8,-34]],[[1077,6110],[-6,-21],[-7,10],[6,9],[7,2]],[[956,6168],[-18,0],[-5,4],[10,6],[13,-10]],[[795,6161],[-24,17],[55,12],[-28,-19],[-3,-10]],[[866,6205],[-32,-4],[25,18],[31,11],[-24,-25]],[[684,6314],[-21,-13],[-17,3],[21,23],[17,-13]],[[931,6323],[-8,-22],[-34,18],[30,15],[12,-11]],[[1006,6400],[-6,-2],[-13,9],[14,1],[5,-8]],[[690,6432],[-3,-14],[37,-18],[-33,-55],[-24,39],[23,48]],[[703,6454],[20,-19],[-19,-3],[-26,11],[25,11]],[[994,6458],[-1,-42],[-19,6],[8,34],[12,2]],[[727,6502],[7,-40],[-87,23],[16,19],[64,-2]],[[800,6670],[15,-11],[-16,1],[-5,10],[6,0]],[[1681,6830],[-12,-25],[-20,27],[17,4],[15,-6]],[[1602,6852],[16,-22],[-28,-11],[-30,27],[42,6]],[[1742,6924],[21,-16],[-18,-6],[-15,23],[12,-1]],[[1650,6932],[12,-13],[-20,0],[-9,16],[17,-3]],[[1707,6950],[8,-27],[-10,-2],[-12,15],[14,14]],[[1790,6964],[-27,-19],[-18,5],[5,7],[40,7]],[[1668,6980],[16,-26],[-25,2],[-20,19],[29,5]],[[2029,7189],[-2,-12],[-6,0],[2,16],[6,-4]],[[2083,7214],[1,-21],[-11,4],[-3,16],[13,1]],[[2105,7258],[-12,1],[5,8],[22,3],[-15,-12]],[[2142,7334],[6,-9],[-22,-1],[-13,15],[29,-5]],[[2082,7370],[20,-2],[-10,-64],[-26,2],[-3,39],[14,-9],[5,34]],[[2150,7386],[-11,-30],[-31,1],[19,43],[23,-14]],[[1758,4186],[-28,0],[3,8],[30,16],[-5,-24]],[[1303,5498],[-44,-7],[18,44],[39,41],[40,13],[10,-35],[-19,-27],[-44,-29]],[[9846,141],[-1,-3]],[[9845,138],[-22,-6],[20,-22]],[[9843,110],[-9,-5],[-15,10]],[[9819,115],[-5,3]],[[9819,115],[-5,0],[-13,-2]],[[9801,113],[1,5]],[[9802,118],[-1,10],[-5,3]],[[9796,131],[20,-1]],[[9816,130],[31,12],[-1,-1]],[[9811,122],[1,3],[-2,0],[-1,-2],[2,-1]],[[1137,442],[0,-8],[-4,9]],[[1133,443],[4,-1]],[[9649,19],[-17,-19],[-6,25],[-34,-1]],[[9592,24],[16,14],[41,-19]],[[2104,4578],[-38,-12],[-61,33],[25,-28],[-139,-30],[-9,-27],[-100,11],[-8,-14],[-50,30],[-37,12],[-88,-17],[-52,-36],[1,-38],[-32,-28],[-3,-24],[-32,-4],[-36,30],[-18,-7],[-29,23],[1,23],[-25,-21],[-49,-15],[-58,0],[-10,-28],[-56,-10],[-1,-37],[-30,-29],[-29,36],[-34,12],[-23,-22],[-28,0],[4,30],[39,17],[16,-7],[86,66],[6,27],[51,20],[54,60],[5,58],[42,-5],[29,22],[-10,22],[23,17],[85,9],[85,-17],[80,2],[3,34],[43,45],[22,8],[52,68],[-47,-41],[-37,-15],[-25,5],[-44,-31],[-3,-15],[-79,0],[-43,26],[-26,38],[-27,-18],[-70,-1],[-1,17],[45,6],[-45,9],[-22,26],[-63,-13],[-7,-19],[-52,-16],[-23,9],[9,22],[-49,7],[27,16],[-7,22],[-33,15],[36,12],[9,17],[55,0],[44,34],[27,-2],[71,41],[21,31],[10,43],[-15,18],[16,33],[-22,25],[11,28],[-68,-5],[-24,-29],[-56,0],[38,39],[53,28],[3,24],[43,32],[70,18],[60,1],[52,17],[46,-26],[-14,32],[28,16],[-8,32],[44,53],[-34,10],[8,45],[28,4],[-6,26],[27,25],[-14,19],[-29,-11],[-9,19],[-25,-34],[-22,3],[-52,80],[-35,33],[54,105],[39,19],[-80,12],[-5,-33],[-55,-4],[-27,-25],[-47,5],[-50,33],[13,-29],[-6,-35],[-108,52],[-22,-16],[21,-50],[-59,61],[-9,45],[24,-22],[12,59],[28,22],[10,32],[48,46],[-11,25],[-56,35],[14,14],[-8,38],[24,18],[-17,12],[2,32],[-30,-68],[-41,18],[-36,-11],[-5,35],[-20,0],[9,-43],[19,-24],[-37,-39],[7,-15],[-20,-40],[7,-21],[-28,-20],[-31,2],[14,38],[9,64],[49,48],[-35,-22],[-19,61],[43,58],[-20,20],[17,40],[15,11],[60,6],[-64,4],[45,67],[-89,-60],[-74,33],[23,16],[-71,6],[8,16],[52,9],[21,-10],[-5,39],[19,49],[27,24],[15,37],[-47,22],[-13,41],[7,22],[42,-14],[-31,47],[-4,41],[43,24],[35,-21],[20,25],[60,-20],[-78,60],[32,-4],[-20,49],[103,6],[-38,3],[-16,21],[27,29],[-12,17],[25,32],[74,-20],[52,-3],[-16,-27],[40,27],[112,8],[47,15],[52,-8],[-11,16],[88,-4],[-24,-36],[9,-28],[-30,-31],[-48,-19],[-17,-19],[-125,-64],[16,-20],[-44,-3],[37,-12],[54,4],[-43,-38],[-20,10],[-48,-15],[-30,-28],[51,27],[43,0],[-53,-50],[145,40],[22,21],[46,1],[45,-14],[37,9],[87,-9],[92,10],[39,-6],[22,-19],[17,-40],[-50,-43],[-15,-57],[-23,-28],[-14,-41],[-49,-39],[-20,-43],[-52,-30],[-66,-7],[-38,-27],[77,29],[11,-26],[58,-23],[-47,-26],[-40,4],[-47,-41],[-55,-10],[-71,14],[37,-16],[108,-20],[33,6],[31,27],[37,-2],[73,-34],[35,-6],[73,-80],[42,-13],[25,-118],[32,-53],[17,-55],[43,-44],[71,-18],[49,-24],[37,-59],[37,-30],[34,-14],[-32,-25],[15,-34],[64,-73],[-40,-5],[-58,32],[26,-34],[76,-40],[42,-71],[-3,-39],[-38,-21],[-33,-35],[18,2],[34,-28],[30,-1],[43,50],[87,1],[68,-12],[83,-43],[22,-42],[6,-39],[-31,-61],[-11,-54],[-24,-7],[-61,-50],[17,-10],[-31,-17],[-35,12],[-6,-58],[-17,-17],[-92,-15],[52,-8],[-31,-18],[52,-10],[-5,19],[28,-7],[10,-14],[-23,0],[32,-6],[99,12],[-3,-47],[-12,-26],[-73,-25],[-11,-35],[-39,5],[-39,-22],[-58,-12],[-21,-20],[-99,23],[-88,-7],[-54,-19],[-23,28],[-10,-2],[4,-2],[2,-9],[-19,0],[9,10]],[[951,6138],[11,31],[-47,22],[3,16],[46,13],[19,-9],[18,-27],[51,-10],[14,-26],[-33,-22],[-23,5],[-92,-17],[67,29],[-34,-5]],[[985,6372],[-65,-9],[-37,43],[2,25],[-24,-18],[-44,33],[16,16],[32,-3],[-17,30],[56,-25],[-7,36],[24,16],[35,-33],[-1,-50],[13,-22],[44,-25],[56,6],[-10,-21],[-69,-46],[15,36],[-19,11]],[[746,6546],[58,35],[-60,15],[-4,38],[22,34],[32,-21],[39,6],[-24,27],[104,49],[18,14],[22,-26],[-6,-18],[-37,-33],[45,6],[-12,-19],[-41,6],[10,-49],[-41,-33],[-99,-52],[-26,21]],[[1585,6917],[36,4],[36,-19],[-31,-20],[45,2],[50,-22],[-29,-14],[-32,21],[-48,-11],[-37,27],[10,32]],[[2040,7231],[-41,-24],[-11,25],[-24,-9],[-10,26],[64,4],[-16,48],[-37,-2],[42,35],[29,-2],[-19,-56],[32,11],[17,-15],[18,16],[0,-35],[-27,-33],[7,-41],[-25,-50],[-22,8],[25,58],[-2,36]],[[714,5774],[40,-7],[23,42],[45,-5],[63,21],[83,-10],[9,-40],[18,-6],[41,-58],[21,-6],[-6,-27],[-26,-8],[-12,-27],[33,21],[47,-6],[23,-54],[-16,-35],[-15,17],[0,35],[-29,-49],[28,9],[6,-24],[-69,-20],[-11,-39],[-29,-15],[-50,17]],[[7649,6630],[-14,1],[3,11],[13,1],[-2,-13]],[[7504,6775],[11,-19],[-40,-5],[-36,18],[22,21],[43,-15]],[[7473,6893],[30,-1],[6,-18],[-50,-1],[14,20]],[[7769,7035],[-7,-1],[-5,9],[6,6],[6,-14]],[[7324,6671],[-48,-14],[-30,-62],[-38,-20],[-5,20],[47,46],[-75,33],[32,25],[-28,41],[25,4],[16,-25],[10,21],[38,20],[66,18],[12,-13],[58,9],[93,-41],[-36,0],[-30,-32],[-79,-39],[-28,9]],[[7217,6868],[90,4],[30,35],[27,-22],[48,-9],[23,-40],[-67,-9],[-18,-30],[-22,-4],[-26,43],[-26,15],[-29,-2],[-30,19]],[[7716,6562],[36,58],[1,50],[13,28],[-45,10],[-9,-19],[-39,-21],[-29,21],[-53,7],[-17,54],[-33,6],[3,54],[60,-5],[3,20],[-86,-10],[21,15],[-22,25],[29,18],[-33,15],[25,28],[-11,25],[64,19],[75,9],[-16,19],[63,11],[6,15],[36,-8],[92,19],[42,-4],[10,12],[58,-14],[28,12],[-11,38],[31,-25],[23,24],[26,-24],[9,14],[46,-12],[82,-11],[46,1],[35,-21],[64,-9],[65,2],[104,-12],[32,21],[37,-31],[-67,-28],[-38,-78],[-39,6],[-102,-16],[-22,-19],[-5,-27],[46,-38],[21,-72],[36,-10],[-3,-23],[33,-54],[13,-38],[41,-29],[-58,-14],[-7,-27],[-21,-7],[-13,-46]],[[8392,6466],[-64,8],[-42,20],[-21,-17],[-63,-14],[-51,30],[-53,42],[-6,21],[-47,3],[-13,19],[-28,-4],[-76,47],[-13,-24],[-24,21],[-32,-17],[-93,-17],[-50,-22]],[[9872,137],[17,-25],[-46,-2]],[[9845,138],[7,-2],[20,1]],[[9801,113],[-21,-42],[-80,-34],[-39,-4],[-12,-14]],[[9592,24],[-21,0],[-56,28],[-19,38],[-9,58],[36,-10],[30,32]],[[9553,170],[9,-6],[7,10]],[[9569,174],[8,-1]],[[9577,173],[27,-34],[80,28],[29,-13],[24,12],[7,-45],[16,13],[42,-16]],[[9814,118],[3,0],[5,-3],[-3,0]],[[6859,7161],[-26,-5],[-11,0],[14,13],[23,-8]],[[6878,7179],[19,-5],[-8,-9],[-17,1],[6,13]],[[6783,7189],[27,-24],[-11,-11],[-33,21],[17,14]],[[6814,7196],[12,1],[-7,-17],[-14,7],[9,9]],[[6686,7218],[-22,-19],[-11,16],[15,21],[18,-18]],[[6844,7239],[14,-7],[-11,-14],[-2,12],[-1,9]],[[6947,7232],[-11,-3],[-2,15],[15,-6],[-2,-6]],[[6933,7255],[-9,-5],[4,16],[8,-4],[-3,-7]],[[7400,7166],[-4,0],[-1,12],[15,3],[-10,-15]],[[7304,7181],[-1,-19],[-14,-2],[-7,24],[22,-3]],[[7124,7201],[-5,-9],[-23,-2],[13,20],[15,-9]],[[7179,7214],[-30,-19],[-13,2],[11,20],[32,-3]],[[7276,7204],[-8,5],[5,7],[15,4],[-12,-16]],[[7070,7216],[-2,-8],[-26,8],[19,6],[9,-6]],[[7205,7199],[-16,13],[25,10],[-8,-11],[-1,-12]],[[7263,7218],[-13,2],[8,11],[11,1],[-6,-14]],[[7115,7235],[7,-2],[-7,-7],[-8,1],[8,8]],[[8011,7224],[-16,17],[4,5],[22,-14],[-10,-8]],[[7389,7217],[3,-23],[-36,-32],[-47,0],[-5,54],[81,11],[4,-10]],[[7195,7250],[-3,-10],[-14,4],[-1,6],[18,0]],[[7279,7243],[-31,-9],[-27,5],[13,13],[45,-9]],[[7299,7257],[-13,-12],[-13,8],[19,9],[7,-5]],[[7229,7262],[38,7],[1,-5],[-22,-5],[-17,3]],[[7193,7276],[3,-21],[-39,16],[9,24],[27,-19]],[[7137,7292],[-4,1],[8,12],[12,6],[-16,-19]],[[7054,7298],[-16,5],[0,17],[12,-11],[4,-11]],[[7085,7315],[-5,-19],[-11,5],[-13,19],[29,-5]],[[7048,7322],[-18,14],[10,9],[7,-9],[1,-14]],[[7054,7413],[-18,17],[14,6],[15,-12],[-11,-11]],[[7031,8000],[1,-6],[-20,3],[4,13],[15,-10]],[[7000,8088],[25,-13],[38,-9],[-27,-16],[-36,38]],[[7212,8098],[5,-6],[-6,-6],[-13,3],[14,9]],[[7257,8096],[-19,-8],[-15,-6],[-3,16],[37,-2]],[[7062,8097],[-9,-9],[-19,12],[25,10],[3,-13]],[[7219,8116],[-8,-5],[-19,-8],[11,13],[16,0]],[[7381,8227],[1,-12],[-14,-5],[-13,13],[26,4]],[[7842,8590],[-54,-28],[-15,19],[20,12],[49,-3]],[[7684,8803],[-32,63],[-28,31],[-38,13],[-17,66],[53,35],[3,53],[23,18],[-93,96],[4,30],[29,8],[7,37],[-73,18],[26,29],[-15,41],[5,42],[34,14],[-61,33],[-11,22],[-40,1],[0,24],[-22,23],[-55,27],[-112,23],[-50,0],[-36,26],[-101,34],[-86,51],[-37,7],[7,20],[-69,19]],[[6899,9707],[27,20],[63,-18],[28,13],[-26,27],[13,16],[47,14],[79,-7],[80,-71],[76,-54],[14,-31],[37,4],[57,-14],[37,3],[39,-19],[119,27],[12,24],[32,5],[89,-31],[73,-11],[44,-29],[57,21],[19,49],[40,17],[59,3],[34,37],[-16,49],[33,51],[1,42],[34,50],[35,5],[68,58],[80,5],[53,-10],[103,34],[10,11],[64,2],[59,-49],[48,-11],[5,-16],[161,-36],[49,-59],[-26,-24],[-82,-45],[-9,-32],[30,-22],[-112,-36],[-2,-10],[80,-8],[-20,-30],[-55,-52],[-1,-15],[45,-81],[13,-8],[128,-26],[79,-73],[79,-38],[-21,-50],[-88,-60],[-94,-86],[-1,-44],[50,-44],[45,-53],[17,-41],[67,-67],[40,-80],[5,-47],[-22,6],[-67,-14],[31,-18],[-20,-15],[-6,-51],[-32,-27],[56,-8],[-3,-32],[-34,-4],[-18,-25],[44,-54],[62,-4],[26,-39],[-47,-18],[24,-31],[-10,-21],[64,-23],[53,-27],[7,-38],[-17,-26],[-68,-56],[-50,-14],[113,-80],[73,-23],[90,-51],[7,-23],[70,-59],[-29,-33],[-44,-80],[-74,-59],[-61,-31],[-66,-54],[-123,-113],[-54,-30],[-74,-67],[-90,-42],[-42,-39],[-18,-3],[-85,-54],[-87,-71],[-65,-12],[-63,30],[-39,-23],[-70,-20],[-9,1],[-21,-12],[-9,9],[13,7],[-18,3],[-37,-18],[-39,4],[-29,19],[-4,-30],[-25,-10],[11,-22],[-44,1],[-15,33],[-31,-11],[-6,-22],[-68,-1],[-4,-17],[-50,-11],[-79,-5],[-29,-37],[-21,23],[-132,-31],[-77,-3],[-39,-33],[-77,-7],[76,31],[-32,5],[35,28],[-59,7],[-8,9],[-5,-4],[-20,-1],[16,13],[8,-6],[-20,22],[31,26],[-29,8],[-77,-27],[-17,11],[39,37],[-74,1],[-50,15],[-42,27],[-21,-15],[13,43],[-40,-17],[-4,-21],[-58,43],[10,32],[-24,29],[25,11],[-29,45],[34,-2],[-4,25],[27,17],[2,59],[-13,43],[46,-12],[-40,35],[-11,46],[-26,36],[-29,13],[12,38],[22,25],[-17,6],[6,35],[-47,14],[-1,42],[14,13],[-24,22],[33,51],[24,-2],[28,28],[8,34],[41,-13],[-37,28],[-5,23],[33,-3],[56,18],[3,-24],[30,20],[35,-2],[38,23],[-41,39],[54,9],[35,59],[34,-22],[18,7],[37,47],[45,21],[39,3],[3,41],[50,-5],[-9,20],[58,36],[26,6],[12,37],[76,43],[17,41],[79,53],[66,14],[42,-28],[23,24],[-33,26],[51,-7],[-27,40],[-24,4],[21,36],[9,65],[-60,34],[-59,17],[-28,-9],[-33,50],[-29,-11],[-55,15]],[[6720,7216],[22,51],[39,-5],[40,-21],[-22,-31],[-34,25],[6,-48],[-63,-3],[-25,53],[33,10],[4,-31]],[[7678,72],[-6,-2],[-14,8],[19,5],[1,-11]],[[8314,241],[1,-8],[-26,-12],[2,20],[23,0]],[[8365,349],[-16,-55],[16,-31],[-16,-25],[-20,49],[36,62]],[[8450,465],[-21,-1],[2,7],[20,0],[-1,-6]],[[7438,460],[-1,-16],[-31,17],[10,50],[33,-42],[-11,-9]],[[8060,505],[-18,-2],[-10,7],[9,6],[19,-11]],[[8589,525],[-1,-17],[-38,-72],[-63,-64],[-15,17],[10,38],[-16,21],[48,50],[48,25],[27,2]],[[7978,510],[-9,-12],[-19,5],[17,10],[11,-3]],[[8396,536],[4,-15],[-2,-10],[-16,21],[14,4]],[[8353,561],[-9,11],[11,4],[4,-7],[-6,-8]],[[8194,571],[-35,-23],[-8,23],[17,-8],[26,8]],[[8496,578],[10,1],[3,-23],[-27,9],[14,13]],[[7862,572],[-9,1],[-17,12],[5,6],[21,-19]],[[7898,589],[-13,-6],[8,17],[18,1],[-13,-12]],[[7748,615],[21,-18],[-49,-10],[7,29],[21,-1]],[[7959,608],[-6,-21],[-27,20],[12,20],[21,-19]],[[7777,639],[6,-3],[-8,-13],[-11,13],[13,3]],[[8356,632],[-61,-27],[32,35],[49,18],[16,-12],[-36,-14]],[[8109,656],[-44,-29],[-5,16],[33,25],[16,-12]],[[7885,674],[-8,8],[1,9],[11,6],[-4,-23]],[[7793,699],[25,-27],[-12,-15],[-16,36],[3,6]],[[8308,697],[15,-10],[-5,-18],[-24,0],[14,28]],[[7932,720],[-17,-38],[-22,7],[10,27],[29,4]],[[8273,740],[16,-26],[-11,0],[-15,22],[10,4]],[[8002,713],[-10,-37],[-22,-15],[-24,46],[42,35],[14,-29]],[[7756,743],[9,-2],[1,-20],[-21,2],[11,20]],[[7462,754],[-7,-1],[-8,9],[8,4],[7,-12]],[[7547,783],[-11,-9],[-27,-3],[20,14],[18,-2]],[[8218,790],[-4,-13],[-5,-7],[2,20],[7,0]],[[7752,805],[-22,-33],[1,36],[13,14],[8,-17]],[[7947,828],[25,-11],[-13,-14],[-21,-2],[9,27]],[[7862,798],[-19,-11],[-4,10],[15,30],[8,-29]],[[7889,868],[36,-8],[-8,-25],[-48,29],[20,4]],[[7731,878],[5,-18],[-27,-26],[1,26],[21,18]],[[8163,863],[-58,-32],[-18,8],[22,25],[54,-1]],[[7536,877],[-8,2],[-7,22],[30,0],[-15,-24]],[[8304,898],[23,-14],[-60,-17],[-46,27],[17,14],[41,4],[25,-14]],[[6927,925],[52,-34],[-38,-23],[-43,49],[14,30],[15,-22]],[[7836,942],[24,-2],[9,-43],[-18,-10],[-52,60],[17,18],[20,-23]],[[7544,960],[3,-14],[-17,-12],[-14,8],[28,18]],[[6887,1099],[12,-34],[38,-61],[-1,-19],[-63,13],[-16,47],[-2,-29],[-20,6],[14,47],[20,-15],[18,45]],[[8107,1131],[22,-12],[-1,-68],[-34,-40],[-31,28],[27,24],[-32,67],[49,1]],[[8001,1138],[4,-21],[-11,0],[-8,17],[15,4]],[[6956,1130],[-2,6],[7,11],[11,-1],[-16,-16]],[[6935,1156],[4,-4],[-12,-9],[-4,7],[12,6]],[[6915,1159],[-4,-23],[-26,25],[27,45],[3,-47]],[[7776,1216],[23,-24],[-33,-1],[-17,25],[8,27],[19,-27]],[[7540,1298],[-12,-13],[-14,4],[17,19],[9,-10]],[[7559,1307],[43,-26],[-11,-11],[-17,4],[-15,33]],[[6802,1305],[-4,-6],[-10,12],[4,5],[10,-11]],[[7624,1293],[-4,6],[15,28],[7,-3],[-18,-31]],[[7663,1347],[6,-2],[-7,-13],[-5,9],[6,6]],[[7868,1379],[-3,21],[8,6],[7,-5],[-12,-22]],[[6745,1471],[-19,-39],[19,-8],[0,-41],[34,-9],[8,-22],[-56,28],[-6,23],[-48,55],[50,22],[18,-9]],[[7967,1536],[-20,-33],[1,-33],[-34,30],[-34,-16],[-3,44],[43,4],[14,-13],[33,17]],[[8019,1667],[3,-18],[-22,-8],[-28,24],[47,2]],[[7822,1704],[-31,-14],[-28,20],[27,46],[30,-15],[2,-37]],[[6910,1073],[10,-18],[-10,18]],[[6910,1073],[0,0]],[[8166,2012],[58,-28],[9,-66],[-68,-35],[6,-82],[-29,-18],[-20,-37],[-21,-8],[-20,30],[-92,7],[-52,22],[-58,16],[-53,-42],[-37,0],[-15,27],[-39,-5],[-12,-29],[-51,-30],[-66,16],[-26,-24],[47,-49],[-19,-10],[32,-30],[11,19],[49,-37],[33,-39],[-18,-15],[-29,42],[-55,27],[-50,-12],[18,-35],[47,-24],[0,-47],[-46,32],[-24,43],[-62,17],[-13,-20],[36,-46],[38,-16],[7,-21],[-51,16],[-25,-3],[-13,78],[-61,25],[-46,50],[36,14],[-16,26],[-35,-35],[-38,-14],[17,-29],[-23,-57],[4,-31],[31,-28],[33,-51],[15,-49],[39,-29],[37,-49],[16,-40],[-53,-22],[24,24],[-13,27],[-48,22],[-20,-21],[1,-36],[49,-33],[-19,-25],[-43,-21],[-38,10],[-13,-22],[31,4],[15,-18],[64,-17],[7,-22],[25,10],[26,-11],[7,-40],[37,-4],[34,-38],[62,-18],[29,-35],[-20,-12],[5,-65],[15,-39],[-11,-29],[-29,37],[-30,9],[-19,37],[-28,9],[6,19],[-78,-20],[-48,-35],[37,-12],[-3,-55],[35,-21],[19,25],[-3,-32],[29,-21],[-66,-15],[-6,-23],[-29,15],[13,26],[-37,21],[-53,5],[7,-40],[45,-77],[7,-39],[28,-58],[-20,-18],[38,-80],[-84,65],[-12,39],[-42,-6],[-20,-49],[6,-40],[-35,14],[1,53],[-31,55],[-18,5],[3,29],[-48,-11],[-14,-72],[-12,23],[-25,4],[-1,38],[-23,25],[-7,32],[26,36],[-2,31],[-28,47],[-45,30],[-11,29],[-38,19],[53,80],[2,28],[51,-20],[36,41],[43,11],[60,-43],[22,-2],[78,-31],[42,-36],[24,11],[-28,16],[20,13],[28,-7],[33,14],[-19,19],[-98,42],[-9,19],[-23,-25],[-32,43],[-4,-31],[-87,19],[-35,-4],[-15,-19],[-37,6],[-16,-15],[-35,31],[-47,-29],[-15,65],[-41,46],[-10,30],[-29,0],[19,33],[47,3],[13,-19],[16,37],[-16,18],[-18,-12],[-37,25],[-23,-44],[-10,35],[-72,60],[-52,68],[8,32],[30,24],[-6,19],[26,11],[-18,44],[27,20],[47,8],[14,56],[27,49],[42,24],[1,40],[-18,21],[19,23],[79,15],[44,-10],[45,29],[28,37],[61,17],[53,-13],[68,15],[5,42],[37,6]],[[7408,1906],[44,-7],[38,24],[72,-7],[63,26],[33,-2],[1,20],[45,10],[8,-13],[49,13],[19,-38],[40,-23],[25,15],[89,-45],[58,21],[73,-3],[54,15],[9,45],[-25,48],[40,17],[23,-10]],[[7778,1011],[-7,-51],[-28,12],[-12,-13],[-37,58],[-40,42],[2,18],[-88,7],[-1,31],[-96,85],[-51,17],[37,34],[35,9],[32,-40],[33,-35],[60,-27],[47,-1],[35,-44],[-10,-32],[13,-47],[23,-23],[53,0]],[[8061,1321],[67,18],[0,16],[40,1],[15,-17],[41,-88],[-38,-12],[-57,16],[-13,19],[41,24],[-27,5],[-29,-29],[-46,24],[6,23]],[[7688,286],[20,-62],[15,-5],[85,23],[55,-1],[19,-19],[71,-4],[24,-13],[63,10],[-12,-42],[24,-19],[54,33],[20,-10],[23,25],[9,-28],[-12,-41],[-21,-11],[-37,10],[-39,-9],[-46,2],[-111,-21],[-80,-1],[-7,46],[-32,2],[-36,24],[-82,2],[-55,10],[-44,2],[-15,15],[19,90],[9,-30],[17,2],[4,49],[17,-43],[41,-4],[40,18]],[[6910,1073],[-13,25],[13,5],[0,-30]],[[5801,6070],[6,-4],[0,-8],[-11,3],[5,9]],[[6587,6597],[27,-8],[-67,-16],[10,18],[30,6]],[[4927,6616],[-18,-27],[-29,-2],[-4,25],[51,4]],[[6603,6698],[-17,1],[-6,12],[26,-4],[-3,-9]],[[6063,6712],[-6,-13],[-1,-7],[-9,14],[16,6]],[[6395,6871],[-8,-11],[-22,-6],[2,11],[28,6]],[[6365,6888],[-19,-17],[-16,5],[9,12],[26,0]],[[6248,6860],[-11,2],[0,36],[14,-19],[-3,-19]],[[6418,6897],[-11,-13],[-15,6],[28,24],[-2,-17]],[[6489,6955],[-12,0],[12,10],[7,-4],[-7,-6]],[[6433,6962],[2,-8],[-3,-9],[-39,20],[40,-3]],[[6472,6986],[8,-6],[-12,-14],[-10,18],[14,2]],[[6518,6995],[-8,1],[0,9],[12,-2],[-4,-8]],[[6469,7032],[-29,-32],[-10,17],[19,16],[20,-1]],[[6533,7057],[-16,-12],[-8,6],[18,14],[6,-8]],[[6491,7042],[18,18],[8,0],[-18,-15],[-8,-3]],[[6536,7111],[2,-6],[-24,-3],[16,22],[6,-13]],[[6490,7212],[-4,-7],[-11,6],[8,11],[7,-10]],[[6413,7291],[28,-42],[-35,18],[1,38],[6,-14]],[[6337,7936],[15,0],[-8,-16],[-21,-1],[14,17]],[[6954,8220],[16,6],[-5,-21],[-12,-7],[1,22]],[[7297,8698],[-9,-6],[-18,-1],[17,10],[10,-3]],[[7256,8691],[-19,1],[0,10],[14,0],[5,-11]],[[7272,8719],[-8,-4],[2,-10],[-21,17],[27,-3]],[[7328,8740],[18,-6],[-10,-7],[-13,3],[5,10]],[[7422,8768],[-3,-9],[-19,15],[11,6],[11,-12]],[[7605,8780],[-16,-13],[-11,7],[1,7],[26,-1]],[[7385,8772],[-20,2],[2,13],[13,-5],[5,-10]],[[7684,8803],[-53,-18],[-53,19],[-69,-1],[-54,-31],[-98,42],[-2,-28],[-44,27],[-36,-17],[14,-36],[-27,6],[33,-42],[-138,41],[87,-42],[-72,-1],[39,-20],[-20,-15],[-100,-6],[-9,-9],[56,-21],[-27,-13],[-52,38],[60,-63],[-52,-54],[-28,0],[-17,-35],[-30,-4],[67,-70],[26,-7],[6,-26],[24,6],[-49,-41],[-29,-6],[-66,-50],[-11,-42],[-27,-32],[-52,-26],[-9,13],[-44,-47],[-51,3],[-72,-40],[-15,-26],[-48,37],[10,-42],[-51,13],[-2,-33],[-32,-9],[-21,-37],[-27,9],[-60,-18],[-55,-57],[16,-22],[-86,-26],[-5,22],[-29,-9],[-1,27],[-23,7],[50,-89],[-21,-3],[-53,-50],[-36,4],[-24,24],[-22,-37],[37,-52],[-9,-44],[-25,-31],[-3,-35],[13,-30],[27,-6],[-16,-19],[-19,21],[-68,-36],[27,-27],[-16,-24],[21,-18],[-11,-37],[4,-60],[32,-69],[-27,-13],[49,-18],[36,3],[15,-37],[62,23],[10,-24],[80,-45],[27,-3],[25,-32],[-51,16],[39,-37],[69,-11],[30,-61],[-36,-34],[56,2],[-86,-42],[7,-9],[-61,-32],[-90,-23],[26,-13],[0,8],[28,-7],[-9,-7],[-16,4],[18,-10],[22,16],[36,-8],[-12,25],[48,-30],[-27,-9],[-54,4],[30,-48],[-81,-23],[-33,-40],[-34,2],[3,57],[-33,-9],[-5,-64],[-27,1],[-2,-23],[-66,-17],[-14,-19],[-38,-11],[-154,12],[40,-20],[23,8],[60,-4],[35,-33],[-50,-16],[-60,11],[60,-23],[18,-20],[-5,-53],[-35,19],[26,-33],[-17,-27],[22,-31],[-37,16],[-39,-11],[64,-58],[-28,6],[25,-68],[-32,-25],[-18,-58],[26,-37],[-32,-8],[7,-18],[-25,-55],[5,-23],[-27,-7],[-36,-64],[-13,-47],[-41,-48],[-5,20],[-57,14],[-56,-19],[-82,10],[-59,-7],[18,-33],[-64,0],[-60,-60],[-2,-27],[36,-56],[-40,-38],[-67,12],[-56,-4],[-77,-20],[-72,22],[-6,43],[29,27],[-30,22],[-70,103],[-23,45],[65,-13],[6,13],[-45,40],[20,13],[40,-3],[11,21],[-16,34],[-30,-1],[-30,50],[-50,25],[-23,37],[-47,117],[-28,-28],[-4,74],[-47,28],[21,15],[-25,18],[27,55],[11,52],[-7,27],[-31,-10],[23,-9],[3,-34],[-64,-12],[-18,22],[44,29],[-12,-4],[-16,8],[36,40],[-25,12],[-6,-36],[-25,27],[-41,-26],[13,67],[-24,45],[12,18],[-26,47],[22,34],[30,1],[22,-55],[47,7],[34,93],[-30,86],[50,60],[-12,29],[64,7],[68,43],[14,19],[-5,50],[24,28],[0,33],[-48,68],[-28,64],[57,19],[39,-2],[30,46],[13,47],[-59,49],[-43,10],[-58,40],[35,144],[-6,29],[-43,70],[13,41],[-12,54],[27,22],[-50,81],[46,46],[-8,41],[29,17],[85,84],[67,29],[55,8],[158,-22],[48,55],[-10,67],[-104,39],[148,142],[20,48],[25,18],[11,107],[17,41],[-22,79],[114,8],[95,34],[-12,61],[53,30],[82,82],[84,46],[6,42],[-70,62],[15,24],[64,14],[27,25],[45,75],[92,36],[23,19],[125,-39],[60,53],[-6,67],[9,40],[59,10],[45,-20],[87,1],[200,-44],[68,36],[-62,18],[61,34],[26,40],[-2,30],[-53,31],[115,4]],[[5961,6190],[49,92],[21,5],[39,64],[18,52],[23,12],[-2,-34],[-41,-87],[-22,-29],[-31,-68],[-16,-64],[-35,-32],[-3,89]],[[6474,6386],[-72,-32],[-20,-53],[-34,-6],[27,35],[-36,61],[18,34],[-16,36],[79,83],[61,33],[10,-23],[47,18],[20,-21],[-33,-28],[-30,2],[-9,-34],[5,-47],[32,-12],[-58,-31],[9,-15]],[[3212,4825],[-7,-22],[-65,29],[56,4],[16,-11]],[[3408,5222],[-21,-31],[-19,16],[31,37],[9,-22]],[[3418,5254],[-14,0],[24,19],[16,6],[-26,-25]],[[3526,5306],[-48,-16],[-7,9],[90,20],[-35,-13]],[[3635,5325],[9,-4],[-62,-9],[0,11],[53,2]],[[3688,5323],[-8,4],[21,7],[24,-2],[-37,-9]],[[3065,4733],[43,12],[70,-20],[28,18],[53,-11]],[[3259,4732],[-23,-28],[-43,-18],[-65,23],[-54,-11],[-9,35]],[[3267,4731],[-70,24],[-26,-17],[-30,18],[-35,1],[-17,27],[23,11],[59,5],[67,-48],[34,2],[-9,20],[-56,20],[42,27],[-24,9],[-24,37],[26,-1],[-16,38],[31,7],[80,94],[20,47],[16,82],[17,48],[37,-18],[37,14],[66,40],[16,36],[32,23],[87,29],[80,1],[85,14],[31,-8],[8,-23],[64,-30]],[[3653,4558],[-69,2],[-15,26],[21,16],[26,70],[-64,17],[-16,20],[-57,-8],[-33,33],[-12,27],[-22,-23],[-33,29],[-30,-21],[-32,16],[-24,-9],[4,-26],[-30,4]],[[3596,5027],[8,3],[1,3],[18,12],[-3,31],[-41,6],[39,-12],[-13,-37],[-9,-6],[-44,-17],[-26,-23],[-65,31],[116,64],[-9,46],[24,17],[-69,6],[-9,62],[-73,-41],[17,-45],[41,-18],[-37,-24],[-23,0],[13,-52],[-27,-19],[106,-33],[65,46]],[[2641,1177],[11,-15],[-24,-15],[1,20],[12,10]],[[2672,1277],[10,-21],[-46,-39],[-3,-16],[-42,20],[32,49],[49,7]],[[2984,1287],[-12,-6],[-4,10],[15,9],[1,-13]],[[3235,1546],[35,-25],[6,-41],[-63,29],[-41,3],[-2,31],[65,3]],[[1124,381],[7,1],[17,-10],[-11,-12],[-13,21]],[[2639,2260],[-5,-30],[23,-17],[44,22]],[[3028,2214],[5,-25],[25,-5],[-12,-23],[-25,5],[-6,-33],[25,-50],[-19,-34],[-48,-37],[-141,-70],[-53,-53],[-116,-25],[-122,-41],[-60,-64],[35,-24],[-6,-15],[-55,-18],[-55,-92],[-63,-71],[-58,-89],[-28,-56],[4,-56],[20,-68],[45,-59],[27,-5],[25,-33],[-54,-31],[-16,-25],[-56,-20],[-38,-35],[2,-38],[-23,-8],[-11,-53],[-43,-74],[32,-30],[-88,-25],[-31,14],[-95,-61],[-31,-44],[-19,-72],[-51,-60],[-53,28],[-47,-8],[-18,-32],[-22,-4],[-39,20],[-66,1],[-40,-17],[-43,13],[-100,2],[-84,-11],[-20,-37],[-44,-24],[-40,4],[-63,-27],[-34,-77]],[[1133,443],[-15,11],[-5,-35],[-36,-14],[-68,50],[-27,1],[-27,33],[-17,76],[-35,18],[1,47],[-25,44],[-87,58],[-43,11],[-72,-4]],[[677,739],[-14,85],[-12,20],[23,52],[20,18],[14,46],[33,18],[22,-6],[17,49],[-34,-6],[-57,77],[19,82],[48,33],[18,45],[-14,27],[-29,0],[-35,65],[3,33],[-45,38],[-9,24],[116,3],[34,90],[-36,48],[55,50],[-14,24],[9,58],[-4,54],[-23,50],[26,10],[39,61],[33,7],[39,36],[25,42],[-14,16],[-68,32],[2,52],[-128,18],[-23,-35],[-82,-9],[-22,18],[-73,-23],[-30,-1],[-11,21],[31,43],[-29,32],[-90,-29],[-27,-23]],[[380,2084],[-25,-22],[-8,60],[61,56],[-54,-13],[46,48],[-46,-3],[19,63],[-51,-31],[-13,19],[33,54],[-48,7],[1,30],[-35,0],[3,38],[31,41],[40,8],[-7,16],[33,15],[33,-13],[80,32],[29,-21],[0,19],[-30,20],[5,27],[96,56],[8,-15],[45,12],[61,-21],[30,-31],[44,-4],[85,7],[32,-9],[63,13],[70,-2],[13,21],[31,-26],[63,-3],[55,-20],[98,-20],[78,-9],[140,25],[44,12],[12,-24],[91,-18],[36,20],[39,4],[86,-39],[53,-7],[74,27]],[[2933,1390],[-22,17],[-36,-27],[-30,40],[77,58],[51,28],[55,15],[-19,-25],[15,-31],[43,4],[26,-10],[-16,-45],[-40,-65],[-36,-25],[-23,26],[-43,11],[-2,29]],[[6980,5831],[-14,3],[35,61],[1,63],[9,-19],[-5,-66],[-26,-42]],[[7533,5456],[-11,64],[-26,19],[-101,46],[-21,-12]],[[7374,5573],[-19,28],[9,75],[25,16],[-5,32],[-40,18],[-11,28],[-73,4],[-34,-11],[-133,46],[-46,31],[-16,61],[-32,64],[-5,92]],[[6994,6057],[30,3],[31,39],[170,55],[27,-8],[65,1],[39,-12],[46,16],[49,-27],[39,17],[43,-12],[50,6],[60,-11],[29,-14],[40,9],[35,-9],[43,28],[57,22],[20,-42],[27,-30],[123,-12],[11,-17],[104,-66],[22,-29],[70,-21]],[[8224,5943],[-33,-93],[78,-19],[-48,-43],[-61,7],[-38,-50],[-50,-6],[-28,-21],[-16,-55],[6,-30],[-21,-14],[-25,-49],[37,-7],[19,-25],[-10,-24],[-44,-2],[3,26],[-18,18],[-23,-13],[-33,2],[-33,-35],[-48,4],[-17,-15],[2,-35],[-25,7],[-67,-30],[-38,18],[-62,-1],[-62,-14],[-36,12]],[[4981,636],[15,-10],[-4,-15],[-21,15],[10,10]],[[5651,1071],[-12,7],[3,11],[7,-9],[2,-9]],[[5643,1094],[-15,8],[3,9],[11,2],[1,-19]],[[5620,1121],[-15,7],[12,3],[6,-5],[-3,-5]],[[4177,1281],[24,-17],[-13,-27],[-13,28],[2,16]],[[4165,1277],[-11,2],[-7,13],[19,11],[-1,-26]],[[5420,1730],[-25,1],[4,14],[22,-8],[-1,-7]],[[4171,1841],[0,-11],[-18,-6],[6,17],[12,0]],[[4416,1872],[-14,-1],[0,5],[11,9],[3,-13]],[[4750,2186],[-4,-3],[-14,13],[5,7],[13,-17]],[[4637,2323],[-11,-27],[-61,10],[11,17],[61,0]],[[4502,2377],[-9,5],[10,13],[6,-8],[-7,-10]],[[3881,3199],[35,-13],[39,8],[41,21],[64,-20],[34,24],[27,36],[-7,36],[81,51],[-3,-52],[39,-36],[52,-16],[-16,-24],[24,-9],[6,-35],[35,17],[-16,24],[19,42],[44,54],[-2,49],[39,2],[4,-34],[23,-22],[34,14],[56,4],[18,-38],[25,12],[-15,18],[10,24],[-20,5],[10,48],[23,7],[52,-26],[8,20],[-21,19],[19,54]],[[4642,3463],[46,-1],[12,-19],[62,-7],[21,40],[50,22],[62,3],[34,-8],[43,19],[59,11],[-21,-23],[34,-36],[1,-22],[30,-28],[95,-23],[52,-3],[36,-13],[55,4],[50,-13]],[[5363,3366],[-75,-65],[13,-17],[47,-14],[-39,-48],[36,-12],[-9,-44],[43,-19],[27,-31],[-42,-11]],[[5364,3105],[4,31],[-39,25],[-28,-19],[-44,15],[-35,-18],[3,-20],[-31,-4],[-119,-56],[34,29],[-12,11],[-52,-31],[-14,-43],[27,-59],[45,-37],[-19,-42],[-35,7],[-8,-26],[7,-74],[19,-67],[24,-32],[52,-44],[52,-23],[68,-56],[81,-48],[49,-114],[24,-93],[28,-56],[108,-104],[30,-12],[10,-29],[57,-20],[28,-22],[72,-7],[129,10],[25,-7],[11,-36],[-59,-42],[-2,-39],[24,-21],[126,-62],[103,-36],[49,-28],[44,-42],[118,-51],[6,-27],[46,-28],[43,-53],[18,-43],[-18,-26],[-15,-64],[-65,33],[-24,41],[7,18],[-34,47],[-74,4],[-66,29],[3,19],[-40,13],[-30,-21],[-39,-66],[-29,-35],[6,-34],[-31,-45],[5,-33],[52,-20],[91,-60],[-8,-80],[18,-26],[-23,-36],[-58,5],[-51,-29],[-16,-26],[7,-83],[-51,-36],[-38,-44],[-18,-55],[-73,-7],[-20,12],[-9,35],[5,42],[31,11],[25,55],[-13,52],[75,25],[9,42],[-31,51],[-19,102],[-29,35],[-19,86],[-37,57],[-60,-19],[-49,46],[-47,21],[19,44],[-24,49],[-30,29],[-94,-26],[32,41],[-40,31],[-44,-1],[-54,87],[-29,30],[-32,-12],[-57,25],[-61,-20],[-33,48],[-58,14],[-42,52],[-46,30],[-20,47],[-52,37],[-19,0],[-38,69],[-58,33],[-67,1],[20,33],[-43,54],[-58,27],[10,25],[-20,15],[-37,-7],[-9,19],[16,44],[-25,68],[-25,25],[-13,94],[-35,58],[-58,26],[-6,-13],[-74,51],[-56,31],[-90,21],[-23,-1],[-57,-34],[-13,-32],[-39,-24],[-14,-42],[-47,-29],[-58,-18],[-43,1]],[[5088,2627],[3,25],[-13,-5],[-7,-12],[17,-8]],[[5229,1020],[49,9],[15,-34],[89,-36],[51,22],[57,-10],[80,19],[22,21],[38,8],[40,-16],[34,31],[12,-9],[49,25],[15,-16],[-18,-43],[-66,-96],[-9,-51],[-15,-21],[3,-48],[32,-18],[-15,-14],[32,-55],[-35,-19],[-17,-41],[-5,-39],[-42,20],[-23,-9],[-65,27],[-21,42],[-25,28],[-43,21],[-43,-5],[-98,56],[-61,53],[-33,1],[-37,24],[-45,-3],[-38,33],[-14,36],[18,57],[57,47],[31,-43],[28,10],[16,36]],[[4209,1450],[9,45],[-32,8],[2,33],[18,23],[-6,60],[-34,73],[-33,-3],[8,35],[-14,11],[22,51],[17,-17],[47,-6],[54,24],[53,58],[51,40],[46,-36],[28,-4],[-12,-29],[13,-31],[34,-17],[-15,-13],[38,-79],[-17,-40],[-27,-32],[22,-51],[-18,-125],[-1,-44],[-19,-97],[-25,-4],[-34,28],[-56,-13],[-6,-53],[-35,-31],[-31,15],[-26,-10],[-8,45],[-26,17],[-16,32],[0,42],[20,55],[-4,53],[13,-13]],[[5555,359],[-10,-12],[-40,22],[-5,26],[41,-13],[14,-23]],[[5490,407],[-20,6],[15,11],[18,-11],[-13,-6]],[[9557,172],[4,1],[5,1]],[[9566,174],[-6,-7],[-3,5]],[[9846,141],[-30,-11]],[[9796,131],[-45,17],[-17,29],[-46,-2],[-78,-31],[-29,28]],[[9581,172],[34,-7],[15,22],[-2,47],[112,-20],[52,9],[83,31],[33,23],[91,39],[-5,-13],[-96,-65],[-18,-25],[-30,-13],[-5,-32],[24,-29]],[[9869,139],[-10,2],[-13,0]],[[5488,5388],[6,14],[49,-24],[25,53],[-95,8]],[[5476,5455],[34,-6],[92,33],[113,30],[188,42],[44,20],[-2,12],[55,43],[81,14],[22,17],[67,24],[121,21],[96,3],[29,-12],[-8,-18],[35,-50],[4,-33],[29,-15],[63,-10],[83,9],[-32,-11],[35,-18],[73,33],[8,12],[653,-26],[15,4]],[[7533,5456],[24,-93],[43,-96],[24,-34],[7,-115],[-12,-20],[-106,-45],[-50,-62],[11,-17],[53,-12],[40,-29],[10,-25],[-27,-68],[-3,-41],[34,-57],[-14,-18],[54,-58],[7,-37],[49,-46],[-36,-4],[25,-32],[6,-48],[-28,-38],[-52,-6],[-143,-121],[-103,-120],[19,-47],[-4,-55],[32,-24],[0,-25],[-69,21]],[[7324,4084],[-72,20],[-46,20],[-4,19],[-38,27],[-14,-7],[-34,22],[-39,-6],[-37,12],[-50,-14],[-20,-29],[-57,29],[-84,-4],[-39,-23],[-19,-37],[-32,14],[-34,-4],[12,19],[-8,33],[-32,2],[-41,57],[-42,-24],[-18,-32],[-46,-4],[-6,32],[-23,2]],[[6501,4208],[-13,47],[-30,7],[-18,58],[-16,-3],[-99,32],[-44,-11],[-24,35],[-32,19],[34,11],[-12,31],[-17,-15],[-61,3],[-35,31],[-69,12],[21,-54],[-58,-38],[-81,78],[-32,14],[43,26],[-12,37],[-54,1],[-23,-13],[-10,24],[-110,32],[-21,-5],[-17,47],[-69,12],[4,-38],[-37,0]],[[7324,4084],[-39,-64],[-10,-40],[-37,-33],[-4,-50]],[[7234,3897],[-90,-19],[-67,63],[-70,-20],[-73,22],[-67,-12],[-34,-69],[-43,-10],[-56,-33],[-57,27],[-27,-10],[-5,-22],[-57,-14],[-85,-6],[-21,-19],[16,-40],[-27,-15],[-32,5],[-70,-11],[-91,-2],[-57,22],[-52,48],[-41,3]],[[6128,3785],[-37,43],[-8,32],[-23,26],[22,67]],[[6082,3953],[18,40],[32,32],[81,-13],[72,31],[12,25],[36,9],[25,66],[31,9],[46,48],[66,8]],[[7234,3897],[31,-1],[19,-45],[26,0],[28,-39],[32,3],[29,-47]],[[7399,3768],[-30,-34],[-40,-19],[-24,8],[-43,-20],[-25,-39],[-35,-24],[3,-28],[-32,-27],[-19,-51],[-31,-26],[-29,-85],[-41,-30],[-41,-95],[-22,-14],[-43,12],[-52,-40],[-31,12],[-50,-18]],[[6814,3250],[-69,15],[-32,-9],[-52,9],[-64,-50],[-44,8],[-37,-23]],[[5987,3361],[-32,40],[9,6],[-31,56],[-40,-1]],[[5893,3462],[41,40],[47,-2],[-15,100],[49,28],[11,20],[-13,28],[-49,12],[44,24],[41,-21],[62,10],[-16,43],[33,41]],[[3607,4216],[22,29],[-34,42],[-5,26],[35,60],[29,22],[26,-15]],[[5338,3075],[-1,13],[27,17]],[[5363,3366],[77,-10],[22,-12],[57,0],[30,-18],[55,36],[14,27],[46,13],[73,-1],[16,-8],[39,29],[84,-7],[-6,39],[23,8]],[[3607,4216],[-32,1],[-37,-13]],[[2882,4652],[134,68],[49,13]],[[3259,4732],[21,-26],[-13,25]],[[9869,139],[3,-2]],[[9553,170],[4,2]],[[9566,174],[2,0],[1,0]],[[9577,173],[4,-1]],[[8664,2583],[6,-57],[-30,-48],[-33,17],[-37,-6],[-47,-70],[-12,-42],[0,-84],[-33,2],[-25,-25],[5,-20],[-31,-1],[-12,-26],[39,-1],[33,-34],[-7,-17],[52,-58],[8,-28],[-47,6],[-4,-14],[-40,3],[-14,-15],[-61,54],[-55,-5],[-19,-23],[-87,-19],[-5,-29],[-33,-2],[-9,-29]],[[7408,1906],[4,70],[17,37],[-29,44],[-8,40],[-70,33],[-41,51],[36,26],[3,29],[-21,18],[12,48],[-13,19],[19,17],[49,4],[11,27],[35,29],[10,32],[-39,37],[-63,41],[-11,46],[-28,48],[11,52],[46,25],[20,42]],[[7358,2721],[75,-39],[-32,-27],[-8,-28],[16,-18],[90,15],[184,-38],[76,14],[46,-16],[57,2],[64,-13],[24,-14],[43,4],[50,18],[35,39],[48,39],[35,12],[106,18],[52,17],[51,-15],[29,-30],[60,2],[15,-21],[42,13],[16,-41],[53,-25],[79,-6]],[[7358,2721],[-2,21],[-39,28],[-6,27],[63,24],[-76,42],[-23,-14],[-30,-48],[-18,-1],[-22,40],[-33,13],[-44,-3],[-21,26],[-34,1],[-9,23],[32,19],[-35,16],[31,44],[-114,52],[-49,46],[5,73],[-15,-5],[-32,43],[-51,29],[-22,33]],[[7399,3768],[32,10],[21,30],[54,-27],[93,-2],[100,-25],[44,16],[29,-3],[74,-66],[51,17],[30,36],[109,10],[94,17],[29,62],[81,17],[30,-4],[44,-26],[37,-55],[30,-86],[58,-56],[1,-26],[34,-26],[18,-39],[50,-31],[45,-105],[4,-66],[-37,-120],[19,-104],[-24,-11],[50,-49],[10,-27],[54,-21],[45,-5],[3,25],[39,0],[79,35],[72,-28],[5,-51],[-12,-85],[-12,-12],[-102,-12],[-11,48],[-17,18],[-25,-34],[19,-35],[-35,-17],[30,-7],[-43,-32],[3,-23],[37,28],[-60,-72],[-2,-49],[9,-42],[-21,-75]],[[6994,6057],[-18,51],[5,83],[14,39],[2,44],[35,18],[39,36],[4,71],[62,75],[67,13],[131,45],[15,-49],[84,-54],[21,-7],[26,-72],[21,-16],[79,-26],[57,14],[57,31],[37,30],[6,32],[-11,95],[-11,52]],[[8392,6466],[38,0],[-2,-27],[72,-39],[-3,-37],[-27,-12],[10,-22],[-27,-55],[36,8],[29,-19],[-12,-18],[26,-15],[3,-24],[31,-19],[17,-71],[-10,-34],[-57,-18],[-59,-50],[-11,-36],[-54,11],[-20,-13],[-63,12],[-35,-35],[-50,-10]],[[4642,3463],[-19,37],[-57,-42],[-56,26],[-1,22],[-61,11],[8,14],[-21,44],[29,41],[-22,29],[37,10]],[[5387,3999],[38,-18],[20,-31],[54,-10],[32,24],[52,-15],[24,53],[26,-4],[14,69],[62,-8],[93,-34],[30,3],[47,-31],[73,-9],[18,18],[97,-21],[15,-32]],[[677,739],[-22,-6],[-61,-42],[-38,-6],[-49,25],[-58,-2],[-42,11],[-13,-11],[-69,-17],[26,59],[19,73],[-5,123],[-17,7],[26,66],[-4,48],[-33,35],[64,-22],[-29,22],[-38,7],[-54,-26],[3,38],[-14,33],[44,7],[25,26],[-16,36],[-21,-27],[-2,-29],[-46,-11],[-38,10],[16,63],[-3,27],[21,68],[-13,30],[35,12],[34,45],[3,29],[46,125],[0,42],[26,103],[24,15],[-12,24],[9,60],[-2,39],[-16,34],[-9,61],[-23,76],[3,34],[26,31]]],"bbox":[-10.462924170859308,34.56915996298262,34.59405405130187,70.07056048648006],"transform":{"scale":[0.004506148437059824,0.0035504951018599305],"translate":[-10.462924170859308,34.56915996298262]},"title":"European Union","version":"2.0.1","copyright":"Copyright (c) 2022 Highsoft AS, Based on data from Natural Earth","copyrightShort":"Natural Earth","copyrightUrl":"http://www.naturalearthdata.com"}