{"type":"Topology","objects":{"default":{"type":"GeometryCollection","geometries":[{"type":"MultiPolygon","arcs":[[[0]],[[1,2,3,4,5,6,7,8,9,10,11,12]]],"id":"SA","properties":{"hc-group":"admin0","hc-middle-x":0.45,"hc-middle-y":0.49,"hc-key":"sa","hc-a2":"SA","name":"Saudi Arabia","labelrank":"2","country-abbrev":"Saud.","subregion":"Western Asia","region-wb":"Middle East & North Africa","iso-a3":"SAU","iso-a2":"SA","woe-id":"23424938","continent":"Asia"}},{"type":"Polygon","arcs":[[13]],"id":"BH","properties":{"hc-group":"admin0","hc-middle-x":0.45,"hc-key":"bh","hc-a2":"BH","name":"Bahrain","labelrank":"4","country-abbrev":"Bahr.","subregion":"Western Asia","region-wb":"Middle East & North Africa","iso-a3":"BHR","iso-a2":"BH","woe-id":"23424753","continent":"Asia"}},{"type":"MultiPolygon","arcs":[[[14]],[[15]],[[16,17,18,19]]],"id":"TR","properties":{"hc-group":"admin0","hc-middle-x":0.38,"hc-middle-y":0.49,"hc-key":"tr","hc-a2":"TR","name":"Turkey","labelrank":"2","country-abbrev":"Tur.","subregion":"Western Asia","region-wb":"Europe & Central Asia","iso-a3":"TUR","iso-a2":"TR","woe-id":"23424969","continent":"Asia"}},{"type":"MultiPolygon","arcs":[[[20]],[[21]],[[22,23]],[[24,25,-8,26]]],"id":"OM","properties":{"hc-group":"admin0","hc-middle-x":0.6,"hc-middle-y":0.51,"hc-key":"om","hc-a2":"OM","name":"Oman","labelrank":"4","country-abbrev":"Oman","subregion":"Western Asia","region-wb":"Middle East & North Africa","iso-a3":"OMN","iso-a2":"OM","woe-id":"23424898","continent":"Asia"}},{"type":"MultiPolygon","arcs":[[[-18,27,28,29],[30]],[[31]]],"id":"IR","properties":{"hc-group":"admin0","hc-middle-x":0.52,"hc-middle-y":0.52,"hc-key":"ir","hc-a2":"IR","name":"Iran","labelrank":"2","country-abbrev":"Iran","subregion":"Southern Asia","region-wb":"Middle East & North Africa","iso-a3":"IRN","iso-a2":"IR","woe-id":"23424851","continent":"Asia"}},{"type":"MultiPolygon","arcs":[[[32]],[[-9,-26,33]]],"id":"YE","properties":{"hc-group":"admin0","hc-middle-x":0.43,"hc-middle-y":0.48,"hc-key":"ye","hc-a2":"YE","name":"Yemen","labelrank":"3","country-abbrev":"Yem.","subregion":"Western Asia","region-wb":"Middle East & North Africa","iso-a3":"YEM","iso-a2":"YE","woe-id":"23425002","continent":"Asia"}},{"type":"MultiPolygon","arcs":[[[-13,34,35,-3,36]],[[37,38]]],"id":"KW","properties":{"hc-group":"admin0","hc-middle-x":0.72,"hc-middle-y":0.36,"hc-key":"kw","hc-a2":"KW","name":"Kuwait","labelrank":"6","country-abbrev":"Kwt.","subregion":"Western Asia","region-wb":"Middle East & North Africa","iso-a3":"KWT","iso-a2":"KW","woe-id":"23424870","continent":"Asia"}},{"type":"Polygon","arcs":[[39,40]],"id":"EG","properties":{"hc-group":"admin0","hc-middle-x":0.46,"hc-middle-y":0.69,"hc-key":"eg","hc-a2":"EG","name":"Egypt","labelrank":"2","country-abbrev":"Egypt","subregion":"Northern Africa","region-wb":"Middle East & North Africa","iso-a3":"EGY","iso-a2":"EG","woe-id":"23424802","continent":"Africa"}},{"type":"Polygon","arcs":[[41,42,43,44,45,46,47,48,49,-41]],"id":"IL","properties":{"hc-group":"admin0","hc-middle-x":0.38,"hc-middle-y":0.54,"hc-key":"il","hc-a2":"IL","name":"Israel","labelrank":"4","country-abbrev":"Isr.","subregion":"Western Asia","region-wb":"Middle East & North Africa","iso-a3":"ISR","iso-a2":"IL","woe-id":"23424852","continent":"Asia"}},{"type":"Polygon","arcs":[[50,-47,51,-45,52,53,-11,54,-49]],"id":"JO","properties":{"hc-group":"admin0","hc-middle-x":0.33,"hc-middle-y":0.53,"hc-key":"jo","hc-a2":"JO","name":"Jordan","labelrank":"4","country-abbrev":"Jord.","subregion":"Western Asia","region-wb":"Middle East & North Africa","iso-a3":"JOR","iso-a2":"JO","woe-id":"23424860","continent":"Asia"}},{"type":"Polygon","arcs":[[-35,-12,-54,55,-19,-30,56,57]],"id":"IQ","properties":{"hc-group":"admin0","hc-middle-x":0.51,"hc-middle-y":0.48,"hc-key":"iq","hc-a2":"IQ","name":"Iraq","labelrank":"3","country-abbrev":"Iraq","subregion":"Western Asia","region-wb":"Middle East & North Africa","iso-a3":"IRQ","iso-a2":"IQ","woe-id":"23424855","continent":"Asia"}},{"type":"Polygon","arcs":[[58,-5]],"id":"QA","properties":{"hc-group":"admin0","hc-key":"qa","hc-a2":"QA","name":"Qatar","labelrank":"5","country-abbrev":"Qatar","subregion":"Western Asia","region-wb":"Middle East & North Africa","iso-a3":"QAT","iso-a2":"QA","woe-id":"23424930","continent":"Asia"}},{"type":"Polygon","arcs":[[59,-27,-7,60,-24],[-22]],"id":"AE","properties":{"hc-group":"admin0","hc-middle-x":0.7,"hc-middle-y":0.58,"hc-key":"ae","hc-a2":"AE","name":"United Arab Emirates","labelrank":"4","country-abbrev":"U.A.E.","subregion":"Western Asia","region-wb":"Middle East & North Africa","iso-a3":"ARE","iso-a2":"AE","woe-id":"23424738","continent":"Asia"}},{"type":"Polygon","arcs":[[-44,61,62,-20,-56,-53]],"id":"SY","properties":{"hc-group":"admin0","hc-middle-x":0.46,"hc-middle-y":0.47,"hc-key":"sy","hc-a2":"SY","name":"Syria","labelrank":"3","country-abbrev":"Syria","subregion":"Western Asia","region-wb":"Middle East & North Africa","iso-a3":"SYR","iso-a2":"SY","woe-id":"23424956","continent":"Asia"}},{"type":"Polygon","arcs":[[63,-62,-43]],"id":"LB","properties":{"hc-group":"admin0","hc-middle-x":0.43,"hc-middle-y":0.3,"hc-key":"lb","hc-a2":"LB","name":"Lebanon","labelrank":"5","country-abbrev":"Leb.","subregion":"Western Asia","region-wb":"Middle East & North Africa","iso-a3":"LBN","iso-a2":"LB","woe-id":"23424873","continent":"Asia"}},{"type":"Polygon","arcs":[[64,65]],"id":"CY","properties":{"hc-group":"admin0","hc-middle-x":0.17,"hc-middle-y":0.51,"hc-key":"cy","hc-a2":"CY","name":"Cyprus","labelrank":"5","country-abbrev":"Cyp.","subregion":"Western Asia","region-wb":"Europe & Central Asia","iso-a3":"CYP","iso-a2":"CY","woe-id":"-90","continent":"Asia"}},{"type":"Polygon","arcs":[[-66,66]],"id":"NC","properties":{"hc-group":"admin0","hc-middle-x":0.68,"hc-middle-y":0.54,"hc-key":"nc","hc-a2":"NC","name":"Northern Cyprus","labelrank":"6","country-abbrev":"N. Cy.","subregion":"Western Asia","region-wb":"Europe & Central Asia","iso-a3":"-99","iso-a2":"NC","woe-id":"-90","continent":"Asia"}}],"hc-recommended-transform":{"default":{"crs":"+proj=mill +lat_0=0 +lon_0=0 +x_0=0 +y_0=0 +R_A +datum=WGS84 +units=m +no_defs","scale":0.000162957149378,"jsonres":15.5,"jsonmarginX":-999,"jsonmarginY":9851,"xoffset":2745221.55334,"yoffset":4951111.5867}}}},"arcs":[[[4446,1526],[48,-14],[36,-36],[-56,-14],[-50,51],[22,13]],[[5887,5601],[61,-155]],[[5948,5446],[198,2]],[[6146,5448],[27,-44],[18,-94],[70,-98],[-26,-41],[25,-35],[95,-22],[21,-114],[52,-24],[46,-59],[63,-34],[51,-59],[-41,9],[13,-72],[41,-30],[3,-78],[-26,-61],[11,-87],[53,-83],[29,-12],[21,-111],[69,-124]],[[6761,4175],[44,-60],[61,20]],[[6866,4135],[23,-37],[37,13],[-43,-85],[75,-16]],[[6958,4010],[6,-59],[244,-377],[12,-8],[653,-104],[21,27]],[[7894,3489],[116,-243],[-170,-665],[-776,-336]],[[7064,2245],[-738,-129],[-250,-155],[-148,-230],[-42,-125],[-62,-44],[-57,-1],[-67,107],[-101,-17],[-230,29],[-69,39],[-197,-3],[-78,-22],[-91,-3],[-64,56],[-29,0],[-59,-63],[-14,-134],[26,-51],[-45,-80],[-64,-55]],[[4685,1364],[-14,101],[-50,69],[1,43],[-54,56],[-9,95],[-112,122],[-39,30],[-64,125],[-9,61],[-59,79],[10,46],[-28,41],[-47,129],[-3,54],[-42,32],[2,39],[-42,27],[-28,60],[-118,105],[-37,-7],[-71,66],[-36,95],[-55,60],[-56,131],[24,30],[-24,101],[-34,73],[15,27],[19,183],[-69,146],[-55,197],[-16,-9],[-22,80],[-97,97],[-104,74],[-40,-7],[-17,57],[-80,138],[34,38],[-12,77],[-60,79],[20,0],[-67,110],[-41,33],[9,56],[-41,20],[-79,182],[-52,95],[-51,62],[-6,33],[-65,89],[-18,59],[-71,142],[-42,22],[-105,-7],[7,59],[33,85],[-6,46],[44,231]],[[2656,5721],[276,-55],[119,102],[72,125],[185,43],[43,107],[89,63],[-129,170],[-135,162],[519,169],[47,42]],[[3742,6649],[317,-60],[28,-15],[413,-274],[203,-196],[474,-434],[432,-46],[45,11]],[[5654,5635],[233,-34]],[[6676,4677],[36,-19],[-14,-133],[-28,66],[6,86]],[[330,9347],[-51,-20],[-26,10],[64,38],[13,-28]],[[426,9869],[11,35],[39,3],[5,34],[101,23],[23,27],[64,6],[71,-64],[67,31],[55,-7],[-12,-51],[29,-59],[78,-67],[135,-60],[53,-11],[-34,-78],[-100,-8],[-92,35],[-72,-36],[-113,4],[-25,-52],[-65,-67],[-128,-60],[-17,-32],[-118,-101],[25,46],[-12,43],[160,94],[-10,19],[-74,-21],[-111,5],[-11,41],[84,77],[-6,98],[78,41],[-10,79],[-68,33]],[[2905,7924],[16,34],[-48,101],[34,43],[70,53],[0,65],[-44,42],[-56,-50],[-31,-4],[-14,-52],[-73,-21],[-149,91],[-56,-17],[-124,-118],[-30,-67],[-23,33],[-48,-57],[-143,-4],[-86,-35],[-113,50],[-88,123],[-178,90],[-168,27],[-31,-37],[0,-84],[-44,-95],[-38,20],[-150,-62],[-18,29],[-64,9],[-54,38],[-29,66],[16,41],[-41,28],[-25,-38],[-57,21],[-4,39],[-86,12],[4,-37],[-46,-46],[-36,29],[19,24],[-80,-1],[-17,-35],[-80,10],[67,38],[113,4],[-8,38],[41,5],[31,38],[-108,-8],[-84,-18],[-33,18],[-45,-22],[16,54],[40,-10],[36,61],[-40,-8],[-7,46],[-58,-11],[-1,81],[-51,23],[62,27],[-3,82],[-75,25],[-22,-8],[-27,59],[-44,-36],[-92,55],[63,32],[-34,85],[41,10],[32,-45],[11,-71],[25,20],[83,12],[-39,11],[-57,96],[45,4],[39,70],[-48,-8],[7,52],[-71,69],[82,70],[-9,33],[-212,-37],[20,51],[13,128],[29,4],[25,58],[85,71],[72,-4],[74,22],[39,-45],[88,-1],[-28,59],[20,14],[71,-22],[-34,-24],[225,0],[48,-13],[51,24],[-98,30],[54,41],[149,15],[96,23],[-149,2],[-29,40],[-56,33],[11,58],[42,29],[169,-30],[65,-2],[35,22],[146,-44],[103,4],[43,37],[1,39],[189,94],[34,41],[90,40],[82,14],[103,46],[260,-24],[94,0],[50,20],[16,31],[49,-27],[-12,-24],[34,-62],[79,-43],[111,34],[42,-36],[4,-56],[82,-74],[43,45],[95,-27],[14,-37],[58,-12],[82,-38],[29,35],[52,-53],[113,-21],[100,12],[54,29],[90,3],[40,20],[43,-29],[138,-34],[87,43],[61,16],[33,34],[50,9],[96,52],[34,45],[76,-31],[35,28],[126,-25],[33,45],[66,2],[48,-63],[47,-30],[12,-40],[39,4],[20,-55],[37,-20],[33,-96],[-44,-72],[42,-99],[-15,-19],[95,-35],[58,12],[53,-24],[90,-111]],[[5208,9174],[-63,42],[-28,-23],[-13,-88],[-90,-12],[5,-67],[27,-18],[-11,-52],[35,-50],[3,-154],[44,-21],[-61,-119],[0,-31],[40,-7],[56,-46],[-7,-91],[61,-51],[-9,-51]],[[5197,8335],[-49,9],[-70,-64],[-33,36],[12,57],[-61,19],[-25,-29],[-107,7],[-102,41],[-39,-16],[-55,13],[-42,-72],[-53,-11]],[[4573,8325],[-1,38],[-37,34],[-52,-50],[-137,-34],[-72,-4],[-79,20],[-48,-7],[-134,-73],[-110,-48],[-137,-28],[-149,20],[-35,39],[-87,24],[-193,-91],[-112,2],[-12,38],[-80,25],[-32,-112],[34,-89],[-75,-1],[-4,-78],[-42,-15],[-15,-44],[-59,33]],[[8791,2639],[-3,62],[36,38],[27,72],[18,-55],[-42,-78],[-36,-39]],[[8177,4339],[-12,-8],[0,34],[30,-7],[-18,-19]],[[8125,4616],[26,62],[33,-9],[14,56],[33,-51],[-41,-20],[28,-83],[-35,-55],[-6,-45]],[[8177,4471],[-33,10],[8,119],[-27,16]],[[8204,4252],[59,-162],[85,-126],[55,-55],[196,-79],[34,2],[96,-36],[20,13],[77,-49],[76,-152],[33,-30],[23,-59],[61,-70],[69,-17],[12,-30],[-14,-82],[-38,-92],[-38,-57],[-42,-107],[-44,-25],[-64,-73],[-62,-106],[-41,-138],[-27,-20],[-55,16],[15,61],[-41,-4],[-35,-82],[-38,-44],[7,-30],[-39,-119],[2,-69],[17,-47],[-5,-47],[23,-86],[-34,-23],[-130,-12],[-76,-34],[-66,-71],[-25,-150],[-56,-71],[-41,7],[-138,-21],[-55,-19],[-56,-108],[20,-34],[-12,-63],[-59,-73],[-61,-21],[-52,29],[-147,-17],[-11,-26],[-59,-14],[-44,-38],[-63,-6],[-65,-31]],[[7351,1455],[-74,210],[-19,11],[-194,569]],[[7894,3489],[1,98],[48,160],[42,100],[-21,64],[49,22],[41,-6],[50,24],[-17,48],[-45,3],[12,36],[-11,74],[14,28],[-7,71],[38,41],[25,-75],[91,75]],[[5208,9174],[89,-144],[51,-16],[23,-54],[178,-47],[69,20],[36,-14],[86,96],[40,8],[21,40],[49,23],[144,102],[53,-11],[75,-91],[-56,-27],[4,-39],[43,-46],[-64,-32],[-12,-43],[51,-31],[26,-43],[27,6],[50,-75],[69,13],[17,-171],[50,-102],[80,-42],[128,-15],[55,-16],[45,-84],[41,-40],[157,-99],[212,-53],[226,54],[184,49],[55,-24],[81,2],[5,43],[-32,132],[71,-6],[155,64],[18,82],[71,64],[76,41],[74,15],[70,-18],[83,6],[36,57],[78,6],[77,-28],[46,27],[35,-101],[88,-15],[127,-50],[49,-48],[37,20],[75,1],[142,-66],[5,-59],[53,-46],[115,-52],[84,-131],[189,3],[29,-24],[-9,-56],[18,-98],[18,-191],[-47,-90],[-11,-156],[-31,-59],[-64,-42],[49,-66],[-64,-4],[-41,-71],[7,-153],[38,-27],[58,-3],[-16,-48],[-65,-86],[2,-53],[66,-249],[-15,-75],[12,-178],[218,-38],[43,-116],[-11,-69],[-243,-327],[112,-151],[53,-110],[22,-70],[83,-110],[122,-42],[55,-63],[43,10],[-1,-89],[20,-168],[-4,-90],[95,11],[40,-48],[-23,-21],[9,-55],[-32,-89],[-101,7],[-119,-48],[-12,-51],[-101,-36],[-25,-136],[-25,-23],[-11,-162],[-54,-76],[-99,50],[-102,22],[-22,58],[-40,-24],[-127,-16],[-95,24],[-22,20],[-110,-19],[-56,54],[-101,16],[-65,-23],[-53,50],[-50,-19],[-10,38],[-105,9],[-42,108],[13,23],[-36,95],[-13,135],[-57,97],[-118,21],[-58,-14],[-48,-45],[-66,-8],[-52,-79],[-56,9],[-120,-100],[-47,4],[-60,32],[-21,37],[-82,10],[-71,-12],[-59,49],[-21,47],[-87,35],[-128,99],[25,11],[-65,75],[-46,11],[-61,51],[-110,5],[-53,48],[-30,93],[-32,45],[-22,111],[-63,61],[31,39],[-24,36],[-51,1],[3,103],[-66,69],[-66,95],[-18,87],[-42,2],[-81,-58],[-31,43],[-61,0],[-74,78]],[[6282,6069],[-25,-15],[19,-89],[-105,-40]],[[6171,5925],[-34,87],[-62,69],[-38,13],[1,172],[-89,6],[2,139],[39,118],[-126,234],[-58,1],[-104,99],[-115,69],[-46,-2],[-17,50],[36,22],[-73,155],[-40,-16],[-64,119],[-27,11],[40,53],[6,45],[-37,61],[22,49],[50,-14],[-17,57],[33,64],[20,-6],[20,65],[60,5],[7,39],[-54,93],[9,56],[62,19],[12,37],[-57,10],[-88,-10],[-20,35],[-73,15],[-32,143],[-33,0],[-31,44],[2,70],[-44,16],[13,79],[-29,39]],[[6282,6069],[4,2],[59,-17],[2,54],[-59,3],[9,-34],[-11,-6],[-6,2],[2,-4]],[[8078,4824],[-5,21],[-150,-67],[14,35],[109,50],[-4,53],[36,-16],[71,32],[-24,-73],[-47,-35]],[[7477,134],[49,-29],[92,28],[91,-54],[-86,-64],[-94,-15],[-53,9],[-62,61],[17,47],[46,17]],[[7351,1455],[-127,-56],[-79,-71],[-36,-94],[18,-46],[1,-77],[-47,-15],[-176,-115],[-210,-60],[-98,-70],[-60,-1],[-94,-34],[-130,-78],[-20,-61],[-83,-94],[-128,-25],[-44,29],[-90,-56],[-70,-78],[-126,-41],[-55,-35],[-121,3],[-146,-32],[-68,-91],[-74,-37],[-16,-48],[-46,-30],[-87,23],[-33,-43],[-121,-24],[-90,54],[-45,-42],[12,71],[-58,123],[8,171],[-47,122],[-29,135],[11,17],[-42,201],[-70,47],[55,-3],[-28,151],[31,53],[6,60],[-14,106]],[[5654,5635],[83,116],[66,174],[65,44],[82,2],[71,-35]],[[6021,5936],[18,-72],[41,-73],[-55,4],[-68,-71],[73,11],[29,-15],[16,-112],[44,-86],[17,-5],[10,-69]],[[5948,5446],[-19,25],[-42,130]],[[6062,5943],[61,-75],[-30,-65],[-48,68],[30,27],[-13,45]],[[6062,5943],[-1,1],[1,-1]],[[2639,5767],[-38,-62],[-27,-180],[-58,-154],[4,-110],[-39,-57],[-51,-4],[-93,92],[-40,74],[-84,91],[-26,157],[-66,70],[-42,75],[-7,89],[-32,75],[-60,-120],[66,-83],[17,-88],[-9,-39],[51,-75],[13,-57],[34,-30],[32,-68],[100,-110],[-4,-104],[51,-103],[34,-28],[3,-47],[43,-90],[-19,-56],[22,-25],[83,-204],[55,-93],[35,-99],[79,-176],[64,-169],[50,-73],[75,-64],[-9,-28],[-44,23],[-6,-161],[53,-190],[49,-67],[81,-27],[63,-99],[117,-98],[-3,-24],[-705,0],[-705,0],[14,52],[-22,25],[-851,-77],[811,0],[-1622,0],[0,2412],[-28,96],[-16,142],[-32,85],[57,120],[22,96],[-35,121],[1,78],[75,93],[10,-42],[54,-10],[110,38],[37,0],[102,-31],[157,-24],[97,-28],[11,-33],[72,-30],[52,18],[8,-40],[110,-19],[22,10],[107,-46],[54,-41],[49,3],[74,41],[87,65],[59,61],[29,-21],[41,36],[7,43],[33,-16],[97,30],[-84,-52],[113,15],[63,47],[78,-43],[103,25],[-39,-76],[69,-27],[14,-47],[47,14],[16,51],[70,-71],[41,7],[89,53],[140,-41],[103,38],[40,28]],[[2462,6379],[72,-222],[90,-306],[15,-84]],[[2462,6379],[63,74],[69,140],[33,110],[28,179],[30,15],[12,78]],[[2697,6975],[96,0],[18,64],[15,-14],[56,56]],[[2882,7081],[-15,-24],[32,-131],[-34,-67]],[[2865,6859],[-51,-34],[3,-136],[-13,-60],[10,-99]],[[2814,6530],[-22,-12],[-22,-71],[9,-64]],[[2779,6383],[-8,-23],[2,-9]],[[2773,6351],[-10,-18],[17,-29]],[[2780,6304],[-75,-221],[2,-93],[-49,-200]],[[2658,5790],[-12,-23],[-7,0]],[[2780,6304],[25,33],[-32,14]],[[2779,6383],[32,2],[3,145]],[[2865,6859],[36,-10],[45,-67],[28,4],[51,-47],[115,-24],[320,227],[186,127]],[[3646,7069],[73,-293],[-20,-7],[18,-56],[49,15],[14,-37],[-38,-42]],[[2656,5721],[12,60],[-10,9]],[[3646,7069],[496,323],[77,33],[53,113],[-1,139],[19,105],[26,55],[-5,67],[-27,62],[10,105],[36,57],[110,31],[113,126],[20,40]],[[6171,5925],[-83,21],[-26,-3]],[[6062,5943],[-41,-7]],[[6761,4175],[11,49],[-20,66],[-6,136],[38,12],[1,87],[37,88],[53,36],[40,-69],[45,-24],[3,-46],[-31,-75],[13,-76],[18,-4],[-1,-111],[-37,-91],[-59,-18]],[[8177,4471],[23,-34],[4,-185]],[[6958,4010],[49,11],[13,-96],[67,-12],[71,14],[60,48],[176,-17],[47,7],[38,-24],[70,4],[70,28],[94,81],[0,61],[24,-20],[33,99],[96,72],[116,176],[91,66],[35,47],[17,61]],[[2882,7081],[56,61],[-30,18],[33,59],[82,14],[-26,17],[87,97],[-44,99],[-26,0],[15,44],[-109,9]],[[2920,7499],[-26,91],[24,92],[-11,74],[-47,49],[26,60],[-11,37],[30,22]],[[2697,6975],[42,123],[20,19],[33,98],[27,37],[12,96],[52,87],[40,26],[-3,38]],[[2305,7627],[61,-10],[49,18],[21,-31],[-92,13],[-35,-61],[-94,-41],[-150,-16],[-65,34],[-33,116],[42,-13],[27,40],[36,2],[32,-41],[92,34],[63,-1],[8,-53],[18,14],[19,-4]],[[2304,7627],[1,0]],[[2304,7627],[-49,55],[-54,-2],[-92,-37],[-33,34],[41,-8],[14,81],[131,-23],[60,9],[97,38],[38,28],[107,46],[-6,-16],[-167,-122],[-5,-71],[-81,-12]]],"bbox":[24.66074479659656,12.292600985848923,63.24884610321889,42.05696427860752],"transform":{"scale":[0.00385919605026726,0.002976734002676128],"translate":[24.66074479659656,12.292600985848923]},"title":"Middle East","version":"2.0.1","copyright":"Copyright (c) 2022 Highsoft AS, Based on data from Natural Earth","copyrightShort":"Natural Earth","copyrightUrl":"http://www.naturalearthdata.com"}