{"type":"Topology","objects":{"default":{"type":"GeometryCollection","geometries":[{"type":"MultiPolygon","arcs":[[[0]],[[1]],[[2]],[[3]],[[4]],[[5]],[[6]],[[7]],[[8]],[[9]],[[10,11]]],"id":"DK","properties":{"hc-group":"admin0","hc-middle-x":0.19,"hc-middle-y":0.43,"hc-key":"dk","hc-a2":"DK","name":"Denmark","labelrank":"4","country-abbrev":"Den.","subregion":"Northern Europe","region-wb":"Europe & Central Asia","iso-a3":"DNK","iso-a2":"DK","woe-id":"23424796","continent":"Europe"}},{"type":"MultiPolygon","arcs":[[[12]],[[13]],[[14]],[[15]],[[16,17,18,19,20,-12,21,22,23,24,25,26]]],"id":"DE","properties":{"hc-group":"admin0","hc-middle-x":0.49,"hc-middle-y":0.52,"hc-key":"de","hc-a2":"DE","name":"Germany","labelrank":"2","country-abbrev":"Ger.","subregion":"Western Europe","region-wb":"Europe & Central Asia","iso-a3":"DEU","iso-a2":"DE","woe-id":"23424829","continent":"Europe"}},{"type":"MultiPolygon","arcs":[[[27]],[[28]],[[29]],[[30]],[[31]],[[32]],[[33]],[[34]],[[35]],[[36]],[[37]],[[38]],[[39]],[[40]],[[41]],[[42]],[[43]],[[44]],[[45]],[[46]],[[47]],[[48]],[[49]],[[50]],[[51]],[[52]],[[53]],[[54]],[[55]],[[56]],[[57]],[[58]],[[59]],[[60]],[[61]],[[62]],[[63]],[[64]],[[65]],[[66]],[[67]],[[68]],[[69]],[[70]],[[71]],[[72]],[[73]],[[74]],[[75]],[[76]],[[77]],[[78]],[[79]],[[80]],[[81]],[[82]],[[83]],[[84]],[[85]],[[86]],[[87]],[[88]],[[89]],[[90]],[[91]],[[92]],[[93]],[[94]],[[95]],[[96]],[[97]],[[98]]],"id":"GL","properties":{"hc-group":"admin0","hc-middle-x":0.58,"hc-middle-y":0.43,"hc-key":"gl","hc-a2":"GL","name":"Greenland","labelrank":"3","country-abbrev":"Grlnd.","subregion":"Northern America","region-wb":"Europe & Central Asia","iso-a3":"GRL","iso-a2":"GL","woe-id":"23424828","continent":"North America"}},{"type":"MultiPolygon","arcs":[[[99]],[[100]],[[101]],[[102,103,104,105,106,-17,107,108,109,110],[111]]],"id":"FR","properties":{"hc-group":"admin0","hc-middle-x":0.89,"hc-middle-y":0.45,"hc-key":"fr","hc-a2":"FR","name":"France","labelrank":"2","country-abbrev":"Fr.","subregion":"Western Europe","region-wb":"Europe & Central Asia","iso-a3":"FRA","iso-a2":"FR","woe-id":"-90","continent":"Europe"}},{"type":"MultiPolygon","arcs":[[[112],[113],[114]],[[115]],[[116]],[[117]],[[118]],[[119]],[[120]],[[121]],[[122]],[[123]],[[124]],[[125]],[[126]],[[127]],[[128]],[[129]],[[130]],[[131]],[[132]],[[133]],[[134]],[[135]],[[136]],[[137]],[[138]],[[139]],[[140]],[[141]],[[142]],[[143]],[[144]],[[145]],[[146]],[[147]],[[148]],[[149]],[[150]],[[151]],[[152]],[[153]],[[154]],[[155]],[[156]],[[157]],[[158]],[[159]],[[160]],[[161]],[[162]],[[163]]],"id":"NO","properties":{"hc-group":"admin0","hc-middle-x":0.45,"hc-middle-y":0.8,"hc-key":"no","hc-a2":"NO","name":"Norway","labelrank":"3","country-abbrev":"Nor.","subregion":"Northern Europe","region-wb":"Europe & Central Asia","iso-a3":"NOR","iso-a2":"NO","woe-id":"-90","continent":"Europe"}},{"type":"MultiPolygon","arcs":[[[164]],[[165]],[[166]],[[167]],[[168]],[[169]],[[170]],[[171]],[[172]],[[173]],[[174]],[[175]],[[176]],[[177]],[[178]],[[179]],[[180]],[[181]],[[182]],[[183]],[[184]],[[185]],[[186]],[[187]],[[188]],[[189]],[[190]],[[191]],[[192]],[[193]],[[194]],[[195]],[[196]],[[197]],[[198]],[[199]],[[200]],[[201]],[[202]],[[203]],[[204]],[[205]],[[206]],[[207]],[[208]],[[209]],[[210]],[[211]],[[212]],[[213]],[[214]],[[215]],[[216]],[[217]],[[218]],[[219]],[[220]],[[221]],[[222]],[[223]],[[224]],[[225]],[[226]],[[227]],[[228]],[[229]],[[230]],[[231]],[[232]],[[233]],[[234]],[[235]],[[236]],[[237,238]],[[239,240,241,242,243,244,245,246,247,248,249,250,251,252,253,254],[255]],[[256,257,258,259]],[[260]],[[261]],[[262]],[[263]],[[264]],[[265,266]],[[267,268]],[[269]],[[270]],[[271,272]],[[273,274]]],"id":"US","properties":{"hc-group":"admin0","hc-middle-x":0.67,"hc-middle-y":0.73,"hc-key":"us","hc-a2":"US","name":"United States of America","labelrank":"2","country-abbrev":"U.S.A.","subregion":"Northern America","region-wb":"North America","iso-a3":"USA","iso-a2":"US","woe-id":"23424977","continent":"North America"}},{"type":"MultiPolygon","arcs":[[[275],[276]],[[277]],[[278]],[[279]],[[280]],[[281]],[[282]],[[283]],[[284]],[[285]],[[286]],[[287]],[[288]],[[289]],[[290]],[[291]],[[292]],[[293]],[[294]],[[295]],[[296]],[[297]],[[298]],[[299]],[[300]],[[301]],[[302]],[[303]],[[304]],[[305]],[[306]],[[307]],[[308]],[[309]],[[310]],[[311]],[[312]],[[313]],[[314]],[[315]],[[316]],[[317]],[[318]],[[319]],[[320]],[[321]],[[322]],[[323]],[[324]],[[325]],[[326]],[[327]],[[328]],[[329]],[[330]],[[331]],[[332]],[[333]],[[334]],[[335]],[[336]],[[337]],[[338]],[[339]],[[340]],[[341]],[[342]],[[343]],[[344]],[[345]],[[346]],[[347]],[[348]],[[349]],[[350]],[[351]],[[352]],[[353]],[[354]],[[355]],[[356]],[[357]],[[358]],[[359]],[[360]],[[361]],[[362]],[[363]],[[364]],[[365]],[[366]],[[367]],[[368]],[[369]],[[370]],[[371]],[[372]],[[373]],[[374]],[[375]],[[376]],[[377]],[[378]],[[379]],[[380]],[[381]],[[382]],[[383]],[[384]],[[385]],[[386]],[[387]],[[388]],[[389]],[[390]],[[391]],[[392]],[[393]],[[394]],[[395]],[[396]],[[397]],[[398]],[[399]],[[400]],[[401]],[[402]],[[403]],[[404]],[[405]],[[406]],[[407]],[[408]],[[409]],[[410]],[[411]],[[412]],[[413]],[[414]],[[415]],[[416]],[[417]],[[418]],[[419]],[[420]],[[421]],[[422]],[[423]],[[424]],[[425]],[[426]],[[427]],[[428]],[[429]],[[430]],[[431]],[[432]],[[433]],[[434]],[[435]],[[436]],[[437]],[[438]],[[-260,439,-242,440,-240,441,-255,442,-253,443,444,-250,445,-248,446,-246,447,-244,448,-239,449,-266,268,-258,450]],[[451]],[[452]],[[453]],[[454]],[[455]],[[456]],[[457]],[[458]],[[459]],[[460]],[[461]],[[462]],[[463]],[[464]],[[465]],[[466]],[[467]],[[468]],[[469]],[[470]],[[471]],[[472]],[[473]],[[474]],[[475]],[[476]],[[477]],[[478]],[[479]]],"id":"CA","properties":{"hc-group":"admin0","hc-middle-x":0.29,"hc-middle-y":0.64,"hc-key":"ca","hc-a2":"CA","name":"Canada","labelrank":"2","country-abbrev":"Can.","subregion":"Northern America","region-wb":"North America","iso-a3":"CAN","iso-a2":"CA","woe-id":"23424775","continent":"North America"}},{"type":"MultiPolygon","arcs":[[[480]],[[481]],[[482]],[[483]],[[484]],[[485]],[[486]],[[487,488,489]],[[490]],[[491]]],"id":"HR","properties":{"hc-group":"admin0","hc-middle-x":0.45,"hc-middle-y":0.73,"hc-key":"hr","hc-a2":"HR","name":"Croatia","labelrank":"6","country-abbrev":"Cro.","subregion":"Southern Europe","region-wb":"Europe & Central Asia","iso-a3":"HRV","iso-a2":"HR","woe-id":"23424843","continent":"Europe"}},{"type":"MultiPolygon","arcs":[[[492]],[[493]],[[494]],[[495]],[[496]],[[497]],[[498]],[[499]],[[500]],[[501]],[[502]],[[503]],[[504]],[[505]],[[506]],[[507]],[[508]],[[509]],[[510]],[[511]],[[512,513]],[[514]],[[515]]],"id":"GB","properties":{"hc-group":"admin0","hc-middle-x":0.96,"hc-middle-y":0.23,"hc-key":"gb","hc-a2":"GB","name":"United Kingdom","labelrank":"2","country-abbrev":"U.K.","subregion":"Northern Europe","region-wb":"Europe & Central Asia","iso-a3":"GBR","iso-a2":"GB","woe-id":"-90","continent":"Europe"}},{"type":"MultiPolygon","arcs":[[[516]],[[517]],[[518]],[[519]],[[520,521]]],"id":"EE","properties":{"hc-group":"admin0","hc-middle-x":0.6,"hc-middle-y":0.47,"hc-key":"ee","hc-a2":"EE","name":"Estonia","labelrank":"6","country-abbrev":"Est.","subregion":"Northern Europe","region-wb":"Europe & Central Asia","iso-a3":"EST","iso-a2":"EE","woe-id":"23424805","continent":"Europe"}},{"type":"MultiPolygon","arcs":[[[522]],[[523]],[[524]],[[525]],[[526]],[[527]],[[528]],[[529]],[[530]],[[531]],[[532]],[[533]],[[534]],[[535]],[[536]],[[537]],[[538]],[[539]],[[540]],[[541]],[[542]],[[543]],[[544]],[[545]],[[546,547,548,549,550,551,552]],[[553]]],"id":"GR","properties":{"hc-group":"admin0","hc-middle-x":0.29,"hc-middle-y":0.46,"hc-key":"gr","hc-a2":"GR","name":"Greece","labelrank":"3","country-abbrev":"Greece","subregion":"Southern Europe","region-wb":"Europe & Central Asia","iso-a3":"GRC","iso-a2":"GR","woe-id":"23424833","continent":"Europe"}},{"type":"MultiPolygon","arcs":[[[554]],[[555]],[[556,557]],[[-20,558,559],[560]]],"id":"NL","properties":{"hc-group":"admin0","hc-middle-x":0.37,"hc-middle-y":0.32,"hc-key":"nl","hc-a2":"NL","name":"Netherlands","labelrank":"5","country-abbrev":"Neth.","subregion":"Western Europe","region-wb":"Europe & Central Asia","iso-a3":"NLD","iso-a2":"NL","woe-id":"-90","continent":"Europe"}},{"type":"MultiPolygon","arcs":[[[561]],[[562]],[[563]],[[-112]],[[-514,564,565,566,-104,567,-111,568]]],"id":"ES","properties":{"hc-group":"admin0","hc-middle-x":0.45,"hc-middle-y":0.44,"hc-key":"es","hc-a2":"ES","name":"Spain","labelrank":"2","country-abbrev":"Sp.","subregion":"Southern Europe","region-wb":"Europe & Central Asia","iso-a3":"ESP","iso-a2":"ES","woe-id":"23424950","continent":"Europe"}},{"type":"MultiPolygon","arcs":[[[569]],[[570,571,572,573]]],"id":"LT","properties":{"hc-group":"admin0","hc-middle-x":0.6,"hc-middle-y":0.52,"hc-key":"lt","hc-a2":"LT","name":"Lithuania","labelrank":"5","country-abbrev":"Lith.","subregion":"Northern Europe","region-wb":"Europe & Central Asia","iso-a3":"LTU","iso-a2":"LT","woe-id":"23424875","continent":"Europe"}},{"type":"MultiPolygon","arcs":[[[574]],[[-109,575,576,577]],[[578]],[[579]]],"id":"IT","properties":{"hc-group":"admin0","hc-middle-x":0.48,"hc-middle-y":0.39,"hc-key":"it","hc-a2":"IT","name":"Italy","labelrank":"2","country-abbrev":"Italy","subregion":"Southern Europe","region-wb":"Europe & Central Asia","iso-a3":"ITA","iso-a2":"IT","woe-id":"23424853","continent":"Europe"}},{"type":"MultiPolygon","arcs":[[[580]],[[581,582,-551]],[[583]]],"id":"TR","properties":{"hc-group":"admin0","hc-middle-x":0.37,"hc-middle-y":0.48,"hc-key":"tr","hc-a2":"TR","name":"Turkey","labelrank":"2","country-abbrev":"Tur.","subregion":"Western Asia","region-wb":"Europe & Central Asia","iso-a3":"TUR","iso-a2":"TR","woe-id":"23424969","continent":"Asia"}},{"type":"Polygon","arcs":[[584,-23,585,-571,586,587,588,-25]],"id":"PL","properties":{"hc-group":"admin0","hc-middle-y":0.48,"hc-key":"pl","hc-a2":"PL","name":"Poland","labelrank":"3","country-abbrev":"Pol.","subregion":"Eastern Europe","region-wb":"Europe & Central Asia","iso-a3":"POL","iso-a2":"PL","woe-id":"23424923","continent":"Europe"}},{"type":"Polygon","arcs":[[589,590,591,592,-588]],"id":"SK","properties":{"hc-group":"admin0","hc-middle-x":0.34,"hc-key":"sk","hc-a2":"SK","name":"Slovakia","labelrank":"6","country-abbrev":"Svk.","subregion":"Eastern Europe","region-wb":"Europe & Central Asia","iso-a3":"SVK","iso-a2":"SK","woe-id":"23424877","continent":"Europe"}},{"type":"Polygon","arcs":[[593,-582,-550,594,595]],"id":"BG","properties":{"hc-group":"admin0","hc-middle-y":0.51,"hc-key":"bg","hc-a2":"BG","name":"Bulgaria","labelrank":"4","country-abbrev":"Bulg.","subregion":"Eastern Europe","region-wb":"Europe & Central Asia","iso-a3":"BGR","iso-a2":"BG","woe-id":"23424771","continent":"Europe"}},{"type":"Polygon","arcs":[[-521,596,-573,597]],"id":"LV","properties":{"hc-group":"admin0","hc-middle-x":0.64,"hc-middle-y":0.49,"hc-key":"lv","hc-a2":"LV","name":"Latvia","labelrank":"5","country-abbrev":"Lat.","subregion":"Northern Europe","region-wb":"Europe & Central Asia","iso-a3":"LVA","iso-a2":"LV","woe-id":"23424874","continent":"Europe"}},{"type":"Polygon","arcs":[[598,599,600,-489,601,602,-591]],"id":"HU","properties":{"hc-group":"admin0","hc-middle-x":0.38,"hc-middle-y":0.55,"hc-key":"hu","hc-a2":"HU","name":"Hungary","labelrank":"5","country-abbrev":"Hun.","subregion":"Eastern Europe","region-wb":"Europe & Central Asia","iso-a3":"HUN","iso-a2":"HU","woe-id":"23424844","continent":"Europe"}},{"type":"Polygon","arcs":[[-18,-107,603]],"id":"LU","properties":{"hc-group":"admin0","hc-middle-x":0.48,"hc-middle-y":0.6,"hc-key":"lu","hc-a2":"LU","name":"Luxembourg","labelrank":"6","country-abbrev":"Lux.","subregion":"Western Europe","region-wb":"Europe & Central Asia","iso-a3":"LUX","iso-a2":"LU","woe-id":"23424881","continent":"Europe"}},{"type":"Polygon","arcs":[[604,-577,605,-602,-488]],"id":"SI","properties":{"hc-group":"admin0","hc-middle-x":0.25,"hc-middle-y":0.66,"hc-key":"si","hc-a2":"SI","name":"Slovenia","labelrank":"6","country-abbrev":"Slo.","subregion":"Southern Europe","region-wb":"Europe & Central Asia","iso-a3":"SVN","iso-a2":"SI","woe-id":"23424945","continent":"Europe"}},{"type":"Polygon","arcs":[[-604,-106,606,-558,607,-559,-19]],"id":"BE","properties":{"hc-group":"admin0","hc-middle-x":0.31,"hc-middle-y":0.21,"hc-key":"be","hc-a2":"BE","name":"Belgium","labelrank":"2","country-abbrev":"Belg.","subregion":"Western Europe","region-wb":"Europe & Central Asia","iso-a3":"BEL","iso-a2":"BE","woe-id":"23424757","continent":"Europe"}},{"type":"Polygon","arcs":[[-548,608,-553,609]],"id":"AL","properties":{"hc-group":"admin0","hc-middle-x":0.25,"hc-middle-y":0.25,"hc-key":"al","hc-a2":"AL","name":"Albania","labelrank":"6","country-abbrev":"Alb.","subregion":"Southern Europe","region-wb":"Europe & Central Asia","iso-a3":"ALB","iso-a2":"AL","woe-id":"23424742","continent":"Europe"}},{"type":"Polygon","arcs":[[610,-596,611,-600]],"id":"RO","properties":{"hc-group":"admin0","hc-middle-y":0.51,"hc-key":"ro","hc-a2":"RO","name":"Romania","labelrank":"3","country-abbrev":"Rom.","subregion":"Eastern Europe","region-wb":"Europe & Central Asia","iso-a3":"ROU","iso-a2":"RO","woe-id":"23424933","continent":"Europe"}},{"type":"Polygon","arcs":[[612,-566]],"id":"PT","properties":{"hc-group":"admin0","hc-middle-x":0.29,"hc-middle-y":0.2,"hc-key":"pt","hc-a2":"PT","name":"Portugal","labelrank":"2","country-abbrev":"Port.","subregion":"Southern Europe","region-wb":"Europe & Central Asia","iso-a3":"PRT","iso-a2":"PT","woe-id":"23424925","continent":"Europe"}},{"type":"Polygon","arcs":[[613]],"id":"IS","properties":{"hc-group":"admin0","hc-middle-x":0.54,"hc-middle-y":0.51,"hc-key":"is","hc-a2":"IS","name":"Iceland","labelrank":"3","country-abbrev":"Iceland","subregion":"Northern Europe","region-wb":"Europe & Central Asia","iso-a3":"ISL","iso-a2":"IS","woe-id":"23424845","continent":"Europe"}},{"type":"Polygon","arcs":[[-593,614,-26,-589]],"id":"CZ","properties":{"hc-group":"admin0","hc-middle-x":0.37,"hc-key":"cz","hc-a2":"CZ","name":"Czech Republic","labelrank":"5","country-abbrev":"Cz. Rep.","subregion":"Eastern Europe","region-wb":"Europe & Central Asia","iso-a3":"CZE","iso-a2":"CZ","woe-id":"23424810","continent":"Europe"}}],"hc-recommended-transform":{"default":{"crs":"+proj=mill +lat_0=0 +lon_0=0 +x_0=0 +y_0=0 +R_A +datum=WGS84 +units=m +no_defs","scale":0.000028895822918,"jsonres":15.5,"jsonmarginX":-999,"jsonmarginY":9851,"xoffset":-19243240.0491,"yoffset":12635908.1982}}}},"arcs":[[[8459,5541],[24,-48],[-14,-2],[-21,25],[11,25]],[[8418,5532],[8,-7],[-7,-2],[-8,15],[7,-6]],[[8393,5561],[10,-18],[-3,-16],[-6,7],[-1,27]],[[8441,5538],[-6,-29],[-4,16],[14,47],[-4,-34]],[[8626,5586],[12,-16],[-4,-23],[-17,18],[9,21]],[[8418,5644],[20,-41],[-3,-44],[-24,4],[-24,63],[31,18]],[[8430,5686],[0,-14],[-4,-2],[3,18],[1,-2]],[[8352,5853],[-2,-24],[-11,-20],[-4,18],[17,26]],[[8456,5910],[-5,-5],[-2,-15],[-8,11],[15,9]],[[8501,5536],[0,-13],[-10,-23],[-14,77],[-17,2],[-14,82],[32,29],[7,-35],[20,68],[17,-13],[0,-53],[-18,-40],[-3,-72],[8,9],[9,-4],[-14,-18],[-3,4]],[[8340,5532],[-2,85],[-24,20],[13,51],[-13,35],[1,66],[21,5],[18,35],[15,-26],[-8,65],[-40,-43],[17,54],[37,7],[25,65],[29,26],[-8,-28],[6,-52],[-13,-53],[5,-52],[27,-18],[-20,-55],[-6,31],[-7,-60],[-34,-66],[9,-36],[-9,-14],[11,-29],[-14,-27]],[[8376,5518],[-28,16],[-8,-2]],[[8459,5469],[3,-12],[-14,9],[6,9],[5,-6]],[[8545,5478],[12,6],[17,-38],[-22,-14],[-7,46]],[[8328,5491],[-4,5],[7,15],[6,-4],[-9,-16]],[[8328,5532],[-4,0],[3,22],[-1,-11],[2,-11]],[[8291,4397],[-1,79],[11,80],[18,54],[-69,33],[-16,44]],[[8234,4687],[7,53],[-18,50]],[[8223,4790],[12,31],[-17,66]],[[8218,4887],[-3,45],[13,55],[-13,65],[21,3],[30,63],[-3,35],[10,122]],[[8273,5275],[-7,21],[12,52],[30,3],[10,-28],[18,0],[0,48],[20,5],[-17,77],[16,22],[-15,57]],[[8376,5518],[27,-20],[0,-20],[34,-37],[14,5],[-9,-59],[28,7],[28,27],[18,45],[44,-59],[11,10],[6,-44],[3,-2],[3,32],[12,-18]],[[8595,5385],[-1,-7],[1,-5]],[[8595,5373],[-14,-4],[16,-23]],[[8597,5346],[7,-66],[-13,-65],[24,-44],[-5,-23],[10,-54],[-8,-42],[20,-89],[-10,-59]],[[8622,4904],[-14,26],[-7,-21],[-34,-26],[-7,-19],[-43,-31],[-12,-55],[12,-22],[-5,-24],[18,-64],[9,-5],[38,-83]],[[8577,4580],[-5,-38],[-45,-61],[12,-44],[2,-55],[-13,28],[-27,4],[-54,-46],[-27,27],[-4,-42],[-56,79],[-9,-25],[-14,22],[-6,-32],[-40,0]],[[5937,6310],[-10,-17],[-9,13],[7,17],[12,-13]],[[5922,6331],[-6,-21],[-11,2],[9,17],[8,2]],[[5963,6337],[-15,-8],[-21,-2],[-7,25],[43,-15]],[[5864,6385],[7,-4],[-2,-13],[-10,-14],[5,31]],[[5875,6385],[-2,10],[7,0],[-3,-16],[-2,6]],[[5817,6447],[3,-4],[-8,-6],[-3,-2],[8,12]],[[5744,6453],[8,-14],[-15,-4],[-9,14],[16,4]],[[5781,6459],[-6,-14],[-6,4],[7,4],[5,6]],[[5806,6445],[-13,0],[29,29],[1,-8],[-17,-21]],[[5704,6529],[-2,4],[12,6],[2,-6],[-12,-4]],[[6051,6817],[2,-6],[-8,0],[-2,14],[8,-8]],[[6036,6856],[21,-29],[-16,2],[-19,35],[14,-8]],[[6074,6982],[-14,-4],[-2,8],[11,9],[5,-13]],[[5590,7009],[-11,-2],[11,27],[8,2],[-8,-27]],[[6086,7059],[-6,0],[-13,29],[7,4],[12,-33]],[[6119,7159],[11,-6],[-3,-8],[-11,8],[3,6]],[[5510,7189],[-7,0],[-1,12],[14,3],[-6,-15]],[[6243,7193],[-9,15],[7,8],[8,-12],[-6,-11]],[[6253,7218],[-8,11],[8,9],[2,-17],[-2,-3]],[[6226,7231],[4,-23],[-20,-17],[-11,21],[8,26],[19,-7]],[[6267,7244],[-3,-15],[-8,13],[10,10],[1,-8]],[[6574,7591],[-9,11],[7,4],[8,-4],[-6,-11]],[[5550,7678],[-45,-20],[4,11],[19,9],[22,0]],[[5602,7866],[15,-14],[-26,-45],[-4,33],[15,26]],[[5434,7939],[-12,-1],[-4,17],[10,-4],[6,-12]],[[5579,7984],[-4,-2],[-12,9],[11,0],[5,-7]],[[6680,8018],[12,0],[-19,-24],[-4,21],[11,3]],[[5576,8017],[-24,-4],[-1,17],[8,0],[17,-13]],[[5487,8040],[-22,12],[17,33],[11,-26],[-6,-19]],[[5526,8061],[-14,-2],[-9,29],[38,-7],[-15,-20]],[[5506,8137],[14,2],[-15,-21],[-17,19],[18,0]],[[5393,8162],[-12,10],[10,8],[8,-6],[-6,-12]],[[5387,8309],[-10,-16],[-14,8],[11,10],[13,-2]],[[5420,8316],[-26,-39],[-4,31],[20,15],[10,-7]],[[6806,8331],[-8,-20],[-16,8],[6,10],[18,2]],[[5375,8433],[15,-11],[7,-10],[-10,-3],[-12,24]],[[5359,8483],[15,-4],[-30,-6],[0,16],[15,-6]],[[6982,8568],[17,-3],[19,-38],[-51,-13],[-31,20],[4,22],[42,12]],[[5351,8579],[-29,-1],[-21,0],[39,11],[11,-10]],[[7090,8614],[12,-2],[-2,-14],[-6,0],[-4,16]],[[7126,8706],[-19,-11],[39,-34],[-70,-5],[2,47],[35,18],[13,-15]],[[4749,8896],[-20,3],[2,6],[20,3],[-2,-12]],[[7086,8911],[5,-107],[-25,81],[6,46],[14,-20]],[[4629,9038],[38,-15],[-15,-6],[-38,12],[15,9]],[[4689,9041],[29,-14],[-37,-1],[-10,12],[18,3]],[[7123,9068],[-17,-1],[14,33],[13,-11],[-10,-21]],[[6968,9103],[-7,6],[7,10],[7,1],[-7,-17]],[[7027,9120],[28,-13],[1,-14],[-53,22],[24,5]],[[7076,9140],[-10,-27],[0,19],[-9,7],[19,1]],[[7008,9145],[-11,-2],[-10,8],[16,11],[5,-17]],[[7055,9156],[-5,-3],[-9,12],[1,14],[13,-23]],[[7074,9175],[-7,-23],[-11,26],[18,18],[0,-21]],[[7093,9205],[-6,4],[12,13],[7,-2],[-13,-15]],[[7108,9233],[-3,9],[7,11],[4,-9],[-8,-11]],[[7064,9258],[5,-19],[-16,-6],[-10,10],[21,15]],[[7142,9285],[-21,-11],[-1,14],[15,21],[7,-24]],[[7148,9430],[-24,-37],[-30,-8],[-39,29],[36,23],[37,11],[20,-18]],[[7083,9456],[-42,-19],[3,20],[17,10],[22,-11]],[[4872,9539],[15,-9],[-10,-3],[-5,3],[0,9]],[[7147,9683],[-18,-1],[-22,15],[19,8],[21,-22]],[[7088,9717],[-20,1],[-26,42],[25,-8],[21,-35]],[[5591,9743],[-39,1],[-50,18],[-8,23],[26,9],[15,-18],[56,-33]],[[5761,9867],[-36,1],[2,16],[36,-10],[-2,-7]],[[6128,9902],[-36,11],[-10,14],[57,-12],[-11,-13]],[[6068,9928],[46,-30],[-39,7],[-34,23],[27,0]],[[6093,9955],[38,-21],[24,-15],[-77,24],[15,12]],[[5963,6337],[-39,19],[-18,-8],[7,-9],[-8,-20],[-4,8],[3,19],[-3,0],[-4,-30],[-29,36],[16,48],[-34,0],[-18,33],[13,12],[-18,33],[-39,-4],[-23,-21],[-36,4],[25,25],[-44,35],[14,22],[-32,2],[-10,35],[15,49],[-19,-25],[3,57],[-28,18],[-19,38],[8,68],[-22,26],[2,4],[-4,-4],[-5,-4],[9,22],[3,-8],[7,12],[-30,-12],[-25,81],[5,62],[26,57],[-11,-22],[-3,14],[7,25],[9,-12],[10,24],[27,7],[-29,25],[-17,-32],[-12,17],[-17,-68],[-20,-29],[-3,87],[40,54],[-41,-36],[7,29],[-35,85],[5,29],[-26,-6],[5,29],[-15,26],[64,71],[-3,4],[-56,-62],[-13,2],[0,58],[20,37],[41,28],[-61,-2],[-15,26],[84,46],[-80,-22],[3,29],[67,62],[-22,-3],[-38,-46],[-1,48],[25,12],[0,49],[25,-2],[30,-23],[33,5],[42,-21],[-52,41],[10,15],[-56,-18],[-7,27],[-35,-13],[12,15],[-6,10],[13,6],[3,-7],[12,16],[24,9],[-15,-2],[1,7],[10,4],[6,-9],[8,3],[33,-7],[-6,30],[10,59],[25,-28],[16,12],[-14,43],[-19,-22],[3,83],[26,11],[-15,24],[-80,19],[-41,47],[-29,5],[-33,52],[27,17],[71,-19],[40,-43],[42,-15],[5,32],[-21,-17],[6,36],[-26,14],[25,9],[-49,34],[34,-10],[-5,28],[-42,-1],[32,27],[-9,8],[-31,-32],[7,32],[-33,9],[13,17],[42,11],[-68,17],[-38,2],[7,-44],[-32,-13],[-30,5],[-28,45],[29,39],[-16,10],[33,40],[-7,11],[-20,-26],[-7,13],[23,18],[-17,25],[23,2],[18,47],[-11,22],[-26,9],[16,-11],[-10,-5],[-18,11],[6,7],[-5,3],[21,29],[-2,23],[-36,37],[16,39],[-33,30],[13,32],[-54,-29],[52,43],[-33,53],[-9,33],[-50,22],[10,12],[-33,36],[20,9],[-10,46],[-27,-4],[-10,27],[-40,24],[-27,-4],[-7,24],[-59,9],[-5,11],[-56,13],[-25,-36],[-29,20],[-1,-23],[-30,9],[-1,-24],[-25,12],[16,21],[-30,6],[-10,-30],[-23,29],[-17,-17],[38,-33],[-90,21],[-1,9],[-54,38],[41,31],[33,0],[2,15],[-43,-3],[-69,21],[-42,30],[20,31],[53,8],[51,-11],[34,5],[-56,11],[34,16],[73,-3],[30,12],[-7,29],[-40,9],[-20,-24],[-76,-11],[-48,19],[36,17],[-54,4],[28,24],[-57,-15],[-43,26],[-30,33],[15,57],[47,20],[35,-7],[1,16],[65,15],[15,28],[45,16],[95,4],[51,62],[-9,80],[-37,-1],[-27,16],[-28,-8],[-18,19],[0,24],[32,32],[74,36],[16,32],[40,11],[43,26],[36,-4],[30,-21],[28,19],[-17,29],[23,22],[-30,36],[64,31],[56,-13],[7,-27],[25,-3],[-16,33],[-45,19],[40,17],[191,41],[40,-40],[3,-32],[-13,-56],[40,50],[0,27],[71,-22],[49,-27],[-34,36],[56,-14],[16,11],[-50,33],[-25,55],[96,-9],[13,-15],[125,-50],[39,-38],[43,9],[-32,31],[3,11],[-93,38],[-38,44],[39,4],[25,2],[46,-18],[41,-28],[-30,-25],[11,-14],[3,7],[48,35],[-89,50],[-4,8],[170,-3],[16,-43],[5,41],[62,-28],[20,-32],[-7,52],[-47,13],[-214,16],[-15,-6],[-40,21],[37,18],[42,-17],[80,-9],[-80,16],[-17,13],[38,10],[82,-10],[-52,14],[87,6],[65,-40],[58,-4],[37,-32],[6,12],[-28,27],[85,1],[-70,8],[84,13],[-80,10],[0,33],[51,13],[35,-11],[4,16],[69,0],[126,15],[8,-10],[76,5],[93,-12],[11,-9],[125,-27],[-19,-13],[-214,-11],[-81,-12],[-25,-9],[-116,-13],[29,-2],[143,13],[80,21],[124,-11],[99,18],[22,-26],[-19,-23],[32,6],[83,-15],[60,-27],[-50,-45],[-67,-8],[-273,-22],[-4,-9],[-85,-19],[-46,-18],[3,-24],[27,-2],[21,24],[179,35],[145,-11],[-4,-33],[-74,-24],[-18,-13],[15,-17],[35,21],[85,28],[14,-5],[13,49],[83,9],[16,-49],[-11,-39],[-46,-58],[-39,-35],[-6,-32],[23,33],[36,15],[27,27],[70,54],[-3,19],[38,-6],[-17,-39],[37,19],[52,-18],[48,39],[-1,18],[32,13],[85,-4],[88,-27],[29,-27],[-35,-20],[-55,-48],[-55,-6],[12,-32],[-52,-21],[-75,3],[-70,-14],[-41,14],[-43,-19],[3,-12],[39,27],[66,-23],[53,15],[51,-28],[-30,-29],[-65,-9],[-74,16],[-35,-38],[-5,-20],[17,-33],[35,5],[-17,-51],[30,-19],[-1,-17],[-44,-21],[-1,-30],[-47,-7],[3,-24],[-49,-147],[27,-2],[19,48],[91,-55],[-17,-15],[-31,26],[-37,-5],[22,-16],[-5,-27],[33,-7],[30,-23],[0,20],[35,-18],[2,-44],[-16,-34],[-21,21],[-66,18],[-55,-46],[-25,32],[-22,-25],[49,-27],[-1,-42],[37,8],[44,-8],[12,-20],[-28,-21],[-72,-6],[88,-3],[27,-32],[-4,-78],[-20,-13],[-14,31],[-23,-7],[-45,46],[15,-36],[37,-34],[-4,-25],[27,5],[-7,-17],[20,-3],[-18,-30],[-25,19],[2,22],[-8,-46],[50,-12],[12,16],[11,-16],[14,14],[4,-6],[0,-14],[-18,6],[11,-16],[-18,-33],[-38,2],[-7,25],[-66,0],[-20,-54],[29,-6],[41,-26],[10,-21],[-3,-48],[-46,7],[-2,-15],[-34,-23],[-36,17],[-40,37],[-3,35],[-18,-43],[-39,-10],[-19,-32],[-21,-5],[51,-25],[-12,-29],[-65,-29],[39,6],[17,15],[37,-26],[4,-22],[-26,-26],[29,10],[94,-82],[-26,-30],[54,5],[-25,-25],[3,-49],[11,36],[18,0],[-4,-36],[16,-113],[-21,-24],[-21,11],[-1,61],[-11,-63],[-32,0],[-27,27],[-15,72],[-19,31],[-20,5],[-34,40],[-42,-3],[-51,67],[-26,-7],[52,-33],[-15,-17],[44,-20],[44,-2],[13,-15],[-6,-29],[-57,-39],[-73,5],[22,-13],[-17,-50],[3,-29],[68,17],[20,-17],[-31,-7],[-42,-37],[29,-15],[20,41],[24,-10],[46,33],[80,-45],[55,0],[-1,-23],[-23,-2],[-6,-31],[-15,-4],[5,-12],[-11,0],[-5,9],[8,3],[-13,-3],[-42,-67],[-76,-90],[-22,0],[-22,-26],[-37,4],[-37,-36],[-14,11],[-10,-31],[-22,33],[-16,-22],[8,-23],[-46,-13],[-31,9],[-32,81],[18,-88],[-56,-80],[-6,-52],[-28,-33],[5,-26],[-37,-71],[-25,-20],[-18,7],[0,-28],[-36,-41],[1,39],[-39,-49],[-27,42],[26,47],[-36,-17],[1,-45],[-24,-42],[-43,-21],[-9,21],[-22,-34],[17,-32],[-23,-39],[-18,21],[-19,-5],[0,-35],[22,-31],[-1,-46],[-42,-10],[7,-23],[37,-10],[2,-60],[-11,-32],[-22,-18],[-22,24],[-8,-14],[26,-61],[-27,-46],[-4,0],[-16,6],[-1,-10],[-31,-4],[17,-22],[24,0],[-10,-102],[12,-23],[-21,-8],[8,-49],[-9,-34],[-27,4],[12,-23],[4,-72],[-27,-20],[13,-63]],[[6739,7967],[-16,-7],[-68,-14],[46,72],[18,0],[44,31],[11,-50],[8,-17],[-42,-15],[3,-5],[-3,-11],[-8,4],[7,12]],[[6817,8344],[59,13],[62,-25],[-1,-36],[-34,2],[-24,29],[-62,4],[0,13]],[[5419,7833],[10,42],[-3,35],[18,17],[54,-15],[25,-44],[33,-19],[7,-26],[-23,-30],[-56,-32],[-29,34],[37,-2],[-23,17],[-38,6],[-12,17]],[[6931,8232],[-9,-23],[-90,66],[-13,44],[25,8],[36,-6],[20,-33],[36,-21],[-1,-17],[-37,8],[33,-26]],[[6821,8412],[54,-32],[-78,16],[91,-34],[-68,-10],[-58,23],[23,35],[36,2]],[[5363,4274],[-8,0],[-1,49],[7,-10],[2,-39]],[[8377,3630],[5,-83],[-16,-115],[-19,29],[-3,76],[-8,31],[7,49],[34,13]],[[7884,4152],[5,-18],[-1,-12],[-9,25],[5,5]],[[8021,3607],[1,18],[-14,-3]],[[8008,3622],[-5,18],[-31,18],[0,-23],[-31,0],[-13,26],[-53,36],[3,26],[-18,20]],[[7860,3743],[15,31],[14,169],[-4,-5],[8,199],[-2,55],[-31,37],[-15,50],[7,34],[-39,69],[-51,62],[-20,-12],[-14,39],[18,7],[-22,59],[9,22],[28,17],[18,-8],[3,25],[19,4],[18,-58],[60,24],[-8,15],[-2,73],[-15,79],[24,-2],[11,-44],[44,-24],[28,27],[-13,7],[6,36],[42,36],[18,50],[1,90],[43,36]],[[8058,4942],[13,-57],[16,7],[6,-38],[18,-33],[25,-10],[-3,-43],[14,-7],[19,34],[4,-55],[25,-46],[13,5]],[[8208,4699],[9,-15],[17,3]],[[8291,4397],[-25,-39],[-42,-114],[0,-37],[30,7],[11,-75]],[[8265,4139],[-11,-15],[15,-88],[-23,-25],[20,-66],[-8,-48],[38,-43],[-9,-46]],[[8287,3808],[-35,-59],[-3,-34],[-38,-23],[-23,26],[-8,33],[-16,-13],[-40,29],[-38,-65],[-3,-88],[6,-18]],[[8089,3596],[-52,-13],[-16,24]],[[8032,3599],[2,0],[-1,5],[-1,-3],[0,-2]],[[8203,6431],[1,12],[-18,-31],[-17,37],[4,39],[19,-4],[-19,31],[-3,30],[19,23],[-17,28],[20,31],[-11,42],[16,0],[1,12],[5,6],[5,-18],[-3,-2],[10,0],[4,20],[-7,-12],[-3,18],[7,10],[4,-12],[2,8],[24,24],[4,26],[38,-30],[0,22],[-25,8],[-3,32],[27,-4],[27,32],[11,-36],[13,0],[-21,36],[18,4],[-1,6],[-5,-2],[-7,10],[10,4],[1,-4],[-1,10],[56,55],[19,-49],[9,21],[23,-8],[-7,20],[37,39],[-18,6],[-31,-39],[-22,-10],[-17,39],[28,67],[33,42],[3,20],[20,-31],[1,11],[-10,6],[-4,22],[9,-6],[5,-16],[0,31],[21,14],[-29,4],[8,15],[56,32],[-12,22],[13,22],[-13,35],[14,49],[-8,-12],[-5,2],[4,15],[10,-1],[9,24],[20,26],[-3,52],[16,47],[28,7],[7,28],[25,-4],[12,28],[-39,-11],[18,38],[41,41],[-38,10],[48,26],[-5,5],[-6,2],[-14,2],[37,20],[7,-45],[10,54],[-13,14],[30,0],[33,17],[-47,1],[5,33],[49,39],[-16,21],[33,21],[11,50],[30,10],[6,28],[32,11],[3,-28],[14,49],[12,-7],[-11,-75],[15,56],[30,15],[10,25],[24,-32],[-3,35],[-29,25],[15,17],[66,-17],[3,-28],[22,52],[51,65],[3,39],[25,-37],[32,10],[-40,-55],[4,-67],[13,40],[43,84],[15,14],[-9,-93],[47,75],[2,40],[45,-19],[-32,-77],[19,-11],[25,71],[55,-24],[49,-67],[-24,-5],[-18,-28],[-64,14],[-7,-7],[49,-23],[0,-37],[7,7],[11,6],[-2,3],[6,7],[32,-12],[0,-44],[-25,16],[-19,-40],[-26,-15],[-17,-39],[-5,31],[22,38],[-9,32],[-34,21],[-23,42],[-37,-26],[-27,1],[-22,-35],[-17,-125],[-20,-11],[-16,-39],[-43,39],[-34,-30],[-35,14],[-35,86],[-16,5],[-13,-39],[-43,-4],[12,-17],[-5,-67],[-15,-19],[-40,23],[-40,5],[0,-59],[-13,-29],[-27,20],[-23,-29],[-14,-55],[-17,-22],[13,-57],[-45,-87],[3,-34],[-44,-22],[5,-45],[-6,-82],[-40,-113],[22,-23],[2,-35],[-10,-31],[-33,11],[-26,-19],[-23,-57],[-8,-47],[10,-46],[-5,-64],[10,-54],[-7,-79],[33,-55],[-10,-53],[-19,-8],[16,-72],[-4,-62],[-39,-86],[7,-49],[-7,-50],[-13,27],[-25,9],[-16,54],[-1,-40],[-23,-46],[-13,0],[-54,-109],[-43,-36],[-48,15],[8,17],[-31,26],[-24,55],[2,45],[22,-22],[-7,30],[10,49],[-29,-38],[-12,54],[21,53],[15,17],[10,62],[-23,-50],[-6,31],[-15,-4],[3,50],[6,-6],[-5,8],[16,21]],[[8673,7570],[-2,-2],[5,2],[-3,0]],[[8201,6398],[-4,-3],[4,-6],[0,9]],[[8185,6216],[1,-19],[-6,4],[2,34],[3,-19]],[[8182,6300],[5,-13],[-11,2],[1,17],[5,-6]],[[8184,6325],[8,-9],[3,-20],[-9,-3],[-2,32]],[[8203,6335],[-1,-23],[-7,-2],[-1,23],[9,2]],[[8176,6375],[1,-19],[-7,15],[1,22],[5,-18]],[[8167,6503],[5,-5],[-9,-8],[0,15],[4,-2]],[[8170,6621],[8,-6],[-9,-13],[-6,11],[7,8]],[[8295,6801],[6,-6],[-12,-12],[-7,18],[13,0]],[[8317,6825],[8,-6],[-14,-6],[-4,6],[10,6]],[[8314,6845],[-13,3],[9,16],[8,-12],[-4,-7]],[[8357,6888],[3,-14],[-27,-16],[2,28],[22,2]],[[8347,6917],[1,-13],[-4,-6],[-19,-2],[22,21]],[[8457,7088],[-5,-2],[-12,-6],[12,14],[5,-6]],[[8439,7082],[-3,-4],[2,12],[15,8],[-14,-16]],[[8505,7124],[-4,-13],[-8,4],[9,21],[3,-12]],[[8512,7182],[4,-19],[-19,-27],[2,23],[13,23]],[[8491,7210],[-2,-15],[-7,4],[4,11],[5,0]],[[8521,7285],[3,-9],[-6,-9],[-11,-8],[14,26]],[[8596,7431],[-1,-17],[-10,11],[3,9],[8,-3]],[[8639,7564],[5,-7],[-14,-2],[0,9],[9,0]],[[8544,7577],[2,-17],[-16,-21],[8,36],[6,2]],[[8558,7579],[-8,-13],[-2,13],[12,9],[-2,-9]],[[8592,7613],[-23,-33],[-7,26],[22,14],[8,-7]],[[8629,7615],[-34,-22],[21,42],[23,5],[-10,-25]],[[8696,7635],[-15,-4],[5,18],[7,3],[3,-17]],[[8620,7645],[-7,11],[18,-2],[-5,-9],[-6,0]],[[8728,7686],[-13,-5],[1,7],[8,15],[4,-17]],[[8734,7703],[0,8],[9,-8],[-9,-11],[0,11]],[[8696,7720],[7,-1],[0,-13],[-14,13],[7,1]],[[8627,7704],[11,22],[9,-56],[-13,-12],[-32,18],[25,28]],[[8668,7727],[-17,-8],[6,21],[25,33],[-14,-46]],[[8807,7861],[10,-21],[-11,-24],[-28,-9],[7,40],[22,14]],[[8891,7849],[-5,0],[1,14],[6,2],[-2,-16]],[[8846,7858],[-9,-4],[3,12],[14,9],[-8,-17]],[[8905,7886],[7,-6],[-8,-8],[-8,7],[9,7]],[[8840,7894],[-7,-40],[-13,-7],[-17,25],[37,22]],[[8806,7889],[8,2],[-13,-14],[0,19],[5,-7]],[[8898,7894],[-20,2],[10,21],[11,-7],[-1,-16]],[[8824,7919],[1,-20],[-6,-1],[-4,5],[9,16]],[[8861,7882],[-8,7],[-9,24],[23,-15],[-6,-16]],[[8984,7939],[14,-20],[-25,6],[2,14],[9,0]],[[9021,7975],[8,-22],[-26,-29],[-9,26],[27,25]],[[9036,7989],[14,-14],[-17,-15],[-5,29],[8,0]],[[9017,8010],[-24,-47],[-34,-8],[11,32],[21,-6],[26,29]],[[9048,8037],[0,-15],[-7,7],[1,10],[6,-2]],[[9122,8059],[23,-24],[-31,-12],[-11,19],[19,17]],[[7549,8029],[-18,-23],[-6,9],[19,17],[5,-3]],[[8638,7617],[14,78],[21,24],[9,-36],[7,27],[14,-31],[-3,-25],[-19,-3],[-21,-36],[-22,2]],[[8736,7798],[35,4],[-4,-50],[-52,-19],[21,65]],[[4210,842],[-1,-11],[-5,6],[0,2],[6,3]],[[4243,881],[12,44],[4,18],[-4,-30],[-12,-32]],[[3484,1063],[-12,111],[0,46],[3,-58],[9,-99]],[[3483,1302],[-7,-47],[-3,0],[6,38],[4,9]],[[3497,1366],[2,17],[14,23],[5,0],[-21,-40]],[[3591,1565],[4,-3],[-17,-38],[7,20],[6,21]],[[3730,1587],[-11,12],[4,11],[10,-8],[-3,-15]],[[2499,2138],[12,-34],[-3,-3],[-4,6],[-5,31]],[[2502,2205],[8,-11],[2,-17],[-6,6],[-4,22]],[[2433,2292],[2,-14],[-5,-9],[-6,17],[9,6]],[[2443,2297],[12,-11],[-13,-3],[-3,17],[4,-3]],[[4729,3432],[3,-16],[-8,-5],[2,8],[3,13]],[[4707,3435],[-13,-13],[6,23],[4,3],[3,-13]],[[4812,3887],[-5,-13],[-5,13],[8,20],[2,-20]],[[3952,4049],[-16,-81],[-5,15],[8,41],[13,25]],[[4018,4119],[1,-25],[-6,-2],[3,25],[2,2]],[[4107,4162],[0,-23],[-11,3],[5,25],[6,-5]],[[3917,4373],[-33,-47],[0,37],[18,17],[15,-7]],[[3881,4488],[-9,-25],[-21,-26],[1,19],[29,32]],[[2297,4542],[0,-10],[-7,10],[2,17],[5,-17]],[[2303,4549],[-3,-12],[1,34],[8,-8],[-6,-14]],[[113,5178],[-9,-12],[2,21],[8,0],[-1,-9]],[[232,5325],[7,-27],[-29,-53],[-26,-30],[31,94],[17,16]],[[358,5405],[6,9],[4,-4],[3,-5],[-13,0]],[[330,5421],[10,-9],[-11,-14],[-11,14],[12,9]],[[346,5435],[4,-14],[-7,-11],[-5,20],[8,5]],[[486,5457],[-8,-6],[-7,9],[-1,11],[16,-14]],[[1851,5536],[4,-2],[-2,-18],[-5,18],[3,2]],[[495,5525],[-7,11],[6,9],[3,-9],[-2,-11]],[[1919,5559],[2,-25],[-6,-7],[-6,14],[10,18]],[[427,5559],[18,-48],[-12,-22],[-23,0],[-13,-27],[-20,-2],[-6,24],[20,45],[36,30]],[[623,5559],[-8,0],[5,11],[1,-11],[2,0]],[[520,5574],[4,-6],[-5,-9],[-8,11],[9,4]],[[1848,5574],[6,-18],[-4,-9],[-6,7],[4,20]],[[1836,5577],[17,-79],[-7,2],[-18,63],[8,14]],[[1914,5568],[-5,-18],[-7,2],[4,40],[8,-24]],[[603,5583],[1,-18],[-16,-29],[11,32],[4,15]],[[1826,5599],[1,-16],[-8,-4],[-1,18],[8,2]],[[584,5610],[0,-7],[0,-15],[-9,11],[9,11]],[[568,5597],[7,9],[0,-36],[-13,-2],[6,29]],[[1893,5612],[8,-18],[-4,-24],[-7,36],[3,6]],[[1811,5624],[8,2],[-1,-18],[-7,-22],[0,38]],[[1825,5615],[-7,15],[3,5],[5,-5],[-1,-15]],[[803,5670],[-7,-2],[-2,9],[10,13],[-1,-20]],[[1921,5695],[11,-38],[0,-49],[-11,-31],[-28,44],[6,58],[22,16]],[[1862,5734],[18,-13],[-9,-31],[-19,31],[10,13]],[[1855,5772],[0,-24],[-19,8],[6,18],[13,-2]],[[1877,5759],[4,-36],[-13,25],[0,33],[9,-22]],[[853,5798],[-1,-13],[-12,-20],[2,22],[11,11]],[[873,5789],[3,-6],[-16,2],[2,11],[11,-7]],[[1844,5829],[16,-31],[-12,-17],[-7,4],[3,44]],[[912,5886],[10,0],[-17,-26],[-4,13],[11,13]],[[135,5894],[-6,-13],[-7,3],[1,6],[12,4]],[[1721,5897],[-3,-35],[-9,-5],[5,29],[7,11]],[[1686,6018],[-6,-26],[-5,26],[4,13],[7,-13]],[[911,6031],[14,-18],[-5,0],[-19,11],[10,7]],[[930,6058],[6,32],[25,-12],[0,-41],[-31,-24],[-17,20],[17,25]],[[945,6088],[-9,11],[13,15],[1,-13],[-5,-13]],[[561,6116],[-11,-17],[0,23],[18,20],[-7,-26]],[[1156,6337],[-1,-12],[-12,-9],[9,34],[4,-13]],[[1146,6346],[-3,-15],[-7,2],[1,8],[9,5]],[[1191,6381],[9,-6],[-27,-59],[-19,-23],[37,88]],[[319,6387],[19,-14],[7,-59],[-28,-16],[-21,6],[-38,52],[61,31]],[[1217,6398],[18,-5],[-20,-29],[4,17],[-2,17]],[[1164,6404],[4,-11],[-6,-27],[-5,17],[7,21]],[[0,6422],[31,-43],[-9,-2],[-21,27],[-1,18]],[[1238,6400],[-10,-5],[0,11],[24,10],[-14,-16]],[[1152,6441],[-7,8],[3,21],[5,-6],[-1,-23]],[[490,6888],[-1,-10],[-10,-2],[-2,12],[13,0]],[[4632,3388],[13,-3],[-55,-61],[-43,-18],[4,34],[19,26],[41,6],[21,16]],[[315,5387],[-17,-39],[13,-4],[-54,-55],[14,23],[6,75],[38,0]],[[1732,5942],[19,-30],[14,-94],[-2,-88],[-33,103],[9,33],[-23,48],[16,28]],[[1783,5888],[-18,-26],[6,58],[-8,33],[-7,80],[27,2],[15,-52],[-3,-76],[-12,-19]],[[2296,4614],[-2,-2],[0,2]],[[2294,4614],[2,0]],[[4514,3996],[147,2],[8,43],[19,-7],[23,75],[18,150],[35,116],[16,-39],[32,22],[19,-47],[0,-197]],[[4831,4114],[7,-25],[9,0]],[[4847,4089],[-1,-50],[13,-15]],[[4859,4024],[12,-54],[-12,-30],[-63,-36],[1,-28],[-21,28],[-3,-56],[-14,0],[-21,-56],[-6,23],[-28,-87],[-10,-57],[4,-41],[-16,-52],[15,-15],[9,-63],[27,-21],[-33,-21],[0,29],[-24,-39],[-3,10],[0,-8],[-3,0],[-1,13],[2,6],[-3,21],[-7,-58],[-23,-18],[-40,-3],[-35,-37],[-22,-58],[2,0],[-2,-10],[-6,-11],[1,8],[-3,-8],[15,-26],[-7,-93],[-35,-123],[-30,86],[7,-67],[13,-40],[2,-54],[-20,-97],[-24,-78],[17,100],[-31,78],[14,16],[-14,30],[9,18],[-7,43],[16,69],[-18,-31],[-10,-81],[10,-115],[-24,19],[27,-57],[-3,-43],[-28,57],[32,-84],[-9,-11],[6,-57],[14,-14],[1,-65],[8,-66],[-12,14],[-31,-33],[40,5],[7,-24],[-16,-69],[-24,17],[1,-58],[-17,-22],[27,-12],[-14,-33],[-23,-3],[-24,-47],[-13,-80],[-20,11],[-17,-22],[-20,-93],[-78,-174],[-20,-79],[-6,-57],[3,-137],[7,-88],[15,-104],[18,-92],[0,-72],[21,-160],[-3,-166],[-17,-112],[-27,-12],[-9,91],[-21,35],[-4,77],[-12,0],[2,70],[-12,-3],[-16,90],[12,55],[-19,3],[9,165],[-19,49],[-30,114],[-16,29],[-16,-11],[-27,-66],[-32,80],[-39,43],[-53,-23],[-29,-3],[5,20],[-31,6],[-39,-35],[-24,32],[-9,-37],[19,-17],[17,17],[15,-35],[-18,-31],[8,-49],[24,-29],[-6,-25],[-43,71],[-7,-66],[-12,35],[-17,-29],[-21,26],[-23,83],[-21,-46],[-42,38],[-40,-15],[-26,-34],[-3,46],[-13,-12],[5,-49],[-12,-48],[-21,-47],[-74,-106],[1,-38],[-16,-128],[10,-137],[-4,-41],[-18,32],[-19,3],[-40,50],[-4,49],[-13,53],[-2,81],[-10,12],[-26,98],[-18,127],[-33,104],[-42,20],[-17,-26],[-21,-118],[-42,55],[-22,51],[-7,83],[-15,74],[-16,29],[-53,142],[-78,0],[0,-68],[-128,0],[-175,181],[4,33],[-110,-28],[-17,124],[-31,67],[-10,-3],[-7,45],[-12,-6],[-37,67],[-39,2],[-9,23],[0,85],[-29,83],[-32,140],[9,38],[-28,60],[-5,89],[22,-51],[-21,102],[-1,-45],[-18,35],[-10,64],[-28,73],[-5,141],[-24,66],[-2,29],[14,93],[2,63],[-8,88],[-9,50],[-5,80],[18,159],[4,148],[7,113],[-7,126],[7,59],[-10,23],[-14,133],[-14,66],[8,32],[24,-32],[58,-5],[12,-37],[-4,-46],[11,-35],[-21,0],[-9,-39],[16,0],[16,42],[-4,59],[8,32],[-16,56],[-1,-22],[2,-34],[-9,41],[6,20],[-1,5],[9,26],[-14,63]],[[2309,4614],[253,0],[253,0],[253,0],[254,0],[253,0],[1,61],[14,-12],[6,-75],[43,-46],[23,17],[29,-15],[12,-46],[16,14],[27,-46],[24,29],[6,-19],[28,2],[27,-17]],[[3831,4461],[-43,-44],[-22,-35],[-50,-106],[6,-17],[56,35],[0,-35],[14,-20],[30,40],[18,5],[34,59],[9,-40],[38,-24],[13,-47],[34,-8],[21,35],[55,15],[-5,-40],[26,-12]],[[4065,4222],[18,10],[0,-28]],[[4083,4204],[-8,-20],[18,-32],[-30,-3],[-9,-20],[-38,38],[-4,-18],[-43,-15],[-18,-27],[-1,30],[-47,-210],[18,43],[14,-5],[-18,-137],[-9,-103],[6,-69],[-2,-83],[11,-76],[13,-26],[30,39],[12,58],[8,111],[-15,103],[1,72],[11,43],[0,51],[30,76],[-1,-51],[12,58],[18,23],[-5,40],[15,25],[58,-68],[9,-45],[-1,-114],[-24,-54],[-2,-48],[10,-11],[20,59],[26,-10],[12,-141]],[[4160,3687],[-5,-57],[-5,-13]],[[4150,3617],[-8,13],[-12,-54]],[[4130,3576],[0,-6]],[[4130,3570],[-18,-83],[44,-52],[38,21],[15,31],[45,47],[56,86],[13,41],[-4,15]],[[4319,3676],[-5,24]],[[4314,3700],[1,10],[-1,18]],[[4314,3728],[44,18],[26,-21],[38,13],[24,39],[-8,84],[26,56]],[[4464,3917],[24,56],[26,23]],[[4243,1444],[-6,-3],[3,-47],[1,29],[2,21]],[[1517,6354],[17,23],[24,2]],[[1558,6379],[-3,-42],[72,-130],[9,-51],[18,20]],[[1654,6176],[1,-22],[19,-8],[23,-51],[0,-28],[-28,-17],[-45,64],[-28,68],[-72,74],[18,25],[-8,27],[-32,-29],[-64,42],[-49,23],[-52,-19],[-47,48],[9,58],[-17,-56],[-37,20],[14,36],[-30,-5],[-19,15],[-3,35],[-51,-21],[-12,43],[-5,-53],[13,-41],[-22,-85],[-34,8],[-21,-19],[-47,-88],[-53,-23],[-8,21],[24,27],[22,46],[-22,-23],[-19,23],[19,63],[8,54],[-6,29],[45,49],[61,-22],[-61,57],[-5,16],[-28,-47],[-19,-10],[-35,-80],[-10,-59],[-23,-60],[-30,-13],[-1,-25],[-19,-15],[-2,-52],[22,6],[20,-36],[-37,-53],[-23,-75],[-21,0],[-33,-74],[-12,5],[-24,-92],[-12,7],[-30,-59],[-15,4],[-33,-53],[14,-8],[-21,-49],[-39,-31],[-15,13],[-39,-60],[-27,-18],[-16,41],[-15,-76],[-11,-14],[-18,40],[-9,-56],[-12,25],[-13,-43],[-1,48],[31,38],[38,80],[36,9],[38,-16],[-17,22],[10,47],[29,46],[37,42],[14,-14],[-2,40],[16,45],[30,42],[8,137],[20,41],[0,25],[-50,-42],[-19,32],[5,40],[-21,-47],[7,-40],[-13,-15],[-25,76],[-14,-23],[-21,49],[-47,-66],[-37,-2],[22,17],[-16,80],[16,36],[-28,97],[-5,41],[-4,-60],[-51,-32],[-22,7],[-1,27],[-25,44],[-35,41],[35,41],[32,-6],[15,-29],[10,27],[-25,14],[-53,11],[-49,104],[19,12],[-15,22],[23,5],[-5,42],[27,62],[16,16],[-5,34],[13,44],[21,22],[36,-36],[54,61],[46,12],[18,37],[-8,79],[-21,29],[28,33],[-17,46],[-10,-27],[-31,-8],[-49,-48],[-18,23],[-39,2],[-29,-19],[-54,21],[-9,48],[-26,40],[20,-2],[18,23],[-58,17],[-31,31],[9,25],[38,18],[13,31],[63,56],[40,24],[36,2],[-8,-62],[10,-19],[69,0],[13,-15],[15,44],[27,-4],[-41,37],[-35,65],[14,10],[12,-45],[21,-33],[20,13],[18,-27],[25,6],[1,19],[-31,22],[-26,-20],[-19,26],[2,53],[-27,-9],[-58,17],[-21,80],[-59,70],[-51,45],[14,32],[0,48],[87,9],[33,29],[23,42],[-3,42],[29,70],[9,-7],[20,43],[9,-13],[39,15],[56,71],[31,-6],[43,11],[37,36],[20,37],[54,-20],[-20,-33],[23,-19],[16,43],[28,-19],[-1,-27],[23,-5],[38,20],[50,-17],[-20,-39],[42,0],[-11,-17],[72,7],[0,-13],[42,16],[61,-26],[48,-29],[57,1],[26,-27],[33,-2],[59,21],[68,-46],[18,-28],[19,0]],[[1471,7824],[1,-1449],[45,-21]],[[4465,2472],[-16,-28],[2,11],[14,17]],[[152,5220],[0,-17],[-10,12],[10,5]],[[1822,5664],[-6,-5],[-6,18],[13,0],[1,29],[-23,-18],[6,27],[19,11],[0,4],[-16,29],[20,-3],[13,-44],[20,-42],[17,-78],[6,-76],[-9,-14],[-29,88],[-20,2],[12,56],[-19,-2],[1,18]],[[1805,5825],[-1,4],[-12,39],[12,2],[35,-21],[-4,-62],[-27,-11],[-3,46],[-22,-107],[-9,121],[19,2],[12,-13]],[[911,5990],[-3,26],[19,-9],[17,2],[7,-82],[-29,13],[14,-35],[-22,5],[-45,-92],[15,66],[-15,-5],[-5,-35],[-13,13],[-10,68],[23,39],[11,-7],[15,41],[21,-17],[0,4],[-15,20],[3,6],[10,-13],[2,-8]],[[1656,6178],[17,17],[12,67],[39,31],[22,-39],[-3,-19],[31,-57],[46,-100],[63,-214],[-4,-26],[24,-42],[68,-75],[4,-31]],[[1975,5690],[-7,-24],[9,-74],[-18,-58],[-25,-16],[-6,61],[8,22],[-1,58],[-14,40],[-24,-13],[-11,-60],[-13,40],[9,9],[8,64],[-28,59],[-2,24],[-32,64],[-14,2],[9,35],[-33,103],[2,52],[-11,-30],[-4,6],[3,-8],[-16,6],[-2,13],[11,-7],[-16,20],[-27,133],[0,-50],[15,-92],[-40,4],[-8,77],[-6,-19],[-35,47]],[[1654,6176],[-1,4],[3,-2]],[[1656,6178],[-2,-2]],[[1710,6056],[40,-36],[-13,-15],[13,-20],[5,-49],[-10,-5],[-34,46],[10,-48],[-13,-9],[-5,35],[-21,35],[28,66]],[[147,6815],[-39,37],[-33,-11],[-20,31],[6,43],[27,-29],[39,14],[9,-34],[25,-18],[38,-7],[-5,-22],[-21,2],[-22,-34],[-4,28]],[[4465,2472],[12,16],[-12,-16]],[[4465,2472],[0,0]],[[152,5220],[0,9],[0,-9]],[[152,5220],[0,0]],[[1877,5382],[1,12],[21,23],[-9,-57],[-2,-67],[-11,-23],[17,7],[9,-32],[-6,-53],[19,-65],[-38,72],[-8,35],[-11,27],[11,5],[-19,14],[10,22],[-19,17],[-10,59],[6,45],[33,-13],[6,-28]],[[1877,5382],[0,-11],[-16,-23],[14,-9],[2,32],[2,5],[-2,6]],[[4436,3871],[3,-2],[-4,-10],[-3,5],[4,7]],[[4878,3963],[4,-28],[-7,5],[1,23],[2,0]],[[5146,4084],[-1,-13],[-5,3],[-2,7],[8,3]],[[4167,4154],[31,-42],[-10,-33],[-65,55],[21,-7],[23,27]],[[4119,4147],[-3,-18],[-5,5],[3,15],[5,-2]],[[4085,4197],[12,-13],[-7,-22],[-7,35],[2,0]],[[4682,4284],[-3,2],[10,25],[2,-12],[-9,-15]],[[5125,4402],[-13,-12],[-12,-22],[17,34],[8,0]],[[5460,4405],[-7,-35],[-5,-2],[10,42],[2,-5]],[[4014,4422],[-6,-5],[-9,2],[3,13],[12,-10]],[[4982,4451],[0,-14],[-6,-18],[-2,18],[8,14]],[[3915,4590],[7,-12],[-17,0],[1,17],[9,-5]],[[2284,4588],[11,-3],[-11,-5],[-1,15],[1,-7]],[[2156,4660],[-7,0],[0,15],[5,2],[2,-17]],[[5440,4713],[-1,-5],[-8,-9],[9,19],[0,-5]],[[5461,4730],[4,-12],[-14,-10],[-1,12],[11,10]],[[2126,4749],[6,-33],[-10,-3],[-8,29],[12,7]],[[2207,4776],[-4,16],[6,5],[2,-14],[-4,-7]],[[2215,4811],[6,-9],[-8,-12],[-3,29],[5,-8]],[[2197,4833],[-1,-12],[-8,-2],[4,21],[5,-7]],[[2169,4835],[5,0],[15,7],[-7,-7],[-13,0]],[[2135,4864],[11,2],[3,-7],[-17,-5],[3,10]],[[2132,4902],[-6,-10],[-5,3],[-2,7],[13,0]],[[5263,4963],[-4,-9],[-4,9],[3,7],[5,-7]],[[2074,5001],[-10,2],[-3,21],[7,17],[6,-40]],[[2069,5092],[-3,-47],[-9,17],[4,25],[8,5]],[[4306,5094],[-4,-18],[-14,-5],[-1,9],[19,14]],[[1930,5099],[-3,-7],[-2,-9],[0,23],[5,-7]],[[2074,5108],[-3,-11],[-6,-3],[-3,12],[12,2]],[[2058,5085],[-4,14],[7,14],[0,-16],[-3,-12]],[[2055,5120],[-4,-14],[-7,0],[4,14],[7,0]],[[2070,5129],[3,-16],[-9,-2],[2,11],[4,7]],[[2097,5122],[-23,-46],[5,46],[24,26],[-6,-26]],[[1900,5194],[9,3],[0,-17],[-7,-4],[-2,18]],[[2050,5141],[-2,39],[3,26],[4,-46],[-5,-19]],[[2007,5210],[18,-30],[-2,-27],[-14,44],[-2,13]],[[2056,5178],[-1,-2],[-2,27],[7,7],[-4,-32]],[[1993,5247],[5,-13],[-5,-3],[-5,28],[5,-12]],[[2003,5259],[6,-23],[-5,2],[-5,30],[4,-9]],[[4206,5273],[14,-3],[19,-78],[-62,48],[29,33]],[[5377,5316],[6,-4],[-1,-12],[-8,7],[3,9]],[[2026,5291],[-10,-2],[-1,4],[7,30],[4,-32]],[[1966,5328],[15,-28],[-2,-37],[-27,62],[14,3]],[[2027,5330],[-9,-14],[-3,19],[14,13],[-2,-18]],[[1971,5332],[-10,3],[-4,9],[9,13],[5,-25]],[[1987,5341],[19,-48],[-7,-23],[-25,60],[-6,50],[19,-39]],[[1953,5366],[-9,5],[12,34],[10,-16],[-13,-23]],[[1940,5471],[5,-20],[-12,13],[0,25],[7,-18]],[[4305,5532],[-16,-9],[-2,2],[29,13],[-11,-6]],[[5141,5723],[2,-17],[-11,13],[7,11],[2,-7]],[[4319,5717],[9,55],[4,0],[0,-40],[-13,-15]],[[4287,5761],[-15,-27],[-3,18],[9,11],[9,-2]],[[5127,5785],[6,-11],[-19,2],[2,16],[11,-7]],[[4277,5838],[1,13],[5,-5],[0,-15],[-6,7]],[[5123,5849],[-3,-22],[5,-27],[-11,18],[9,31]],[[5112,5936],[-4,-7],[-6,0],[8,13],[2,-6]],[[5103,5951],[3,-13],[-5,-9],[-5,11],[7,11]],[[5109,5988],[4,-7],[-4,-11],[-4,11],[4,7]],[[4773,6171],[-14,-6],[1,27],[11,0],[2,-21]],[[5006,6289],[-6,-10],[-4,6],[6,19],[4,-15]],[[4264,6281],[-8,-15],[11,36],[9,2],[-12,-23]],[[4976,6400],[8,-23],[-13,6],[-6,15],[11,2]],[[4818,6416],[12,-18],[-7,-27],[-22,-5],[17,50]],[[4353,6455],[-6,-12],[-16,-6],[4,10],[18,8]],[[4969,6578],[-3,-45],[-29,41],[20,14],[12,-10]],[[4924,6611],[5,-13],[-13,6],[7,13],[1,-6]],[[3672,6625],[4,-6],[-5,-8],[-6,14],[7,0]],[[4956,6625],[8,-31],[-11,8],[-4,23],[7,0]],[[4296,6695],[6,-60],[-19,-63],[-20,28],[-2,57],[18,42],[17,-4]],[[4974,6719],[13,0],[-9,-26],[-15,8],[11,18]],[[4370,6723],[-11,4],[21,0],[-5,-8],[-5,4]],[[4526,6749],[19,-8],[3,-10],[-18,4],[-4,14]],[[4694,6767],[28,-40],[-26,-4],[-22,52],[20,-8]],[[4174,6787],[9,-38],[-56,-86],[-24,-4],[-11,54],[27,68],[9,-14],[46,20]],[[4878,6783],[-1,-4],[-13,28],[7,-6],[7,-18]],[[4344,6868],[33,-8],[6,-39],[-18,-16],[-26,47],[5,16]],[[3779,6868],[6,-4],[-5,-4],[-2,10],[1,-2]],[[4996,6852],[-2,-9],[-11,45],[7,4],[6,-40]],[[4401,6896],[29,-32],[-20,-10],[-21,30],[12,12]],[[4384,6951],[-7,-12],[-13,2],[1,8],[19,2]],[[4569,7022],[-3,-27],[-3,2],[-2,31],[8,-6]],[[5077,7220],[3,-4],[12,-8],[-16,-2],[1,14]],[[4037,7265],[24,-64],[-6,-12],[-19,32],[1,44]],[[4071,7276],[31,-30],[0,-26],[-21,1],[-10,55]],[[4127,7306],[11,-7],[-5,-10],[-13,10],[7,7]],[[5079,7442],[1,-2],[-20,-24],[-4,7],[23,19]],[[3014,7427],[-6,-2],[-5,15],[1,5],[10,-18]],[[5024,7466],[11,-6],[-5,-5],[-17,3],[11,8]],[[2991,7477],[-3,-15],[-6,18],[8,9],[1,-12]],[[2967,7499],[5,1],[-4,-14],[-5,11],[4,2]],[[5015,7493],[-11,2],[4,20],[7,-15],[0,-7]],[[2990,7500],[-11,-1],[2,20],[6,-6],[3,-13]],[[2983,7553],[-8,-3],[2,10],[4,6],[2,-13]],[[2932,7566],[13,-6],[-2,-10],[-10,9],[-1,7]],[[4534,7580],[40,-16],[0,-31],[-46,2],[-16,44],[22,1]],[[2900,7588],[-2,-6],[-15,-7],[21,22],[-4,-9]],[[4903,7606],[-2,-13],[-18,5],[8,8],[12,0]],[[3978,7559],[-10,-33],[-17,53],[14,38],[12,-17],[1,-41]],[[4317,7597],[-9,7],[2,18],[16,-9],[-9,-16]],[[4539,7607],[-11,28],[5,5],[9,-18],[-3,-15]],[[2862,7645],[-17,-3],[2,5],[9,7],[6,-9]],[[3145,7631],[-25,23],[18,4],[10,-11],[-3,-16]],[[4336,7667],[-3,-24],[-15,-1],[13,19],[5,6]],[[4523,7656],[-13,0],[-4,9],[4,9],[13,-18]],[[4505,7654],[4,-36],[-27,33],[8,30],[15,-27]],[[3272,7692],[-4,-34],[-23,18],[16,21],[11,-5]],[[3346,7711],[-10,-30],[-12,11],[0,32],[22,-13]],[[3353,7717],[-10,7],[4,23],[7,-20],[-1,-10]],[[3277,7738],[1,21],[6,-3],[-2,-14],[-5,-4]],[[3786,7781],[5,-20],[-6,-5],[-5,10],[6,15]],[[4342,7786],[0,-27],[-17,-48],[-28,2],[45,73]],[[4192,7791],[10,-3],[1,-9],[-19,10],[8,2]],[[3803,7786],[-6,-25],[-8,14],[9,16],[5,-5]],[[4407,7789],[17,-5],[-27,-37],[-3,42],[13,0]],[[3296,7809],[13,-11],[-11,-10],[0,10],[-2,11]],[[3507,7810],[23,2],[1,-33],[-19,19],[-5,12]],[[4854,7810],[-15,-8],[-6,3],[11,12],[10,-7]],[[3552,7819],[14,-14],[-16,-32],[0,37],[2,9]],[[1569,7816],[-11,-9],[-7,9],[7,10],[11,-10]],[[4827,7835],[7,-12],[-11,-16],[-15,9],[19,19]],[[4365,7830],[-26,-30],[-15,2],[32,38],[9,-10]],[[4286,7851],[16,-16],[-46,-25],[-18,32],[48,9]],[[4156,7842],[-2,-2],[-12,5],[8,7],[6,-10]],[[4108,7845],[-9,-8],[-8,10],[4,5],[13,-7]],[[3731,7854],[0,7],[14,-16],[-4,-8],[-10,17]],[[3950,7898],[25,-16],[-29,-5],[-14,19],[18,2]],[[2817,7927],[-20,-2],[-7,13],[18,-9],[9,-2]],[[2596,7960],[-5,-7],[-10,4],[2,8],[13,-5]],[[3321,7986],[10,0],[12,-35],[-20,14],[-2,21]],[[4585,8100],[15,5],[-11,-20],[-12,33],[8,-18]],[[4605,8120],[-13,2],[4,15],[8,0],[1,-17]],[[3505,8308],[-15,3],[12,18],[5,-15],[-2,-6]],[[3502,8363],[8,-9],[-16,-20],[-10,23],[18,6]],[[3004,8436],[-18,-5],[-1,12],[16,0],[3,-7]],[[3461,8513],[-23,-30],[-36,-12],[-24,16],[33,20],[50,6]],[[3478,8595],[-5,-14],[-19,-3],[14,20],[10,-3]],[[3566,8593],[0,-15],[-23,14],[13,9],[10,-8]],[[3181,8701],[8,-17],[-30,-25],[-31,17],[11,34],[25,14],[17,-23]],[[3523,8758],[18,-14],[-45,-32],[-8,23],[35,23]],[[2385,8770],[-9,5],[12,9],[5,-2],[-8,-12]],[[3258,8808],[-30,-33],[-27,-2],[13,25],[44,10]],[[3614,8775],[-15,-2],[-12,29],[18,9],[9,-36]],[[3247,8822],[-2,-8],[-61,-20],[-14,10],[77,18]],[[2543,8831],[9,-5],[-22,-54],[-32,-37],[-36,15],[36,51],[45,30]],[[4317,8832],[-7,-22],[13,-20],[-40,0],[34,42]],[[3232,8854],[-9,-29],[-45,-8],[-25,6],[2,21],[73,17],[4,-7]],[[3172,8909],[41,-25],[-13,-20],[-48,-1],[-12,43],[32,3]],[[3338,8922],[-46,-23],[-17,4],[33,24],[30,-5]],[[3825,8893],[-16,-5],[-23,36],[27,19],[13,-15],[-1,-35]],[[2723,8949],[3,-28],[-55,10],[20,18],[32,0]],[[4039,9039],[-9,12],[11,7],[9,-13],[-11,-6]],[[3798,9065],[27,-26],[-17,-40],[-51,31],[1,34],[40,1]],[[3123,9032],[27,-16],[-15,-31],[-36,29],[-25,69],[26,-3],[23,-48]],[[4374,9091],[-9,6],[14,6],[2,-9],[-7,-3]],[[3310,9083],[-39,-10],[-30,8],[2,25],[35,0],[32,-23]],[[2696,9125],[33,-32],[-26,-16],[-43,39],[36,9]],[[3214,9143],[-10,10],[16,13],[5,-10],[-11,-13]],[[3901,9193],[-5,-21],[-10,-11],[9,30],[6,2]],[[4535,9230],[-20,4],[3,10],[21,-8],[-4,-6]],[[3378,9452],[35,-23],[-5,-45],[-36,34],[-22,-3],[-6,23],[34,14]],[[3561,9543],[18,-2],[-5,-12],[-44,8],[31,6]],[[4303,5772],[11,0],[-19,-86],[-5,35],[-20,-33],[33,84]],[[1471,7824],[50,-3],[36,-18],[47,-58],[67,-41],[27,2],[32,-32],[-30,64],[9,34],[47,30],[14,-9],[8,44],[25,-37],[-23,-39],[48,25],[16,40],[48,18],[19,29],[10,-21],[25,49],[48,-22],[-66,-55],[-42,-17],[-7,-26],[-23,-11],[-35,-69],[30,-9],[-7,41],[46,35],[10,30],[33,-33],[28,68],[55,25],[7,-28],[31,47],[12,48],[-10,56],[52,-62],[20,-75],[35,-56],[23,-15],[-3,30],[21,37],[1,42],[28,21],[-4,-66],[20,0],[-18,-55],[35,-1],[23,21],[10,52],[70,-10],[54,-56],[74,-29],[28,-32],[95,-33],[2,30],[41,-20],[52,-73],[-5,-24],[-44,6],[-6,-42],[-20,-12],[77,-39],[66,-1],[74,21],[21,24],[59,-38],[11,-57],[10,40],[5,-34],[23,-19],[5,-35],[-12,-29],[27,-41],[-12,65],[20,-32],[9,48],[-15,13],[-3,46],[-18,29],[14,35],[-10,27],[52,2],[14,40],[32,11],[5,34],[-40,-18],[-28,-40],[-19,13],[-5,-29],[-32,-2],[-22,18],[25,54],[45,13],[47,32],[37,-29],[-3,-48],[43,-27],[5,-33],[43,7],[58,-54],[35,-7],[37,25],[59,-7],[10,-13],[39,15],[37,-33],[7,9],[-5,-6],[-2,11],[10,6],[0,-6],[10,15],[-26,36],[-17,-16],[-30,71],[45,0],[-11,28],[33,-12],[8,-33],[27,-7],[-14,-29],[42,42],[-26,-127],[17,-6],[-8,-31],[24,20],[20,-74],[6,61],[-24,66],[11,56],[27,-7],[52,90],[7,40],[-15,21],[-9,-38],[-24,0],[1,33],[21,16],[-5,42],[31,30],[-35,-12],[-13,36],[-11,-19],[-62,46],[-16,71],[17,48],[-20,31],[8,73],[21,19],[16,-20],[8,30],[-22,10],[29,27],[2,15],[-2,-12],[-8,0],[6,9],[4,5],[2,18],[28,7],[-24,-4],[-2,87],[-24,47],[6,52],[-7,75],[22,17],[0,40],[73,24],[40,-6],[23,-21],[33,7],[63,-21],[-54,-106],[-22,-57],[-24,-22],[-47,13],[-34,-5],[31,-47],[-30,-68],[-20,-4],[7,-51],[9,20],[56,-69],[2,-84],[24,-24],[21,-62],[-27,-29],[28,-7],[-42,-51],[27,-5],[22,-28],[17,28],[14,-25],[31,-3],[-38,-30],[38,-66],[-8,-68],[16,-30],[25,63],[2,62],[16,32],[17,-2],[43,-67],[10,-74],[-28,-9],[8,-78],[39,-82],[41,22],[-2,47],[30,57],[10,104],[40,2],[-16,16],[28,28],[-38,29],[-9,70],[11,30],[44,2],[28,-23],[52,-11],[22,-54],[37,-16],[-22,-43],[26,-23],[-2,-19],[-34,-33],[-20,7],[6,-46],[14,-8],[-2,-36],[38,-69],[-13,-72],[-20,-2],[-31,-65],[-33,-33],[-48,83],[-21,10],[33,-41],[21,-75],[-43,23],[11,-25],[-41,15],[-6,43],[-43,-2],[-21,-18],[43,-41],[-25,-42],[-3,-26],[-42,-63],[-25,2],[-81,95],[-63,-4],[51,-21],[42,-72],[92,-13],[5,-16],[-48,-148],[-49,-37],[-34,47],[-1,-45],[-20,-55],[-34,-4],[-37,22],[19,-38],[27,-14],[6,-49],[-36,-44],[-32,14],[-15,-14],[22,-40],[-34,-10],[1,-30],[-29,-58],[4,-19],[-34,-50],[8,-21],[-24,-72],[-23,-143],[5,-92],[-4,-51],[18,-46],[10,12],[48,-8],[34,-217],[-13,-61],[77,48],[20,-7],[35,-39],[43,-17],[42,-66],[18,-62],[87,-69],[12,-26],[38,-29],[31,13],[76,-31],[3,-45],[-11,-95],[15,-64],[0,-82],[-9,-48],[35,-81],[9,-54],[35,-61],[7,-56],[32,-35],[1,40],[17,42],[19,-66],[7,59],[-12,26],[21,51],[4,40],[-22,104],[-6,73],[6,80],[-19,27],[-17,73],[63,56],[53,89],[26,74],[8,112],[-5,74],[-22,108],[-24,47],[-16,9],[-21,47],[-6,42],[33,62],[1,61],[23,16],[3,34],[-23,64],[9,19],[-29,49],[17,35],[1,58],[11,4],[-25,63],[-4,64],[32,44],[23,-6],[63,-44],[38,-16],[51,50],[76,-125],[16,-4],[-11,-32],[24,-45],[58,-15],[8,-35],[19,37],[6,-43],[-20,-41],[10,-48],[-1,-142],[8,-64],[-21,-19],[6,-27],[25,46],[21,5],[19,-22],[8,-38],[24,-30],[0,-4],[7,-4],[-1,2],[4,-5],[35,41],[14,49],[12,-13],[34,79],[-8,69],[22,40],[10,60],[33,-73],[-5,-25],[17,-21],[47,-146],[-19,-30],[31,5],[-3,-52],[27,-43],[1,-4],[3,6],[3,-2],[-2,-17],[-2,4],[5,-28],[-16,-13],[19,-26],[-9,-19],[30,-20],[-28,-96],[9,-13],[17,-7],[-2,-9],[-7,5],[13,-20],[-3,-42],[49,-31],[6,-51],[-22,-65],[41,51],[0,-36],[35,9],[4,-49],[35,-11],[-3,11],[12,4],[-2,-18],[8,-4],[27,-36],[-43,-23],[-19,-45],[-40,-37],[-28,-9],[-9,-77],[19,34],[39,34],[8,37],[33,22],[-5,23],[35,-7],[16,-70],[24,-9],[36,-55],[-11,-51],[14,-55],[-21,-17],[25,-16],[-1,-51],[-45,-70],[-14,-35],[-33,7],[-35,-24],[-24,-49],[1,-26],[-54,-98],[-32,7],[-41,-23],[-6,19],[-90,14],[-66,0],[-39,-19],[-15,12],[-33,-70],[-11,-74],[-31,-7],[-46,-85],[-31,-97],[-23,-99],[-50,-113],[37,39],[68,190],[38,63],[73,75],[48,22],[47,-27],[18,-51],[-10,-55],[-48,-64],[-22,34],[-28,-17],[32,-32],[8,-36],[37,22],[-2,-50],[-23,-64],[25,3],[-3,-32],[18,-102],[34,-18],[-15,-12],[75,-65],[25,42],[1,-30],[19,-2],[7,-16],[-10,71],[44,154],[10,-3],[1,-62],[-26,-117],[8,-27],[16,47],[-18,-5],[23,58],[22,-25],[1,-25],[-28,-58],[-42,-10],[14,-38],[-32,-25],[-17,-30],[-46,-46],[-24,-2],[2,-31],[-35,15],[-1,-40],[-23,-74],[-40,-49],[-10,49],[-9,-13],[-4,54],[10,76],[51,86],[24,28],[-1,-33],[36,45],[-60,5],[19,48],[-66,-80],[-44,-26],[-14,21]],[[4847,4089],[-11,10],[-5,15]],[[4514,3996],[47,65],[1,5],[8,33],[16,60],[19,20],[41,75],[5,-5],[15,15],[-22,-5],[-33,-62],[-19,-13],[-27,-82],[1,0],[-5,-16],[-2,-5],[-1,0],[-10,-17],[2,-5],[2,0],[-4,-8],[-34,-55]],[[4464,3917],[-39,-41],[-18,-40],[-26,10],[-68,-33],[-31,-77],[20,-21],[12,13]],[[4314,3700],[6,-24],[-1,0]],[[4319,3676],[-57,-23],[-14,-36],[-39,13],[-22,-57],[-36,-39],[-23,8],[2,28]],[[4130,3576],[29,5],[-9,36]],[[4160,3687],[31,56],[0,111],[21,81],[-3,56],[-16,45],[19,-2],[1,-38],[53,-81],[17,48],[-27,91],[-20,85],[-39,30],[-63,10],[-51,25]],[[4065,4222],[-3,67],[-10,14],[8,50],[-19,49],[7,47],[-46,10],[-26,121],[-40,0],[-33,34],[-9,-60],[-12,39],[-11,-73],[-5,29],[-18,-20],[-17,-68]],[[2309,4614],[-10,15],[-3,-15]],[[2294,4614],[-8,94],[-5,-9],[1,-17],[-2,7],[-2,3],[-6,-15],[-23,39],[8,33],[-24,-14],[-15,29],[6,45],[-34,48],[-41,-8],[1,36],[-4,-12],[-13,0],[14,29],[4,-12],[0,16],[-13,15],[-25,-22],[-35,64],[-3,108],[37,61],[-11,23],[-27,-40],[-11,47],[-1,65],[-16,-12],[-3,44],[-16,27],[12,112],[-27,-61],[-5,-37],[-52,141],[4,61],[5,21],[-8,-7],[-1,2],[13,36],[-2,-22],[13,58],[-4,100]],[[1558,6379],[-41,-25]],[[2276,4576],[2,-8],[7,-41],[-12,-17],[-52,41],[-24,34],[16,34],[-29,-14],[-18,26],[-2,12],[-1,3],[-6,41],[-11,-15],[-22,92],[-15,-15],[-16,53],[-14,9],[-30,81],[23,19],[34,-43],[80,-47],[5,-24],[0,17],[6,-7],[1,-34],[-6,17],[15,-67],[16,-43],[30,-27],[21,-68],[-3,20],[3,-5],[7,-20],[-5,-4]],[[2241,4699],[-20,33],[15,-7],[5,-26]],[[2037,5155],[2,-21],[-2,-9],[-4,30],[3,2],[-3,3],[2,16],[9,0],[-1,-26],[-6,5]],[[2015,5254],[-8,5],[0,14],[7,13],[1,-27],[3,25],[21,-23],[5,-46],[-11,-39],[-19,64],[1,14]],[[4965,6917],[-2,-6],[19,-19],[-1,-61],[-19,59],[-7,-14],[21,-99],[-30,12],[14,-40],[-82,58],[-48,85],[5,-44],[-19,38],[-40,21],[36,-78],[31,-30],[74,-132],[-16,-52],[-49,42],[-55,18],[-48,64],[9,14],[-39,0],[-68,66],[2,39],[18,22],[-12,22],[-22,-6],[-10,45],[-19,-16],[-11,47],[-24,47],[11,17],[-34,4],[-6,19],[-29,-54],[-51,39],[-18,-51],[-54,-9],[-23,21],[-16,43],[3,48],[38,38],[-5,40],[35,-8],[42,-30],[16,-77],[1,44],[-26,50],[34,-11],[4,21],[23,-8],[26,30],[27,-11],[-8,40],[-38,68],[67,97],[9,41],[21,12],[-12,105],[-15,22],[-3,47],[-43,27],[3,21],[-30,9],[-7,43],[-37,21],[-6,-21],[-46,-32],[-1,52],[47,12],[-3,30],[-69,56],[13,25],[-36,3],[0,56],[-32,5],[-32,50],[-22,-24],[27,-8],[14,-49],[-10,-19],[-37,-7],[-10,21],[-85,21],[26,-18],[12,-45],[-30,40],[-25,-23],[-42,28],[-28,-8],[-98,22],[1,-15],[-50,52],[-47,-2],[-37,22],[-35,69],[-4,29],[41,-5],[15,-15],[48,8],[-36,31],[-80,18],[-9,19],[10,49],[-15,23],[25,38],[-19,15],[19,83],[13,-5],[-1,46],[12,30],[59,73],[48,21],[73,-7],[8,-22],[-50,-56],[-30,-75],[20,-66],[-9,-30],[14,-63],[30,-44],[25,-13],[4,-24],[-51,-15],[51,-4],[15,49],[-8,32],[-25,-1],[-34,56],[23,9],[1,28],[20,-2],[40,-36],[-62,68],[-8,26],[6,54],[60,-28],[-42,33],[-1,34],[25,26],[84,53],[59,-3],[13,-27],[5,-46],[23,-13],[0,-37],[17,-29],[-11,-55],[-22,-28],[23,-3],[31,49],[10,-24],[29,-10],[-13,-47],[24,-8],[-7,46],[19,57],[39,26],[32,-2],[11,-16],[68,-22],[5,-58],[39,-8],[-2,-40],[-38,-18],[22,-7],[47,17],[-19,-42],[44,-36],[26,59],[42,-20],[21,-39],[-15,-30],[-28,1],[-5,-18],[16,15],[17,-24],[-31,-12],[-4,12],[-6,-22],[47,19],[24,35],[12,-27],[-21,-48],[49,40],[-5,-45],[20,27],[56,-29],[-5,-32],[-46,-19],[-35,-47],[22,3],[3,26],[48,2],[-39,-52],[60,48],[6,32],[39,-59],[4,-35],[-40,7],[-34,-20],[34,-28],[36,0],[24,-44],[-46,0],[-24,20],[-36,9],[58,-50],[-14,-11],[12,-30],[-22,4],[-7,0],[2,0],[-36,3],[51,-21],[-16,-15],[68,-26],[10,-44],[57,-23],[34,-2],[-19,-22],[34,-11],[21,-75],[-32,-24],[56,13],[11,19],[-9,-71],[21,13],[3,-26],[25,39],[21,-13],[24,-44],[-7,-49],[-50,-22],[27,-32],[-21,-7],[5,-23],[-22,6],[2,-42],[-21,6],[-20,-27],[14,-38],[-9,-48],[-13,40],[-34,-11],[-41,91],[2,47],[-23,-5],[-2,26],[-42,66],[-24,1],[12,-37],[-35,24],[6,-33],[29,-38],[-37,-17],[-2,28],[-25,19],[14,-64],[16,-23],[18,10],[1,-32],[17,-4],[6,-57],[63,-54],[-4,-31],[17,23],[3,-13],[-20,-18],[0,2],[-1,-6],[27,-9],[-20,-16],[41,-54],[-10,-22],[14,10],[9,-12],[-3,-21],[-21,19]],[[5024,4677],[-15,43],[-23,22],[13,22],[36,-20],[68,-72],[8,-41],[-25,-5],[-62,51]],[[4423,7609],[50,8],[21,-11],[3,-107],[-38,-46],[-49,-2],[-16,71],[29,87]],[[3116,8463],[30,-28],[-3,-41],[-33,-71],[-56,87],[-24,12],[20,33],[66,8]],[[3651,9039],[-114,3],[-11,35],[38,12],[83,0],[18,-9],[-14,-41]],[[5040,4214],[58,8],[-18,-30],[-8,-45],[-14,25],[-35,12],[-24,30],[-12,42],[19,60],[-5,-45],[19,-49],[20,-8]],[[5471,4478],[-2,-5],[13,-5],[-11,-54],[14,-24],[12,73],[18,13],[-16,-74],[3,-29],[17,56],[9,-42],[-15,-113],[-28,-28],[-1,85],[-22,-55],[-6,13],[13,79],[-12,73],[-16,-73],[-15,2],[-19,-76],[-32,-3],[21,37],[16,69],[-10,22],[-3,-39],[-34,25],[-32,-18],[-54,27],[-49,-22],[-13,49],[45,98],[-39,-5],[26,20],[13,85],[16,-25],[-6,70],[11,41],[33,170],[14,19],[10,63],[41,47],[18,-7],[-9,-42],[-19,12],[14,-50],[-46,-161],[-5,-72],[31,93],[31,-38],[-27,-34],[10,-29],[29,-19],[-2,-29],[21,12],[17,41],[46,-48],[-21,-39],[0,-65],[16,-12],[26,19],[-9,-39],[-21,-27],[-11,-2],[0,-10],[1,0]],[[4176,6900],[-19,-2],[-3,45],[-24,-2],[2,35],[-30,-27],[2,-38],[-30,-21],[-14,-49],[-31,-30],[-16,18],[1,57],[-9,16],[-63,-20],[12,55],[33,25],[-10,78],[12,54],[-1,53],[11,74],[20,25],[20,-47],[-12,-12],[21,-51],[13,42],[22,-44],[32,-10],[9,-30],[39,-27],[26,-41],[12,-44],[-22,-33],[29,9],[40,-15],[14,-26],[-38,-55],[-48,38]],[[3470,7652],[-49,33],[-21,32],[-10,-20],[-18,29],[55,47],[-10,20],[32,70],[47,-61],[26,-23],[21,-73],[30,-5],[-28,-20],[-32,-43],[-43,14]],[[2973,8159],[26,-25],[20,41],[-23,37],[-9,58],[-8,108],[3,23],[42,-25],[13,18],[48,-47],[22,-34],[2,-51],[13,-53],[30,-81],[4,-37],[-16,-37],[31,-58],[38,-38],[14,2],[60,-62],[22,12],[8,-61],[-21,-19],[-7,33],[-9,-39],[-23,41],[-28,-58],[-30,26],[-3,-12],[31,-37],[36,16],[-6,-21],[19,-25],[-9,-35],[-68,-27],[-46,23],[-38,2],[17,14],[-69,23],[-8,48],[-35,-75],[-55,-12],[-18,-30],[-66,-27],[-45,2],[-64,-20],[-27,20],[-15,34],[-1,60],[-33,14],[-36,-7],[-36,9],[-30,26],[1,16],[-30,30],[-8,35],[22,22],[42,14],[85,16],[74,-19],[47,12],[-27,35],[-33,6],[-29,23],[-119,-21],[-7,14],[-46,-4],[-2,-10],[-41,45],[-10,29],[105,54],[12,27],[-79,-27],[-34,15],[30,15],[-20,16],[-44,-7],[0,48],[17,32],[25,13],[-21,32],[56,75],[128,73],[28,-40],[-3,-51],[-26,-29],[40,1],[16,46],[16,17],[83,-46],[-3,-25],[-26,-28],[9,-15],[54,51],[20,17],[-31,44],[30,-2],[66,-67],[-2,-31],[23,-65],[-5,-23]],[[4355,8329],[-46,-21],[-36,15],[-10,58],[-27,8],[-2,68],[16,10],[46,-23],[60,5],[13,-8],[30,-16],[45,-65],[-4,-42],[-85,11]],[[3296,8242],[-27,-2],[-6,27],[-30,26],[-7,23],[13,36],[21,6],[34,-57],[38,4],[19,36],[-26,27],[13,28],[-24,-10],[-35,36],[32,17],[1,36],[40,-10],[10,26],[27,-31],[90,19],[12,-36],[-20,-15],[13,-21],[-27,-14],[-28,-41],[50,-11],[8,-55],[21,22],[15,-51],[-12,-25],[0,-67],[-41,-35],[-22,7],[-26,10],[21,-30],[-31,-39],[-23,12],[-30,79],[-35,50],[-28,23]],[[2245,8478],[-28,78],[98,17],[48,14],[65,-42],[46,-11],[8,-32],[12,33],[30,10],[30,-8],[25,-23],[71,-94],[-52,-34],[-125,-98],[-8,-44],[-42,-17],[-6,-83],[-11,-32],[-36,-19],[-13,15],[-21,-32],[-43,-29],[-44,97],[-55,40],[-30,1],[28,82],[16,11],[-5,49],[26,7],[-17,26],[19,50],[31,55],[-17,13]],[[3588,8756],[23,-6],[40,-52],[2,-86],[-20,-11],[-38,-1],[-27,26],[-26,4],[-27,57],[31,48],[42,21]],[[3230,8762],[39,36],[22,-20],[-26,47],[25,27],[-33,-6],[13,38],[33,-18],[-1,-17],[60,-44],[-31,44],[21,11],[-44,31],[33,23],[28,-3],[23,-29],[11,27],[57,-21],[-5,-25],[13,-26],[-3,-46],[-17,-18],[25,-11],[-36,-53],[28,-30],[-22,-18],[-74,-8],[-31,6],[-13,65],[26,3],[10,31],[-75,-6],[-54,-19],[-2,29]],[[2755,8562],[-30,8],[-35,38],[76,46],[57,5],[27,37],[-63,-20],[-75,-8],[8,41],[-12,4],[-18,-46],[-23,-16],[-13,33],[-22,-33],[-83,38],[15,43],[53,0],[45,35],[-48,-20],[-50,-1],[15,33],[92,12],[-85,5],[1,24],[42,29],[12,35],[60,1],[11,-44],[44,14],[26,-17],[4,-21],[27,-13],[-19,-16],[33,-1],[10,-49],[34,8],[73,-13],[-9,40],[-43,23],[34,32],[-50,30],[0,21],[27,9],[15,36],[32,22],[3,-34],[29,-55],[-19,-38],[29,3],[-2,-26],[40,-2],[19,28],[40,-11],[17,-52],[-29,-94],[-69,-17],[-7,16],[-34,-20],[-24,14],[-76,-44],[-49,-35],[-63,-17]],[[3933,8752],[44,-28],[62,34],[22,-5],[38,32],[31,-13],[34,16],[56,-10],[-8,-19],[36,0],[39,-29],[1,-46],[-38,-22],[40,-3],[9,-22],[-40,-18],[4,-21],[-52,-9],[-22,-16],[-52,14],[-9,44],[-17,-41],[-36,-11],[-107,-4],[-88,4],[0,61],[-16,-36],[-50,-20],[-49,27],[12,28],[-35,-38],[-23,21],[-4,56],[-17,12],[9,46],[13,14],[-8,46],[-43,74],[-44,-18],[-80,23],[-30,44],[7,18],[-22,29],[47,13],[95,-24],[29,-46],[17,-4],[58,14],[40,-19],[5,-24],[54,-18],[-5,-18],[-81,3],[13,-21],[35,-20],[8,11],[33,-32],[13,-57],[16,35],[18,-29],[38,22]],[[2385,8917],[33,22],[13,29],[58,55],[44,6],[29,-18],[27,18],[-23,10],[34,16],[47,-39],[-45,-28],[28,-25],[-6,-42],[-55,-27],[7,-27],[-20,-15],[-29,23],[12,58],[-35,-9],[9,-24],[-31,-12],[19,-22],[-31,-37],[-11,38],[-10,-13],[10,-37],[-18,-27],[-28,-2],[-12,40],[-6,15],[-19,-45],[-26,21],[-26,-17],[-19,47],[21,27],[38,5],[21,36]],[[2790,9125],[71,14],[47,-1],[0,-19],[-52,-16],[32,-14],[-4,-43],[-54,-16],[-33,-11],[-50,30],[-2,60],[45,16]],[[2920,9171],[-41,-3],[-38,15],[-13,-17],[-34,16],[-46,-17],[-2,21],[94,46],[34,10],[43,-27],[3,-44]],[[3503,9103],[-48,26],[41,16],[-43,13],[-27,42],[12,50],[32,-3],[60,-27],[-6,-14],[27,-1],[39,-26],[-24,-17],[22,-22],[-9,-21],[-76,-16]],[[3138,9279],[-41,3],[8,48],[77,5],[39,-21],[21,-33],[35,10],[31,-23],[-11,-17],[38,0],[39,-35],[-15,-25],[38,-55],[1,-30],[-42,-17],[-31,13],[-22,53],[-76,27],[-79,-16],[-18,19],[10,28],[52,-11],[0,44],[-33,0],[7,31],[-44,-26],[16,28]],[[3910,9230],[-16,41],[0,-76],[-15,-4],[-10,-39],[-13,-1],[-44,68],[1,-27],[24,-43],[-31,24],[-10,-28],[-76,11],[-28,19],[-12,27],[52,8],[-48,12],[-20,-7],[-48,59],[48,31],[62,-2],[68,13],[-77,-6],[-22,17],[33,4],[-35,18],[-61,-30],[4,22],[-32,-10],[-56,11],[6,24],[41,8],[20,22],[-41,-17],[-31,0],[-35,38],[-4,40],[32,-12],[54,-4],[35,20],[-24,7],[-36,-15],[-55,23],[29,19],[-4,30],[69,2],[1,19],[-45,13],[29,40],[78,6],[-3,18],[-53,7],[9,17],[42,1],[66,-33],[50,-93],[65,-5],[13,-53],[41,-15],[-25,30],[11,23],[35,-4],[5,-37],[-16,-16],[32,0],[13,-26],[-10,-51],[25,11],[27,-12],[-6,-16],[27,17],[31,-44],[-28,-19],[-45,-16],[-48,-62],[-15,3]],[[3931,8884],[-10,-20],[-36,9],[-6,66],[-17,-63],[-36,26],[8,43],[57,44],[30,-6],[33,25],[-35,15],[1,20],[-25,24],[0,24],[46,18],[45,-18],[20,-45],[60,-32],[-6,13],[52,-6],[2,25],[41,70],[-12,10],[-29,-64],[-23,-17],[-39,3],[-24,22],[6,23],[-22,22],[26,18],[14,43],[-33,-36],[-34,-7],[-57,10],[0,50],[39,56],[63,16],[69,-12],[44,-23],[-19,26],[65,1],[14,29],[-49,-25],[-80,10],[-21,14],[11,17],[49,-20],[-41,27],[-7,33],[-25,32],[-67,25],[8,31],[-15,27],[10,26],[121,-11],[74,-58],[24,-43],[48,2],[40,15],[-52,-9],[-29,10],[-7,30],[-71,64],[131,24],[14,8],[93,11],[-90,3],[67,26],[89,11],[-1,8],[-64,1],[-39,-8],[-2,24],[58,48],[-26,-2],[-53,-47],[-12,-28],[-74,-31],[-78,-13],[-6,17],[42,13],[7,15],[-61,-21],[-18,8],[-5,-29],[-26,-8],[-80,4],[-29,10],[44,54],[28,12],[111,18],[18,7],[-138,-19],[-34,-10],[-53,-56],[-38,6],[-59,31],[45,19],[79,1],[90,43],[-24,3],[-58,-27],[-152,-18],[-24,25],[44,12],[-25,15],[70,38],[-96,-34],[-15,14],[57,27],[-50,7],[-34,-21],[-25,14],[44,33],[57,11],[18,-15],[31,37],[32,8],[104,-19],[45,1],[-91,23],[-5,13],[68,10],[-18,28],[96,-19],[50,-40],[-18,32],[63,-28],[72,-23],[36,-23],[-29,32],[-49,11],[-81,44],[9,20],[46,-1],[-37,12],[11,14],[68,-17],[-45,36],[58,-1],[54,-18],[29,3],[-64,12],[-12,27],[37,6],[17,-15],[52,7],[32,-10],[27,-28],[30,-13],[-35,44],[-33,17],[57,10],[89,-8],[17,-22],[58,-25],[-49,35],[31,23],[150,6],[4,-19],[66,2],[81,-9],[2,-8],[-104,-41],[54,4],[73,29],[19,-10],[35,21],[11,-24],[46,10],[-9,-16],[36,-32],[59,-3],[20,-18],[-8,-28],[-34,-9],[-10,-18],[-97,-46],[-46,5],[0,-13],[-130,-18],[44,1],[27,-11],[-156,-52],[26,3],[173,48],[54,9],[-6,-24],[-60,-27],[-32,-29],[-73,-43],[-50,-57],[-50,-8],[23,-12],[-101,-33],[69,14],[-3,-23],[-35,-40],[-35,-12],[-38,23],[-53,14],[-29,-7],[68,-12],[10,-37],[-40,-14],[-48,7],[2,-18],[-53,18],[13,-23],[-43,2],[-26,15],[4,-29],[131,-6],[-1,-30],[-65,11],[-9,15],[-90,-4],[88,-8],[-64,-16],[-18,4],[-17,-39],[27,27],[45,10],[44,-9],[-30,-17],[76,-5],[-2,-38],[-26,-12],[-51,5],[63,-26],[-24,-29],[-59,2],[62,-15],[-60,-31],[-60,8],[21,-56],[-25,-35],[-39,-13],[-75,7],[-37,28],[17,-31],[-30,-4],[4,-19],[31,19],[49,-16],[27,7],[20,-21],[-17,-26],[48,13],[18,-7],[8,-48],[-34,-31],[-12,18],[-27,-44],[-61,-21],[-19,9],[5,41],[-44,3],[-40,-17],[-21,30],[-1,-28],[-28,10],[-48,-7],[25,-18],[-92,15],[-14,-9],[-32,18]],[[2241,4699],[1,-3],[2,-7],[-3,10]],[[8712,3679],[12,3],[8,-11],[-16,-2],[-4,10]],[[8703,3720],[9,-10],[-3,-5],[-15,10],[9,5]],[[8694,3736],[15,7],[9,-10],[-12,-8],[-12,11]],[[8625,3861],[17,-36],[-4,0],[-7,23],[-6,13]],[[8624,3932],[3,3],[15,-43],[-15,25],[-3,15]],[[8604,3943],[-5,43],[8,7],[2,-55],[-5,5]],[[8611,4034],[5,-26],[7,-17],[-18,17],[6,26]],[[8567,4071],[49,8],[32,-10],[-6,35],[20,20],[0,60],[39,45]],[[8701,4229],[16,-22],[22,-63],[24,-30],[25,-2],[22,27]],[[8810,4139],[5,-88],[17,-30],[-14,-2],[-8,-46],[-9,35],[-21,11],[-19,-13],[-41,33],[-20,-13],[-7,-30],[-16,33],[-10,-8],[-1,-51],[16,-50],[5,-49],[40,-107],[26,-85],[-6,0],[-30,70],[-41,12],[-2,29],[-22,38],[-16,54],[9,12],[-19,59],[2,35],[-16,51],[-12,12],[-17,-86],[-15,48],[-1,58]],[[8759,3653],[1,3],[29,-39],[-30,36]],[[8759,3653],[-2,-13],[-23,47],[25,-34]],[[7845,4655],[5,-12],[-9,3],[-1,9],[5,0]],[[7733,5280],[0,18],[24,-14],[-14,-25],[-10,21]],[[7708,5617],[-10,7],[-1,31],[9,0],[2,-38]],[[7713,5661],[-5,9],[-4,20],[6,-4],[3,-25]],[[7663,5677],[-7,-27],[-10,29],[15,16],[2,-18]],[[7678,5730],[1,-13],[-10,-42],[-5,15],[14,40]],[[7634,5787],[-1,2],[7,16],[5,-2],[-11,-16]],[[7655,5862],[-1,-11],[-8,9],[7,8],[2,-6]],[[7603,5927],[9,-22],[-6,-30],[-6,22],[3,30]],[[7612,5970],[2,-32],[-18,13],[3,11],[13,8]],[[7668,5940],[-1,-76],[-36,65],[19,11],[3,28],[12,-61],[3,33]],[[7631,6048],[24,47],[5,-26],[-9,-49],[-29,-48],[-6,63],[15,13]],[[7794,6154],[3,-12],[-6,-7],[-6,15],[9,4]],[[7801,6192],[18,-33],[-23,-3],[-6,34],[11,2]],[[7813,6209],[7,-6],[-1,-2],[-4,-9],[-2,17]],[[7896,6379],[-17,-69],[6,54],[-19,9],[27,22],[3,-16]],[[7900,6422],[-5,-18],[-5,0],[-1,22],[11,-4]],[[4209,6],[3,9],[9,-9],[-9,-6],[-3,6]],[[7732,5407],[-9,-4],[12,48],[10,-14],[-13,-30]],[[4644,397],[-1,6],[10,-3],[5,-18],[-14,15]],[[7698,2620],[0,-5],[-1,5]],[[7697,2620],[1,0]],[[7884,4892],[10,-12],[-12,-16],[-8,12],[9,14],[-53,-26],[-19,21],[-28,-28],[-8,-50],[-24,23],[-26,-7],[-21,-57],[-11,36],[30,62],[29,97],[52,-5],[15,64],[-23,-31],[-15,0],[-15,35],[-20,-12],[-5,33],[-25,-25],[-16,49],[50,58],[7,39],[-2,58],[-30,-18],[27,67],[44,23],[13,57],[-5,29],[11,30],[-21,-2],[-18,63],[11,56],[-26,-15],[-21,20],[2,-34],[-22,27],[0,-36],[-13,34],[6,45],[18,56],[-14,33],[6,38],[-25,-9],[-8,-82],[-12,-9],[7,71],[-4,33],[9,66],[11,47],[-18,-33],[-17,22],[17,-38],[-30,-17],[7,28],[5,27],[-8,8],[17,9],[12,83],[-9,87],[20,15],[-5,23],[22,84],[15,-11],[75,13],[-9,-51],[-39,-58],[13,-17],[-21,-52],[35,34],[72,-4],[7,-33],[-10,-23],[-11,-70],[-14,-46],[-17,-20],[14,-26],[-28,-36],[18,3],[30,-25],[24,-51],[5,-65],[19,-83],[25,-25],[22,-56],[-6,-14],[16,-59],[9,-85],[-15,-32],[17,-14],[9,28],[32,-7],[18,-24],[5,-46],[-8,-63],[-29,-39],[-4,-40],[-20,-10],[24,-23],[21,7],[-3,-42],[-50,-60],[-20,15],[-30,-17],[-3,17],[-18,-10]],[[7568,5464],[28,45],[9,45],[53,36],[21,-83],[10,-11],[-23,-98],[-27,0],[-19,59],[-12,-45],[-25,14],[-15,38]],[[8982,6105],[31,-17],[-30,-38],[-21,-13],[-15,19],[0,37],[35,12]],[[9015,6112],[-7,-15],[-7,11],[5,12],[9,-8]],[[9008,6178],[6,-2],[2,-9],[-10,-2],[2,13]],[[8985,6171],[15,-25],[-22,-26],[-23,43],[30,8]],[[9198,5942],[-22,15],[-17,-17],[-57,86],[-44,-32]],[[9058,5994],[10,75],[-18,-17],[-18,15],[-14,66],[2,70],[25,25],[52,26],[12,-7],[15,25],[50,-29],[63,-15],[-15,-14],[-7,-45],[-30,-6],[-5,-26],[30,-128],[-12,-67]],[[9193,2568],[-4,-30],[0,-31],[-4,25],[8,36]],[[9001,2628],[-7,0],[2,28],[7,-22],[-2,-6]],[[9239,2664],[-9,-49],[-12,-36],[-4,44],[25,41]],[[9069,2718],[0,-13],[-10,-6],[2,17],[8,2]],[[9191,2724],[-13,-16],[6,19],[10,11],[-3,-14]],[[9093,2751],[4,19],[5,3],[-2,-22],[-7,0]],[[9177,2767],[3,-10],[-9,24],[4,0],[2,-14]],[[9112,2732],[-6,33],[8,19],[3,-17],[-5,-35]],[[9094,2854],[7,-5],[-1,-14],[-10,17],[4,2]],[[9151,2852],[-12,-19],[-4,5],[4,14],[12,0]],[[9180,2870],[-8,-16],[-9,14],[12,11],[5,-9]],[[8895,2887],[11,-22],[-8,-11],[-9,27],[6,6]],[[9083,2895],[5,-3],[-1,-27],[-11,32],[7,-2]],[[8889,2981],[8,-62],[-13,5],[-1,33],[6,24]],[[9139,3000],[5,-46],[-8,-21],[-7,64],[10,3]],[[8895,3011],[-7,-6],[-1,11],[5,24],[3,-29]],[[9071,3045],[5,-13],[-7,0],[-2,29],[4,-16]],[[9018,3048],[30,-35],[14,-110],[-17,56],[-38,78],[11,11]],[[9035,3083],[-6,-6],[-4,19],[10,-13]],[[9155,3112],[8,-48],[-19,3],[-14,37],[25,8]],[[8857,3187],[-4,-22],[4,-26],[-14,40],[14,8]],[[9111,3221],[-5,-34],[-14,8],[-1,24],[20,2]],[[9121,3295],[1,-10],[-5,-6],[-5,14],[9,2]],[[9080,3314],[-12,5],[6,24],[6,-8],[0,-21]],[[8908,3324],[4,14],[-5,-11]],[[8907,3327],[-3,11],[1,5]],[[8905,3343],[29,10],[14,37],[38,11],[8,26]],[[8994,3427],[33,5],[40,29],[36,-50],[39,18],[-4,53],[13,2]],[[9151,3484],[12,-15],[2,-37],[-14,-18],[2,-45],[-15,-37]],[[9138,3332],[-46,42],[-11,-23],[-11,15],[-20,-34],[-20,-5],[32,-79],[-21,29],[-27,-27],[16,-45],[-15,8],[-3,43],[-22,39],[-11,-68],[35,-136],[-19,29],[7,-51],[-14,-40],[25,-21],[2,-22],[27,-32],[4,-100],[-16,46],[-21,3],[-3,-54],[16,-25],[-13,-10],[-24,24],[19,-120],[3,-54],[-28,54],[-3,-49],[-17,88],[-21,-44],[-6,128],[-20,43],[12,59],[11,-10],[15,26],[42,-45],[16,10],[-24,33],[-32,16],[-39,-19],[-14,97],[15,13],[-22,11],[-31,96]],[[8861,3171],[17,21],[-3,24],[15,16],[18,92]],[[9147,2450],[-69,-20],[-1,28],[-43,22],[-12,8],[9,33],[22,11],[4,-33],[31,8],[37,-13],[3,-33],[20,24],[-1,-35]],[[8167,5273],[1,-19],[-5,-16],[-3,9],[7,26]],[[8198,5305],[-16,-12],[-1,5],[22,14],[-5,-7]],[[8097,4984],[23,-2],[17,2]],[[8137,4984],[-14,-26],[-24,7],[-2,19]],[[8218,4887],[-14,3],[6,61],[-27,17],[-11,33],[-34,-17]],[[8138,4984],[-20,5],[-17,23],[22,15],[-10,14],[11,2],[3,-7],[-1,-7],[9,5],[-10,25],[24,75],[11,100],[8,-10],[31,60],[26,30],[27,-5],[21,-34]],[[8205,5143],[3,5],[-1,2],[5,7],[-9,21],[4,-28],[-2,-7],[-13,-18],[-14,18],[25,35],[3,35],[-15,2],[-2,35],[-15,-23],[12,-35],[-12,-12],[-3,-39],[22,-19],[12,21]],[[8015,3080],[-8,-43],[-9,11],[7,27],[10,5]],[[8089,3213],[-1,-29],[14,-5],[-19,-75],[-18,48],[-14,5],[38,56]],[[8132,3229],[8,-37],[-21,16],[-1,19],[14,2]],[[7697,2620],[-12,-22],[-25,47],[-16,101],[-18,32],[-23,6]],[[7603,2784],[-6,57],[12,65],[11,5],[-15,67],[4,43],[13,46],[-8,13],[-18,88],[24,3],[7,50],[-7,27],[11,26],[-7,103],[34,86],[-17,27],[1,28],[-27,8],[-5,-18],[-22,5],[-21,-13],[-2,52],[-24,-28]],[[7541,3524],[-6,20],[12,32],[-18,36],[4,39],[-17,20],[8,44],[37,34],[0,23],[20,30],[30,-30],[83,0],[47,-29],[39,21],[21,-23],[16,13],[28,-26],[15,15]],[[8008,3622],[4,-26],[9,11]],[[8089,3596],[2,-72],[-13,-40],[-30,-39],[-11,-29],[-49,-36],[-42,-156],[-18,-80],[5,-69],[20,-54],[-34,-62],[-11,-72],[3,-38],[-25,-6],[-20,-35],[-21,-95],[-11,14],[-14,-22],[-25,11],[-56,-8],[-13,-33],[-22,-14],[-6,-41]],[[8906,5590],[-3,2],[8,34],[1,-11],[-6,-25]],[[9020,5385],[-2,34],[-30,29]],[[8988,5448],[2,84],[-11,24],[-22,-2],[-37,43],[-10,67],[-1,51]],[[8909,5715],[13,24],[35,31],[47,-18],[26,7],[35,-14],[20,27],[10,-40],[26,-6],[28,-62],[14,-12]],[[9163,5652],[-6,-51],[16,-11],[-23,-18],[-24,-45],[-2,-45],[-12,-43],[-32,-50],[-60,-4]],[[8421,3656],[-2,-16],[-12,8],[2,8],[12,0]],[[8265,4139],[37,-2],[11,52],[17,30],[-1,-30],[19,-27],[3,-38],[25,103],[6,-30],[18,10],[6,37],[15,-10],[1,50],[25,-15],[15,34],[37,3],[14,-47],[58,-27]],[[8571,4232],[-15,-35],[13,-18],[-9,-27],[21,-58],[-9,-8]],[[8572,4086],[-7,33],[-16,-2],[-46,-73],[15,-53],[-11,-21],[4,-91],[15,-41],[42,-71],[21,-145],[30,-80],[18,-24],[41,3],[8,-24],[-12,-23],[4,-34],[47,-52],[20,-40],[25,-29],[23,-82],[-7,-50],[-14,18],[-10,59],[-15,2],[-22,32],[-20,-66],[-4,-61],[29,-45],[-2,-78],[-13,3],[-14,-30],[2,-45],[-22,-76],[-19,3],[-1,43],[12,35],[-3,30],[16,13],[-9,107],[-18,98],[-12,-10],[-20,37],[4,23],[-12,45],[-29,24],[-18,66],[-31,-6],[-55,126],[-9,39],[-30,67],[-21,34],[1,33],[-20,136],[-41,51],[-23,10],[-25,-71],[-31,-25]],[[8641,2868],[-5,-65],[10,-49],[-12,-55],[-27,22],[-9,38],[-17,8],[-48,76],[-20,36],[15,56],[16,3],[32,-35],[22,8],[56,43],[0,-32],[-13,-54]],[[8335,3200],[-15,153],[25,8],[21,53],[10,-11],[18,-102],[-10,-43],[5,-26],[-7,-147],[-22,11],[-11,-51],[-12,3],[-10,75],[8,77]],[[9135,3242],[-10,-7],[-4,2],[11,19],[3,-14]],[[9151,3484],[10,34],[33,26],[13,-31],[22,13]],[[9229,3526],[2,-52],[14,-31],[33,-32],[-5,-37],[-34,14],[-33,-16],[-16,-56],[-22,-26],[-25,-63],[3,42],[28,42],[-35,3],[-1,18]],[[9285,3411],[29,-13],[18,8],[26,-18],[18,0],[8,36],[40,63],[48,44],[63,-10],[12,23],[12,-52],[14,-21],[21,16],[22,-76],[8,21],[43,-52],[35,-19],[50,29],[32,-29],[58,71],[7,21],[41,-13],[18,23],[19,-62],[7,2],[16,-79],[-8,-34],[4,-55],[37,-22],[5,-32],[-7,-50],[-16,-5],[10,-86],[0,-72],[8,-11],[-11,-54],[18,-38],[-2,-43],[11,-25],[-23,-49],[-4,44],[-34,-3],[-35,19],[-16,-38],[-7,33],[-9,-22],[-24,-16],[-36,2],[-43,-54],[-24,-14],[-27,11],[-21,28],[-34,-41],[-21,0],[-16,30],[-6,-52],[7,-41],[-14,0],[-10,-63],[-17,76],[19,44],[-8,49],[-31,-57],[-27,41],[-9,-8],[-41,-96],[-40,-19],[-19,25],[-16,57],[-31,41],[-31,11],[-13,-98],[-6,8],[-27,-28],[-25,36],[-9,60],[-30,16],[-28,-30],[-3,22],[20,3],[11,35],[-47,-13],[16,49],[-18,13],[1,98],[-30,18],[-16,27],[11,14],[1,46],[8,-54],[12,19],[-10,45],[14,32],[-19,54],[13,48],[-38,-19],[6,85],[25,61],[26,8],[22,-21],[-7,26],[12,-16],[58,6],[-17,16],[9,18],[43,19],[-26,0],[-15,34],[10,39]],[[8597,5346],[17,25],[-19,2]],[[8595,5385],[88,54],[20,41],[35,29],[45,14],[12,-63],[37,-23],[18,23],[138,-12]],[[9020,5385],[20,-124],[-1,-74],[-22,-25],[-11,-35],[22,-30],[-5,-75],[5,-42],[23,-78],[-2,-45],[-17,-24],[-29,-67],[-21,-67],[10,-85],[-15,15]],[[8977,4629],[-24,19],[-9,27],[-25,12],[-15,-24],[-29,14],[-12,-34],[-14,5],[-14,63],[-12,-31],[-16,16]],[[8807,4696],[-12,60],[-34,12],[-30,62],[-21,-42],[-24,50],[6,33],[-40,26],[-22,28],[-8,-21]],[[8977,4629],[-10,-58],[-8,-46]],[[8959,4525],[-19,-10],[-14,34],[-43,-5],[-7,-39],[-21,-24],[-48,-13],[-1,-34],[-45,-12],[-31,39]],[[8730,4461],[-14,56],[5,39]],[[8721,4556],[10,39],[17,-7],[24,36],[6,36],[29,36]],[[9254,3800],[-4,-59],[-15,8],[-12,-62],[0,-47],[-12,-39],[18,-75]],[[8994,3427],[5,57],[-8,47],[-22,47],[7,86],[10,2],[11,49],[-21,44],[-7,51],[15,66]],[[8984,3876],[16,-22],[-6,-39],[19,8],[39,-21],[15,6],[40,-21],[19,10],[17,44],[40,25],[17,-23],[24,-5],[3,-23],[27,-15]],[[9198,5942],[22,-37],[-9,-69],[7,4],[16,-53],[2,-57],[-12,-11],[-15,-47],[-28,5],[-18,-25]],[[8909,5715],[-4,28],[5,93],[15,30],[1,37],[12,43],[42,31],[3,-26],[22,-35],[5,-39],[20,-22],[32,39],[-4,100]],[[8959,4525],[21,-49],[13,-22]],[[8993,4454],[-29,-37],[-12,-35],[-22,-118],[-18,-70],[-40,-27]],[[8872,4167],[-32,10],[-30,-38]],[[8701,4229],[-12,55],[-8,0]],[[8681,4284],[19,22],[-3,54],[10,15],[-2,47],[21,-5],[4,44]],[[8208,4699],[-3,55],[18,36]],[[8567,4071],[0,8],[5,7]],[[8571,4232],[39,-23],[14,35],[53,15],[4,25]],[[8058,4942],[28,35],[11,7]],[[8137,4984],[4,-14],[-3,14]],[[8907,3327],[-1,-3],[2,0]],[[8861,3171],[-7,56],[-17,26],[-8,66],[9,40],[-5,78],[9,63],[-11,5],[3,84],[13,41],[16,-13],[21,-54],[5,-42],[-8,-63],[9,-97],[15,-18]],[[8993,4454],[11,22],[11,-15],[40,-15],[15,5],[16,-34],[16,29],[42,15],[6,34],[17,8],[15,-15],[14,-78],[23,-82],[10,-17],[10,-57],[-7,-102],[11,-106],[21,-15],[24,33],[15,-15],[-1,-76],[-24,-13],[-5,36],[-3,-66],[-13,-38],[-3,-92]],[[8984,3876],[-9,41],[13,13],[-16,23],[-11,-33],[-37,53],[5,46],[-33,52],[1,41],[-25,55]],[[7603,2784],[-18,-27],[-38,16],[-17,-16],[9,73],[0,135],[-18,8],[-3,38],[-11,8],[7,85],[12,64],[20,204],[-10,118],[5,34]],[[7262,7319],[-11,-54],[18,2],[-8,-51],[21,0],[36,-34],[-2,-82],[-15,-39],[-21,-10],[-5,-40],[-67,-41],[-16,-29],[-66,-45],[-8,-24],[-35,-20],[-67,24],[-17,31],[-27,20],[-72,-6],[46,61],[0,27],[-18,-14],[6,29],[-17,10],[1,31],[-58,8],[-21,13],[103,23],[-35,19],[31,40],[-30,21],[-29,2],[-33,-27],[-29,18],[37,41],[-4,36],[16,30],[43,-35],[-28,71],[25,5],[58,-75],[-7,-66],[16,-45],[10,51],[10,15],[9,-30],[11,38],[-8,52],[15,8],[21,-57],[6,29],[31,39],[21,-34],[4,30],[18,-3],[14,-30],[17,35],[34,0],[-2,49],[24,6],[11,-40],[18,-20],[25,37]],[[8721,4556],[-24,29],[-19,-7],[-48,39],[-12,-63],[-29,0],[-12,26]]],"bbox":[-172.8649665208742,19.25134384324178,44.75150374478326,83.58435182440637],"transform":{"scale":[0.021763823408906636,0.006433944192535712],"translate":[-172.8649665208742,19.25134384324178]},"title":"North Atlantic Treaty Organization","version":"2.0.1","copyright":"Copyright (c) 2022 Highsoft AS, Based on data from Natural Earth","copyrightShort":"Natural Earth","copyrightUrl":"http://www.naturalearthdata.com"}