{"type":"Topology","objects":{"default":{"type":"GeometryCollection","geometries":[{"type":"MultiPolygon","arcs":[[[0]],[[1]],[[2]],[[3]],[[4]],[[5]],[[6]],[[7]],[[8]],[[9]],[[10]],[[11]],[[12]]],"id":"DK","properties":{"hc-group":"admin0","hc-middle-x":0.13,"hc-middle-y":0.49,"hc-key":"dk","hc-a2":"DK","name":"Denmark","labelrank":"4","country-abbrev":"Den.","subregion":"Northern Europe","region-wb":"Europe & Central Asia","iso-a3":"DNK","iso-a2":"DK","woe-id":"23424796","continent":"Europe"}},{"type":"MultiPolygon","arcs":[[[13]],[[14]],[[15]],[[16]],[[17]]],"id":"FO","properties":{"hc-group":"admin0","hc-middle-x":0.44,"hc-middle-y":0.07,"hc-key":"fo","hc-a2":"FO","name":"Faroe Islands","labelrank":"6","country-abbrev":"Faeroe Is.","subregion":"Northern Europe","region-wb":"Europe & Central Asia","iso-a3":"FRO","iso-a2":"FO","woe-id":"23424816","continent":"Europe"}},{"type":"MultiPolygon","arcs":[[[18]],[[19]],[[20]],[[21]],[[22]],[[23]],[[24]],[[25]],[[26]],[[27]],[[28]],[[29,30,31]]],"id":"FI","properties":{"hc-group":"admin0","hc-middle-x":0.62,"hc-middle-y":0.65,"hc-key":"fi","hc-a2":"FI","name":"Finland","labelrank":"3","country-abbrev":"Fin.","subregion":"Northern Europe","region-wb":"Europe & Central Asia","iso-a3":"FIN","iso-a2":"FI","woe-id":"23424812","continent":"Europe"}},{"type":"MultiPolygon","arcs":[[[32]],[[33]],[[34]],[[35]],[[36]],[[37,38,39,40,41,42,-31,43]],[[44]],[[45]]],"id":"SE","properties":{"hc-group":"admin0","hc-middle-x":0.51,"hc-middle-y":0.32,"hc-key":"se","hc-a2":"SE","name":"Sweden","labelrank":"3","country-abbrev":"Swe.","subregion":"Northern Europe","region-wb":"Europe & Central Asia","iso-a3":"SWE","iso-a2":"SE","woe-id":"23424954","continent":"Europe"}},{"type":"MultiPolygon","arcs":[[[46]],[[47]],[[48]],[[49]],[[50]],[[51]],[[52]],[[53]],[[54]],[[55]],[[56]],[[57]],[[58]],[[59]],[[60]],[[61]],[[62]],[[63]],[[64]],[[65]],[[66]],[[67]],[[68]],[[69]],[[70]],[[71]],[[72]],[[73]],[[74]],[[75]],[[76]],[[77]],[[78]],[[79]],[[80]],[[81]],[[82]],[[83]],[[84]],[[85]],[[86]],[[87]],[[88]],[[89]],[[90]],[[91]],[[92]],[[93]],[[94]],[[95]],[[96]],[[97]],[[98]],[[99]],[[100]],[[-41,101,-39,102,103,-32,-43,104]],[[105]],[[106]],[[107]],[[108]],[[109]],[[110]],[[111]],[[112]],[[113]],[[114]],[[115]],[[116]]],"id":"NO","properties":{"hc-group":"admin0","hc-middle-x":0.21,"hc-middle-y":0.79,"hc-key":"no","hc-a2":"NO","name":"Norway","labelrank":"3","country-abbrev":"Nor.","subregion":"Northern Europe","region-wb":"Europe & Central Asia","iso-a3":"NOR","iso-a2":"NO","woe-id":"-90","continent":"Europe"}},{"type":"Polygon","arcs":[[117],[118]],"id":"IS","properties":{"hc-group":"admin0","hc-middle-x":0.52,"hc-middle-y":0.66,"hc-key":"is","hc-a2":"IS","name":"Iceland","labelrank":"3","country-abbrev":"Iceland","subregion":"Northern Europe","region-wb":"Europe & Central Asia","iso-a3":"ISL","iso-a2":"IS","woe-id":"23424845","continent":"Europe"}}],"hc-recommended-transform":{"default":{"crs":"+proj=aea +lat_1=43 +lat_2=62 +lat_0=30 +lon_0=10 +x_0=0 +y_0=0 +ellps=intl +units=m +no_defs","scale":0.000262795066868,"jsonres":15.5,"jsonmarginX":-999,"jsonmarginY":9851,"xoffset":-1578953.83309,"yoffset":4620304.07435}},"hc-recommended-mapview":{"projection":{"name":"LambertConformalConic","parallels":[43,62],"rotation":[-10]}}}},"arcs":[[[6218,196],[29,-26],[-23,-13],[-31,66],[25,-27]],[[6607,260],[-6,-32],[-34,1],[-15,-35],[-20,9],[3,28],[28,22],[9,25],[35,-18]],[[6119,308],[41,-73],[7,-42],[-18,-19],[-27,25],[-3,70],[-30,24],[30,15]],[[6304,221],[-18,-119],[-17,62],[10,54],[28,67],[19,67],[-22,-131]],[[7026,399],[47,-60],[-13,-85],[-53,36],[-17,29],[4,76],[10,50],[22,-46]],[[6615,593],[-11,39],[16,49],[12,-57],[-17,-31]],[[6266,789],[0,-52],[-18,-3],[11,64],[-12,34],[7,28],[12,-71]],[[5961,1438],[-6,-91],[-20,-65],[-21,-10],[-18,67],[17,9],[1,50],[30,12],[17,28]],[[6367,1661],[-21,-21],[-7,-54],[-32,38],[31,33],[29,4]],[[6418,33],[-85,97],[20,27],[-16,33],[12,35],[30,6],[20,-44],[41,-42],[-4,22],[27,16],[23,-78],[-16,-59],[-28,12],[-24,-25]],[[6251,277],[-59,39],[-25,-1],[16,28],[-7,27],[-22,-7],[-19,49],[0,57],[-38,88],[14,30],[24,-22],[73,65],[7,-4],[28,-38],[-3,-63],[23,29],[1,74],[23,-63],[-14,-30],[24,-61],[3,-86],[-14,-86],[-35,-25]],[[5823,985],[-2,209],[9,72],[24,-55],[46,-1],[13,-60],[15,3],[3,91],[38,102],[27,-2],[13,-55],[-23,-54],[2,-33],[16,45],[22,-3],[3,42],[-20,-17],[11,43],[-10,22],[-4,67],[23,62],[26,16],[32,-30],[13,38],[40,12],[-22,28],[-94,-60],[-27,32],[-37,-43],[-40,-21],[-20,-81],[-15,-21],[22,-91],[-12,-23],[-53,111],[5,39],[32,98],[30,72],[30,-11],[34,34],[45,-13],[32,15],[29,47],[38,130],[33,80],[40,5],[72,90],[-30,-108],[21,-82],[-6,-26],[5,-94],[-17,-31],[-32,-166],[13,-115],[-34,3],[-5,-18],[38,6],[5,-85],[33,-28],[43,12],[31,-52],[-10,-69],[-28,-72],[-2,-36],[-20,50],[-14,-37],[-4,-47],[-10,48],[6,60],[-18,12],[-32,-90],[9,-74],[-5,-67],[-17,-46],[-9,27],[-37,-28],[27,-13],[3,-39],[-48,-46],[-26,13],[16,-40],[21,-2],[-26,-53],[-37,-29],[28,-8],[-13,-30],[3,-37],[20,-70],[-5,-32],[-34,-21],[16,-67],[27,-41],[2,-88],[-22,18],[-7,38],[-26,-71],[-37,-4],[-6,28],[-66,34],[-30,-7],[-3,76],[8,67],[-19,6],[-17,-45],[-2,66],[39,-21],[-13,178],[-30,-1],[0,-58],[-14,53],[5,34],[-16,47],[-12,-28],[-27,29],[18,149],[35,49],[-19,110],[-31,27],[5,51]],[[6491,243],[-42,124],[-40,26],[-29,-14],[-3,47],[-28,54],[21,15],[-10,100],[-19,52],[8,10],[-23,38],[52,3],[41,68],[0,60],[52,18],[-19,-39],[26,-137],[10,75],[23,60],[10,-101],[-14,-8],[15,-41],[7,45],[-12,128],[-30,-1],[1,20],[67,94],[43,-18],[25,-33],[-20,-75],[16,-73],[0,-54],[-25,-63],[-11,9],[-27,-44],[-4,-67],[39,-52],[3,-36],[-12,-20],[-38,-18],[-18,-47],[16,-11],[-4,-82],[-16,-14],[-26,23],[-4,-48],[12,11],[38,-66],[-37,-86],[1,-75],[-18,53],[7,38],[-28,92],[0,55],[24,5]],[[3146,4251],[27,-27],[-4,-32],[14,-27],[0,-53],[-34,66],[-16,76],[13,-3]],[[3154,4417],[31,-20],[10,-27],[-10,-44],[-14,44],[-22,11],[5,36]],[[3097,4558],[22,-27],[-26,-37],[-35,29],[-9,44],[48,-9]],[[3209,4702],[26,-67],[-19,-4],[15,-38],[-23,21],[-24,57],[2,32],[20,-76],[3,75]],[[3149,4569],[-16,23],[-23,71],[26,18],[45,-51],[-16,76],[31,-110],[-21,-8],[28,-29],[-23,-37],[-28,43],[8,-59],[16,-7],[-3,-59],[-40,69],[-13,39],[-36,37],[8,80],[21,-12],[13,-64],[23,-20]],[[8018,3297],[-1,-28],[-30,-11],[26,48],[21,9],[6,-38],[-22,20]],[[7955,3329],[22,-53],[-9,-20],[-27,42],[14,31]],[[7878,3391],[-18,-40],[-9,32],[11,46],[16,-38]],[[8274,3384],[-25,-42],[-10,4],[9,41],[26,-3]],[[8374,3290],[-12,-22],[-5,50],[44,39],[-33,6],[6,24],[65,22],[6,-70],[-30,-67],[-5,20],[-33,-22],[-3,20]],[[8342,3425],[-34,10],[9,28],[34,-11],[-9,-27]],[[8287,3461],[-30,37],[18,45],[18,-70],[-6,-12]],[[8129,5254],[30,-4],[-9,-25],[30,-20],[-21,-34],[-30,83]],[[8304,5258],[10,21],[23,-16],[-19,-31],[-14,26]],[[8805,6326],[-42,-60],[-12,42],[15,26],[32,10],[7,-18]],[[7901,3454],[3,-66],[15,70],[-19,32],[22,5],[32,-8],[33,-46],[-18,-66],[-14,4],[-13,47],[3,-101],[-24,8],[-26,-17],[-21,117],[27,21]],[[9533,8713],[-88,-76],[-3,-20],[51,-1],[13,-19],[-15,-65],[-46,-111],[0,-31],[36,-173],[12,-18],[101,-56],[11,-15],[52,-141],[64,-82],[-16,-107],[-72,-127],[-74,-185],[-8,-50],[6,-42],[42,-95],[16,-68],[20,-46],[11,-87],[55,-145],[11,-80],[21,-91],[4,-100],[-18,12],[-53,-29],[25,-39],[-17,-31],[-4,-110],[-25,-57],[45,-19],[-2,-67],[-28,-9],[-14,-52],[19,-92],[15,-26],[50,-6],[22,-86],[-39,-39],[19,-65],[-7,-44],[52,-49],[42,-58],[5,-82],[-14,-56],[-32,-58],[-23,-62],[-39,-30],[46,-97],[44,-72],[59,-51],[28,-53],[45,-57],[4,-47],[45,-90],[12,-37],[-23,-70],[-35,-173],[-47,-87],[-13,-40],[-48,-65],[-53,-115],[-100,-241],[-42,-65],[-61,-145],[-72,-90],[-33,-81],[-16,-7],[-67,-116],[-70,-152],[-28,-17],[-16,23],[-9,-31],[-50,62],[-21,-12],[-10,-35],[-76,-51],[-16,24],[-29,-37],[-32,8],[-23,40],[-3,-64],[-20,-21],[8,-46],[-34,1],[-15,29],[3,42],[-26,-22],[-4,-50],[-54,1],[-4,-38],[-41,-24],[-22,12],[-40,-22],[-1,-40],[-22,-39],[-17,5],[-1,42],[-61,-39],[-75,-31],[-31,-1],[20,71],[-39,-91],[-13,-49],[-62,-18],[5,19],[56,47],[-26,11],[28,60],[-47,14],[9,36],[-31,38],[24,55],[-23,15],[-25,-38],[-38,-20],[9,39],[-22,-15],[31,78],[-25,17],[-34,-12],[-41,33],[-34,56],[-16,-32],[10,91],[-31,-37],[-5,-43],[-46,91],[7,68],[-17,46],[-3,82],[22,-42],[-24,95],[28,-3],[-4,71],[23,19],[2,128],[-26,42],[23,-6],[-8,57],[37,-26],[-32,74],[-9,97],[-21,77],[-23,28],[9,82],[18,52],[-14,15],[5,74],[-12,34],[-15,-36],[-10,32],[-1,91],[12,28],[-20,46],[14,30],[12,78],[20,-2],[22,58],[6,73],[34,-27],[-29,60],[-5,49],[27,-6],[44,37],[2,-50],[24,41],[29,-3],[31,49],[-34,83],[43,18],[17,102],[12,28],[20,-12],[6,-37],[16,14],[29,103],[37,44],[31,6],[2,89],[39,-12],[-6,42],[48,79],[19,12],[10,79],[61,91],[15,88],[62,114],[53,31],[33,-60],[17,7],[3,42],[-23,18],[-3,37],[39,-14],[-21,87],[-20,7],[18,80],[7,138],[-47,73],[-48,34],[-23,-18],[-26,107],[-24,-24],[-44,32]],[[8679,6782],[-19,76],[-6,61],[-23,67],[-30,27],[-15,139],[43,76],[2,114],[19,36],[-12,46],[-44,97],[-18,63],[3,65],[24,17],[6,79],[-60,40],[22,61],[-13,90],[2,87],[29,31],[-48,71],[-11,46],[-31,2],[0,52],[-18,49],[-43,58],[-90,49],[-42,1],[-26,54],[-82,73],[-69,109],[-30,15],[5,44],[-56,42]],[[8048,8719],[22,41],[51,-39],[23,29],[-22,56],[11,35],[39,32],[62,-17],[64,-151],[24,-35],[38,-80],[10,-67],[30,8],[46,-29],[29,6],[32,-41],[51,40],[45,18],[10,51],[24,11],[72,-65],[59,-26],[36,-62],[46,45],[14,105],[34,37],[46,5],[27,79],[-11,108],[8,73],[17,35],[1,90],[21,54],[6,51],[29,12],[39,73],[15,49],[64,12],[43,-22],[37,18],[2,18],[43,38],[9,23],[51,6],[48,-107],[38,-23],[4,-32],[129,-78],[38,-126],[-20,-53],[-65,-96],[-7,-67],[23,-48]],[[7799,2061],[20,-16],[-35,-33],[-2,-37],[-16,35],[9,38],[24,13]],[[6465,2103],[-14,-58],[-24,-5],[-4,55],[42,8]],[[6474,2215],[3,-72],[-17,-16],[-22,14],[-13,-22],[-15,45],[43,75],[21,-24]],[[7703,2992],[-23,-68],[-8,37],[15,34],[16,-3]],[[7659,3546],[21,-89],[-27,39],[0,81],[6,-31]],[[6411,2665],[0,-1],[3,-57]],[[6414,2607],[38,15],[26,198],[-5,67],[-19,120],[3,38],[24,22],[13,67],[-9,61]],[[6485,3195],[52,16]],[[6537,3211],[54,93],[12,40],[-4,107],[18,60],[0,71],[-38,145],[-22,136],[4,21],[41,21],[31,-6],[25,99],[10,100],[-47,106],[-35,22],[-45,86],[27,307],[-5,61],[-35,151],[11,89],[-8,115],[20,47],[-41,172],[38,100],[-6,87],[22,35],[70,182],[53,61],[45,20],[125,-50]],[[6857,5689],[40,118]],[[6897,5807],[-8,143],[-84,86],[94,245],[24,56],[16,103],[20,37],[0,90],[9,141],[15,87],[-19,170],[92,16],[76,73],[-10,131],[44,65],[65,174],[68,99],[3,89],[-55,134],[13,52],[50,30],[22,54],[36,158],[74,79],[18,39],[102,-83],[49,115],[4,24],[-10,119],[6,85],[47,22],[38,-44],[69,3],[160,-94],[56,76],[-50,39],[49,72],[21,87],[-3,64],[-42,68],[92,8]],[[8679,6782],[-42,-38],[-42,42],[-56,-4],[-44,-66],[-15,29],[-64,61],[-2,-59],[-35,55],[-19,4],[-10,-36],[13,-79],[-23,13],[26,-92],[-110,88],[59,-62],[10,-27],[-29,-13],[-28,11],[32,-41],[-16,-34],[-81,-11],[-7,-22],[45,-43],[-22,-28],[-42,81],[49,-136],[-43,-112],[-22,-3],[-13,-72],[-25,-10],[34,-44],[8,-46],[-24,37],[36,-96],[21,-15],[5,-57],[19,13],[-40,-88],[-23,-14],[-53,-106],[-9,-88],[-21,-70],[-42,-56],[-7,28],[-35,-101],[-41,8],[-57,-87],[-12,-55],[-39,78],[7,-91],[-25,41],[-16,-11],[-2,-71],[-24,-21],[-17,-79],[-24,55],[-26,-16],[28,-17],[-48,-39],[-32,-75],[-35,-21],[45,1],[-23,-28],[14,-46],[-33,-16],[-29,-93],[-45,-9],[14,-35],[-22,-78],[-24,8],[3,-36],[-29,6],[-19,54],[-18,-24],[0,-56],[22,-80],[34,-24],[-26,-8],[-7,-95],[-20,-64],[-3,-76],[12,-5],[-1,-60],[22,-11],[-14,-42],[-14,46],[-31,-40],[6,-24],[-30,-12],[21,-58],[-13,-53],[18,-37],[2,-62],[-11,-19],[7,-57],[-4,-70],[20,-91],[6,-58],[-22,-26],[39,-38],[29,5],[11,-80],[50,51],[9,-53],[64,-95],[22,-8],[20,-69],[-41,36],[31,-79],[56,-25],[15,-101],[30,-30],[-1,-37],[-31,-30],[27,0],[-1,-34],[-22,14],[-45,-71],[4,-17],[-49,-70],[-26,-8],[7,-48],[-22,37],[-30,-31],[84,-36],[-10,54],[56,-52],[-11,-30],[-29,-2],[17,-23],[-16,-18],[-44,51],[25,-105],[-35,-13],[-31,-35],[-26,-88],[-27,5],[2,123],[-13,-137],[-39,-18],[-1,-47],[-22,9],[3,-34],[-34,-11],[-14,19],[2,-62],[-31,-21],[-123,27],[32,-45],[19,17],[48,-10],[8,-46],[19,-24],[-39,-32],[-48,22],[47,-47],[15,-44],[-17,-27],[18,-20],[-5,-70],[-28,44],[21,-72],[-14,-55],[22,-46],[-4,-23],[-30,35],[-5,-28],[-26,4],[51,-125],[-23,13],[9,-49],[-20,-37],[20,-6],[11,-52],[-10,-54],[-15,1],[-15,-124],[21,-80],[-26,-18],[6,-39],[-20,-116],[4,-49],[-22,-15],[-8,-62],[-21,-77],[-10,-100],[-33,-102],[-5,44],[-45,29],[-45,-41],[-65,20],[-48,-15],[15,-70],[-52,1],[-23,-48],[-25,-80],[-2,-57],[30,-122],[-33,-80],[-53,26],[-45,-9],[-44,-44],[-18,0],[-59,48],[-4,92],[24,59],[-25,45],[1,50],[-19,33],[-12,65],[-26,73],[-18,95],[51,-28],[6,31],[-37,84],[17,29],[31,-7],[9,44],[-12,73],[-25,-1],[-21,62],[-3,42],[-39,55],[-19,78],[-38,252],[-22,-59],[-5,53],[2,103],[-38,61],[18,32],[-21,38],[21,120],[10,110],[-7,58],[-17,8],[-26,-47],[-14,18],[30,86],[-21,24],[-6,-76],[-12,3],[-7,54],[-32,-55],[-5,37],[16,41],[-1,66],[-20,95],[10,38],[-6,74],[-15,28],[19,74],[23,0],[15,-60]],[[7298,999],[-3,190],[40,198],[17,12],[31,136],[14,112],[19,23],[-1,-69],[-33,-187],[-19,-64],[-24,-145],[-13,-135],[-14,-64],[-14,-7]],[[7686,1596],[-36,-55],[-16,-113],[-28,-11],[22,72],[-7,12],[-12,102],[-10,18],[14,72],[-12,79],[9,41],[29,56],[24,80],[24,16],[26,53],[7,-48],[13,32],[27,6],[14,-46],[-18,-11],[-7,-47],[-24,3],[-9,-71],[5,-101],[25,-26],[-28,-25],[-18,-41],[8,-32],[-22,-15]],[[5314,2846],[3,-75],[-23,16],[8,133],[12,-74]],[[5302,3170],[18,-47],[-42,8],[5,62],[19,-23]],[[5353,3154],[-14,-26],[-20,21],[-10,69],[9,41],[21,-24],[14,-81]],[[5382,3313],[-10,-63],[6,-28],[-23,-11],[-8,93],[35,9]],[[5281,3465],[3,-72],[-21,15],[-9,40],[5,92],[22,-75]],[[5269,3587],[22,-12],[7,-50],[-35,52],[6,10]],[[5245,3962],[17,-15],[-16,-38],[-18,3],[-1,56],[18,-6]],[[5256,4415],[31,-24],[-38,-46],[2,30],[-22,8],[27,32]],[[5276,4484],[16,-8],[-11,-42],[-20,64],[15,-14]],[[5385,4672],[22,-27],[-4,-42],[-41,-9],[2,60],[21,18]],[[5454,4687],[-34,-55],[-12,65],[24,39],[22,-49]],[[5481,4744],[18,-22],[-41,-1],[-11,20],[34,3]],[[5603,4920],[2,-22],[-43,-25],[2,45],[39,2]],[[5784,5130],[-23,-37],[-19,21],[9,25],[33,-9]],[[5742,5093],[-28,-45],[-23,21],[1,45],[29,-21],[15,54],[6,-54]],[[5828,5209],[28,-25],[-54,-20],[-16,24],[27,38],[15,-17]],[[5885,5229],[15,-42],[-26,-10],[-28,44],[3,26],[20,-30],[16,12]],[[5817,5287],[-53,18],[-5,24],[41,36],[16,-4],[15,-45],[-14,-29]],[[5941,5566],[5,-52],[-15,-19],[-76,-11],[3,20],[33,10],[50,52]],[[6411,6010],[-15,13],[3,43],[17,-29],[-9,-68],[-42,20],[-16,49],[0,38],[32,-35],[8,-33],[22,2]],[[6396,6077],[-7,-32],[-23,45],[21,11],[9,-24]],[[6371,6232],[1,-27],[-25,-18],[1,37],[-45,-24],[46,57],[22,-25]],[[6301,6206],[-14,-10],[8,44],[59,30],[-53,-64]],[[6472,6353],[-39,-42],[-7,8],[11,34],[35,0]],[[6558,6375],[9,-22],[-28,-34],[-27,12],[34,84],[12,-40]],[[6503,6705],[-7,-63],[-27,16],[12,46],[22,1]],[[6642,6874],[-43,-58],[-22,8],[19,53],[22,25],[2,-26],[53,22],[-31,-24]],[[6619,6998],[-9,-30],[17,-11],[-20,-31],[-43,-28],[55,100]],[[6655,7073],[13,-38],[-21,-12],[-8,22],[16,28]],[[6910,7561],[-5,-64],[-39,42],[14,34],[30,-12]],[[7077,8079],[10,37],[10,-66],[-55,-6],[0,33],[35,2]],[[7210,8103],[-14,-18],[-24,17],[-24,8],[62,-7]],[[6707,8129],[6,-63],[-28,-12],[7,-33],[-41,-41],[36,136],[20,13]],[[6761,8131],[-29,-45],[-11,45],[29,16],[-8,39],[26,-15],[-7,-40]],[[6911,8283],[-7,-39],[-10,28],[-14,22],[31,-11]],[[7296,8353],[-54,-20],[17,72],[27,13],[21,-41],[-11,-24]],[[7004,8393],[-28,37],[19,13],[51,-15],[-19,-35],[-23,0]],[[7422,8551],[-48,-19],[0,29],[31,52],[17,-62]],[[7443,8613],[-1,37],[40,-34],[-39,-43],[-21,79],[21,-39]],[[7298,8680],[27,-2],[1,-49],[-31,8],[-24,41],[27,2]],[[7474,8690],[-9,28],[18,30],[16,-18],[-25,-40]],[[8055,9181],[-19,-1],[2,56],[26,10],[-9,-65]],[[9724,9202],[11,-13],[-52,-36],[-14,3],[29,92],[21,-12],[5,-34]],[[7880,9213],[-34,-10],[8,48],[43,52],[14,-19],[-31,-71]],[[8110,9321],[23,-15],[-28,-39],[-24,2],[-9,30],[19,27],[19,-5]],[[7723,9339],[16,24],[16,-19],[-49,-53],[-8,38],[8,38],[17,-28]],[[7857,9357],[-34,11],[1,24],[15,2],[18,-37]],[[8080,9356],[5,35],[16,-26],[-10,-24],[-49,-13],[-35,33],[5,42],[30,39],[26,1],[17,-26],[-5,-61]],[[7796,9452],[3,-71],[-22,-11],[-19,22],[38,60]],[[7884,9450],[20,-47],[61,-35],[-32,-31],[-28,-1],[-33,97],[-17,18],[25,24],[4,-25]],[[8246,9460],[-10,12],[6,63],[15,-19],[-11,-56]],[[8418,9533],[23,-31],[23,-6],[8,-46],[-48,5],[-51,20],[-13,25],[20,31],[38,2]],[[8618,9728],[26,-1],[29,-54],[-46,-65],[-21,7],[-20,109],[13,27],[19,-23]],[[8663,9909],[0,-29],[25,3],[-23,-32],[-31,25],[9,44],[20,-11]],[[8789,9959],[-2,-41],[-28,19],[18,31],[12,-9]],[[6537,3211],[-36,2],[-16,-18]],[[6414,2607],[-3,58]],[[6411,2665],[-11,65],[-34,9],[-1,49],[-14,-38],[-35,38],[-14,-20],[-41,157],[12,104],[-18,79],[17,78],[11,-72],[6,91],[-39,-3],[-8,-91],[17,-43],[2,-55],[-20,-33],[-20,115],[-23,20],[27,-61],[-5,-67],[-22,20],[23,-64],[16,-8],[2,-116],[-19,14],[-9,-86],[-15,-9],[-1,-51],[-13,14],[-34,-58],[-20,0],[-39,105],[-16,-5],[33,-64],[-6,-36],[-29,-33],[-23,-2],[-22,-39],[31,0],[-45,-97],[-44,-56],[-1,-32],[-42,-89],[-23,-19],[-14,-55],[-26,-7],[-42,-86],[-16,74],[-4,-47],[-16,-38],[-47,-10],[-13,-29],[-56,11],[-48,-3],[27,41],[-38,-33],[-23,33],[26,12],[-31,37],[5,-36],[-21,0],[17,-31],[-30,-1],[-15,32],[29,63],[-52,29],[-71,69],[-7,49],[-46,31],[-24,64],[-16,76],[15,77],[-3,95],[30,-37],[3,-30],[26,19],[38,-68],[-7,34],[25,50],[77,40],[-83,-32],[-23,-56],[-29,109],[46,38],[-21,0],[12,40],[31,37],[-27,-1],[-25,-29],[-1,34],[51,17],[-26,4],[-2,50],[15,40],[-43,-68],[-7,55],[48,19],[-50,6],[-17,22],[-3,-56],[17,-49],[-34,-28],[-14,68],[-4,-60],[-16,-23],[-13,61],[-5,-44],[-7,62],[-7,-40],[-17,52],[-4,49],[23,71],[32,65],[3,-122],[11,85],[32,0],[27,52],[-44,56],[22,45],[35,17],[-4,23],[27,58],[34,18],[-6,24],[-27,-32],[-5,53],[12,11],[37,93],[27,36],[25,-7],[-20,-94],[-4,-91],[11,98],[15,66],[26,55],[54,20],[-44,-2],[-32,-40],[-21,16],[-33,-24],[-33,-42],[-15,-66],[-20,12],[-24,-61],[0,-84],[-18,-20],[-13,29],[4,73],[-20,-13],[-4,60],[-26,-45],[-36,29],[16,32],[-25,8],[1,67],[21,5],[-11,55],[12,24],[26,-50],[9,-5],[-31,66],[65,78],[-2,-123],[-31,-22],[21,-11],[15,32],[3,119],[-5,50],[-31,-38],[1,-36],[-40,-40],[-67,144],[15,1],[52,-55],[24,-49],[-4,44],[-32,45],[19,38],[35,22],[-12,18],[-32,-51],[-43,13],[-6,123],[21,18],[53,-30],[17,29],[65,28],[65,-17],[4,-28],[51,43],[7,33],[33,-14],[32,-42],[7,-48],[27,-62],[-28,117],[37,28],[40,-23],[-16,25],[20,31],[-20,17],[-5,51],[30,92],[-43,-98],[21,-63],[-24,-6],[-48,-43],[-11,32],[-60,36],[24,72],[-34,-49],[6,-35],[-18,-53],[-27,6],[-20,35],[-18,-21],[-23,12],[-69,-19],[-32,-34],[-14,29],[-18,-14],[9,47],[-40,20],[-8,35],[51,32],[-17,17],[-19,-20],[-20,57],[48,30],[47,-22],[47,37],[-55,-19],[-53,38],[0,18],[39,0],[-38,25],[50,-4],[-35,24],[-42,1],[-3,65],[65,63],[4,39],[56,-12],[11,-31],[37,1],[41,-43],[-22,42],[83,-14],[-47,26],[-29,-4],[-65,29],[42,12],[-96,12],[-48,-25],[27,79],[-42,83],[19,29],[25,-64],[24,-27],[2,-33],[18,50],[-26,12],[2,46],[34,-12],[42,24],[48,-75],[-35,70],[18,66],[50,39],[14,-55],[36,-87],[-31,106],[-3,45],[55,40],[30,-21],[-1,-38],[19,-43],[8,-70],[2,64],[22,8],[-36,23],[3,31],[-22,46],[-29,14],[-52,-30],[-16,20],[26,26],[39,-7],[-25,28],[-47,-7],[9,49],[39,4],[14,-32],[29,54],[19,-29],[8,32],[29,-3],[7,-70],[5,57],[64,-53],[46,21],[-48,-5],[-15,19],[17,46],[57,35],[52,-9],[-10,37],[-123,-55],[-13,34],[-60,-12],[-3,28],[31,47],[-20,-5],[-19,53],[64,51],[41,-62],[30,41],[19,-1],[-14,-39],[49,39],[18,-16],[14,-82],[46,-53],[23,-3],[-63,76],[-2,44],[-39,65],[23,49],[7,-36],[38,-56],[-2,-46],[35,-22],[18,21],[-37,48],[40,5],[-58,19],[22,20],[-38,1],[-10,49],[12,22],[55,-12],[11,30],[60,19],[-59,-5],[-24,53],[51,34],[-22,26],[33,22],[27,-3],[4,25],[20,-29],[6,-52],[21,20],[-18,86],[37,34],[6,-27],[16,43],[36,33],[20,-79],[28,-52],[-24,-59],[26,20],[22,-23],[32,0],[-35,22],[2,47],[37,17],[49,-22],[20,13],[19,-20],[22,29],[-26,12],[2,31],[25,10],[-13,26],[-32,-29],[15,45],[49,57],[16,-9],[21,37],[40,22],[-9,30],[-54,-2],[-2,24],[71,80],[-42,9],[-54,-53],[-4,-30],[25,-38],[-30,-63],[-47,-32],[-41,-59],[-31,-11],[-28,-33],[-29,5],[-21,107],[36,19],[5,36],[-87,-71],[2,36],[40,30],[-41,-1],[64,66],[51,34],[-25,28],[-21,-16],[16,61],[14,18],[12,65],[35,6],[-22,16],[27,17],[9,52],[28,9],[0,53],[45,-45],[-19,42],[25,17],[11,77],[17,-15],[20,-79],[38,-31],[16,69],[35,36],[-9,35],[-17,-33],[-21,80],[28,37],[52,21],[-36,12],[14,33],[61,50],[-27,-7],[-78,-84],[-43,8],[77,43],[-75,-21],[28,38],[77,39],[-4,19],[29,30],[32,-17],[81,53],[34,56],[24,68],[-48,-83],[-29,-31],[-20,59],[52,12],[-60,3],[27,61],[-1,11],[-28,-33],[-22,-4],[7,-27],[-30,-40],[8,87],[36,65],[-23,4],[14,66],[21,-44],[17,-70],[-2,32],[29,-17],[3,37],[-15,67],[-11,-48],[-20,15],[-9,62],[26,57],[34,-43],[-21,63],[25,37],[-17,14],[31,69],[45,-25],[24,-42],[-11,55],[-34,29],[18,44],[-55,-14],[-8,12],[36,43],[116,63],[15,-32],[16,32],[49,-1],[29,64],[-40,-46],[-27,17],[-24,-33],[-9,29],[-51,-30],[-39,-39],[-7,14],[52,62],[31,-1],[-24,26],[-24,-27],[-34,13],[-6,24],[30,32],[-12,79],[21,-23],[36,35],[-39,-3],[9,46],[40,24],[-40,30],[78,-20],[36,27],[-61,-6],[-2,48],[81,-9],[-34,12],[-30,39],[-8,39],[48,17],[13,-20],[19,37],[33,-8],[25,107],[64,1],[-38,10],[48,22],[26,-9],[-5,-35],[35,43],[47,-28],[15,-41],[2,70],[-19,17],[-50,3],[17,38],[-87,-57],[1,38],[-63,-22],[49,81],[10,29],[25,-2],[5,-27],[40,42],[-40,-1],[-18,27],[50,45],[2,-58],[29,31],[11,-24],[42,-11],[7,-22],[15,51],[48,38],[-66,-37],[-41,8],[-5,36],[40,-4],[-47,41],[51,32],[-14,26],[34,5],[36,-43],[-3,29],[-71,46],[-34,-50],[-64,-47],[-20,10],[27,25],[-15,17],[40,11],[4,21],[-35,-8],[-9,33],[37,43],[34,-6],[1,-33],[19,36],[87,37],[14,-29],[17,63],[-20,18],[-44,0],[-10,22],[-34,-48],[-14,25],[41,58],[0,-22],[40,26],[0,-29],[34,24],[7,70],[24,-44],[-10,-86],[20,-19],[14,-69],[37,-47],[2,27],[-35,29],[9,57],[28,-57],[7,69],[-25,9],[18,39],[36,-26],[-29,41],[-28,-22],[17,87],[-48,-14],[30,28],[-42,20],[12,21],[60,-37],[10,-38],[42,-37],[-35,74],[-68,58],[36,23],[48,10],[31,-21],[-8,-28],[54,29],[18,-54],[35,-29],[-38,83],[59,33],[49,-18],[-36,32],[-26,-2],[14,49],[-51,-44],[-38,-13],[-13,44],[-23,-35],[-56,-6],[-12,43],[25,11],[5,68],[65,40],[28,-45],[-7,40],[24,14],[44,-19],[-16,32],[-31,7],[83,81],[4,26],[-52,-21],[18,37],[-7,22],[34,57],[71,47],[5,36],[-18,35],[31,72],[-5,31],[26,17],[54,-113],[60,22],[-48,20],[-36,47],[5,45],[64,18],[29,-93],[23,-26],[36,-5],[-17,-42],[8,-31],[32,-1],[-4,58],[-18,37],[-35,-1],[-28,52],[2,25],[38,38],[-47,-5],[-2,33],[27,73],[35,28],[87,13],[-20,-74],[10,-24],[-15,-61],[8,-58],[9,101],[21,9],[3,82],[23,48],[1,-45],[28,105],[27,12],[18,-43],[-17,-134],[10,-42],[-16,-15],[-2,-53],[-15,-44],[-38,-45],[-12,-42],[65,74],[38,112],[40,-29],[-40,60],[4,85],[48,20],[1,46],[46,39],[-27,-55],[18,-17],[31,31],[15,77],[25,15],[29,-23],[4,-38],[58,-61],[32,-52],[-5,32],[-25,27],[4,89],[-18,42],[-58,22],[-13,34],[-41,37],[67,62],[52,-99],[-10,73],[30,32],[3,-22],[47,6],[4,-77],[-10,-16],[48,3],[-33,13],[9,50],[42,-19],[64,-8],[-19,-48],[-83,-39],[45,9],[66,43],[3,-71],[14,8],[9,-56],[22,26],[8,-27],[37,45],[-43,10],[-22,31],[40,29],[-17,16],[21,18],[-26,18],[22,32],[31,7],[-10,45],[72,86],[70,-15],[-36,40],[27,35],[16,51],[26,-8],[21,-32],[20,24],[-33,49],[-45,10],[-4,44],[23,18],[39,-52],[2,51],[17,5],[-27,37],[17,27],[56,-38],[16,-38],[12,42],[16,-29],[3,-51],[27,57],[-6,56],[31,-34],[-20,-38],[51,23],[30,0],[8,-24],[-102,-151],[-49,-61],[30,14],[2,-85],[-31,-17],[21,-31],[-39,-47],[-3,-90],[23,44],[8,-45],[21,14],[10,42],[40,77],[-20,16],[79,144],[26,38],[10,52],[54,94],[56,52],[10,-80],[-19,-71],[-53,-35],[56,-4],[-24,-126],[-2,-42],[25,10],[3,29],[26,32],[43,-2],[-15,38],[29,52],[2,69],[26,2],[11,50],[33,12],[-22,41],[-14,-19],[-37,23],[8,27],[32,-14],[-17,51],[40,-12],[13,-31],[3,86],[55,-37],[56,29],[12,-18],[-13,-36],[64,-9],[-18,-69],[-39,-49],[-83,3],[66,-32],[-86,-78],[26,3],[90,54],[-11,-53],[-69,-80],[41,-3],[8,-21],[38,46],[-30,-74],[0,-157],[10,24],[-6,66],[10,79],[32,49],[11,-32],[11,41],[-27,22],[22,105],[49,91],[46,7],[30,-18],[32,-42],[-20,-25],[11,-29],[62,28],[14,-9],[-18,-65],[26,9],[30,48],[38,-20],[-19,-20],[41,-38],[-37,-20],[7,-16],[52,22],[49,-56],[15,-32],[20,25],[25,-54],[2,-49],[-94,-22],[-27,-33],[-14,-46],[-29,-29],[-165,30],[-84,29],[-26,-29],[21,-20],[73,-18],[3,-29],[33,5],[62,-28],[-45,-42],[55,3],[5,-41],[-51,-107],[34,45],[58,-5],[37,34],[-9,59],[42,-26],[9,-97],[6,86],[64,-9],[16,-80],[-1,-57],[-13,-30],[-61,6],[-38,49],[-15,-6],[3,-41],[-18,-59],[-41,-50],[-26,-2],[-75,-47],[-16,-98],[-32,-49],[-19,-5]],[[6897,5807],[-32,-112],[-8,-6]],[[5896,5444],[75,32],[11,-24],[14,-50],[-45,-28],[-24,-2],[-39,-30],[-39,20],[28,57],[43,11],[-24,14]],[[6779,8240],[24,32],[28,-16],[34,42],[-3,-41],[34,-8],[-22,-46],[-46,-13],[13,-23],[-37,-31],[-15,30],[-7,-47],[-11,18],[24,54],[-20,-17],[4,66]],[[6985,8352],[40,-26],[3,30],[49,13],[-42,-92],[-11,-49],[-28,25],[-39,-40],[-53,-27],[-1,30],[28,24],[26,45],[-21,34],[49,33]],[[7106,8488],[-48,-46],[-34,5],[-11,31],[62,39],[-2,32],[-23,-25],[-48,-28],[-14,12],[-10,-36],[-33,-9],[-11,46],[30,29],[-18,11],[15,31],[12,-40],[4,40],[12,-23],[49,30],[-9,33],[-5,34],[22,-16],[1,-65],[12,51],[-12,61],[24,21],[2,-31],[25,-33],[-9,-51],[25,17],[-19,-54],[22,-19],[-11,-47]],[[7235,8784],[-44,-72],[-43,-28],[-25,-57],[-1,47],[26,87],[40,33],[12,54],[43,38],[8,-27],[-16,-75]],[[7605,9081],[27,-28],[-18,71],[36,7],[-6,43],[23,-9],[31,17],[9,-71],[14,59],[-19,61],[29,-5],[25,-27],[9,-53],[-41,-38],[4,-55],[-113,-36],[-35,37],[25,27]],[[7747,9281],[-16,29],[50,9],[-10,28],[28,-3],[30,-49],[30,39],[4,-38],[-32,-94],[-50,-31],[-15,31],[-55,67],[36,12]],[[8494,9613],[37,20],[37,-5],[-18,25],[11,19],[18,-23],[11,-66],[-50,-92],[-50,-21],[6,79],[-18,-43],[-29,37],[5,29],[40,41]],[[8336,9648],[17,21],[-58,-7],[6,36],[27,-18],[7,26],[33,-29],[-8,44],[22,-14],[8,25],[20,-18],[-10,-21],[41,-3],[-18,60],[23,-4],[20,-47],[11,36],[24,4],[-24,38],[23,20],[30,-27],[-3,49],[16,-11],[-2,-36],[-20,-62],[-33,-57],[-39,-28],[-40,15],[-14,-38],[-77,-12],[18,58]],[[8923,9862],[-20,30],[25,21],[-42,-6],[-5,23],[32,34],[42,-24],[-28,47],[22,12],[23,-4],[13,-34],[22,17],[5,-23],[-25,-21],[29,-28],[28,27],[-5,-30],[-76,-35],[-40,-6]],[[7162,8670],[46,2],[3,-43],[-11,-63],[22,-11],[-30,-93],[51,78],[20,-2],[-19,61],[28,1],[-2,39],[33,-33],[24,-85],[-17,-97],[-24,7],[-45,-16],[-23,-83],[-15,-15],[1,46],[-25,-12],[-21,-75],[-48,32],[45,72],[-40,-32],[-43,-65],[-26,-36],[2,37],[46,88],[-6,62],[39,21],[11,23],[-11,56],[-1,49],[34,8],[-15,29],[17,50]],[[7590,8996],[-19,-41],[24,-2],[1,-43],[-32,-21],[-4,-41],[13,-42],[-83,-16],[-3,27],[-43,-56],[-9,-49],[-25,-5],[12,42],[-50,-19],[-2,39],[43,7],[4,31],[-32,8],[8,24],[29,9],[-35,41],[39,-5],[-14,33],[-31,-3],[11,23],[80,-11],[-19,20],[38,9],[-45,16],[3,14],[23,2],[-12,33],[58,-44],[-27,47],[4,35],[30,-54],[-2,57],[14,-37],[15,30],[10,-34],[28,-24]],[[712,5523],[-6,-12],[-34,37],[14,2],[1,51],[-24,-49],[-62,56],[-3,51],[-32,-67],[-53,-10],[-23,24],[-49,-22],[-48,16],[-36,-24],[-32,4],[5,70],[-9,29],[9,59],[25,-65],[23,-3],[28,33],[11,-7],[51,54],[-18,35],[34,-11],[17,42],[-36,9],[30,63],[55,34],[-46,-1],[-44,-59],[-26,11],[26,37],[-16,17],[13,60],[25,21],[40,72],[-71,-80],[-15,-31],[-18,-1],[-11,50],[-15,0],[-4,53],[8,67],[-38,33],[-19,-19],[-98,16],[-11,17],[-37,-23],[-24,11],[-10,-37],[-33,-16],[-20,22],[-21,79],[38,23],[38,-18],[22,28],[51,1],[3,41],[47,-17],[34,50],[14,-39],[23,28],[30,3],[40,-19],[63,11],[-6,23],[18,46],[-6,29],[-48,-56],[-93,34],[12,38],[31,42],[20,8],[57,62],[-16,12],[-3,41],[-47,-45],[-39,46],[-13,31],[-29,7],[-2,-38],[-29,24],[16,25],[-50,-31],[-19,23],[-12,-55],[-29,9],[-44,-24],[-10,-21],[-33,-13],[-12,36],[-41,22],[-51,-7],[-10,12],[46,76],[69,-57],[-35,67],[51,-25],[-39,40],[-20,68],[15,9],[75,-60],[13,-30],[30,-10],[-25,54],[37,18],[-72,10],[-25,61],[8,30],[54,-25],[-53,77],[4,35],[49,-26],[-27,55],[34,5],[-22,16],[26,31],[50,-31],[12,-46],[14,19],[9,-45],[25,-7],[4,-66],[12,88],[12,-1],[19,-50],[-6,-60],[16,61],[16,-78],[9,50],[-19,60],[6,29],[-74,49],[-19,46],[34,17],[54,-7],[-41,27],[4,37],[-45,-34],[-44,33],[29,22],[-20,25],[51,20],[28,-29],[21,28],[55,-53],[9,-65],[43,3],[7,-32],[33,-22],[5,-61],[31,9],[7,-49],[20,8],[14,-26],[8,-79],[-18,-42],[7,-27],[-20,-31],[-24,2],[-18,46],[-1,-46],[14,-32],[30,2],[-7,-49],[28,23],[-9,-68],[31,-36],[1,-70],[14,-27],[11,111],[25,-65],[-13,98],[12,57],[41,56],[11,-9],[-3,-63],[26,-48],[37,104],[5,47],[-10,75],[-23,96],[4,34],[59,28],[39,-137],[30,-19],[10,-65],[38,-19],[7,47],[-9,69],[-11,16],[17,34],[-6,29],[16,19],[36,6],[14,-15],[0,52],[40,28],[23,-20],[32,-55],[1,-65],[34,-14],[26,-58],[4,-69],[13,-6],[7,60],[-15,57],[-14,10],[-17,99],[5,44],[69,-15],[29,-41],[27,-71],[32,16],[9,54],[27,66],[40,3],[11,-36],[41,4],[38,26],[12,60],[-17,48],[-5,84],[92,18],[24,-25],[-8,-42],[41,-18],[5,-31],[-17,-33],[14,-33],[30,-3],[26,-48],[14,71],[34,6],[21,51],[28,18],[41,-17],[-63,-41],[-10,-17],[10,-49],[-39,-45],[19,-38],[39,-7],[32,12],[12,-64],[-10,-40],[-29,-42],[-3,-47],[92,27],[-13,-30],[22,-35],[45,-38],[30,2],[12,-56],[18,21],[14,-25],[-6,-55],[-25,-68],[39,-30],[-16,-24],[-68,-13],[75,-1],[0,-54],[17,40],[-1,-72],[-22,-41],[-27,4],[-6,21],[-36,33],[1,-27],[-36,-6],[56,-9],[32,-62],[-25,14],[20,-48],[-36,-10],[23,-23],[-38,-6],[12,-30],[-51,-24],[-20,25],[19,-54],[-29,15],[0,-48],[-24,0],[22,-30],[-17,-85],[-31,2],[-42,-55],[14,-22],[-21,-12],[-20,24],[-21,-20],[-25,41],[-6,-38],[-56,-33],[-4,-24],[-46,-21],[-33,-62],[-23,-14],[-7,-31],[-47,-59],[-30,-16],[-1,-22],[-28,56],[-16,-30],[4,-30],[-36,10],[-67,-42],[-23,21],[-45,-68],[30,2],[-29,-89],[-31,-27],[-2,34],[-31,0],[10,-41],[-83,-43],[-99,26],[-47,38],[-39,20],[-74,6],[-27,34],[-37,80]],[[712,5523],[2,6],[18,14],[4,42],[-22,-56],[-4,-2],[2,-4]]],"bbox":[-24.539601572200265,54.57066807310173,31.569277351342155,71.16010034549126],"transform":{"scale":[0.0056114490372579685,0.0016591091381527683],"translate":[-24.539601572200265,54.57066807310173]},"title":"Nordic Countries without Greenland, Svalbard, and Jan Mayen","version":"2.0.1","copyright":"Copyright (c) 2022 Highsoft AS, Based on data from Natural Earth","copyrightShort":"Natural Earth","copyrightUrl":"http://www.naturalearthdata.com"}