{"type":"Topology","objects":{"default":{"type":"GeometryCollection","geometries":[{"type":"MultiPolygon","arcs":[[[0]],[[1]],[[2]],[[3]],[[4]],[[5]],[[6]],[[7]]],"id":"DK","properties":{"hc-group":"admin0","hc-middle-x":0.18,"hc-middle-y":0.58,"hc-key":"dk","hc-a2":"DK","name":"Denmark","labelrank":"4","country-abbrev":"Den.","subregion":"Northern Europe","region-wb":"Europe & Central Asia","iso-a3":"DNK","iso-a2":"DK","woe-id":"23424796","continent":"Europe"}},{"type":"MultiPolygon","arcs":[[[8]],[[9]]],"id":"FO","properties":{"hc-group":"admin0","hc-middle-x":0.4,"hc-middle-y":0.72,"hc-key":"fo","hc-a2":"FO","name":"Faroe Islands","labelrank":"6","country-abbrev":"Faeroe Is.","subregion":"Northern Europe","region-wb":"Europe & Central Asia","iso-a3":"FRO","iso-a2":"FO","woe-id":"23424816","continent":"Europe"}},{"type":"MultiPolygon","arcs":[[[10,11],[12],[13]],[[14]],[[15]],[[16]],[[17]],[[18]],[[19]],[[20]],[[21]],[[22]],[[23]],[[24]],[[25]],[[26]],[[27]],[[28]],[[29]],[[30]],[[31]],[[32]],[[33]],[[34]],[[35]],[[36]],[[37]],[[38]],[[39]],[[40]],[[41]],[[42]],[[43]],[[44]],[[45]],[[46]],[[47]],[[48]],[[49]],[[50]],[[51]],[[52]],[[53]],[[54]],[[55]],[[56]],[[57]],[[58]],[[59]],[[60]],[[61]]],"id":"GL","properties":{"hc-group":"admin0","hc-middle-x":0.56,"hc-middle-y":0.41,"hc-key":"gl","hc-a2":"GL","name":"Greenland","labelrank":"3","country-abbrev":"Grlnd.","subregion":"Northern America","region-wb":"Europe & Central Asia","iso-a3":"GRL","iso-a2":"GL","woe-id":"23424828","continent":"North America"}},{"type":"MultiPolygon","arcs":[[[62]],[[63]],[[64]],[[65,66,67]]],"id":"FI","properties":{"hc-group":"admin0","hc-middle-x":0.74,"hc-middle-y":0.6,"hc-key":"fi","hc-a2":"FI","name":"Finland","labelrank":"3","country-abbrev":"Fin.","subregion":"Northern Europe","region-wb":"Europe & Central Asia","iso-a3":"FIN","iso-a2":"FI","woe-id":"23424812","continent":"Europe"}},{"type":"MultiPolygon","arcs":[[[68]],[[69,-67,70]],[[71]],[[72]]],"id":"SE","properties":{"hc-group":"admin0","hc-middle-x":0.46,"hc-middle-y":0.66,"hc-key":"se","hc-a2":"SE","name":"Sweden","labelrank":"3","country-abbrev":"Swe.","subregion":"Northern Europe","region-wb":"Europe & Central Asia","iso-a3":"SWE","iso-a2":"SE","woe-id":"23424954","continent":"Europe"}},{"type":"MultiPolygon","arcs":[[[73]],[[74]],[[75]],[[76]],[[77]],[[78]],[[79]],[[80]],[[81]],[[82]],[[83]],[[84]],[[85]],[[86]],[[87]],[[88]],[[89]],[[90]],[[91]],[[92]],[[93]],[[94]],[[95]],[[96]],[[97]],[[98]],[[99]],[[100,-68,-70]],[[101]],[[102]],[[103]],[[104]],[[105]],[[106]],[[107]]],"id":"NO","properties":{"hc-group":"admin0","hc-middle-x":0.76,"hc-middle-y":0.87,"hc-key":"no","hc-a2":"NO","name":"Norway","labelrank":"3","country-abbrev":"Nor.","subregion":"Northern Europe","region-wb":"Europe & Central Asia","iso-a3":"NOR","iso-a2":"NO","woe-id":"-90","continent":"Europe"}},{"type":"Polygon","arcs":[[108]],"id":"IS","properties":{"hc-group":"admin0","hc-middle-x":0.59,"hc-middle-y":0.52,"hc-key":"is","hc-a2":"IS","name":"Iceland","labelrank":"3","country-abbrev":"Iceland","subregion":"Northern Europe","region-wb":"Europe & Central Asia","iso-a3":"ISL","iso-a2":"IS","woe-id":"23424845","continent":"Europe"}}],"hc-recommended-transform":{"default":{"rotation":-0.261799387799,"crs":"+proj=laea +lat_0=90 +lon_0=0 +x_0=0 +y_0=0 +datum=WGS84 +units=m +no_defs","scale":0.000175842805351,"jsonres":15.5,"jsonmarginX":-999,"jsonmarginY":9851,"xoffset":-1766832.06408,"yoffset":-631243.088807}},"hc-recommended-mapview":{"projection":{"name":"LambertConformalConic","parallels":[54.62488349164106,83.63313662826853],"rotation":[0]}}}},"arcs":[[[7898,114],[32,-50],[12,22],[13,-46],[-9,-32],[-27,-8],[-45,55],[9,54],[15,5]],[[7761,157],[22,-41],[-5,-35],[-15,14],[-2,62]],[[7829,78],[10,-4],[31,108],[-21,-142],[-20,38]],[[8239,210],[25,-35],[-8,-48],[-36,37],[7,72],[12,-26]],[[7678,804],[-3,-53],[-22,-42],[-9,37],[34,58]],[[7750,301],[62,39],[43,-87],[-6,-99],[-18,-14],[-31,22],[-30,55],[-1,33],[-19,51]],[[7656,802],[-18,-59],[5,-65],[-28,64],[36,119],[74,15],[15,27],[37,120],[22,3],[37,51],[-15,-61],[11,-47],[-1,-69],[-26,-114],[9,-119],[40,-8],[17,-30],[-20,-81],[-21,-40],[-12,68],[-17,-51],[2,-80],[-33,-27],[16,-31],[-53,-89],[20,-83],[-20,-30],[23,-62],[1,-51],[-16,32],[-14,-40],[-57,33],[-15,-3],[2,81],[-19,-22],[-1,37],[20,-12],[-6,102],[-16,-1],[-14,44],[-19,0],[9,86],[18,28],[-10,63],[-17,15],[2,149],[5,42],[13,-33],[24,0],[15,-32],[1,52],[20,58],[31,-59],[-11,90],[25,45],[18,-17],[16,44],[-50,-34],[-14,19],[-41,-37]],[[7950,363],[21,91],[-16,11],[36,53],[35,-28],[-10,-43],[9,-76],[-5,-52],[-14,23],[-17,-63],[21,-30],[-5,-31],[-30,-38],[22,-68],[-33,-88],[-20,62],[13,34],[-22,71],[-36,8],[-16,56],[10,10],[-5,57],[-17,56],[27,3],[39,61],[13,-79]],[[6169,2589],[-2,-37],[-22,41],[19,6],[3,50],[31,-55],[9,-68],[-38,63]],[[6218,2642],[14,34],[10,-45],[-23,8],[-5,-72],[-37,82],[41,-7]],[[2024,4709],[-104,-37],[-14,59],[-47,-11],[-13,40],[76,12],[-18,20],[41,41],[57,-42],[39,13],[15,60],[-27,9],[18,66],[1,62],[27,-2],[25,-61],[32,28],[-27,94],[-40,-45],[6,182],[22,31],[32,-5],[-31,52],[30,41],[-63,-29],[-131,31],[-26,57],[-58,47],[-57,9],[-33,33],[-36,82],[55,40],[52,-27],[60,1],[33,-18],[84,-93],[83,-37],[12,73],[-43,-39],[-33,50],[35,-11],[9,43],[-62,-2],[27,54],[53,-37],[-20,35],[-99,75],[12,15],[58,-37],[27,22],[-53,13],[13,29],[-64,-16],[-20,12],[66,61],[-20,17],[-63,-72],[-13,9],[12,28],[-21,-32],[-28,-4],[-20,66],[18,14],[53,-11],[6,-15],[8,19],[35,25],[44,0],[-24,24],[-70,-47],[-53,17],[27,35],[86,28],[11,31],[-47,-28],[-104,33],[39,55],[-48,-29],[-34,-45],[-33,22],[22,-60],[-10,-36],[-63,-30],[-33,29],[-29,-19],[-37,85],[-21,19],[32,20],[-23,48],[51,16],[-32,22],[68,90],[-13,59],[-19,-21],[-28,53],[48,2],[27,63],[-19,28],[31,16],[-24,48],[-54,20],[33,-25],[-21,-12],[-38,26],[14,16],[-10,4],[42,65],[-23,4],[19,47],[-39,4],[-22,47],[36,-28],[-14,43],[-34,19],[26,31],[-18,46],[26,8],[-42,29],[11,22],[-38,14],[26,71],[-41,-40],[-69,-23],[92,65],[-36,21],[52,8],[-44,27],[35,18],[-59,73],[-27,9],[34,26],[-27,38],[-101,50],[21,28],[-68,78],[40,20],[-20,103],[-55,-11],[-22,61],[-35,-23],[5,37],[-31,1],[-19,37],[-55,-10],[-15,54],[-121,22],[-10,24],[-54,-21],[-2,26],[-58,24],[-23,-66],[-29,-16],[-32,42],[-28,5],[-3,-50],[-60,17],[-1,-51],[-50,26],[31,46],[-61,14],[-20,-67],[-47,63],[-37,-36],[77,-74],[-181,45],[-1,22],[-112,83],[6,19],[78,51],[67,-1],[3,35],[-87,-7],[-94,30],[-17,17],[33,58],[-62,-59],[-88,67],[14,50],[28,18],[110,17],[103,-24],[71,11],[86,-25],[29,9],[-127,24],[-20,-7],[-84,24],[68,35],[151,-6],[10,21],[51,5],[-15,64],[-80,19],[-43,-52],[-71,-8],[-28,56],[1,-53],[-55,-20],[-100,43],[73,39],[0,25],[-52,-30],[-57,12],[57,51],[-58,-26],[-60,-4],[7,41],[-36,-9],[-58,26],[-5,41],[-56,34],[23,47],[6,79],[61,13],[37,29],[70,-15],[5,33],[130,36],[31,62],[94,33],[103,9],[13,13],[77,-12],[53,80],[52,58],[-23,115],[5,64],[67,19],[-91,6],[-53,-29],[-55,36],[-56,-19],[-39,42],[2,55],[61,41],[1,47],[60,4],[9,19],[48,-1],[-9,24],[48,16],[30,73],[81,23],[31,32],[40,-68],[-19,72],[38,23],[73,-10],[61,-46],[57,41],[-32,64],[47,48],[-63,82],[16,23],[114,46],[115,-30],[16,-61],[91,-30],[63,-57],[-13,32],[-54,44],[-36,5],[-32,73],[-94,44],[80,34],[202,46],[20,-25],[29,37],[64,-7],[0,24],[77,18],[34,-19],[50,-70],[5,-71],[-25,-56],[-2,-66],[27,-2],[-6,35],[60,74],[0,59],[81,-32],[63,-14],[104,-62],[33,-39],[1,37],[-56,25],[-50,57],[115,-29],[34,26],[-106,72],[-49,122],[197,-19],[27,-34],[256,-111],[7,-30],[72,-55],[34,-4],[52,23],[-61,47],[-4,22],[51,21],[-39,27],[23,38],[31,10],[92,-15],[-56,22],[10,22],[-62,29],[-19,25],[-100,56],[-8,18],[348,-7],[31,-94],[9,53],[-26,31],[29,6],[128,-61],[15,-53],[25,-19],[3,49],[-18,13],[1,53],[-96,28],[-437,36],[-34,-12],[-54,17],[-27,28],[81,-19],[-67,28],[63,33],[85,-38],[164,-21],[-163,39],[-35,24],[31,19],[41,-20],[8,24],[163,-22],[-104,32],[105,1],[-35,19],[54,6],[54,-12],[133,-88],[118,-9],[41,-22],[33,-52],[16,28],[-58,61],[172,1],[-144,20],[174,26],[-95,20],[-68,2],[-14,51],[13,25],[81,-24],[-23,27],[45,25],[72,-26],[7,36],[140,0],[83,22],[52,-48],[-19,43],[142,16],[19,-21],[157,10],[187,-27],[24,-18],[257,-60],[-40,-30],[-439,-25],[-14,-11],[-151,-13],[-51,-23],[-236,-28],[15,-35],[42,30],[86,5],[32,-29],[9,37],[51,14],[116,5],[163,44],[254,-23],[77,9],[126,29],[34,-19],[10,-40],[-39,-50],[65,16],[117,-21],[36,-28],[17,16],[124,-61],[-6,-24],[-84,-44],[-13,-31],[-136,-21],[-559,-48],[-53,20],[44,-38],[-173,-43],[-93,-42],[6,-52],[53,-3],[44,54],[82,10],[96,29],[22,-21],[47,38],[120,22],[294,-26],[-7,-71],[-152,-58],[-36,-28],[30,-36],[73,46],[102,29],[71,34],[27,-10],[27,106],[170,20],[24,-36],[10,-70],[-23,-88],[-94,-127],[-28,-10],[-52,-68],[-34,-74],[23,2],[46,75],[74,30],[56,62],[38,13],[25,43],[78,63],[-4,43],[76,-15],[-34,-87],[75,44],[108,-39],[64,52],[-1,29],[35,6],[-1,38],[59,11],[4,17],[177,-6],[80,-34],[96,-28],[61,-59],[-73,-45],[-34,-50],[-78,-58],[-112,-10],[33,-26],[-9,-45],[-96,-24],[-9,-23],[-79,-4],[-76,9],[-94,-30],[-49,-1],[-83,32],[-87,-43],[4,-27],[82,60],[135,-49],[69,6],[39,25],[41,-36],[62,-26],[-60,-64],[-80,0],[-54,-20],[-150,34],[-72,-81],[-11,-48],[36,-71],[44,32],[27,-22],[-33,-112],[9,-23],[49,-19],[-1,-39],[-56,-12],[-34,-33],[-1,-65],[-48,11],[-12,-29],[-37,2],[6,-53],[-38,-123],[-2,-67],[-29,-28],[-31,-109],[47,-9],[5,87],[61,22],[75,-62],[57,-19],[35,-40],[-36,-32],[-63,57],[-75,-13],[46,-34],[-11,-60],[69,-14],[27,-45],[35,-8],[-3,45],[50,-10],[22,-27],[5,-99],[-34,-76],[-41,47],[-31,-2],[-46,32],[-58,7],[-114,-100],[-51,71],[-4,-38],[-41,-18],[38,-38],[18,20],[44,-41],[-3,-94],[16,-11],[61,29],[37,-29],[52,11],[25,-45],[-56,-45],[-160,-1],[13,-11],[119,1],[60,-10],[55,-69],[-25,-17],[21,-50],[-4,-108],[-42,-26],[-27,66],[-47,-17],[-50,44],[-44,60],[-55,18],[62,-43],[26,-54],[32,-18],[43,-59],[-63,-7],[53,-21],[-16,-136],[56,5],[45,-32],[25,33],[17,-56],[28,-13],[-37,-74],[-78,4],[-15,56],[-84,11],[-48,-12],[-26,-41],[-17,-75],[-22,-13],[44,-23],[38,20],[84,-58],[39,-4],[-20,-40],[-5,-108],[-94,15],[-3,-33],[-69,-50],[-76,36],[-82,84],[-2,42],[41,-2],[-45,37],[-33,-32],[-5,-65],[-44,24]],[[4502,6544],[19,-40],[-53,-7],[-39,-69],[-41,-11],[-32,36],[-32,-1],[-47,54],[19,-50],[63,-25],[-25,-50],[-35,18],[-48,-7],[84,-23],[25,33],[42,1],[88,-40],[-25,-67],[-35,4],[-28,-37],[-68,-31],[79,13],[33,34],[78,-57],[9,-50],[-50,-33],[-73,-5],[69,-19],[59,20],[26,-36],[48,-26],[13,-30],[48,-31],[-8,-17],[64,-40],[-51,-65],[4,-24],[41,42],[17,-48],[10,38],[36,3],[-51,-57],[-8,-39],[16,-67],[21,76],[36,0],[-6,-78],[19,-116],[-12,-45],[19,-30],[-21,-46],[27,-11],[-43,-53],[-8,37],[-34,-17],[-5,136],[-19,-42],[-2,-99],[-64,2],[-55,59],[-24,66],[-7,95],[-38,66],[2,31],[-44,-18],[-43,73],[-27,17],[-87,-8],[-103,149],[-45,10],[-9,-24],[46,-24],[59,-52],[-30,-36],[91,-45],[90,-3],[27,-33],[-15,-72],[-77,-68],[-38,-13],[-148,12],[46,-30],[-38,-110],[-80,-32],[-3,-26],[87,40],[4,-49],[140,40],[39,-36],[-35,-31],[-26,13],[-43,-52],[-44,-29],[-19,17],[-44,-15],[58,-31],[34,18],[29,-25],[9,62],[32,32],[49,-22],[96,75],[8,-47],[18,30],[51,-41],[86,-47],[112,1],[25,14],[-25,-63],[-47,-3],[-15,-69],[-28,34],[5,-74],[-28,-5],[-23,-42],[-26,9],[-3,-41],[-27,-16],[-30,21],[11,-52],[-38,-20],[-17,-54],[-42,9],[19,-43],[-78,-94],[-43,4],[-45,-56],[-75,6],[0,-37],[-32,16],[-46,-59],[-28,24],[-22,-68],[-36,36],[-8,38],[-19,-42],[33,-26],[-16,-27],[-107,-35],[-64,20],[0,49],[-28,7],[-39,122],[-15,-36],[34,-56],[20,-103],[-13,-68],[-18,12],[-85,-118],[-10,-116],[-60,-74],[13,-58],[-50,-78],[-6,32],[-20,-110],[-54,-46],[-34,18],[0,-62],[-75,-95],[2,89],[-15,-63],[-31,-59],[-23,76],[-4,-54],[22,-52],[-12,-39],[-17,82],[-45,58],[-10,35],[55,103],[-37,-6],[-46,23],[38,-44],[-29,-9],[2,-101],[-43,-16],[30,-29],[-12,-62],[-24,15],[-88,-46],[-20,48],[-20,-62],[10,-89],[-34,-29],[-13,-56],[-36,48],[-7,-39],[-31,24],[-1,-76],[43,-67],[-7,-133],[-24,-28],[35,-38],[-23,-58],[18,-5],[10,-68],[-23,-72],[-37,3],[-9,-42],[-44,51],[-18,-30],[11,-40],[32,-36],[-39,79],[31,-20],[40,-67],[-31,7],[13,-14],[-22,-92],[-23,1],[-13,-54],[-38,13],[-1,-2],[30,-10],[-3,-34],[-33,1],[3,36],[-12,-32],[-51,10],[33,-48],[49,-3],[-22,-51],[-54,32],[36,-65],[30,-7],[-5,-73],[-19,-22],[38,-12],[-26,-28],[26,-51],[-41,-14],[22,-38],[-28,-27],[20,-45],[-28,-43],[12,-33],[-56,8],[51,-40],[-83,15],[56,-25],[18,-49],[-8,-44],[-66,15],[70,-39],[-6,-43],[-37,-48],[-37,31],[-51,6],[69,-32],[29,-84],[-2,-56],[-80,39],[-1,39],[-38,-54],[16,-9],[22,-45],[-32,-40],[-14,46],[7,47],[-6,-8],[-9,-61],[-37,32],[-22,48],[34,101],[-41,-2],[7,35],[-36,-32],[-37,76],[26,26],[-17,55],[35,18],[14,39],[-63,-63],[-5,25],[39,36],[-18,53],[-5,-51],[-47,-53],[-20,18],[-21,-66],[-36,-11],[-6,66],[-13,-46],[-74,6],[51,57],[-49,61],[-40,18],[-3,69],[41,37],[-13,21],[-58,-52],[-24,52],[30,111],[-40,-56],[4,79],[-36,7],[9,37],[28,5],[-24,38],[-31,-1],[-40,84],[16,155],[-26,2],[-18,52],[-37,24],[-26,132],[-24,47],[9,93],[-21,21],[73,28],[32,28],[11,57],[-36,-57],[-59,-33],[-21,47],[37,-14],[35,78],[22,10],[5,68],[28,16],[15,-66],[47,-52],[-39,68],[5,52],[-49,29],[-32,133],[-1,-59],[21,-45],[-60,-162],[-19,1],[-54,-88],[-8,190],[27,50],[33,15],[24,57],[-86,-80],[17,61],[-26,34],[0,42],[-27,40],[9,27],[-30,49],[10,63],[-52,-11],[8,60],[-29,60],[68,78],[35,62],[29,16],[17,53],[117,131],[-25,-9],[-100,-115],[-17,-49],[-114,-141],[-28,4],[8,43],[-6,88],[44,-3],[17,29],[-40,-1],[19,60],[37,3],[49,59],[-48,-13],[-79,7],[-30,58],[12,33],[40,8],[119,60],[0,11],[-91,-42],[-71,-16],[6,64],[84,92],[47,28],[62,-47],[31,16],[81,-58],[-69,70],[93,43],[-42,24],[4,-29],[-45,-21],[-18,42],[32,33],[-50,-16],[22,-39],[-35,-42],[-60,42],[-45,-9],[-79,-101],[10,54],[-12,52],[51,28],[10,58],[-11,49],[59,-37],[-5,33],[61,-50],[67,9],[56,-54],[30,7],[-59,41],[-48,53],[10,27]],[[4502,6544],[-1,3],[-6,35],[-67,68],[59,-76],[14,-27],[-1,-2],[2,-1]],[[2024,4709],[10,4],[-6,6],[12,34],[-46,0],[34,-34],[-4,-10]],[[2740,1819],[-20,-37],[-18,28],[14,35],[24,-26]],[[2762,1862],[-4,-41],[-38,34],[-15,58],[87,-36],[-30,-15]],[[2606,1977],[-5,-30],[-20,-28],[6,70],[19,-12]],[[2345,2136],[18,-32],[-33,-10],[-15,35],[30,7]],[[2494,2138],[7,-26],[-56,7],[61,61],[-12,-42]],[[2043,3336],[-5,33],[15,54],[19,-24],[-29,-63]],[[3045,3482],[-3,-50],[28,-45],[-29,18],[-10,75],[-25,63],[15,10],[24,-71]],[[3332,3860],[8,-50],[-40,-38],[-23,45],[15,60],[40,-17]],[[1947,4852],[-91,-44],[9,24],[37,20],[45,0]],[[2055,5273],[31,-32],[-28,-38],[2,-55],[-27,-8],[-10,71],[32,62]],[[4259,5606],[26,2],[-40,-53],[-8,46],[22,5]],[[2002,5603],[-49,-7],[-2,37],[16,3],[35,-33]],[[1820,5658],[-45,27],[35,71],[21,-58],[-11,-40]],[[1860,5872],[28,2],[-31,-43],[-28,2],[-6,38],[37,1]],[[1675,6099],[-40,-59],[-15,29],[59,52],[-4,-22]],[[1604,6227],[-35,-7],[20,36],[34,-5],[38,30],[20,-8],[-51,-92],[-26,46]],[[4516,6299],[-15,-41],[-33,18],[13,19],[35,4]],[[1559,6639],[28,-10],[-34,-23],[-25,9],[-1,37],[32,-13]],[[1541,6851],[-57,-4],[-45,3],[80,21],[22,-20]],[[5078,6897],[-3,-30],[-38,14],[31,30],[10,-14]],[[4948,6990],[41,-8],[-37,-63],[-51,43],[6,57],[26,23],[31,-14],[-16,-38]],[[5090,7586],[-5,-42],[15,-196],[-29,87],[-23,96],[13,101],[29,-46]],[[66,7867],[77,-31],[-31,-15],[-77,26],[31,20]],[[188,7876],[61,-31],[-78,-2],[-22,25],[39,8]],[[5164,7934],[-33,-1],[28,75],[28,-26],[-23,-48]],[[4969,8051],[19,-30],[37,1],[4,-32],[-109,50],[49,11]],[[5017,8126],[53,-18],[-21,-75],[-2,45],[-30,48]],[[5066,8172],[-14,-50],[-23,55],[35,44],[2,-49]],[[5131,8272],[-3,4],[4,61],[20,-11],[-21,-54]],[[5045,8356],[12,-41],[-35,-15],[-21,23],[43,54],[1,-21]],[[5204,8417],[-42,-26],[-3,33],[30,44],[15,-51]],[[5083,8795],[-87,-41],[5,45],[38,20],[44,-24]],[[5216,9299],[-38,-3],[-46,34],[39,18],[45,-49]],[[5093,9373],[-39,2],[-52,59],[-4,37],[52,-21],[43,-77]],[[2380,9706],[-73,3],[4,36],[71,-23],[-2,-16]],[[3133,9783],[-75,25],[-20,31],[52,-3],[63,-22],[-20,-31]],[[4792,6799],[55,37],[30,-9],[36,-8],[37,-82],[-104,-28],[-63,41],[9,49]],[[5111,7018],[-42,5],[4,102],[29,28],[14,-23],[28,38],[27,-37],[-37,-24],[35,-54],[47,17],[-3,-38],[-70,4],[-32,-18]],[[5098,8752],[80,26],[40,-39],[-51,-81],[-60,-20],[-57,32],[-24,32],[72,50]],[[1888,9546],[29,-42],[117,-63],[-1,-9],[-81,3],[-103,40],[-14,51],[53,20]],[[2954,9842],[54,-2],[93,-66],[-79,17],[-68,51]],[[3084,9871],[-56,3],[32,27],[50,-16],[27,-29],[59,-15],[-9,-19],[-86,27],[-17,22]],[[2673,9569],[-61,-57],[32,-41],[-35,-13],[-30,42],[-137,60],[-30,53],[-46,45],[77,11],[52,1],[94,-39],[84,-62]],[[4383,5502],[-35,-22],[-140,-31],[13,71],[23,5],[58,83],[38,0],[89,66],[-2,-32],[30,-24],[10,-91],[-49,-20],[-23,-27],[-12,22]],[[4784,6225],[-68,5],[-16,42],[-33,20],[-127,8],[-1,30],[71,10],[51,19],[92,-32],[33,-22],[-24,-39],[22,-41]],[[1696,5369],[35,38],[51,-7],[60,-30],[51,-95],[68,-43],[-2,-45],[18,-14],[-47,-63],[-117,-74],[-53,36],[-5,39],[75,-4],[-45,41],[-80,10],[-24,39],[33,27],[-26,14],[13,51],[49,-19],[-48,42],[-6,57]],[[4677,6096],[-107,80],[-14,17],[-12,81],[52,19],[73,-14],[41,-72],[71,-49],[0,-34],[-31,20],[-44,-3],[8,-27],[58,-32],[-18,-51],[-27,4],[-50,61]],[[4498,6446],[113,-45],[64,-7],[10,-24],[-140,-23],[-116,50],[37,47],[7,32],[73,4],[116,-59],[-3,-11],[-161,36]],[[8949,1863],[14,39],[-14,16],[34,12],[3,-39],[-16,-39],[-21,11]],[[8936,1964],[-21,-19],[-8,-52],[-13,21],[20,42],[22,8]],[[8755,1936],[-20,-25],[-14,29],[4,-62],[15,27],[5,-60],[35,48],[-4,-33],[-28,-23],[-26,46],[-44,14],[1,46],[49,33],[27,-40]],[[9560,4964],[-47,-44],[32,-21],[-32,-102],[19,-116],[59,-43],[33,-88],[34,-48],[-8,-62],[-38,-72],[-39,-105],[-1,-53],[41,-119],[7,-51],[28,-82],[16,-98],[2,-57],[-37,-10],[2,-104],[-13,-31],[24,-11],[-1,-38],[-22,-36],[18,-68],[26,-3],[11,-49],[-20,-22],[6,-63],[50,-61],[-5,-78],[-29,-69],[-21,-18],[48,-96],[31,-30],[39,-61],[32,-101],[-31,-138],[-57,-111],[-81,-203],[-53,-120],[-38,-51],[-61,-117],[-38,-87],[-28,-14],[-25,36],[-17,-28],[-64,-36],[-29,27],[-7,-75],[-69,0],[-2,-21],[-55,-20],[-11,-44],[-10,26],[-71,-41],[-34,-39],[-32,-10],[32,38],[1,41],[-25,7],[-11,83],[-33,-34],[9,59],[-31,3],[-39,50],[10,-82],[-18,28],[-5,53],[-32,11],[2,70],[-11,103],[15,-2],[9,52],[-2,153],[-15,100],[-13,16],[10,128],[-20,17],[6,67],[-11,27],[16,66],[20,28],[3,41],[18,-15],[-18,63],[-23,-20],[6,35],[31,-19],[44,45],[25,-2],[-17,47],[22,10],[9,59],[29,24],[34,56],[16,3],[1,51],[53,69],[5,45],[33,52],[7,50],[33,65],[28,18],[17,-34],[18,52],[-22,54],[13,124],[-25,42],[-37,9],[-14,61],[-35,5]],[[9110,3860],[-14,78],[-28,54],[-7,79],[22,44],[11,86],[-39,117],[17,92],[-32,23],[12,35],[-5,102],[15,18],[-47,67],[-9,58],[-24,33],[-69,29],[-14,31],[-42,41],[-50,96],[-30,25]],[[8777,4968],[11,23],[28,-21],[0,48],[26,37],[33,-10],[66,-152],[6,-37],[55,-8],[17,-25],[50,34],[18,34],[69,-51],[19,-35],[24,25],[8,61],[42,24],[14,45],[-6,61],[28,174],[15,7],[29,70],[56,-6],[75,58],[47,-92],[69,-45],[20,-72],[-45,-85],[9,-66]],[[7942,1186],[-18,-38],[-10,71],[23,43],[13,-26],[-8,-50]],[[7915,1505],[22,-25],[13,114],[-12,107],[21,73],[-5,35],[27,8],[35,76],[-2,62],[10,75],[-32,161],[40,21],[18,113],[-24,61],[-43,61],[15,176],[-21,122],[1,115],[11,27],[-22,100],[20,56],[-3,50],[48,123],[52,47],[66,-28],[21,67],[-4,81],[-45,50],[62,172],[20,81],[5,132],[7,49],[-10,97],[49,10],[40,42],[-5,74],[22,38],[35,99],[36,57],[1,50],[-28,77],[33,47],[30,122],[49,67],[53,-48],[26,66],[0,130],[25,13],[20,-25],[36,1],[84,-52],[30,42],[-27,22],[26,41],[10,87],[-23,38],[49,6]],[[9110,3860],[-34,-12],[-41,12],[-22,-37],[-47,66],[6,-41],[-31,26],[4,-111],[-58,51],[54,-64],[-48,11],[8,-43],[-43,-6],[21,-37],[-9,-48],[-40,-107],[-13,-6],[42,-126],[-51,-112],[-16,-89],[-26,-17],[-19,-58],[-21,4],[-37,-80],[-20,44],[4,-51],[-22,16],[-1,-40],[-22,-57],[-36,-10],[-49,-159],[-39,-86],[-26,34],[-9,-46],[16,-64],[-14,-90],[4,-81],[-32,-48],[11,-32],[-1,-171],[14,-86],[-12,-15],[36,-18],[6,-46],[26,30],[56,-153],[29,-15],[23,-97],[-61,-117],[-38,-29],[45,-21],[-6,31],[20,39],[-9,-53],[17,-29],[-19,-29],[-23,29],[20,-77],[-25,10],[-30,-70],[-41,-16],[-1,-27],[-50,-57],[-65,16],[17,-25],[36,3],[14,-41],[-22,-73],[9,-11],[-14,-88],[-22,-32],[25,-147],[-13,-30],[-8,-71],[11,-46],[-68,-331],[-27,42],[-23,-23],[-60,3],[8,-41],[-27,1],[-26,-73],[15,-102],[-17,-46],[-28,15],[-57,-31],[-30,28],[-3,53],[13,33],[-13,25],[-39,182],[27,-17],[-17,66],[26,12],[-2,68],[-13,-1],[-13,60],[-21,31],[-30,189],[-11,-34],[-2,90],[-20,35],[-1,39],[16,132],[-3,34],[-31,-13],[-8,52],[-17,-32],[5,83],[-16,134],[10,42],[20,-34]],[[8381,662],[21,113],[9,6],[23,143],[10,13],[-1,-40],[-39,-227],[-8,-77],[-14,-40],[-1,109]],[[8541,908],[1,87],[33,101],[26,39],[31,-18],[-25,-46],[-2,-98],[14,-15],[-21,-56],[-30,-40],[-9,-63],[-18,109]],[[7336,1852],[37,28],[-2,-56],[-21,7],[-10,-61],[-4,82]],[[7563,2908],[9,-14],[-24,-25],[-11,37],[26,2]],[[7602,3005],[-27,10],[18,35],[17,-28],[-8,-17]],[[7644,3121],[-22,-4],[46,50],[3,-68],[21,16],[4,-44],[-56,-35],[-21,12],[28,41],[-3,32]],[[7884,3560],[15,-18],[-49,-18],[4,26],[30,10]],[[8006,3751],[8,-41],[-38,-59],[3,49],[27,51]],[[8075,4628],[-1,-34],[-32,-50],[27,96],[6,-12]],[[8169,4709],[-10,-36],[-37,-38],[-13,59],[46,33],[14,-18]],[[8244,4714],[-70,-51],[28,57],[-11,19],[26,19],[49,9],[-22,-53]],[[8326,4963],[-37,-21],[14,49],[50,73],[-4,-59],[-23,-42]],[[8610,5258],[19,-47],[-23,-20],[2,-32],[-58,-21],[-1,61],[16,30],[40,-4],[5,33]],[[8794,5332],[28,-29],[-28,-21],[2,33],[-40,20],[18,47],[22,-15],[-2,-35]],[[8719,5305],[-17,15],[-17,55],[48,-37],[-14,-33]],[[8972,5432],[29,-46],[-53,14],[5,32],[19,0]],[[9047,5512],[16,-51],[-27,-51],[-26,-13],[-19,58],[56,57]],[[9077,5544],[29,-31],[-35,-33],[-11,62],[17,2]],[[9252,5700],[19,-38],[28,-17],[-61,-23],[-22,38],[36,40]],[[6094,5704],[-4,-49],[-65,-32],[-24,-41],[-15,19],[58,51],[16,44],[34,8]],[[8640,6860],[13,-16],[-21,-45],[-27,44],[35,17]],[[9352,8277],[-26,24],[14,36],[20,-35],[-8,-25]],[[8739,8444],[58,-23],[-40,-20],[-34,16],[16,27]],[[8596,8855],[-19,-25],[-34,16],[18,26],[35,-17]],[[8984,5523],[47,46],[7,21],[-12,-55],[-37,-50],[-69,-18],[18,45],[-30,-6],[34,35],[42,-18]],[[8763,8166],[17,26],[-44,36],[85,21],[8,24],[29,-13],[58,1],[12,-36],[5,-75],[-115,-24],[-55,40]],[[7826,8365],[34,-4],[31,-51],[-11,-13],[20,-50],[45,-36],[38,-82],[-80,84],[-18,-4],[-19,58],[-36,62],[-4,36]],[[9454,8348],[55,43],[58,-19],[63,-5],[-45,-16],[-34,21],[-72,-32],[-25,8]],[[9798,8787],[135,31],[34,14],[32,-9],[-75,-30],[-116,-22],[-10,16]],[[7915,1505],[-6,38],[-51,22],[-22,89],[6,59],[-16,-27],[-1,-93],[-49,-99],[-25,-1],[-39,-43],[17,0],[-89,-198],[-36,-54],[-9,43],[-10,-50],[-32,-22],[-54,5],[-44,31],[16,36],[-66,57],[-28,45],[-21,81],[7,98],[17,-39],[28,-8],[-15,63],[35,65],[-27,-16],[11,60],[-39,-34],[-7,38],[-13,-88],[-11,87],[-3,-84],[-12,9],[1,110],[29,77],[24,-22],[14,30],[-23,33],[30,35],[17,89],[39,85],[-35,-37],[-31,-66],[0,-48],[-17,6],[-10,68],[-14,-26],[-11,35],[-34,10],[2,52],[12,-43],[19,27],[0,45],[11,-14],[-9,21],[34,44],[0,-71],[-13,-9],[7,-9],[9,19],[-1,96],[-38,-66],[-35,82],[35,-30],[0,38],[-23,8],[-4,70],[40,-7],[43,32],[36,-25],[31,44],[32,-22],[-42,52],[-6,-51],[-24,24],[-59,-17],[-17,-19],[-11,35],[-25,15],[-4,66],[39,47],[-35,26],[-18,73],[15,19],[25,-16],[13,19],[35,-24],[74,-7],[-103,43],[-25,-15],[14,45],[-22,48],[10,17],[26,-53],[-3,43],[17,51],[23,-18],[9,50],[7,-42],[65,50],[-58,-16],[48,54],[7,58],[19,-43],[20,17],[39,-38],[1,45],[51,38],[-64,-33],[-39,13],[-6,71],[34,28],[22,-35],[44,23],[11,46],[24,-53],[-2,-27],[28,-1],[-37,54],[-14,71],[64,38],[6,28],[41,-23],[-10,50],[51,47],[24,-75],[-11,-34],[25,-1],[-1,39],[20,10],[47,-17],[10,17],[-23,28],[34,59],[41,27],[-35,31],[38,46],[-22,5],[-28,-30],[10,-39],[-15,-36],[-46,-52],[-48,-23],[-11,62],[-24,-9],[1,37],[61,56],[-25,7],[22,83],[41,58],[0,29],[27,8],[6,44],[19,-54],[-7,72],[71,51],[-57,8],[16,34],[41,22],[33,78],[11,-36],[28,6],[31,71],[-41,-64],[-15,41],[28,51],[-6,60],[-21,17],[34,66],[-6,91],[-33,-27],[26,50],[10,-29],[79,57],[43,-1],[-38,17],[-51,-31],[27,36],[-30,19],[16,19],[-16,34],[-12,-92],[-11,-8],[21,104],[22,-6],[4,44],[20,15],[7,43],[24,3],[-20,45],[43,19],[2,48],[15,-53],[13,62],[40,19],[10,-26],[25,58],[-46,-32],[1,21],[-34,-12],[31,64],[16,-17],[21,24],[-30,14],[26,26],[25,-14],[-7,42],[37,36],[-19,19],[-51,-56],[16,36],[-21,27],[17,51],[25,22],[-1,-57],[70,47],[-58,-5],[14,48],[56,14],[-5,-49],[18,-51],[19,118],[-26,32],[50,30],[12,-28],[67,37],[1,34],[-47,-33],[-48,1],[3,61],[22,23],[20,62],[22,-47],[-14,69],[28,-11],[12,23],[-16,26],[67,46],[-7,41],[29,68],[28,-63],[31,11],[-44,39],[3,26],[43,14],[14,60],[63,24],[-10,-43],[17,-19],[29,109],[24,-18],[-21,-165],[29,58],[5,109],[57,-7],[21,53],[49,-70],[-7,78],[-30,14],[-29,39],[31,38],[32,-59],[-5,42],[42,9],[10,-15],[56,-15],[6,-61],[28,-29],[19,27],[-34,24],[21,16],[-11,29],[27,22],[-5,27],[56,63],[22,49],[25,-23],[-7,42],[-24,6],[11,36],[20,-31],[-4,54],[13,60],[6,-48],[45,-61],[16,23],[47,-1],[-80,-122],[16,8],[-4,-75],[-21,-27],[-2,-51],[17,-1],[38,76],[-11,9],[55,104],[34,83],[30,30],[-3,-108],[-15,-96],[59,90],[1,40],[37,36],[-39,26],[41,12],[1,49],[29,-20],[29,16],[0,-31],[34,-6],[-30,-66],[-43,2],[34,-20],[-45,-45],[61,34],[-6,-30],[-37,-46],[38,-23],[26,106],[25,52],[25,3],[32,-34],[-4,-30],[39,11],[-8,-38],[29,32],[77,-103],[11,15],[14,-60],[-50,-12],[-37,-60],[-131,32],[-14,-16],[101,-51],[-23,-24],[40,4],[21,-33],[-35,-27],[46,15],[-4,34],[63,-25],[8,-48],[-7,-49],[-32,3],[-20,29],[-16,-62],[-21,-29],[-53,-27],[-9,-56],[-26,-31]],[[8264,4871],[-51,-45],[-23,21],[55,44],[-5,20],[16,2],[6,46],[15,-36],[4,-87],[-42,-56],[-26,23],[52,48],[-1,20]],[[8600,5281],[-3,57],[39,-28],[6,29],[-17,13],[19,36],[3,-66],[15,-25],[17,41],[1,-41],[25,-7],[-12,-37],[-57,-26],[-36,54]],[[8385,4917],[13,-63],[-17,-101],[-61,4],[-12,-43],[-25,18],[-33,-14],[25,51],[-3,36],[25,24],[-5,61],[18,50],[25,1],[-4,-61],[11,-7],[-16,-53],[28,45],[0,34],[26,22],[-8,33],[28,-17],[-15,-20]],[[8421,4974],[22,27],[-15,21],[22,40],[-19,30],[43,-6],[-12,34],[5,20],[31,-26],[18,45],[20,-32],[3,-50],[-17,-13],[5,-46],[-44,-10],[-62,-34]],[[9044,8110],[-37,-30],[5,-27],[48,-40],[29,-6],[34,20],[10,-30],[-49,-109],[-32,-29],[-29,-55],[-50,-10],[-26,9],[1,61],[32,39],[-32,8],[-23,-24],[-119,-22],[-5,43],[30,12],[7,46],[36,63],[-73,58],[12,18],[65,25],[66,-4],[53,19],[47,-35]],[[8145,8589],[62,93],[28,-14],[39,-53],[23,-100],[27,-37],[52,-105],[14,5],[-51,131],[-8,89],[-18,46],[3,61],[37,-7],[-14,30],[32,42],[23,-7],[26,-59],[14,30],[57,-23],[49,-59],[-32,-41],[0,-68],[23,17],[8,39],[24,20],[36,-29],[14,-80],[-22,-22],[29,-32],[32,10],[46,-7],[11,-52],[52,-23],[101,-33],[-13,-62],[-33,-10],[-32,18],[-8,-22],[-37,6],[-59,-23],[9,-24],[-64,-16],[6,-31],[-13,-68],[13,-32],[-45,-11],[-24,-52],[12,-51],[-25,-92],[-43,-7],[-24,-56],[-14,-112],[-37,-58],[25,-33],[-36,-52],[-36,19],[-13,30],[-33,18],[-34,54],[72,24],[-25,14],[-69,-7],[-28,44],[-63,22],[-35,70],[-9,46],[50,17],[31,-13],[102,-5],[-1,16],[-82,15],[-21,15],[34,13],[166,37],[-8,23],[-95,-15],[-20,16],[-45,-31],[-59,-11],[-70,3],[-12,100],[27,13],[46,-39],[-13,39],[76,8],[25,36],[39,4],[7,38],[108,3],[-58,37],[47,73],[-29,16],[-19,-51],[-29,-30],[-54,-8],[-19,52],[24,39],[-10,44],[-12,-64],[-25,-24],[-16,47],[-27,-24],[-13,-56],[26,-41],[-31,3],[-2,-28],[-43,-33],[-79,-4],[-15,54],[-46,44],[79,19],[-73,1],[-39,24],[-35,46],[21,37],[-50,41],[22,3],[65,-28],[24,4],[-12,31],[-66,23],[38,81],[-37,6],[1,-53],[-40,-23],[-40,93],[5,34],[-18,32],[21,31],[-21,45],[28,-14],[1,-32],[38,-8],[-21,33],[7,23],[52,20],[22,-46],[26,-15],[-13,58],[32,-32],[48,29],[69,18],[17,-37],[-22,-23],[-68,-5],[-53,-42],[95,7],[-14,-41],[25,6],[43,-77],[12,26],[-26,69]],[[9115,8908],[35,-52],[23,13],[-5,-37],[68,-2],[18,-24],[104,1],[40,-26],[-13,-43],[5,-41],[-21,-5],[-41,-40],[-63,-34],[13,-35],[-12,-29],[-61,-36],[-25,14],[-58,-23],[-22,-42],[-106,12],[-27,30],[24,38],[-111,-17],[-20,9],[-65,-7],[-8,28],[-49,4],[-49,28],[-5,21],[54,12],[20,-19],[69,-8],[-64,40],[130,8],[3,39],[-162,-12],[-64,-23],[-65,1],[-55,61],[59,45],[-55,6],[-20,50],[78,2],[45,-37],[23,22],[-34,14],[-18,56],[28,-10],[26,-35],[29,54],[-36,2],[-4,29],[34,8],[21,-37],[30,12],[46,-74],[90,22],[-2,-42],[50,-50],[20,104],[-23,19],[12,26],[36,-10],[-8,33],[49,-17],[-15,-23],[19,-35],[-29,-41],[37,7],[16,-20],[22,18],[-5,43],[55,-8],[-18,22],[7,41]],[[5427,3938],[37,2],[7,-36],[-22,-74],[48,15],[-6,-17],[57,-72],[16,-3],[-16,-70],[20,-17],[4,-70],[-11,-24],[-37,33],[28,-59],[-23,-59],[-43,-22],[-9,-94],[-16,10],[-23,-39],[-41,-15],[-56,-46],[-33,-62],[-62,-57],[-19,5],[-56,-49],[-15,-51],[-72,-43],[-52,15],[-46,32],[-38,3],[-35,69],[-58,46],[-19,-10],[-91,5],[-35,-11],[2,89],[14,-36],[33,13],[43,68],[-18,5],[20,55],[-36,-27],[11,65],[34,53],[-55,-64],[-13,29],[2,69],[-119,19],[-34,-18],[-11,46],[131,39],[28,18],[54,-4],[3,55],[-25,-31],[-49,19],[6,22],[57,64],[-10,30],[-25,-25],[-28,43],[-15,-18],[-44,24],[-67,-59],[-7,20],[-53,16],[24,44],[36,-33],[-18,37],[3,53],[62,-57],[-31,47],[-9,53],[29,-14],[-28,44],[28,4],[-15,31],[20,31],[34,-45],[32,-6],[22,-28],[7,34],[-39,29],[-7,49],[-24,18],[5,27],[53,11],[29,-30],[5,-38],[22,2],[62,-98],[4,-45],[-20,-102],[27,-46],[8,-55],[19,114],[21,33],[17,-69],[23,86],[-16,117],[32,16],[20,-77],[21,-49],[21,-11],[-8,76],[14,47],[28,-7],[20,47],[44,-77],[17,-44],[-8,112],[36,-10],[29,-64],[17,10],[19,69],[26,-19],[42,17],[7,34],[-12,76],[49,10],[8,-38],[22,-10],[-7,-38],[37,-48],[8,41],[43,43],[21,-10],[-37,-33],[5,-28],[-21,-25],[10,-22]]],"bbox":[-72.8986269112332,54.62488349164106,33.63959918234446,83.63313662826853],"transform":{"scale":[0.010654888098167583,0.002901115425205268],"translate":[-72.8986269112332,54.62488349164106]},"title":"Nordic Countries","version":"2.0.1","copyright":"Copyright (c) 2022 Highsoft AS, Based on data from Natural Earth","copyrightShort":"Natural Earth","copyrightUrl":"http://www.naturalearthdata.com"}