{"type":"Topology","objects":{"default":{"type":"GeometryCollection","geometries":[{"type":"MultiPolygon","arcs":[[[0]],[[1]],[[2]],[[3]],[[4]],[[5]],[[6]],[[7]],[[8]],[[9]],[[10]],[[11]],[[12],[13]],[[14,-15,15]],[[16]],[[17]],[[18]],[[19]],[[20]],[[21]],[[22]]],"id":"GL","properties":{"hc-group":"admin0","hc-middle-x":0.53,"hc-middle-y":0.41,"hc-key":"gl","hc-a2":"GL","name":"Greenland","labelrank":"3","country-abbrev":"Grlnd.","subregion":"Northern America","region-wb":"Europe & Central Asia","iso-a3":"GRL","iso-a2":"GL","woe-id":"23424828","continent":"North America"}},{"type":"Polygon","arcs":[[23]],"id":"LC","properties":{"hc-group":"admin0","hc-middle-x":0.25,"hc-middle-y":0.53,"hc-key":"lc","hc-a2":"LC","name":"Saint Lucia","labelrank":"6","country-abbrev":"S.L.","subregion":"Caribbean","region-wb":"Latin America & Caribbean","iso-a3":"LCA","iso-a2":"LC","woe-id":"23424951","continent":"North America"}},{"type":"Polygon","arcs":[[24]],"id":"UM","properties":{"hc-group":"admin0","hc-middle-y":0.44,"hc-key":"um","hc-a2":"UM","name":"United States Minor Outlying Islands","labelrank":"5","country-abbrev":"U.S. MOI","subregion":"Seven seas (open ocean)","region-wb":"East Asia & Pacific","iso-a3":"UMI","iso-a2":"UM","woe-id":"28289407","continent":"North America"}},{"type":"MultiPolygon","arcs":[[[25]],[[26]],[[27]],[[28]],[[29]],[[30]],[[31]],[[32]],[[33]],[[34]],[[35]],[[36,37]],[[38,39,40,41,42,43,44,45,46,47,48,49,50,51,52,53,54,55,56,57,58,59]],[[60,61,62,63]],[[64,65]],[[66]],[[67]],[[68,69]],[[70]],[[71]],[[72]]],"id":"US","properties":{"hc-group":"admin0","hc-middle-x":0.58,"hc-middle-y":0.72,"hc-key":"us","hc-a2":"US","name":"United States of America","labelrank":"2","country-abbrev":"U.S.A.","subregion":"Northern America","region-wb":"North America","iso-a3":"USA","iso-a2":"US","woe-id":"23424977","continent":"North America"}},{"type":"Polygon","arcs":[[73]],"id":"VI","properties":{"hc-group":"admin0","hc-middle-x":0.54,"hc-middle-y":0.46,"hc-key":"vi","hc-a2":"VI","name":"United States Virgin Islands","labelrank":"6","country-abbrev":"V.I. (U.S.)","subregion":"Caribbean","region-wb":"Latin America & Caribbean","iso-a3":"VIR","iso-a2":"VI","woe-id":"23424985","continent":"North America"}},{"type":"MultiPolygon","arcs":[[[74],[75]],[[-64,76,-41,77,-39,78,-60,79,-58,80,81,82,83,-53,84,-51,85,-49,86,-38,87,-65,69,-62,88],[89]],[[90]],[[91]],[[92]],[[93]],[[94]],[[95]],[[96]],[[97]],[[98]],[[99]],[[100]],[[101]],[[102]],[[103]],[[104]],[[105]],[[106]],[[107]],[[108]],[[109]],[[110]],[[111]],[[112]],[[113]],[[114]],[[115]],[[116]],[[117]],[[118]],[[119]],[[120]],[[121]],[[122]],[[123]],[[124]],[[125]],[[126]],[[127]],[[128]],[[129]],[[130]],[[131]],[[132]],[[133]],[[134]],[[135]],[[136]],[[137]],[[138]],[[139]],[[140]],[[141]],[[142]],[[143]],[[144]],[[145]],[[146]],[[147]],[[148]],[[149]],[[150]],[[151]],[[152]]],"id":"CA","properties":{"hc-group":"admin0","hc-middle-x":0.26,"hc-middle-y":0.62,"hc-key":"ca","hc-a2":"CA","name":"Canada","labelrank":"2","country-abbrev":"Can.","subregion":"Northern America","region-wb":"North America","iso-a3":"CAN","iso-a2":"CA","woe-id":"23424775","continent":"North America"}},{"type":"MultiPolygon","arcs":[[[153]],[[154]]],"id":"CU","properties":{"hc-group":"admin0","hc-middle-x":0.32,"hc-middle-y":0.21,"hc-key":"cu","hc-a2":"CU","name":"Cuba","labelrank":"3","country-abbrev":"Cuba","subregion":"Caribbean","region-wb":"Latin America & Caribbean","iso-a3":"CUB","iso-a2":"CU","woe-id":"23424793","continent":"North America"}},{"type":"Polygon","arcs":[[155]],"id":"KN","properties":{"hc-group":"admin0","hc-middle-x":0.52,"hc-middle-y":0.51,"hc-key":"kn","hc-a2":"KN","name":"Saint Kitts and Nevis","labelrank":"6","country-abbrev":"St.K.N.","subregion":"Caribbean","region-wb":"Latin America & Caribbean","iso-a3":"KNA","iso-a2":"KN","woe-id":"23424940","continent":"North America"}},{"type":"Polygon","arcs":[[156]],"id":"GD","properties":{"hc-group":"admin0","hc-middle-y":0.49,"hc-key":"gd","hc-a2":"GD","name":"Grenada","labelrank":"6","country-abbrev":"Gren.","subregion":"Caribbean","region-wb":"Latin America & Caribbean","iso-a3":"GRD","iso-a2":"GD","woe-id":"23424826","continent":"North America"}},{"type":"Polygon","arcs":[[157]],"id":"DM","properties":{"hc-group":"admin0","hc-middle-x":0.48,"hc-key":"dm","hc-a2":"DM","name":"Dominica","labelrank":"6","country-abbrev":"D'inca","subregion":"Caribbean","region-wb":"Latin America & Caribbean","iso-a3":"DMA","iso-a2":"DM","woe-id":"23424798","continent":"North America"}},{"type":"Polygon","arcs":[[158]],"id":"AG","properties":{"hc-group":"admin0","hc-middle-y":0.35,"hc-key":"ag","hc-a2":"AG","name":"Antigua and Barbuda","labelrank":"6","country-abbrev":"Ant.B.","subregion":"Caribbean","region-wb":"Latin America & Caribbean","iso-a3":"ATG","iso-a2":"AG","woe-id":"23424737","continent":"North America"}},{"type":"Polygon","arcs":[[159]],"id":"TT","properties":{"hc-group":"admin0","hc-middle-x":0.39,"hc-key":"tt","hc-a2":"TT","name":"Trinidad and Tobago","labelrank":"5","country-abbrev":"Tr.T.","subregion":"Caribbean","region-wb":"Latin America & Caribbean","iso-a3":"TTO","iso-a2":"TT","woe-id":"23424958","continent":"North America"}},{"type":"Polygon","arcs":[[160]],"id":"SW","properties":{"hc-group":"admin0","hc-middle-x":0.71,"hc-middle-y":0.46,"hc-key":"sw","hc-a2":"SW","name":"Serranilla Bank","labelrank":"5","country-abbrev":"S.B.","subregion":"Caribbean","region-wb":"Latin America & Caribbean","iso-a3":"-99","iso-a2":"SW","woe-id":"-99","continent":"North America"}},{"type":"Polygon","arcs":[[161]],"id":"BB","properties":{"hc-group":"admin0","hc-middle-x":0.36,"hc-middle-y":0.58,"hc-key":"bb","hc-a2":"BB","name":"Barbados","labelrank":"5","country-abbrev":"Barb.","subregion":"Caribbean","region-wb":"Latin America & Caribbean","iso-a3":"BRB","iso-a2":"BB","woe-id":"23424754","continent":"North America"}},{"type":"Polygon","arcs":[[162]],"id":"JM","properties":{"hc-group":"admin0","hc-middle-x":0.16,"hc-middle-y":0.61,"hc-key":"jm","hc-a2":"JM","name":"Jamaica","labelrank":"4","country-abbrev":"Jam.","subregion":"Caribbean","region-wb":"Latin America & Caribbean","iso-a3":"JAM","iso-a2":"JM","woe-id":"23424858","continent":"North America"}},{"type":"Polygon","arcs":[[163]],"id":"BU","properties":{"hc-group":"admin0","hc-middle-x":0.52,"hc-middle-y":0.7,"hc-key":"bu","hc-a2":"BU","name":"Bajo Nuevo Bank (Petrel Is.)","labelrank":"8","country-abbrev":null,"subregion":"Caribbean","region-wb":"Latin America & Caribbean","iso-a3":"-99","iso-a2":"BU","woe-id":"-99","continent":"North America"}},{"type":"MultiPolygon","arcs":[[[164]],[[165]],[[166]],[[167]]],"id":"BS","properties":{"hc-group":"admin0","hc-middle-x":0.17,"hc-key":"bs","hc-a2":"BS","name":"The Bahamas","labelrank":"4","country-abbrev":"Bhs.","subregion":"Caribbean","region-wb":"Latin America & Caribbean","iso-a3":"BHS","iso-a2":"BS","woe-id":"23424758","continent":"North America"}},{"type":"Polygon","arcs":[[168]],"id":"VC","properties":{"hc-group":"admin0","hc-middle-y":0.49,"hc-key":"vc","hc-a2":"VC","name":"Saint Vincent and the Grenadines","labelrank":"6","country-abbrev":"St.V.G.","subregion":"Caribbean","region-wb":"Latin America & Caribbean","iso-a3":"VCT","iso-a2":"VC","woe-id":"23424981","continent":"North America"}},{"type":"MultiPolygon","arcs":[[[169,170]],[[171,172,173,174]]],"id":"HT","properties":{"hc-group":"admin0","hc-middle-x":0.38,"hc-middle-y":0.16,"hc-key":"ht","hc-a2":"HT","name":"Haiti","labelrank":"5","country-abbrev":"Haiti","subregion":"Caribbean","region-wb":"Latin America & Caribbean","iso-a3":"HTI","iso-a2":"HT","woe-id":"23424839","continent":"North America"}},{"type":"Polygon","arcs":[[-173,175,-171,176,-175,177]],"id":"DO","properties":{"hc-group":"admin0","hc-middle-x":0.56,"hc-middle-y":0.57,"hc-key":"do","hc-a2":"DO","name":"Dominican Republic","labelrank":"5","country-abbrev":"Dom. Rep.","subregion":"Caribbean","region-wb":"Latin America & Caribbean","iso-a3":"DOM","iso-a2":"DO","woe-id":"23424800","continent":"North America"}},{"type":"Polygon","arcs":[[178,-45,179,-43,180,-47],[181]],"id":"MX","properties":{"hc-group":"admin0","hc-middle-x":0.45,"hc-middle-y":0.58,"hc-key":"mx","hc-a2":"MX","name":"Mexico","labelrank":"2","country-abbrev":"Mex.","subregion":"Central America","region-wb":"Latin America & Caribbean","iso-a3":"MEX","iso-a2":"MX","woe-id":"23424900","continent":"North America"}},{"type":"MultiPolygon","arcs":[[[182,183]],[[184]],[[185]]],"id":"PR","properties":{"hc-group":"admin0","hc-middle-x":0.07,"hc-middle-y":0.72,"hc-key":"pr","hc-a2":"PR","name":"Puerto Rico","labelrank":"5","country-abbrev":"P.R.","subregion":"Caribbean","region-wb":"Latin America & Caribbean","iso-a3":"PRI","iso-a2":"PR","woe-id":"23424935","continent":"North America"}}],"hc-recommended-transform":{"default":{"crs":"+proj=lcc +lat_1=20 +lat_2=60 +lat_0=40 +lon_0=-96 +x_0=0 +y_0=0 +datum=NAD83 +units=m +no_defs","scale":0.0000819069818017,"jsonres":15.5,"jsonmarginX":-999,"jsonmarginY":9851,"xoffset":-4194028.3876,"yoffset":5811387.74481}},"hc-recommended-mapview":{"projection":{"name":"LambertConformalConic","parallels":[20,60],"rotation":[96]}}}},"arcs":[[[8379,7578],[5,-19],[-27,-15],[-15,17],[10,24],[27,-7]],[[7531,8135],[21,-12],[-36,-40],[-6,28],[21,24]],[[7231,8512],[-10,11],[61,7],[-33,-36],[-18,18]],[[9403,8748],[26,-3],[23,-32],[-68,-12],[-42,17],[7,20],[54,10]],[[9600,8868],[-25,-9],[52,-30],[-96,-3],[3,40],[47,17],[19,-15]],[[9547,9048],[7,-94],[-35,72],[8,40],[20,-18]],[[6263,9149],[-23,-9],[-50,11],[58,0],[43,11],[41,-12],[-69,-1]],[[9630,9502],[-32,-32],[-41,-7],[-55,25],[49,19],[53,10],[26,-15]],[[9548,9753],[-25,0],[-37,38],[34,-8],[28,-30]],[[7515,9776],[-54,1],[-66,16],[-11,19],[34,8],[23,-16],[74,-28]],[[8219,9921],[-35,15],[76,-10],[-35,-15],[-53,6],[-44,20],[91,-16]],[[8197,9961],[53,-18],[32,-14],[-104,21],[19,11]],[[7963,6805],[-17,-35],[-10,19],[-56,24],[12,51],[-24,-12],[-25,29],[17,11],[-23,29],[-25,-13],[15,-19],[-124,13],[34,22],[-59,32],[-2,26],[-35,24],[19,44],[-27,-23],[4,50],[-37,15],[-26,34],[10,60],[-53,31],[-34,71],[17,67],[0,52],[79,16],[-41,23],[-22,-29],[-16,15],[-25,-60],[-26,-24],[-4,75],[55,49],[-57,-32],[11,24],[-49,75],[6,25],[-33,-4],[4,23],[-19,24],[89,62],[-6,4],[-75,-55],[-19,1],[0,52],[28,33],[56,25],[-84,-2],[-20,22],[113,40],[-107,-18],[4,24],[92,55],[-31,-3],[-53,-40],[-1,41],[34,12],[0,42],[35,-1],[41,-20],[44,3],[58,-19],[-72,37],[13,13],[-75,-16],[-9,23],[-40,11],[50,5],[1,27],[52,-19],[27,5],[-9,27],[13,50],[35,-24],[21,11],[-18,37],[-26,-18],[4,72],[36,9],[-22,22],[-108,16],[-57,41],[-37,4],[-46,45],[57,12],[0,31],[-20,12],[4,45],[-56,-13],[-29,4],[-33,68],[58,50],[-39,36],[31,1],[26,42],[-29,25],[-37,6],[27,25],[-46,77],[21,6],[-49,30],[17,28],[-73,-25],[71,37],[-5,18],[-82,0],[59,7],[9,13],[-43,12],[6,25],[-68,20],[14,11],[-46,31],[27,8],[-13,40],[-38,-4],[-14,25],[-54,20],[-35,-5],[-10,22],[-81,9],[-6,9],[-75,12],[-35,-33],[-40,18],[-2,-19],[-41,7],[0,-21],[-33,11],[20,18],[-40,5],[-13,-25],[-32,24],[-24,-14],[51,-29],[-120,17],[-1,9],[-75,33],[56,27],[45,0],[2,14],[-58,-3],[-93,18],[-58,26],[28,28],[72,6],[71,-10],[45,5],[-77,10],[46,14],[99,-3],[41,10],[-9,26],[-54,7],[-28,-20],[-102,-10],[-66,17],[48,15],[-72,2],[37,21],[-77,-12],[-58,23],[-41,30],[19,49],[65,17],[47,-6],[3,13],[87,14],[20,25],[61,13],[130,3],[70,56],[-12,69],[-52,-1],[-36,14],[-38,-8],[-25,39],[63,32],[4,34],[15,-30],[38,7],[46,45],[54,9],[59,23],[50,-4],[39,-18],[38,16],[-22,26],[33,18],[-43,32],[86,28],[78,-12],[9,-24],[35,-2],[-21,29],[-64,16],[54,14],[260,37],[55,-35],[5,-28],[-19,-49],[53,43],[1,24],[96,-19],[68,-24],[-46,31],[75,-12],[23,11],[-70,28],[-33,49],[131,-8],[16,-13],[171,-44],[53,-34],[57,8],[-43,27],[4,10],[-126,33],[-54,36],[-5,22],[8,-19],[86,5],[62,-16],[57,-25],[-39,-22],[12,-11],[4,6],[66,31],[-121,43],[-5,7],[232,-3],[21,-37],[6,35],[86,-24],[27,-28],[-12,45],[-63,11],[-290,14],[-21,-4],[-53,18],[48,16],[58,-15],[111,-8],[-111,15],[-23,10],[54,9],[108,-9],[-68,12],[117,6],[88,-35],[78,-3],[50,-29],[10,11],[-38,24],[114,0],[-95,8],[116,10],[-110,9],[0,30],[69,11],[48,-10],[6,14],[92,0],[172,13],[11,-9],[103,5],[126,-11],[14,-7],[172,-24],[-28,-12],[-290,-9],[-109,-10],[-35,-9],[-155,-11],[38,-2],[193,12],[108,18],[170,-9],[133,15],[31,-23],[-25,-20],[41,6],[114,-13],[83,-24],[-68,-39],[-92,-8],[-372,-19],[-5,-7],[-114,-18],[-63,-15],[4,-21],[36,-2],[30,22],[243,31],[197,-11],[-7,-28],[-99,-22],[-5,-26],[48,18],[115,25],[19,-4],[15,42],[114,8],[23,-42],[-14,-35],[-63,-49],[-52,-32],[-10,-28],[32,30],[49,12],[131,71],[-4,17],[52,-6],[-23,-34],[50,18],[52,-13],[1,28],[1,18],[35,-37],[48,22],[-2,15],[44,11],[115,-2],[119,-24],[39,-24],[-47,-18],[-75,-43],[-75,-3],[16,-28],[-70,-18],[-102,1],[-96,-12],[-54,13],[-59,-18],[3,-10],[54,24],[90,-20],[72,13],[70,-25],[-41,-25],[-90,-8],[-81,15],[25,-21],[-54,-13],[10,32],[-47,-31],[-8,-19],[25,-28],[47,3],[-22,-43],[39,-17],[-18,-23],[-6,-54],[-27,25],[-74,-13],[4,-21],[-68,-129],[33,-4],[3,34],[19,11],[43,-13],[25,16],[39,-14],[24,-38],[-23,-13],[-41,23],[-51,-6],[31,-13],[-8,-24],[45,-5],[42,-21],[0,18],[45,-15],[5,-39],[-22,-30],[-28,18],[-91,15],[-75,-39],[-34,27],[-29,-21],[67,-24],[-3,-37],[51,8],[60,-7],[16,-18],[-37,-18],[-98,-5],[119,-3],[37,-28],[-6,-68],[-28,-11],[-18,26],[-31,-6],[-62,40],[22,-31],[49,-30],[-6,-21],[38,4],[-11,-15],[27,-4],[-24,-24],[-33,16],[2,18],[-9,-39],[36,2],[86,-18],[-35,-38],[-50,2],[-11,22],[-87,-1],[-29,-46],[40,-5],[56,-24],[12,-17],[-3,-42],[-46,1],[-4,-42],[-14,33],[-47,-19],[-50,14],[-54,33],[-4,30],[-25,-38],[-52,-8],[-26,-28],[-28,-5],[69,-20],[-17,-27],[-87,-25],[85,13],[35,15],[-13,-25],[25,-27],[-36,-22],[39,7],[127,-70],[-34,-26],[72,4],[-34,-22],[5,-42],[14,30],[24,0],[-3,-30],[20,-99],[-28,-21],[-28,8],[-3,54],[-14,-56],[-43,1],[-36,23],[-21,64],[-25,26],[-28,6],[-47,35],[-57,-4],[-68,59],[-36,-5],[70,-31],[-20,-13],[60,-18],[60,-2],[17,-13],[-9,-28],[-77,-32],[-98,5],[30,-12],[-24,-43],[5,-26],[92,15],[27,-14],[-41,-7],[-57,-32],[37,-14],[29,37],[32,-8],[62,28],[110,-41],[74,1],[-1,-20],[-31,-1],[-25,-43],[-51,-15],[-33,-35],[-103,-79],[-29,1],[-29,-22],[-50,3],[-52,-32],[-18,9],[-15,-26],[-24,14],[-6,-22],[-72,-14],[-42,8],[-45,70],[26,-76],[-77,-70],[-7,-45],[-39,-29],[8,-23],[-51,-62],[-35,-18],[-72,-54],[1,34],[-42,-75],[-11,32],[-36,37],[36,40],[-50,-14],[2,-39],[-33,-37],[-58,-19],[-13,20],[-14,-24],[7,-36],[-30,-33],[-25,19],[-25,-5],[0,-31],[34,-7],[-11,-72],[10,-77],[-14,-29],[-24,1],[2,-41],[-22,3],[-5,-42],[-31,-34],[-63,6],[23,-19],[31,-1],[-13,-90],[17,-19],[-28,-6],[10,-44],[-11,-29],[-38,3],[17,-20],[5,-63],[-37,-18],[18,-54],[-53,15],[-2,-3],[54,-13],[-19,-6],[-29,-31],[-9,45]],[[7427,8305],[21,18],[-52,6],[13,-26],[18,2]],[[9573,9323],[-2,-4]],[[9573,9323],[0,0]],[[9573,9323],[19,54],[20,19],[10,-21],[-31,-13],[-18,-39]],[[9053,8217],[-93,-12],[9,28],[26,20],[-16,12],[69,3],[60,26],[25,-59],[-80,-18]],[[9180,8553],[81,12],[83,-23],[0,-31],[-47,2],[-32,24],[-85,3],[0,13]],[[7370,8042],[-39,29],[50,-1],[-29,17],[-54,3],[-16,15],[14,37],[3,56],[91,-24],[33,-37],[46,-17],[10,-24],[-19,-21],[-90,-33]],[[9322,8434],[-121,58],[-18,38],[34,8],[50,-6],[26,-28],[48,-20],[0,-13],[-51,7],[45,-24],[-13,-20]],[[9260,8584],[-107,14],[124,-30],[-92,-9],[-78,20],[28,31],[50,2],[75,-28]],[[9571,9319],[-4,-7],[-20,-3],[-22,-30],[6,-40],[-28,24],[7,22],[39,26],[22,8]],[[6911,497],[-8,12],[8,41],[4,-5],[-4,-48]],[[6034,1136],[1,0],[0,-2],[-1,-1],[0,3]],[[5242,5079],[-43,-41],[-1,33],[23,15],[21,-7]],[[239,5913],[10,-24],[-40,-48],[-34,-25],[41,83],[23,14]],[[562,6040],[-33,36],[-16,-21],[-32,1],[-17,-25],[-28,-1],[-7,21],[26,41],[61,23],[12,-36],[34,-39]],[[718,6156],[-13,-30],[-18,-3],[-2,30],[33,3]],[[2472,6269],[-11,41],[27,-40],[-24,-38],[-47,58],[9,16],[46,-37]],[[1198,6584],[31,-14],[1,-35],[-57,-21],[-25,10],[20,28],[22,1],[8,31]],[[1526,6825],[27,5],[-36,-51],[-26,-20],[35,66]],[[358,6840],[26,-13],[8,-48],[-38,-15],[-28,4],[-51,45],[83,27]],[[6214,4218],[17,-3],[-74,-55],[-59,-13],[5,30],[27,21],[54,5],[30,15]],[[360,5981],[28,9],[-60,-57],[19,-3],[-74,-49],[19,19],[9,66],[59,15]],[[2347,6403],[-27,-22],[9,52],[-11,28],[-9,70],[37,1],[19,-44],[-3,-66],[-15,-19]],[[3042,5292],[-4,-4],[0,3]],[[3038,5291],[4,1]],[[6053,4748],[200,3],[11,36],[26,-5],[31,66],[26,132],[46,100],[22,-34],[44,21],[25,-41],[-1,-173]],[[6483,4853],[10,-22],[14,0]],[[6507,4831],[-3,-44],[19,-14]],[[6523,4773],[16,-47],[-18,-26],[-42,-14],[-31,-42],[-38,26],[-6,-50],[-17,1],[-30,-49],[-7,20],[-40,-78],[-13,-49],[6,-35],[-21,-47],[20,-13],[11,-53],[38,-20],[-55,-30],[-38,2],[-36,-30],[-56,-1],[-46,-33],[-40,-68],[19,-23],[-8,-82],[-48,-106],[-41,72],[9,-58],[19,-35],[2,-46],[-52,-149],[-3,30],[19,51],[-12,38],[-31,32],[19,13],[-18,27],[12,15],[-10,38],[21,61],[-24,-26],[-14,-71],[14,-102],[-32,16],[36,-48],[-4,-38],[-38,49],[43,-72],[-13,-11],[9,-49],[20,-14],[12,-112],[-17,12],[-42,-31],[55,5],[8,-21],[-21,-60],[-32,15],[1,-51],[-24,-20],[38,-10],[-19,-29],[-31,-1],[-33,-41],[-19,-72],[-26,10],[-23,-20],[-27,-81],[-106,-151],[-27,-71],[-8,-48],[4,-121],[9,-77],[20,-90],[24,-81],[1,-63],[28,-141],[-4,-146],[-19,-105],[-40,-1],[-12,80],[-28,29],[-7,67],[-16,1],[2,60],[-15,-2],[-23,79],[17,49],[-27,2],[12,145],[-24,41],[-41,102],[-21,25],[-23,-11],[-36,-57],[-44,69],[-52,39],[-71,-20],[-41,-2],[-35,22],[-52,-32],[-33,30],[-12,-34],[24,-13],[25,13],[19,-30],[-23,-28],[10,-41],[32,-26],[-8,-23],[-57,62],[-10,-57],[-16,29],[-25,-23],[-27,22],[-33,73],[-16,-29],[17,-18],[-53,16],[-32,23],[-53,-12],[-38,-31],[-3,40],[-19,-29],[18,-27],[-55,-78],[-22,-10],[-61,-96],[-28,-104],[16,-170]],[[4656,2162],[-18,-15],[-23,28],[-27,1],[-59,68]],[[4529,2244],[-2,51],[-16,15]],[[4511,2310],[-3,70],[-12,12],[-36,86],[-24,112],[-23,47]],[[4413,2637],[-13,25],[-4,-2]],[[4396,2660],[-6,20],[-57,16],[-23,-21],[-29,-103],[-57,48],[-29,45],[-9,72],[-21,65],[-22,24],[-72,125],[-106,1],[1,-61],[-175,0],[-237,159],[6,29],[-150,-25]],[[3410,3054],[-24,110],[-41,57],[-14,-3],[-9,41],[-17,-5],[-50,56],[-53,5],[-12,19],[1,74],[-40,72],[-44,123],[13,32],[-39,52],[-7,80],[30,-45],[-29,91],[-1,-40],[-24,28],[-14,57],[-37,64],[-8,124],[-32,59],[-3,25],[19,80],[3,54],[-10,78],[-13,44],[-7,70],[24,141],[5,128],[11,99],[-10,109],[10,54],[-14,18],[-18,116],[-20,59],[10,26],[32,-26],[80,-5],[16,-32],[-4,-41],[14,-29],[-29,0],[-13,-36],[24,1],[20,35],[-1,76],[-26,41],[1,57],[15,10],[-16,34]],[[3059,5291],[1719,1],[1,50],[20,-10],[8,-66],[59,-40],[32,16],[37,-13],[17,-41],[21,14],[38,-41],[32,26],[8,-17],[38,2],[38,-16]],[[5127,5156],[-90,-68],[-67,-94],[8,-16],[77,33],[-2,-31],[20,-17],[41,35],[24,4],[48,51],[11,-35],[51,-21],[18,-42],[46,-8],[29,32],[74,12],[-6,-34],[35,-11]],[[5444,4946],[23,10],[1,-24]],[[5468,4932],[-10,-19],[43,-39],[-68,19],[-4,-28],[-50,34],[-7,-15],[-58,-14],[-26,-23],[0,25],[-65,-182],[37,43],[28,56],[-21,-70],[-25,-116],[-11,-90],[7,-62],[-2,-72],[15,-67],[19,-22],[39,34],[17,52],[10,96],[-20,90],[2,62],[15,39],[0,43],[39,68],[-1,-46],[16,51],[26,22],[-6,33],[19,23],[79,-60],[12,-39],[-2,-101],[-32,-45],[-3,-42],[14,-10],[27,51],[35,-9],[17,-123]],[[5573,4479],[-6,-50],[-8,-12]],[[5559,4417],[-11,13],[-15,-47]],[[5533,4383],[-2,-7]],[[5531,4376],[-23,-73],[60,-44],[51,17],[20,28],[61,40],[76,76],[18,36],[-4,13]],[[5790,4469],[-8,22]],[[5782,4491],[1,9],[-1,14]],[[5782,4514],[60,17],[35,-19],[52,11],[32,33],[-10,75],[35,50]],[[5986,4681],[32,49],[35,18]],[[1983,6813],[25,20],[32,1]],[[2040,6834],[-4,-37],[97,-113],[12,-45],[25,16]],[[2170,6655],[2,-18],[25,-7],[31,-45],[0,-24],[-37,-14],[-61,54],[-39,61],[-98,64],[25,23],[-10,23],[-43,-25],[-88,36],[-67,19],[-70,-15],[-63,42],[11,50],[-23,-50],[-60,24],[-31,-33],[-3,31],[49,18],[-13,21],[-24,-8],[-19,36],[-33,3],[-41,-24],[-13,42],[-5,-47],[16,-37],[-19,-36],[24,-16],[-34,-21],[-47,7],[-28,-18],[-64,-76],[-77,-25],[-5,23],[32,23],[30,41],[-30,-19],[-26,20],[26,54],[11,48],[-8,25],[60,43],[26,-16],[26,10],[-57,40],[-64,-40],[-65,-104],[-8,-43],[-37,-37],[-8,21],[-17,-45],[-26,-11],[-3,-47],[30,5],[26,-31],[-49,-47],[-31,-64],[-29,-1],[-43,-63],[-18,3],[-33,-81],[-15,7],[-24,-35],[-25,-8],[-58,-51],[19,-8],[-29,-43],[-52,-28],[-20,12],[-53,-52],[-38,-15],[-21,35],[-22,-66],[-21,-19],[-17,42],[-12,-49],[-16,22],[-18,-38],[10,79],[12,-32],[72,97],[47,8],[51,-14],[-21,21],[14,39],[38,41],[50,36],[19,-10],[-3,35],[23,39],[40,35],[11,121],[27,36],[-2,22],[-66,-38],[-25,29],[6,35],[-29,-41],[10,-35],[-18,-13],[-33,66],[-20,-19],[-28,41],[-45,-71],[-18,15],[-51,-2],[29,15],[-21,70],[21,31],[-37,84],[-13,-16],[-68,-26],[-30,3],[-1,24],[-35,39],[-48,35],[48,37],[45,-6],[19,-24],[14,22],[-33,14],[-74,8],[-66,91],[12,62],[15,-4],[31,57],[30,24],[-6,30],[18,39],[28,19],[49,-31],[74,54],[61,10],[25,32],[-12,69],[-28,25],[39,28],[-23,40],[-15,-23],[-41,-6],[-66,-43],[-25,21],[-53,2],[-41,-17],[-72,18],[-12,43],[-36,35],[27,-3],[25,20],[-78,16],[-44,26],[13,22],[51,17],[18,26],[87,49],[53,20],[50,3],[-11,-53],[14,-18],[94,0],[17,-13],[20,38],[37,-3],[-55,33],[-48,57],[19,8],[15,-40],[30,-28],[26,10],[25,-21],[33,3],[3,18],[-41,19],[-39,-19],[-23,23],[2,48],[-38,-9],[-77,15],[-29,71],[-81,59],[-69,41],[19,28],[1,42],[117,8],[46,25],[31,37],[-4,36],[38,62],[13,-7],[28,39],[11,-13],[55,13],[74,63],[101,4],[50,32],[26,32],[75,-17],[-28,-28],[31,-18],[22,37],[39,-16],[-2,-23],[30,-5],[53,18],[67,-15],[-26,-35],[56,0],[-16,-15],[156,10],[83,-22],[65,-26],[77,1],[36,-24],[45,-2],[80,18],[92,-40],[26,-23],[25,0]],[[1922,8099],[0,-1268],[61,-18]],[[2174,6657],[22,15],[16,60],[54,27],[29,-34],[-5,-17],[43,-50],[64,-88],[84,-187],[-5,-23],[33,-36],[92,-66],[5,-27]],[[2606,6231],[-9,-21],[12,-64],[-24,-51],[-34,-14],[-9,53],[11,20],[-1,51],[-18,34],[-6,-1],[19,-35],[0,-43],[-27,-17],[5,-54],[-18,21],[-5,44],[2,68],[22,15],[-26,-9],[-15,-52],[-6,41],[12,57],[-38,52],[-3,21],[-43,56],[-20,1],[13,32],[-51,107],[-29,6],[-46,139],[-2,-46],[21,-79],[-54,4],[-11,68],[-7,-17],[-47,39]],[[2373,6349],[-7,42],[56,-21],[2,-44],[8,26],[18,-27],[-16,-14],[-35,46],[17,-42],[-36,-9],[-6,35],[-21,-72],[-1,-36],[-19,125],[40,-9]],[[2258,6439],[-14,-6],[-7,31],[-27,38],[-11,15],[46,36],[56,-34],[7,-73],[-16,-4],[-43,41],[12,-41],[11,13],[29,-30],[19,-83],[-2,-74],[-45,88],[13,30],[-24,25],[-5,-30],[-13,42],[14,16]],[[2170,6655],[-1,5],[5,-3]],[[2174,6657],[-4,-2]],[[2429,6112],[5,32],[-19,1],[16,-79],[-24,55],[-11,55],[-13,-36],[-11,28],[17,11],[19,48],[-5,37],[-1,-19],[-39,-14],[32,33],[-12,28],[27,-3],[7,-38],[20,-8],[41,-98],[8,-66],[-12,-12],[-23,56],[-22,-11]],[[1104,6327],[21,73],[-21,-4],[-7,-30],[-18,12],[-12,60],[32,33],[13,-6],[32,47],[39,-4],[23,2],[10,-71],[-40,11],[19,-30],[-30,3],[-50,-78],[-1,-32],[-45,2],[35,12]],[[71,7249],[-46,-10],[-25,27],[6,36],[37,-24],[54,12],[13,-29],[33,-17],[52,-7],[-6,-19],[-29,3],[-30,-31],[-7,24],[-52,35]],[[6675,1048],[11,-2],[-20,-9],[0,11],[9,0]],[[2474,5962],[1,11],[29,20],[-13,-51],[-2,-58],[-15,-21],[22,7],[12,-28],[-15,-45],[23,2],[0,-30],[33,-56],[-11,-13],[-76,132],[-14,24],[15,4],[-24,12],[12,20],[-26,15],[-13,50],[8,41],[44,-11],[10,-25]],[[2474,5962],[-1,-9],[-23,-21],[20,-7],[3,28],[3,2],[-2,7]],[[1922,8099],[67,-5],[50,-14],[64,-51],[89,-36],[38,1],[43,-28],[-39,56],[10,30],[64,26],[21,-8],[10,38],[33,-31],[-30,-34],[66,22],[20,35],[66,15],[26,26],[14,-19],[33,44],[66,-21],[-91,-47],[-58,-15],[-9,-24],[-31,-9],[-48,-60],[41,-8],[-8,36],[61,31],[15,26],[43,-29],[39,60],[76,21],[7,-24],[43,41],[17,42],[-13,48],[69,-53],[27,-67],[48,-47],[31,-13],[-3,26],[29,32],[1,37],[37,19],[-4,-60],[25,1],[-23,-49],[47,-1],[32,18],[14,47],[95,-9],[72,-49],[100,-25],[39,-27],[129,-30],[2,27],[56,-17],[71,-66],[-7,-19],[-60,4],[-8,-37],[-27,-10],[26,-18],[169,-17],[5,9],[81,2],[60,40],[22,-46],[40,0],[16,-49],[5,32],[47,-42],[6,-32],[-16,-26],[36,-35],[-15,57],[24,-27],[-10,93],[-26,26],[7,54],[70,1],[20,34],[44,10],[6,29],[-55,-15],[-39,-35],[-25,12],[-6,-26],[-44,-1],[-29,16],[34,47],[61,11],[64,28],[49,-26],[-3,-42],[27,-19],[25,42],[-12,-48],[25,-26],[58,5],[78,-47],[48,-6],[51,22],[80,-6],[13,-12],[53,13],[-45,34],[33,4],[30,-44],[60,2],[-36,34],[-23,-15],[-41,61],[60,1],[-14,24],[45,-11],[11,-28],[37,-6],[-19,-26],[56,37],[-35,-112],[45,-14],[27,-63],[8,52],[-33,57],[16,49],[37,-6],[70,80],[10,34],[-21,18],[-13,-33],[-32,0],[1,29],[29,13],[-5,37],[42,27],[-47,-11],[-20,32],[-15,-16],[-84,40],[-21,61],[23,42],[-27,27],[11,65],[28,15],[21,-16],[12,26],[-30,9],[45,54],[37,7],[-33,-4],[-2,75],[-32,42],[8,45],[-10,65],[31,16],[-1,34],[99,23],[54,-6],[34,-20],[43,6],[86,-17],[-74,-94],[-30,-50],[-33,-19],[-64,12],[-47,-3],[44,-42],[-42,-60],[-26,-3],[9,-46],[12,18],[76,-59],[2,-73],[34,-21],[28,-56],[-35,-25],[37,-7],[-58,-43],[38,-6],[29,-23],[18,47],[9,-39],[71,-16],[-15,-27],[-50,9],[51,-58],[-10,-59],[21,-27],[34,55],[3,54],[21,28],[25,-2],[56,-58],[15,-65],[-38,-7],[10,-68],[54,-73],[55,19],[-2,42],[39,50],[15,91],[55,1],[-23,13],[38,27],[-50,23],[-12,62],[13,27],[61,2],[41,-21],[62,-4],[34,-52],[54,-29],[-34,-24],[37,-19],[-2,-18],[-47,-28],[-29,7],[9,-42],[19,-6],[-3,-31],[53,-60],[-18,-64],[-27,-2],[-42,-56],[-40,-29],[-71,73],[43,-94],[-58,20],[17,-21],[-55,14],[-10,37],[-56,-1],[-30,-17],[59,-36],[-35,-35],[-4,-24],[-56,-55],[-35,1],[-109,83],[-86,-2],[69,-18],[58,-64],[123,-12],[7,-13],[-65,-129],[-67,-34],[-45,42],[-2,-40],[-28,-48],[-19,9],[-8,-30],[-28,26],[-41,10],[27,-31],[37,-13],[9,-44],[-45,-36],[-49,10],[-20,-12],[30,-35],[-46,-9],[-22,-39],[1,-47],[-57,-51],[8,-17],[-32,-64],[-29,-124],[6,-82],[-5,-45],[23,-40],[14,12],[66,-8],[45,-189],[-17,-54],[104,41],[28,-4],[47,-35],[59,-15],[57,-57],[24,-54],[118,-60],[16,-24],[51,-25],[43,11],[104,-28],[3,-39],[-14,-82],[19,-57],[0,-72],[-11,-43],[46,-69],[13,-48],[48,-53],[10,-49],[43,-31],[2,35],[22,38],[27,-58],[3,98],[18,21],[-33,190],[8,69],[-25,25],[-23,61],[85,52],[72,76],[34,61],[9,34],[1,112],[-18,77],[-49,80],[-21,8],[-29,41],[-8,37],[45,53],[1,53],[32,16],[2,28],[-31,57],[8,45],[-38,10],[26,35],[2,50],[15,4],[-34,54],[-5,56],[30,25],[-25,15],[69,-6],[138,-53],[56,42],[77,-47],[33,-34],[-6,-18],[34,-12],[-15,-29],[33,-38],[56,-17],[32,-25],[26,32],[9,-38],[-27,-38],[14,-41],[-2,-124],[11,-56],[-29,-16],[7,-25],[34,41],[56,-15],[10,-33],[40,-18],[-9,-37],[64,55],[18,43],[17,-11],[46,68],[-11,62],[30,34],[15,68],[25,-12],[-2,-42],[20,-14],[-1,-41],[19,-9],[63,-129],[-27,-27],[43,5],[9,-46],[29,-76],[21,-14],[-24,-33],[40,-19],[-1,-68],[-31,25],[-3,-26],[46,-22],[-46,-32],[53,-6],[1,-44],[47,-12],[7,-46],[-29,-56],[56,44],[-2,-30],[49,6],[6,-41],[67,-16],[36,-32],[-57,-19],[-26,-42],[-54,-31],[-38,-9],[-14,-66],[27,30],[53,30],[10,31],[46,20],[-7,20],[50,-8],[19,-59],[85,-36],[1,-46],[-19,-19],[19,-49],[-30,-14],[36,-13],[-2,-45],[-61,-62],[-19,-32],[-45,8],[-36,-21],[-44,-43],[1,-24],[-73,-84],[-44,6],[-55,-21],[-9,17],[-121,12],[-91,1],[-51,-17],[-21,9],[-45,-59],[-14,-66],[-43,-7],[-63,-72],[-42,-87],[-31,-85],[-68,-101],[50,35],[92,166],[53,56],[99,65],[65,20],[63,-23],[24,-46],[-12,-48],[-66,-56],[-30,31],[-38,-16],[43,-28],[12,-31],[26,20],[35,-5],[-29,-79],[18,-15],[-5,-28],[25,-88],[46,-17],[-20,-11],[101,-57],[34,38],[2,-26],[27,-2],[7,-13],[-12,61],[58,135],[14,-2],[2,-55],[-35,-103],[12,-23],[20,42],[-24,-5],[31,51],[30,-22],[2,-22],[-39,-50],[-34,-20],[-22,9],[19,-31],[-44,-23],[-22,-25],[-63,-42],[-32,-1],[2,-26],[-47,13],[-2,-36],[-31,-65],[-55,-43],[-12,42],[-13,-11],[-6,47],[13,67],[71,77],[32,24],[-1,-29],[48,40],[-81,4],[26,40],[-89,-69],[-54,-21],[5,-60],[-12,10],[6,55],[-24,11]],[[6507,4831],[-16,8],[-8,14]],[[6053,4748],[1,1],[-1,-1]],[[5986,4681],[-53,-36],[-25,-36],[-35,10],[-93,-30],[-42,-67],[44,-8]],[[5782,4491],[8,-21],[0,-1]],[[5790,4469],[-78,-20],[-20,-31],[-53,11],[-30,-50],[-49,-33],[-31,4],[2,26]],[[5531,4376],[1,6],[1,1]],[[5533,4383],[39,4],[-13,30]],[[5573,4479],[43,50],[-1,95],[29,71],[-5,51],[-21,39],[25,-3],[2,-33],[72,-72],[24,43],[-38,80],[-26,74],[-54,28],[-85,7],[-70,23]],[[5444,4946],[-4,59],[-14,14],[12,43],[-27,43],[5,48],[-50,-3],[-21,29],[-22,82],[-54,0],[-61,30],[41,-31],[-45,-9],[-10,21],[-15,-63],[-5,25],[-24,-18],[-23,-60]],[[3059,5291],[-12,12],[-5,-11]],[[3038,5291],[-9,83],[-19,-29],[-32,33],[11,30],[-49,-15],[4,67],[-25,-30],[5,39],[-27,33],[-18,-13],[-61,12],[14,37],[-28,18],[-11,-16],[-47,56],[-2,131],[-17,42],[-3,57],[-15,-75],[-11,104],[-36,24],[-2,42],[20,12],[14,43],[-38,-54],[-7,-33],[-71,124],[-3,55],[35,77],[-4,86]],[[2040,6834],[-57,-21]],[[6153,4893],[23,16],[56,67],[8,-6],[20,15],[-31,-6],[-45,-53],[-24,-13],[-7,-20]],[[5583,4888],[41,-37],[-14,-30],[-53,36],[-51,13],[42,13],[4,-19],[31,24]],[[2720,5704],[-15,28],[35,-8],[-10,-45],[11,-53],[-14,4],[-7,74]],[[5635,5867],[19,-4],[26,-68],[-85,44],[40,28]],[[2660,5850],[-1,28],[34,-20],[9,-98],[-12,-24],[-4,87],[-15,-61],[-11,88]],[[2571,5901],[5,22],[39,-33],[4,-28],[-44,49],[-4,-10]],[[2560,6021],[11,-46],[16,6],[62,-96],[-4,-49],[-31,65],[-44,43],[-10,77]],[[6467,6867],[15,-17],[-9,-24],[-29,-3],[23,44]],[[6656,7027],[20,-14],[-8,-44],[-40,35],[28,23]],[[5758,7111],[8,-54],[-27,-54],[-26,25],[-3,50],[24,37],[24,-4]],[[6298,7173],[38,-34],[-35,-4],[-30,45],[27,-7]],[[5592,7191],[11,-33],[-75,-75],[-33,-4],[-15,47],[38,59],[11,-11],[63,17]],[[5823,7262],[45,-8],[7,-34],[-23,-13],[-37,41],[8,14]],[[5902,7285],[37,-27],[-28,-8],[-27,25],[18,10]],[[5407,7610],[32,-57],[-9,-10],[-25,27],[2,40]],[[5503,7578],[-37,-8],[1,20],[-22,32],[58,-44]],[[6080,7885],[55,-15],[-1,-26],[-61,0],[-23,39],[30,2]],[[5327,7866],[-14,-29],[-25,46],[19,33],[17,-14],[3,-36]],[[6041,7949],[7,-30],[-39,26],[11,28],[21,-24]],[[4468,8000],[-13,-28],[-18,11],[1,27],[30,-10]],[[5907,8067],[25,-3],[-38,-34],[-4,37],[17,0]],[[5714,8065],[-35,48],[66,9],[20,-16],[-36,-14],[-15,-27]],[[4625,8700],[-32,-27],[-50,-9],[-31,13],[43,18],[70,5]],[[4243,8865],[11,-15],[-40,-22],[-42,14],[14,30],[34,13],[23,-20]],[[4708,8914],[24,-12],[-60,-28],[-11,19],[47,21]],[[4349,8958],[-42,-29],[-37,-1],[18,21],[61,9]],[[4332,8971],[-2,-7],[-82,-18],[-18,8],[102,17]],[[3377,8978],[13,-4],[-30,-48],[-43,-32],[-50,13],[50,44],[60,27]],[[4313,8999],[-12,-26],[-96,-1],[4,18],[99,15],[5,-6]],[[4232,9046],[53,-21],[-16,-18],[-64,-2],[-18,38],[45,3]],[[5119,9033],[-23,-5],[-31,31],[36,17],[18,-43]],[[3622,9082],[4,-25],[-75,9],[27,16],[44,0]],[[5081,9183],[37,-23],[-23,-34],[-70,27],[3,29],[53,1]],[[4165,9154],[36,-14],[-21,-28],[-48,27],[-33,59],[36,-2],[30,-42]],[[4419,9198],[-53,-8],[-41,7],[3,21],[47,1],[44,-21]],[[3585,9235],[45,-27],[-36,-15],[-59,35],[50,7]],[[4511,9520],[46,-19],[-6,-40],[-48,31],[-31,-3],[-8,21],[47,10]],[[5740,6353],[14,-3],[0,-75],[24,42],[24,-13],[4,-36],[-23,23],[-26,-64],[-8,32],[3,83],[-12,11]],[[6666,7306],[-3,-5],[27,-19],[-3,-53],[-25,53],[-10,-12],[30,-88],[-42,11],[28,-59],[-5,-18],[-20,49],[-94,41],[-66,77],[9,-35],[-66,53],[-16,-5],[48,-68],[43,-27],[72,-80],[25,-77],[-19,-4],[-66,38],[-76,15],[-64,55],[12,13],[-54,0],[-91,58],[2,34],[25,19],[-16,20],[-30,-5],[-14,38],[-27,-14],[-14,42],[-38,49],[-34,28],[-39,-48],[-70,33],[-23,-44],[-75,-6],[-29,16],[-22,38],[3,42],[52,33],[-7,35],[47,-6],[57,-28],[21,-66],[3,38],[-36,43],[46,-9],[6,19],[31,-7],[35,26],[37,-10],[-12,36],[-51,57],[91,86],[13,37],[28,10],[-16,92],[-21,18],[-3,41],[-59,25],[-28,1],[-18,62],[-50,19],[-7,-18],[-64,-28],[-1,46],[64,9],[-4,27],[-96,49],[21,21],[-50,4],[0,48],[-44,4],[-43,44],[-31,-20],[37,-9],[20,-42],[-14,-16],[-50,-6],[-14,18],[-116,19],[37,-17],[15,-39],[-41,36],[-34,-21],[-56,26],[-39,-9],[-132,21],[0,-14],[-46,31],[1,-33],[-54,17],[49,0],[1,34],[-27,-10],[-55,5],[-50,19],[-47,60],[-7,26],[57,-5],[20,-13],[65,6],[-48,28],[-110,16],[-12,17],[13,42],[-19,20],[32,34],[-24,13],[25,73],[17,-6],[0,41],[15,27],[80,63],[66,18],[100,-5],[10,-20],[-67,-49],[-42,-66],[28,-57],[-12,-26],[20,-56],[40,-38],[33,-12],[6,-20],[-69,-14],[69,-2],[21,42],[-12,28],[-34,-1],[-46,49],[32,7],[0,25],[28,-2],[54,-31],[-84,60],[-11,23],[9,47],[81,-24],[-57,29],[-2,30],[33,22],[115,46],[81,-3],[18,-24],[6,-39],[30,-11],[1,-33],[24,-25],[-17,-49],[-28,-25],[31,-2],[40,44],[14,-23],[41,-9],[-18,-40],[32,-8],[-9,43],[26,48],[53,23],[44,-2],[15,-14],[91,-19],[9,-50],[51,-8],[-2,-34],[-51,-17],[28,-6],[65,14],[-27,-37],[48,-16],[16,26],[16,14],[72,-20],[29,-33],[-32,-50],[19,-2],[34,31],[17,-24],[-30,-42],[67,34],[-7,-39],[27,24],[77,-25],[-8,-29],[-61,-17],[-48,-41],[30,3],[4,24],[66,0],[-52,-44],[79,41],[9,27],[52,-51],[6,-30],[-39,7],[-16,-43],[30,20],[46,-36],[7,-22],[-62,-1],[-32,19],[-51,6],[79,-43],[-20,-10],[18,-25],[-86,7],[68,-21],[-20,-11],[93,-24],[15,-53],[28,33],[-4,-43],[18,10],[78,-6],[-24,-20],[45,-10],[37,-35],[-8,-29],[-55,-11],[52,-4],[22,23],[40,-18],[-24,-45],[38,21],[27,-44],[3,44],[27,-10],[32,-40],[-9,-42],[-67,-20],[36,-28],[-29,-6],[-3,-42],[-45,-4],[-29,-23],[21,-33],[-12,-43],[-17,35],[-48,-10],[-56,80],[4,41],[-29,-4],[-6,22],[-57,58],[-32,1],[16,-31],[-47,19],[7,-28],[37,-43],[-47,-4],[-3,23],[-34,18],[20,-56],[21,-21],[24,9],[1,-28],[24,-5],[7,-49],[86,-47],[-4,-24],[33,-9],[-26,-26],[55,-48],[-13,-21],[32,-6],[5,-61],[-16,54],[-22,13]],[[6726,5384],[-31,18],[17,20],[48,-18],[93,-63],[11,-36],[-34,-4],[-83,44],[-21,39]],[[5930,7910],[68,7],[29,-11],[4,-93],[-51,-39],[-69,-3],[-20,64],[39,75]],[[5759,8001],[56,61],[-1,14],[-19,3],[44,33],[13,-13],[-37,-23],[19,-24],[-40,-55],[2,-32],[23,-7],[-29,-36],[-2,73],[-29,6]],[[4197,8631],[-6,-34],[-44,-63],[-75,76],[-33,10],[27,31],[89,6],[42,-26]],[[4711,9194],[53,10],[111,0],[25,-8],[-18,-36],[-155,2],[-16,32]],[[6847,4946],[-26,-25],[-10,-40],[-20,22],[-47,12],[-31,25],[-18,37],[26,53],[-6,-39],[25,-44],[28,-7],[79,6]],[[2992,5292],[29,-30],[5,-48],[-16,-15],[-70,36],[-32,30],[21,29],[-38,-12],[-84,96],[-41,76],[-18,9],[-42,70],[31,17],[47,-38],[44,-20],[81,-11],[-1,-63],[34,-70],[50,-29],[0,-27]],[[7251,5418],[-36,-31],[12,-24],[40,-18],[-3,-24],[29,8],[23,37],[-1,-33],[27,24],[36,-31],[-28,-37],[0,-56],[22,-10],[35,16],[-35,-50],[-18,-72],[18,-24],[17,65],[23,11],[-21,-64],[3,-26],[25,49],[11,-37],[-20,-99],[-38,-23],[-1,73],[-30,-47],[-10,10],[20,69],[-18,66],[-17,-52],[-25,-11],[-25,-68],[-43,-1],[28,32],[23,60],[-14,19],[-5,-35],[-46,24],[-43,-15],[-74,22],[-66,-19],[-19,44],[62,84],[-53,-3],[36,17],[18,73],[20,-22],[-7,63],[15,36],[38,133],[26,32],[12,54],[57,42],[19,-3],[5,39],[1,-46],[-13,-33],[-26,10],[18,-42],[-62,-142],[-6,-65],[43,82],[41,-31]],[[5566,7327],[-33,-3],[3,33],[-42,-24],[2,-34],[-40,-19],[-18,-42],[-43,-26],[-23,16],[3,50],[-12,14],[-86,-17],[17,47],[44,23],[-15,67],[17,46],[-1,48],[15,64],[28,22],[27,-41],[-17,-11],[29,-44],[18,37],[30,-38],[43,-10],[12,-26],[52,-24],[37,-34],[15,-40],[-29,-29],[39,9],[54,-14],[20,-23],[-52,-48],[-65,33],[-26,-1],[-3,39]],[[4738,7973],[-44,-38],[-59,12],[-66,30],[-29,27],[-11,-17],[-26,25],[75,42],[-13,16],[23,48],[47,15],[36,-55],[9,10],[70,7],[13,-32],[-56,1],[29,-69],[40,-5],[-38,-17]],[[4187,8298],[43,-50],[51,-32],[19,0],[82,-54],[34,6],[7,-48],[-25,-30],[-13,42],[-12,-34],[-30,25],[-26,-11],[-13,-29],[-41,24],[-4,-13],[41,-31],[49,13],[-8,-18],[27,-26],[-15,-45],[8,-35],[-30,16],[22,39],[-91,-25],[-61,20],[-52,2],[22,13],[-94,19],[-10,43],[-47,-65],[-75,-11],[-25,-28],[-43,-13],[-108,-8],[-86,-17],[-38,18],[-19,28],[-2,53],[-44,14],[-49,-7],[-49,8],[-42,22],[1,15],[-39,26],[-11,31],[29,19],[59,13],[114,12],[100,-16],[57,16],[-29,24],[-84,26],[-43,-2],[-165,-24],[-28,8],[-56,39],[-13,25],[142,49],[17,22],[-107,-23],[-47,13],[40,14],[-27,13],[-60,-5],[0,41],[24,28],[34,12],[-29,27],[76,67],[173,63],[39,-36],[-3,-43],[-37,-26],[54,0],[21,41],[25,14],[111,-39],[-4,-22],[-35,-25],[11,-12],[36,16],[56,43],[-32,38],[40,-1],[89,-59],[-2,-28],[30,-56],[-6,-20],[35,-23],[28,38],[-31,31],[-13,52],[-11,93],[8,47],[0,-27],[54,-22],[18,17],[65,-42],[28,-29],[21,-92],[42,-70],[6,-33],[-24,-33]],[[5775,8521],[-48,12],[-14,53],[-38,6],[-1,60],[22,7],[62,-19],[82,4],[16,-7],[42,-13],[60,-58],[-5,-37],[-115,11],[-63,-19]],[[4558,8319],[-34,11],[-38,69],[-48,44],[-37,20],[-39,0],[-7,23],[-41,22],[-9,20],[17,32],[28,5],[46,-49],[54,2],[24,31],[-35,25],[17,25],[-32,-10],[-48,32],[44,15],[1,31],[55,-9],[14,23],[36,-27],[122,17],[17,-32],[-27,-13],[17,-19],[-36,-12],[-39,-35],[69,-11],[14,-25],[15,20],[-23,20],[21,16],[5,-40],[27,-64],[-16,-22],[-1,-58],[-56,-30],[-47,6],[11,-18],[-41,-35]],[[2934,8737],[133,16],[65,12],[89,-37],[63,-10],[10,-27],[16,29],[42,8],[73,-26],[98,-83],[-71,-29],[-169,-87],[-12,-38],[-56,-14],[-8,-74],[-16,-28],[-49,-15],[-17,12],[-28,-29],[-59,-23],[-61,83],[-73,35],[-42,1],[38,72],[22,11],[-7,42],[36,6],[-23,22],[26,44],[42,48],[-23,11],[-39,68]],[[4767,8757],[-33,11],[22,32],[-23,2],[-36,50],[43,41],[55,21],[6,18],[19,29],[12,-31],[-22,-2],[72,-66],[6,-51],[-13,-33],[-69,-3],[-36,24],[-3,-42]],[[4633,8983],[-5,-40],[-23,-16],[35,-9],[-48,-47],[36,-25],[-29,-16],[-100,-8],[-43,5],[-24,58],[43,3],[14,27],[-102,-7],[-73,-14],[-4,24],[53,31],[30,-17],[-35,41],[33,23],[-45,-5],[18,33],[45,-16],[-1,-14],[80,-39],[-40,38],[27,11],[-59,27],[14,18],[-58,-7],[45,19],[45,1],[69,-39],[15,24],[77,-19],[10,-45]],[[3624,8751],[-46,31],[101,42],[77,4],[39,32],[-88,-18],[-99,-6],[11,36],[-17,3],[-24,-40],[-32,-13],[-19,27],[-29,-27],[-112,31],[20,38],[72,0],[61,31],[-67,-18],[-66,0],[19,29],[126,11],[-114,4],[-1,21],[58,25],[16,29],[83,3],[14,-39],[60,12],[36,-14],[4,-19],[36,-11],[-25,-14],[45,-1],[13,-43],[46,6],[101,-11],[-13,36],[-59,19],[47,28],[-67,28],[-1,17],[37,8],[19,32],[45,19],[3,-30],[39,-48],[-25,-34],[39,3],[-2,-22],[54,-1],[27,23],[52,-10],[23,-45],[-38,-82],[-94,-15],[-11,14],[-45,-18],[-33,13],[-102,-38],[-68,-32],[-84,-13],[-42,7]],[[5325,8884],[84,31],[30,-5],[52,28],[40,-12],[48,14],[75,-9],[-10,-15],[48,0],[54,-27],[1,-39],[-51,-19],[54,-2],[11,-20],[-53,-16],[5,-19],[-72,-8],[-29,-14],[-70,13],[-13,38],[-23,-35],[-48,-9],[-146,-5],[-119,4],[0,54],[-22,-32],[-67,-18],[-68,24],[17,25],[-47,-34],[-32,18],[-5,49],[-22,11],[10,40],[18,13],[-11,40],[-59,64],[-57,-15],[-110,19],[-41,40],[10,16],[-31,24],[65,12],[129,-21],[39,-40],[24,-5],[78,14],[54,-18],[7,-21],[73,-15],[-6,-16],[-111,3],[19,-18],[46,-18],[12,9],[46,-28],[17,-50],[21,31],[23,-25],[53,20],[60,-26]],[[3226,9098],[79,49],[60,3],[38,-14],[37,15],[-32,8],[47,15],[64,-34],[-62,-25],[39,-22],[-10,-36],[-73,-24],[8,-23],[-26,-13],[-40,19],[17,52],[-47,-9],[12,-20],[-43,-11],[26,-20],[-42,-31],[-14,33],[-15,-12],[13,-32],[-22,-24],[-40,-1],[-24,48],[-6,-36],[-54,14],[-36,-14],[-26,41],[28,23],[53,4],[28,32],[44,19],[19,26]],[[3810,9247],[64,0],[-1,-17],[-72,-15],[45,-11],[-6,-38],[-73,-14],[-45,-10],[-67,27],[-2,52],[59,15],[98,11]],[[3833,9272],[-51,14],[-17,-15],[-47,14],[-63,-14],[-1,18],[128,39],[46,9],[57,-23],[5,-38],[-57,-4]],[[4616,9239],[57,13],[-61,12],[-35,37],[16,43],[42,-2],[81,-24],[-7,-12],[37,-1],[54,-22],[-35,-16],[31,-19],[-10,-18],[-106,-14],[-64,23]],[[4222,9368],[-58,-22],[21,25],[-54,2],[10,42],[105,4],[51,-18],[30,-30],[47,10],[41,-21],[-13,-15],[51,1],[52,-31],[-19,-22],[50,-48],[2,-26],[-57,-15],[-41,11],[-30,46],[-68,11],[-39,-6],[4,19],[-107,-14],[-38,31],[27,11],[71,-11],[-1,38],[-44,1],[7,27]],[[4899,9670],[-73,7],[13,14],[58,1],[89,-29],[69,-81],[87,-4],[19,-47],[54,-13],[-35,26],[17,21],[46,-4],[9,-31],[-23,-16],[43,1],[18,-22],[-12,-46],[33,11],[66,-10],[40,-38],[-37,-18],[-62,-14],[-64,-53],[-20,3],[-74,-70],[-60,59],[3,-24],[32,-38],[-43,22],[-14,-24],[-102,10],[-38,16],[-17,23],[72,7],[-68,11],[-25,-6],[-66,51],[66,28],[83,-2],[94,11],[-107,-5],[-28,14],[44,5],[-48,15],[-83,-26],[6,19],[-42,-8],[-78,8],[10,22],[55,6],[26,21],[-54,-15],[-42,0],[-49,32],[-4,35],[43,-10],[73,-4],[47,19],[-33,5],[-49,-13],[-72,20],[37,16],[-9,15],[30,21],[29,6],[40,-13],[1,17],[-62,11],[39,35],[107,4],[-5,16]],[[5916,9262],[83,-13],[-81,-28],[-81,8],[28,-50],[-34,-30],[-53,-12],[-103,6],[-50,25],[24,-27],[-41,-4],[7,-17],[40,16],[67,-13],[37,7],[26,-18],[-22,-24],[64,11],[26,-6],[9,-41],[-45,-28],[-17,16],[-31,-32],[8,-49],[17,-17],[-53,1],[28,23],[-2,36],[-110,-23],[19,40],[-73,10],[-22,-13],[-88,4],[-31,25],[-2,-23],[-45,-3],[34,-15],[-125,13],[-19,-8],[-43,14],[-13,-16],[-48,8],[-9,58],[-24,-55],[-48,21],[9,39],[77,38],[43,-5],[44,23],[-48,11],[2,19],[-34,20],[1,23],[61,13],[61,-15],[28,-39],[81,-27],[-10,10],[72,-4],[4,21],[55,62],[-15,8],[-41,-56],[-30,-15],[-88,13],[10,29],[-31,20],[37,15],[19,38],[-45,-31],[-46,-7],[-79,9],[0,44],[56,48],[84,15],[94,-10],[60,-21],[-27,22],[89,2],[18,25],[-65,-22],[-110,10],[-29,11],[27,20],[-9,30],[-34,28],[-92,21],[12,27],[-21,25],[13,22],[164,-9],[101,-52],[33,-37],[64,1],[54,14],[-71,-7],[-38,8],[-11,27],[-94,55],[177,21],[18,8],[127,9],[-121,2],[89,23],[122,9],[-1,8],[-88,0],[-53,-6],[-2,21],[79,42],[-37,-3],[-71,-40],[-17,-24],[-100,-27],[-104,-12],[-9,15],[55,10],[13,15],[-85,-19],[-24,7],[-7,-25],[-37,-7],[-106,3],[-39,10],[57,46],[40,10],[152,15],[21,7],[-187,-16],[-45,-10],[-72,-49],[-52,6],[-79,28],[61,16],[107,1],[121,37],[-31,3],[-79,-24],[-206,-15],[-34,22],[61,10],[-34,12],[96,34],[-132,-30],[-20,13],[77,23],[-67,6],[-47,-18],[-33,12],[59,29],[76,11],[26,-15],[43,33],[42,6],[141,-15],[62,0],[-123,20],[-7,11],[93,10],[-27,24],[130,-17],[68,-34],[-23,28],[85,-25],[99,-20],[49,-21],[-40,29],[-67,10],[-111,38],[13,17],[62,-2],[-49,12],[14,12],[93,-15],[-61,32],[78,-1],[75,-16],[38,2],[-87,11],[-16,23],[50,5],[23,-13],[71,7],[43,-8],[37,-26],[42,-10],[-49,38],[-45,15],[79,8],[120,-7],[23,-18],[78,-23],[-67,31],[44,20],[203,6],[5,-18],[89,2],[110,-8],[4,-6],[-140,-36],[73,4],[99,24],[24,-9],[47,19],[16,-20],[61,9],[-11,-15],[51,-28],[78,-4],[27,-14],[-10,-25],[-47,-8],[-12,-16],[-133,-40],[-63,5],[1,-11],[-177,-16],[59,0],[38,-9],[-212,-46],[37,3],[232,42],[74,8],[-8,-22],[-82,-22],[-41,-25],[-102,-38],[-66,-50],[-68,-7],[30,-11],[-137,-28],[95,11],[-5,-20],[-47,-35],[-47,-10],[-53,20],[-71,12],[-39,-6],[92,-10],[12,-32],[-53,-13],[-65,7],[3,-17],[-73,16],[18,-20],[-57,2],[-36,13],[4,-26],[178,-5],[-1,-26],[-88,9],[-12,14],[-123,-4],[121,-7],[-87,-13],[-24,4],[-25,-35],[36,23],[61,9],[60,-7],[-40,-15],[70,2],[37,-20],[-5,-21],[-38,-9],[-68,4],[86,-23],[-32,-25],[-80,2]],[[5557,1616],[8,-49],[-33,-17],[0,52],[25,14]],[[5863,1598],[27,-23],[-11,29],[54,-73],[40,-33],[11,8],[29,-62],[37,-8],[17,-37],[17,-6],[-3,-33],[-44,-19],[-39,-4],[-40,13],[-94,-19],[41,83],[-14,33],[-47,1],[-9,17],[-16,-33],[5,48],[-24,94],[-30,-12],[-40,20],[-35,50],[-33,-2],[-52,19],[-18,33],[27,4],[-12,30],[-57,2],[-39,-70],[-32,-1],[-7,-36],[-30,-17],[13,34],[-9,23],[24,63],[51,44],[42,8],[22,19],[59,-6],[27,8],[26,-35],[14,24],[23,-22],[13,-42],[24,-38],[29,2],[54,-51],[-28,71],[31,-59],[15,-9],[-9,-30]],[[6802,988],[4,-14],[-14,19],[2,7],[8,-12]],[[6868,270],[-7,-1],[5,27],[4,-7],[-2,-19]],[[6883,753],[8,-12],[-7,-41],[-6,37],[5,16]],[[6860,961],[6,-10],[-11,-6],[-3,12],[8,4]],[[6914,106],[-8,-21],[2,-74],[-58,-11],[29,33],[-13,55],[48,18]],[[5808,789],[1,0],[-1,0]],[[7001,407],[-7,4],[0,36],[11,-30],[-4,-10]],[[5884,1143],[33,-8],[34,-35],[10,-32],[-21,-8],[-20,18],[-23,-38],[-32,20],[-21,46],[-19,9],[29,35],[30,-7]],[[5724,779],[0,1],[0,-1]],[[6157,1545],[-5,-59],[-32,-11],[16,43],[14,-8],[7,35]],[[5847,2057],[0,-2],[18,-66],[13,-106],[-4,-25],[-34,91],[-19,30],[26,78]],[[5879,2283],[-26,-11],[1,-18],[-47,-20],[8,33],[35,-1],[0,22],[29,-4],[28,-45],[-8,-83],[-24,47],[20,6],[6,34],[-22,40]],[[5847,2057],[12,70],[-1,-38],[-11,-32]],[[6897,419],[-6,6],[3,25],[6,-8],[-3,-23]],[[6228,1147],[-2,1],[-1,4]],[[6225,1152],[3,-5]],[[6222,1161],[2,-16],[4,0]],[[6228,1145],[13,-23],[-5,-37]],[[6236,1085],[-18,27],[-51,-14],[-48,17],[-13,-32],[-39,55],[21,30],[87,-31],[27,33],[-23,37],[-10,-15],[10,84],[-44,25],[15,42],[30,-3],[22,-22],[35,-6]],[[6237,1312],[8,-68],[-5,-59],[-18,-24]],[[6228,1145],[0,1],[0,1]],[[6225,1152],[-1,5],[-2,4]],[[6237,1312],[6,24],[31,-8],[9,15],[45,-38],[25,-4],[18,-73],[54,-17],[24,-43],[-6,-40],[-19,-29],[-10,37],[-60,8],[-18,-33],[-23,-4],[-10,31],[-22,-39],[-24,-70],[-21,56]],[[4396,2660],[2,-20],[15,-3]],[[4511,2310],[6,-40],[12,-26]],[[4656,2162],[-20,-107],[-12,-90],[-13,-242],[12,-150],[32,-134],[43,-106],[11,-75],[30,-77],[37,-6],[25,-24],[21,-52],[55,37],[45,6],[11,21],[39,12],[29,-36],[21,40],[-11,19],[44,69],[1,42],[14,31],[0,84],[10,67],[34,35],[41,10],[62,34],[55,-22],[7,23],[19,-25],[6,-36],[-20,-73],[20,-6],[-16,-45],[-5,49],[-23,-58],[-2,-43],[-17,-35],[19,-17],[-25,-176],[-15,41],[3,51],[-16,-52],[-12,-1],[-25,-81],[-17,-10],[-113,0],[-1,-77],[-28,1],[43,-69],[23,-52],[-7,-40],[-77,0],[-30,-106],[8,-29],[-10,-72],[-38,86],[-66,123],[-32,28],[28,-40],[-46,27],[-9,32],[-36,-62],[-50,-40],[-20,-3],[-44,38],[-32,6],[-67,75],[-55,27],[-16,24],[-67,49],[-36,54],[-11,30],[-23,3],[-82,57],[-30,74],[-64,68],[-32,90],[-11,50],[29,32],[-14,31],[14,26],[2,59],[-26,62],[-11,94],[-39,80],[-38,102],[-37,65],[-23,26],[-18,62],[-25,40],[-27,18],[-20,35],[14,74],[-20,57],[-14,-7],[-13,47],[-35,34],[-5,70],[-40,32],[-60,127],[-6,-33],[-17,19],[19,46],[-25,94],[-12,70],[-16,53],[5,46],[-31,19],[-24,42],[-14,-15],[-37,43],[-9,-87],[11,-31],[4,-103],[16,-55],[12,-4],[35,-61],[8,34],[21,-36],[4,-41],[-26,50],[0,-63],[17,-7],[10,-45],[16,-9],[4,-78],[25,-41],[23,-80],[28,-38],[19,-122],[27,-104],[14,1],[-9,-66],[24,-60],[2,39],[30,-46],[10,-56],[13,-12],[-4,-62],[-22,-31],[-13,19],[-13,71],[-46,77],[-45,34],[-26,84],[5,103],[-6,36],[-53,82],[-7,26],[-30,-9],[-11,31],[-42,39],[-1,23],[-44,66],[-8,30],[8,36],[1,-67],[37,-16],[27,25],[8,69],[-58,124],[-45,52],[-9,80],[-13,18],[-1,46],[-38,100],[3,42],[-13,17],[-18,74]],[[4631,2093],[-13,-65],[5,-58],[15,118],[-7,5]],[[6622,1102],[6,-1]],[[6628,1101],[-5,-5],[-1,6]],[[6622,1102],[-10,2],[-28,-35],[-57,3],[-10,57],[10,21],[92,-18],[3,-30]],[[6628,1101],[13,17],[0,-19],[-13,2]]],"bbox":[-171.84602196975302,10.058691880372168,-11.394365383303173,83.63352064141789],"transform":{"scale":[0.016046770335678553,0.007358218697974369],"translate":[-171.84602196975302,10.058691880372168]},"title":"North America without central","version":"2.0.1","copyright":"Copyright (c) 2022 Highsoft AS, Based on data from Natural Earth","copyrightShort":"Natural Earth","copyrightUrl":"http://www.naturalearthdata.com"}