{"type":"Topology","objects":{"default":{"type":"GeometryCollection","geometries":[{"type":"MultiPolygon","arcs":[[[0]],[[1]],[[2]],[[3]],[[4]],[[5]],[[6]],[[7]],[[8]],[[9]],[[10]],[[11]],[[12],[13]],[[14,-15,15]],[[16]],[[17]],[[18]],[[19]],[[20]],[[21]],[[22]]],"id":"GL","properties":{"hc-group":"admin0","hc-middle-y":0.43,"hc-key":"gl","hc-a2":"GL","name":"Greenland","labelrank":"3","country-abbrev":"Grlnd.","subregion":"Northern America","region-wb":"Europe & Central Asia","iso-a3":"GRL","iso-a2":"GL","woe-id":"23424828","continent":"North America"}},{"type":"Polygon","arcs":[[23]],"id":"LC","properties":{"hc-group":"admin0","hc-middle-x":0.25,"hc-middle-y":0.53,"hc-key":"lc","hc-a2":"LC","name":"Saint Lucia","labelrank":"6","country-abbrev":"S.L.","subregion":"Caribbean","region-wb":"Latin America & Caribbean","iso-a3":"LCA","iso-a2":"LC","woe-id":"23424951","continent":"North America"}},{"type":"Polygon","arcs":[[24]],"id":"UM","properties":{"hc-group":"admin0","hc-middle-y":0.44,"hc-key":"um","hc-a2":"UM","name":"United States Minor Outlying Islands","labelrank":"5","country-abbrev":"U.S. MOI","subregion":"Seven seas (open ocean)","region-wb":"East Asia & Pacific","iso-a3":"UMI","iso-a2":"UM","woe-id":"28289407","continent":"North America"}},{"type":"MultiPolygon","arcs":[[[25]],[[26]],[[27]],[[28]],[[29]],[[30]],[[31]],[[32]],[[33]],[[34]],[[35]],[[36,37]],[[38,39,40,41,42,43,44,45,46,47,48,49,50,51,52,53,54,55,56,57,58,59,60]],[[61,62,63,64]],[[65,66]],[[67]],[[68]],[[69,70]],[[71]],[[72]],[[73]]],"id":"US","properties":{"hc-group":"admin0","hc-middle-x":0.57,"hc-middle-y":0.71,"hc-key":"us","hc-a2":"US","name":"United States of America","labelrank":"2","country-abbrev":"U.S.A.","subregion":"Northern America","region-wb":"North America","iso-a3":"USA","iso-a2":"US","woe-id":"23424977","continent":"North America"}},{"type":"Polygon","arcs":[[74]],"id":"VI","properties":{"hc-group":"admin0","hc-middle-x":0.54,"hc-middle-y":0.46,"hc-key":"vi","hc-a2":"VI","name":"United States Virgin Islands","labelrank":"6","country-abbrev":"V.I. (U.S.)","subregion":"Caribbean","region-wb":"Latin America & Caribbean","iso-a3":"VIR","iso-a2":"VI","woe-id":"23424985","continent":"North America"}},{"type":"MultiPolygon","arcs":[[[75],[76]],[[-65,77,-42,78,-40,79,-61,80,-59,81,82,83,84,-54,85,-52,86,-50,87,-38,88,-66,70,-63,89],[90]],[[91]],[[92]],[[93]],[[94]],[[95]],[[96]],[[97]],[[98]],[[99]],[[100]],[[101]],[[102]],[[103]],[[104]],[[105]],[[106]],[[107]],[[108]],[[109]],[[110]],[[111]],[[112]],[[113]],[[114]],[[115]],[[116]],[[117]],[[118]],[[119]],[[120]],[[121]],[[122]],[[123]],[[124]],[[125]],[[126]],[[127]],[[128]],[[129]],[[130]],[[131]],[[132]],[[133]],[[134]],[[135]],[[136]],[[137]],[[138]],[[139]],[[140]],[[141]],[[142]],[[143]],[[144]],[[145]],[[146]],[[147]],[[148]],[[149]],[[150]],[[151]],[[152]],[[153]]],"id":"CA","properties":{"hc-group":"admin0","hc-middle-x":0.26,"hc-middle-y":0.62,"hc-key":"ca","hc-a2":"CA","name":"Canada","labelrank":"2","country-abbrev":"Can.","subregion":"Northern America","region-wb":"North America","iso-a3":"CAN","iso-a2":"CA","woe-id":"23424775","continent":"North America"}},{"type":"MultiPolygon","arcs":[[[154]],[[155]]],"id":"CU","properties":{"hc-group":"admin0","hc-middle-x":0.76,"hc-middle-y":0.7,"hc-key":"cu","hc-a2":"CU","name":"Cuba","labelrank":"3","country-abbrev":"Cuba","subregion":"Caribbean","region-wb":"Latin America & Caribbean","iso-a3":"CUB","iso-a2":"CU","woe-id":"23424793","continent":"North America"}},{"type":"Polygon","arcs":[[156]],"id":"KN","properties":{"hc-group":"admin0","hc-middle-x":0.52,"hc-middle-y":0.51,"hc-key":"kn","hc-a2":"KN","name":"Saint Kitts and Nevis","labelrank":"6","country-abbrev":"St.K.N.","subregion":"Caribbean","region-wb":"Latin America & Caribbean","iso-a3":"KNA","iso-a2":"KN","woe-id":"23424940","continent":"North America"}},{"type":"Polygon","arcs":[[157,158,159,160]],"id":"NI","properties":{"hc-group":"admin0","hc-middle-x":0.67,"hc-key":"ni","hc-a2":"NI","name":"Nicaragua","labelrank":"5","country-abbrev":"Nic.","subregion":"Central America","region-wb":"Latin America & Caribbean","iso-a3":"NIC","iso-a2":"NI","woe-id":"23424915","continent":"North America"}},{"type":"Polygon","arcs":[[161]],"id":"GD","properties":{"hc-group":"admin0","hc-middle-y":0.49,"hc-key":"gd","hc-a2":"GD","name":"Grenada","labelrank":"6","country-abbrev":"Gren.","subregion":"Caribbean","region-wb":"Latin America & Caribbean","iso-a3":"GRD","iso-a2":"GD","woe-id":"23424826","continent":"North America"}},{"type":"Polygon","arcs":[[162]],"id":"DM","properties":{"hc-group":"admin0","hc-middle-x":0.48,"hc-key":"dm","hc-a2":"DM","name":"Dominica","labelrank":"6","country-abbrev":"D'inca","subregion":"Caribbean","region-wb":"Latin America & Caribbean","iso-a3":"DMA","iso-a2":"DM","woe-id":"23424798","continent":"North America"}},{"type":"Polygon","arcs":[[163]],"id":"AG","properties":{"hc-group":"admin0","hc-middle-y":0.35,"hc-key":"ag","hc-a2":"AG","name":"Antigua and Barbuda","labelrank":"6","country-abbrev":"Ant.B.","subregion":"Caribbean","region-wb":"Latin America & Caribbean","iso-a3":"ATG","iso-a2":"AG","woe-id":"23424737","continent":"North America"}},{"type":"Polygon","arcs":[[164]],"id":"TT","properties":{"hc-group":"admin0","hc-middle-x":0.39,"hc-key":"tt","hc-a2":"TT","name":"Trinidad and Tobago","labelrank":"5","country-abbrev":"Tr.T.","subregion":"Caribbean","region-wb":"Latin America & Caribbean","iso-a3":"TTO","iso-a2":"TT","woe-id":"23424958","continent":"North America"}},{"type":"Polygon","arcs":[[165]],"id":"SW","properties":{"hc-group":"admin0","hc-middle-x":0.71,"hc-middle-y":0.46,"hc-key":"sw","hc-a2":"SW","name":"Serranilla Bank","labelrank":"5","country-abbrev":"S.B.","subregion":"Caribbean","region-wb":"Latin America & Caribbean","iso-a3":"-99","iso-a2":"SW","woe-id":"-99","continent":"North America"}},{"type":"Polygon","arcs":[[166]],"id":"BB","properties":{"hc-group":"admin0","hc-middle-x":0.36,"hc-middle-y":0.58,"hc-key":"bb","hc-a2":"BB","name":"Barbados","labelrank":"5","country-abbrev":"Barb.","subregion":"Caribbean","region-wb":"Latin America & Caribbean","iso-a3":"BRB","iso-a2":"BB","woe-id":"23424754","continent":"North America"}},{"type":"Polygon","arcs":[[167]],"id":"JM","properties":{"hc-group":"admin0","hc-middle-y":0.53,"hc-key":"jm","hc-a2":"JM","name":"Jamaica","labelrank":"4","country-abbrev":"Jam.","subregion":"Caribbean","region-wb":"Latin America & Caribbean","iso-a3":"JAM","iso-a2":"JM","woe-id":"23424858","continent":"North America"}},{"type":"Polygon","arcs":[[168]],"id":"BU","properties":{"hc-group":"admin0","hc-middle-x":0.52,"hc-middle-y":0.7,"hc-key":"bu","hc-a2":"BU","name":"Bajo Nuevo Bank (Petrel Is.)","labelrank":"8","country-abbrev":null,"subregion":"Caribbean","region-wb":"Latin America & Caribbean","iso-a3":"-99","iso-a2":"BU","woe-id":"-99","continent":"North America"}},{"type":"MultiPolygon","arcs":[[[169]],[[170]],[[171]],[[172]]],"id":"BS","properties":{"hc-group":"admin0","hc-middle-x":0.17,"hc-key":"bs","hc-a2":"BS","name":"The Bahamas","labelrank":"4","country-abbrev":"Bhs.","subregion":"Caribbean","region-wb":"Latin America & Caribbean","iso-a3":"BHS","iso-a2":"BS","woe-id":"23424758","continent":"North America"}},{"type":"Polygon","arcs":[[173]],"id":"VC","properties":{"hc-group":"admin0","hc-middle-y":0.49,"hc-key":"vc","hc-a2":"VC","name":"Saint Vincent and the Grenadines","labelrank":"6","country-abbrev":"St.V.G.","subregion":"Caribbean","region-wb":"Latin America & Caribbean","iso-a3":"VCT","iso-a2":"VC","woe-id":"23424981","continent":"North America"}},{"type":"MultiPolygon","arcs":[[[174,175]],[[176,177,178,179]]],"id":"HT","properties":{"hc-group":"admin0","hc-middle-x":0.24,"hc-middle-y":0.92,"hc-key":"ht","hc-a2":"HT","name":"Haiti","labelrank":"5","country-abbrev":"Haiti","subregion":"Caribbean","region-wb":"Latin America & Caribbean","iso-a3":"HTI","iso-a2":"HT","woe-id":"23424839","continent":"North America"}},{"type":"Polygon","arcs":[[180,181,182]],"id":"SV","properties":{"hc-group":"admin0","hc-key":"sv","hc-a2":"SV","name":"El Salvador","labelrank":"6","country-abbrev":"El. S.","subregion":"Central America","region-wb":"Latin America & Caribbean","iso-a3":"SLV","iso-a2":"SV","woe-id":"23424807","continent":"North America"}},{"type":"Polygon","arcs":[[-181,183,184,-161,185]],"id":"HN","properties":{"hc-group":"admin0","hc-middle-x":0.4,"hc-middle-y":0.16,"hc-key":"hn","hc-a2":"HN","name":"Honduras","labelrank":"5","country-abbrev":"Hond.","subregion":"Central America","region-wb":"Latin America & Caribbean","iso-a3":"HND","iso-a2":"HN","woe-id":"23424841","continent":"North America"}},{"type":"Polygon","arcs":[[-178,186,-176,187,-180,188]],"id":"DO","properties":{"hc-group":"admin0","hc-middle-x":0.15,"hc-middle-y":0.16,"hc-key":"do","hc-a2":"DO","name":"Dominican Republic","labelrank":"5","country-abbrev":"Dom. Rep.","subregion":"Caribbean","region-wb":"Latin America & Caribbean","iso-a3":"DOM","iso-a2":"DO","woe-id":"23424800","continent":"North America"}},{"type":"Polygon","arcs":[[189,-46,190,-44,191,192,193,194,-48],[195]],"id":"MX","properties":{"hc-group":"admin0","hc-middle-x":0.47,"hc-middle-y":0.54,"hc-key":"mx","hc-a2":"MX","name":"Mexico","labelrank":"2","country-abbrev":"Mex.","subregion":"Central America","region-wb":"Latin America & Caribbean","iso-a3":"MEX","iso-a2":"MX","woe-id":"23424900","continent":"North America"}},{"type":"Polygon","arcs":[[-193,196,197]],"id":"BZ","properties":{"hc-group":"admin0","hc-middle-x":0.51,"hc-key":"bz","hc-a2":"BZ","name":"Belize","labelrank":"6","country-abbrev":"Belize","subregion":"Central America","region-wb":"Latin America & Caribbean","iso-a3":"BLZ","iso-a2":"BZ","woe-id":"23424760","continent":"North America"}},{"type":"Polygon","arcs":[[198,-184,-183,199,-194,-198]],"id":"GT","properties":{"hc-group":"admin0","hc-middle-x":0.4,"hc-middle-y":0.89,"hc-key":"gt","hc-a2":"GT","name":"Guatemala","labelrank":"3","country-abbrev":"Guat.","subregion":"Central America","region-wb":"Latin America & Caribbean","iso-a3":"GTM","iso-a2":"GT","woe-id":"23424834","continent":"North America"}},{"type":"Polygon","arcs":[[200,201,202,-159]],"id":"CR","properties":{"hc-group":"admin0","hc-middle-x":0.57,"hc-middle-y":0.37,"hc-key":"cr","hc-a2":"CR","name":"Costa Rica","labelrank":"5","country-abbrev":"C.R.","subregion":"Central America","region-wb":"Latin America & Caribbean","iso-a3":"CRI","iso-a2":"CR","woe-id":"23424791","continent":"North America"}},{"type":"MultiPolygon","arcs":[[[203,204]],[[205]],[[206]]],"id":"PR","properties":{"hc-group":"admin0","hc-middle-x":0.44,"hc-middle-y":0.48,"hc-key":"pr","hc-a2":"PR","name":"Puerto Rico","labelrank":"5","country-abbrev":"P.R.","subregion":"Caribbean","region-wb":"Latin America & Caribbean","iso-a3":"PRI","iso-a2":"PR","woe-id":"23424935","continent":"North America"}},{"type":"Polygon","arcs":[[207,-202]],"id":"PA","properties":{"hc-group":"admin0","hc-middle-x":0.25,"hc-middle-y":0.59,"hc-key":"pa","hc-a2":"PA","name":"Panama","labelrank":"4","country-abbrev":"Pan.","subregion":"Central America","region-wb":"Latin America & Caribbean","iso-a3":"PAN","iso-a2":"PA","woe-id":"23424924","continent":"North America"}}],"hc-recommended-transform":{"default":{"crs":"+proj=lcc +lat_1=20 +lat_2=60 +lat_0=40 +lon_0=-96 +x_0=0 +y_0=0 +datum=NAD83 +units=m +no_defs","scale":0.0000755900699259,"jsonres":15.5,"jsonmarginX":-999,"jsonmarginY":9851,"xoffset":-4194028.3876,"yoffset":5811387.74481}},"hc-recommended-mapview":{"projection":{"name":"LambertConformalConic","parallels":[20,60],"rotation":[96]}}}},"arcs":[[[8380,7668],[5,-18],[-26,-15],[-16,17],[10,22],[27,-6]],[[7532,8205],[20,-13],[-35,-38],[-6,27],[21,24]],[[7233,8567],[-11,11],[61,6],[-33,-35],[-17,18]],[[9406,8794],[24,-2],[24,-32],[-69,-10],[-42,16],[6,18],[57,10]],[[9601,8910],[-25,-10],[53,-28],[-96,-3],[2,39],[47,16],[19,-14]],[[9548,9083],[6,-90],[-34,69],[7,38],[21,-17]],[[6264,9180],[-22,-8],[-53,10],[61,0],[42,10],[41,-11],[-69,-1]],[[9632,9520],[-33,-31],[-41,-7],[-55,24],[49,20],[52,9],[28,-15]],[[9549,9761],[-25,1],[-37,36],[33,-7],[29,-30]],[[7517,9783],[-53,1],[-69,16],[-9,19],[35,7],[19,-15],[77,-28]],[[8218,9924],[-34,14],[76,-10],[-35,-15],[-52,6],[-45,20],[90,-15]],[[8199,9961],[53,-17],[30,-13],[-104,20],[21,10]],[[7965,6924],[-19,-34],[-8,18],[-57,23],[12,50],[-24,-12],[-25,28],[17,10],[-23,28],[-25,-12],[15,-19],[-124,13],[35,21],[-60,31],[-2,26],[-35,21],[19,43],[-26,-21],[3,48],[-36,14],[-27,32],[10,58],[-53,30],[-34,69],[18,64],[-1,50],[79,16],[-41,22],[-22,-29],[-16,16],[-24,-58],[-27,-24],[-4,73],[55,46],[-56,-30],[10,23],[-49,73],[7,24],[-34,-5],[5,23],[-19,23],[87,59],[-5,4],[-76,-53],[-18,2],[0,49],[28,33],[56,23],[-84,-3],[-20,23],[113,38],[-108,-18],[5,24],[91,53],[-29,-3],[-53,-39],[-2,41],[33,10],[1,40],[36,-1],[40,-19],[45,3],[57,-18],[-72,36],[14,11],[-76,-14],[-8,22],[-40,11],[49,4],[0,25],[53,-17],[27,4],[-8,27],[12,48],[34,-24],[22,11],[-17,36],[-27,-17],[3,69],[36,9],[-21,21],[-108,16],[-56,39],[-38,3],[-45,44],[56,11],[0,31],[-19,11],[4,44],[-86,-10],[-33,66],[58,48],[-39,35],[31,1],[26,41],[-29,22],[-38,7],[28,24],[-46,75],[21,5],[-49,29],[18,27],[-73,-24],[70,36],[-5,16],[-81,0],[58,8],[9,12],[-44,12],[5,24],[-66,19],[13,11],[-44,29],[25,8],[-12,38],[-38,-3],[-14,23],[-52,20],[-37,-4],[-10,21],[-80,8],[-7,9],[-76,11],[-35,-32],[-40,18],[0,-19],[-41,7],[-1,-19],[-34,9],[21,18],[-40,5],[-13,-25],[-31,24],[-25,-14],[52,-28],[-122,17],[-1,9],[-74,31],[56,26],[45,0],[2,14],[-57,-3],[-94,18],[-58,24],[28,27],[72,6],[71,-9],[45,4],[-77,10],[47,13],[99,-2],[40,10],[-10,24],[-53,6],[-27,-18],[-103,-10],[-66,16],[48,15],[-73,2],[39,20],[-79,-11],[-56,21],[-41,28],[18,49],[65,16],[48,-6],[3,12],[85,14],[21,24],[61,12],[130,4],[69,53],[-11,67],[-52,-1],[-36,13],[-38,-7],[-24,37],[63,31],[4,32],[15,-28],[39,7],[44,43],[54,9],[60,22],[48,-4],[41,-17],[37,16],[-22,24],[32,18],[-41,30],[86,27],[76,-11],[11,-24],[33,-2],[-21,28],[-61,16],[51,14],[262,35],[54,-34],[3,-27],[-17,-46],[54,40],[0,23],[95,-17],[70,-24],[-47,30],[74,-11],[24,10],[-70,27],[-34,47],[132,-7],[17,-13],[170,-42],[54,-33],[58,8],[-46,26],[7,9],[-128,32],[-54,35],[-7,20],[10,-17],[85,4],[65,-15],[55,-24],[-41,-21],[16,-11],[3,6],[64,29],[-121,42],[-4,7],[231,-3],[22,-36],[9,35],[83,-24],[26,-27],[-11,44],[-62,10],[-292,14],[-20,-5],[-54,18],[50,15],[58,-14],[108,-8],[-110,15],[-21,9],[50,9],[113,-9],[-71,12],[118,6],[89,-34],[77,-3],[49,-28],[11,11],[-38,22],[114,1],[-95,7],[115,10],[-108,9],[0,28],[69,11],[48,-10],[3,14],[94,0],[172,13],[11,-8],[105,4],[123,-11],[18,-6],[169,-23],[-27,-12],[-290,-9],[-110,-9],[-34,-9],[-156,-11],[38,-2],[193,12],[109,18],[171,-9],[133,14],[28,-23],[-23,-19],[41,7],[114,-13],[81,-23],[-68,-38],[-90,-7],[-372,-18],[-6,-8],[-114,-16],[-63,-16],[5,-20],[36,-1],[27,20],[245,30],[197,-10],[-6,-26],[-100,-22],[-4,-25],[47,17],[115,25],[19,-4],[18,40],[111,8],[23,-41],[-15,-33],[-62,-48],[-52,-30],[-9,-27],[31,28],[48,12],[132,68],[-3,17],[52,-6],[-24,-33],[49,17],[54,-12],[0,27],[0,17],[36,-35],[48,21],[-2,14],[43,11],[117,-3],[118,-23],[38,-23],[-46,-16],[-74,-41],[-76,-4],[15,-27],[-70,-18],[-101,2],[-96,-11],[-54,11],[-58,-16],[3,-10],[54,22],[89,-18],[73,11],[69,-22],[-41,-25],[-89,-8],[-82,15],[25,-21],[-54,-12],[12,31],[-49,-31],[-7,-18],[24,-27],[48,4],[-24,-42],[40,-16],[-18,-22],[-5,-53],[-29,25],[-73,-13],[4,-20],[-67,-125],[31,-3],[3,33],[20,11],[43,-12],[25,14],[40,-14],[23,-36],[-23,-12],[-42,21],[-49,-5],[30,-13],[-7,-22],[46,-6],[40,-20],[-1,17],[47,-15],[4,-37],[-22,-29],[-28,18],[-90,15],[-76,-38],[-33,26],[-30,-21],[67,-22],[-2,-35],[50,6],[60,-7],[16,-16],[-37,-18],[-98,-5],[119,-3],[37,-26],[-5,-66],[-28,-11],[-18,26],[-33,-7],[-61,39],[22,-29],[49,-30],[-6,-20],[29,-11],[26,-3],[-25,-23],[-34,15],[4,17],[-10,-37],[36,2],[87,-17],[-35,-37],[-51,2],[-10,21],[-88,0],[-30,-45],[41,-6],[56,-22],[13,-17],[-4,-40],[-46,2],[-2,-42],[-16,33],[-46,-19],[-50,14],[-55,32],[-4,29],[-25,-37],[-53,-9],[-25,-26],[-28,-4],[69,-21],[-17,-25],[-87,-25],[87,13],[33,16],[-12,-25],[24,-26],[-36,-22],[40,8],[126,-69],[-34,-25],[72,5],[-34,-21],[6,-41],[14,29],[23,0],[-3,-30],[21,-94],[-29,-20],[-28,7],[-3,52],[-14,-53],[-43,1],[-36,22],[-21,61],[-26,25],[-27,6],[-47,34],[-57,-4],[-69,56],[-35,-4],[70,-29],[-20,-14],[61,-17],[59,-1],[18,-12],[-10,-28],[-77,-31],[-99,5],[31,-12],[-24,-41],[5,-26],[93,15],[26,-14],[-41,-6],[-58,-31],[39,-13],[27,35],[32,-9],[64,29],[109,-40],[74,1],[-1,-19],[-31,-1],[-25,-42],[-50,-14],[-33,-33],[-104,-77],[-28,1],[-30,-21],[-50,3],[-51,-31],[-19,9],[-15,-26],[-24,14],[-6,-21],[-71,-13],[-42,7],[-45,68],[26,-74],[-77,-66],[-7,-45],[-40,-28],[8,-22],[-50,-59],[-36,-17],[-72,-54],[1,34],[-42,-72],[-11,31],[-37,36],[37,39],[-49,-14],[1,-38],[-32,-35],[-85,-23],[6,-34],[-31,-32],[-24,18],[-25,-5],[-1,-30],[35,-6],[-11,-70],[10,-74],[-15,-27],[-24,0],[3,-39],[-21,2],[-6,-40],[-31,-33],[-63,6],[23,-18],[31,-1],[-14,-86],[17,-19],[-27,-5],[10,-42],[-11,-29],[-38,3],[17,-20],[6,-59],[-38,-17],[18,-53],[-54,14],[-1,-2],[54,-13],[-20,-6],[-28,-31],[-8,45]],[[7429,8368],[20,16],[-52,7],[12,-25],[20,2]],[[9574,9348],[-2,-4]],[[9574,9348],[0,0]],[[9574,9348],[20,52],[19,18],[9,-20],[-30,-12],[-18,-38]],[[9054,8284],[-92,-13],[8,27],[26,20],[-15,11],[67,3],[61,25],[24,-56],[-79,-17]],[[9181,8606],[81,11],[83,-21],[-1,-30],[-46,2],[-32,23],[-84,4],[-1,11]],[[7332,8143],[50,-1],[-30,16],[-53,3],[-17,15],[15,35],[3,53],[90,-23],[34,-35],[46,-17],[10,-22],[-20,-20],[-88,-32],[-40,28]],[[9323,8492],[-121,56],[-17,37],[34,6],[49,-5],[27,-26],[48,-20],[-1,-13],[-49,7],[43,-22],[-13,-20]],[[9262,8636],[-107,14],[123,-29],[-93,-9],[-76,20],[28,29],[49,2],[76,-27]],[[9572,9344],[-3,-7],[-21,-3],[-24,-29],[8,-38],[-29,23],[7,22],[39,24],[23,8]],[[6912,849],[-8,13],[8,39],[3,-5],[-3,-47]],[[6035,1465],[1,0],[0,-3],[-1,1],[0,2]],[[5243,5262],[-44,-41],[0,33],[23,15],[21,-7]],[[239,6065],[11,-24],[-41,-45],[-34,-25],[41,80],[23,14]],[[562,6186],[-33,36],[-16,-21],[-32,1],[-17,-23],[-27,-2],[-8,21],[26,39],[61,23],[12,-35],[34,-39]],[[718,6299],[-13,-30],[-17,-1],[-2,27],[32,4]],[[2472,6408],[-11,40],[28,-40],[-24,-37],[-47,57],[8,14],[46,-34]],[[1198,6711],[32,-14],[0,-33],[-57,-21],[-24,10],[19,27],[22,0],[8,31]],[[1527,6942],[27,5],[-36,-49],[-26,-19],[35,63]],[[359,6958],[26,-13],[8,-47],[-67,-10],[-51,43],[84,27]],[[6215,4433],[17,-4],[-74,-52],[-59,-14],[5,29],[26,22],[55,5],[30,14]],[[360,6130],[28,9],[-59,-55],[19,-4],[-74,-48],[19,21],[8,63],[59,14]],[[2347,6537],[-26,-22],[9,50],[-12,27],[-9,68],[37,1],[20,-42],[-4,-65],[-15,-17]],[[3043,5466],[-4,-3],[-1,3]],[[3038,5466],[5,0]],[[6054,4944],[0,-1],[0,1]],[[6054,4944],[200,2],[11,35],[26,-5],[31,63],[25,127],[46,97],[23,-33],[44,20],[24,-40],[0,-167]],[[6484,5043],[10,-20],[13,0]],[[6507,5023],[-2,-42],[19,-14]],[[6524,4967],[16,-44],[-18,-26],[-42,-13],[-30,-41],[-39,25],[-6,-48],[-18,1],[-29,-48],[-7,20],[-40,-75],[-13,-48],[6,-34],[-21,-45],[20,-13],[12,-51],[37,-19],[-55,-28],[-38,2],[-36,-29],[-55,-1],[-48,-32],[-39,-65],[19,-23],[-8,-78],[-48,-103],[-41,70],[9,-55],[19,-34],[3,-45],[-53,-143],[-3,29],[19,49],[-12,36],[-31,31],[19,13],[-18,26],[12,15],[-10,35],[21,60],[-24,-27],[-14,-67],[14,-98],[-32,15],[36,-46],[-4,-36],[-38,46],[43,-69],[-13,-11],[9,-46],[19,-14],[13,-108],[-17,11],[-42,-30],[55,5],[8,-19],[-22,-59],[-31,15],[1,-49],[-24,-19],[38,-10],[-19,-28],[-31,-1],[-33,-40],[-19,-69],[-26,10],[-24,-19],[-26,-78],[-106,-145],[-27,-69],[-8,-47],[4,-117],[9,-72],[20,-88],[25,-78],[0,-59],[28,-138],[-4,-140],[-18,-100],[-41,-1],[-12,75],[-28,30],[-7,64],[-16,0],[2,59],[-16,-3],[-21,76],[16,48],[-27,2],[13,139],[-25,40],[-41,97],[-22,25],[-22,-10],[-36,-54],[-44,66],[-52,37],[-71,-21],[-42,-1],[-33,22],[-53,-31],[-32,29],[-14,-32],[25,-14],[25,14],[19,-30],[-23,-27],[9,-39],[33,-26],[-8,-22],[-58,61],[-9,-56],[-17,29],[-24,-22],[-28,21],[-32,70],[-16,-28],[16,-17],[-52,15],[-32,22],[-54,-12],[-37,-30],[-3,39],[-20,-27],[19,-28],[-55,-74],[-22,-10],[-61,-92],[-28,-99],[15,-165]],[[4656,2453],[-18,-15],[-23,28],[-26,2],[-59,64]],[[4530,2532],[-2,49],[-17,15]],[[4511,2596],[-2,67],[-12,12],[-36,83],[-24,107],[-24,45]],[[4413,2910],[-12,24],[-4,-1]],[[4397,2933],[-7,19],[-57,15],[-22,-20],[-29,-99],[-57,46],[-30,43],[-9,69],[-20,64],[-22,22],[-72,121],[-106,0],[0,-59],[-174,0],[-237,154],[5,27],[-149,-23]],[[3411,3312],[-24,105],[-42,56],[-14,-3],[-9,40],[-16,-6],[-51,56],[-53,3],[-11,18],[0,72],[-40,69],[-43,119],[12,30],[-38,52],[-7,76],[29,-43],[-28,87],[-2,-39],[-23,28],[-14,54],[-38,61],[-7,120],[-32,56],[-3,25],[18,77],[3,52],[-9,75],[-14,43],[-7,67],[25,136],[5,123],[10,96],[-9,104],[10,51],[-15,19],[-18,111],[-19,57],[9,26],[33,-26],[80,-5],[15,-30],[-4,-41],[14,-28],[-29,1],[-12,-35],[23,0],[21,35],[-2,74],[-25,39],[1,54],[15,10],[-16,33]],[[3060,5466],[1719,0],[1,49],[21,-10],[7,-63],[59,-38],[31,15],[38,-13],[17,-40],[21,14],[38,-39],[32,25],[8,-16],[38,1],[38,-15]],[[5128,5336],[-90,-66],[-67,-90],[8,-15],[76,31],[-1,-30],[20,-16],[40,33],[25,5],[48,49],[12,-34],[50,-20],[18,-41],[47,-6],[28,28],[74,13],[-6,-33],[35,-10]],[[5445,5134],[23,10],[1,-24]],[[5469,5120],[-10,-18],[44,-38],[-69,17],[-4,-26],[-50,33],[-7,-15],[-58,-13],[-26,-22],[-1,24],[-64,-175],[36,41],[29,54],[-21,-67],[-25,-112],[-12,-86],[9,-59],[-3,-71],[15,-64],[18,-21],[40,33],[17,49],[9,94],[-19,86],[1,60],[16,38],[0,41],[39,65],[-1,-44],[16,49],[25,21],[-6,32],[20,22],[79,-57],[12,-39],[-2,-96],[-32,-44],[-3,-41],[14,-9],[28,49],[34,-9],[17,-118]],[[5574,4684],[-6,-48],[-8,-12]],[[5560,4624],[-11,12],[-15,-45]],[[5534,4591],[-2,-6]],[[5532,4585],[-23,-70],[59,-43],[52,16],[20,28],[61,38],[76,73],[18,35],[-5,12]],[[5790,4674],[-7,22]],[[5783,4696],[1,8],[-1,15]],[[5783,4719],[59,14],[36,-18],[52,11],[32,33],[-10,71],[35,48]],[[5987,4878],[32,48],[35,18]],[[1984,6931],[24,19],[33,2]],[[2041,6952],[-5,-36],[98,-110],[12,-43],[24,16]],[[2170,6779],[2,-17],[26,-7],[31,-43],[-1,-23],[-37,-14],[-61,52],[-38,59],[-99,61],[25,22],[-9,23],[-44,-25],[-88,35],[-66,20],[-70,-17],[-64,41],[-72,23],[-31,-31],[-2,29],[48,17],[-12,21],[-24,-8],[-20,35],[-34,3],[-40,-23],[-13,41],[-4,-46],[16,-35],[-19,-36],[23,-13],[-33,-22],[-48,7],[-28,-17],[-64,-74],[-77,-23],[-5,22],[32,22],[30,39],[-30,-19],[-25,20],[26,53],[11,46],[-8,23],[60,41],[25,-15],[26,10],[-57,39],[-63,-38],[-66,-101],[-8,-41],[-36,-36],[-8,20],[-17,-42],[-26,-12],[-3,-45],[29,5],[27,-30],[-49,-46],[-32,-61],[-29,-1],[-43,-61],[-17,3],[-34,-78],[-14,8],[-26,-34],[-23,-8],[-58,-49],[19,-8],[-29,-41],[-52,-27],[-21,12],[-53,-52],[-37,-14],[-21,34],[-21,-63],[-22,-19],[-18,41],[-12,-47],[-17,21],[-16,-37],[10,76],[12,-30],[71,93],[48,8],[51,-13],[-22,20],[14,37],[38,40],[51,34],[18,-10],[-2,33],[22,39],[40,33],[11,118],[28,33],[-1,22],[-67,-36],[-26,27],[7,34],[-29,-40],[10,-33],[-19,-13],[-32,63],[-20,-18],[-28,40],[-46,-69],[-17,15],[-51,-2],[29,14],[-21,68],[20,30],[-37,80],[-13,-15],[-68,-25],[-30,3],[-1,23],[-35,38],[-47,34],[48,35],[44,-6],[19,-23],[14,21],[-33,14],[-73,7],[-67,88],[13,60],[14,-4],[31,55],[31,23],[-7,29],[19,38],[27,17],[50,-30],[74,52],[61,10],[24,32],[-11,65],[-29,24],[40,28],[-24,39],[-15,-22],[-41,-7],[-66,-41],[-25,21],[-53,0],[-40,-16],[-73,18],[-11,41],[-36,34],[26,-3],[24,20],[-78,15],[-42,25],[12,21],[51,17],[19,25],[86,47],[54,20],[49,2],[-11,-52],[15,-16],[93,-1],[17,-13],[20,37],[37,-2],[-55,32],[-48,54],[20,8],[15,-39],[29,-27],[26,11],[25,-22],[34,5],[2,16],[-42,18],[-36,-18],[-24,23],[1,45],[-37,-8],[-78,14],[-29,68],[-81,58],[-68,39],[18,27],[1,40],[118,8],[45,24],[31,36],[-3,35],[38,59],[12,-7],[28,37],[11,-11],[55,12],[75,60],[101,4],[50,31],[26,31],[74,-16],[-27,-28],[30,-16],[24,36],[37,-16],[-2,-23],[32,-4],[52,17],[66,-14],[-25,-35],[55,1],[-15,-15],[155,10],[84,-22],[65,-24],[77,1],[35,-23],[45,-2],[80,17],[93,-39],[25,-22],[25,0]],[[1922,8169],[1,-1221],[61,-17]],[[2173,6782],[23,13],[16,57],[54,27],[30,-32],[-5,-16],[43,-49],[63,-85],[85,-179],[-5,-23],[33,-35],[92,-64],[5,-25]],[[2607,6371],[-9,-21],[11,-60],[-23,-50],[-34,-14],[-9,52],[11,19],[-1,49],[-19,34],[-5,-3],[19,-33],[0,-41],[-27,-16],[5,-53],[-19,21],[-4,42],[1,64],[22,16],[-26,-9],[-14,-51],[-6,41],[11,54],[-37,50],[-4,20],[-43,55],[-20,1],[13,30],[-51,103],[-29,6],[-46,134],[0,-44],[19,-77],[-53,5],[-12,64],[-7,-16],[-48,39]],[[2373,6484],[-7,42],[56,-21],[3,-42],[7,24],[18,-26],[-16,-13],[-34,43],[17,-39],[-37,-8],[-6,33],[-20,-69],[-1,-36],[-20,121],[40,-9]],[[2259,6572],[-15,-7],[-7,30],[-27,37],[-11,15],[47,33],[55,-32],[7,-70],[-15,-4],[-45,39],[13,-39],[12,12],[30,-29],[18,-79],[-3,-73],[-44,86],[13,29],[-25,24],[-4,-29],[-14,41],[15,16]],[[2170,6779],[0,5],[3,-2]],[[2173,6782],[-3,-3]],[[2429,6257],[5,30],[-18,1],[15,-76],[-24,53],[-10,53],[-13,-35],[-11,28],[17,9],[18,48],[-4,34],[-1,-17],[-39,-14],[32,31],[-13,28],[27,-4],[7,-37],[21,-7],[40,-94],[9,-63],[-12,-12],[-23,53],[-23,-9]],[[1105,6463],[20,71],[-20,-5],[-8,-29],[-17,13],[-12,57],[31,32],[14,-6],[32,46],[39,-5],[22,3],[11,-70],[-41,12],[20,-30],[-31,4],[-51,-75],[1,-33],[-46,4],[36,11]],[[26,7341],[-26,26],[6,35],[37,-24],[54,12],[13,-27],[33,-16],[52,-8],[-6,-18],[-30,3],[-29,-29],[-7,23],[-52,32],[-45,-9]],[[6676,1380],[11,-1],[-20,-9],[0,11],[9,-1]],[[2474,6111],[1,12],[29,19],[-13,-49],[-2,-56],[-15,-20],[23,6],[12,-28],[-15,-42],[23,3],[-1,-30],[33,-54],[-10,-12],[-76,126],[-15,24],[15,3],[-24,11],[12,20],[-25,15],[-14,49],[9,39],[44,-11],[9,-25]],[[2474,6111],[-1,-8],[-22,-21],[20,-6],[2,27],[4,2],[-3,6]],[[1922,8169],[69,-4],[48,-14],[64,-49],[90,-35],[38,2],[42,-28],[-39,55],[11,28],[63,26],[22,-8],[9,37],[33,-31],[-29,-32],[65,20],[20,35],[66,14],[27,25],[13,-18],[34,41],[65,-19],[-90,-46],[-58,-14],[-8,-23],[-32,-9],[-48,-58],[42,-8],[-10,35],[62,30],[15,25],[43,-28],[38,57],[76,21],[8,-23],[43,40],[17,40],[-14,47],[70,-52],[26,-64],[48,-46],[32,-12],[-3,25],[28,31],[1,35],[38,18],[-5,-57],[26,1],[-23,-46],[47,-2],[31,18],[14,45],[96,-10],[71,-47],[101,-24],[38,-26],[130,-28],[1,25],[57,-17],[71,-61],[-7,-20],[-60,4],[-9,-35],[-26,-10],[25,-18],[169,-15],[6,8],[80,2],[60,39],[22,-45],[41,0],[15,-47],[5,31],[47,-41],[6,-30],[-15,-25],[35,-35],[-14,56],[25,-27],[-11,89],[-26,26],[6,52],[70,2],[20,32],[43,9],[7,29],[-54,-15],[-39,-33],[-25,10],[-7,-24],[-42,-2],[-31,15],[34,46],[61,11],[64,26],[50,-24],[-3,-40],[26,-19],[26,41],[-13,-46],[26,-25],[58,5],[77,-47],[48,-4],[51,21],[82,-7],[12,-10],[53,12],[-45,32],[32,5],[30,-43],[60,3],[-36,31],[-22,-14],[-41,60],[60,-1],[-14,24],[45,-11],[11,-26],[37,-7],[-20,-25],[56,36],[-35,-108],[46,-12],[27,-62],[8,50],[-33,56],[16,47],[36,-6],[71,76],[10,32],[-22,18],[-11,-31],[-34,0],[3,27],[28,14],[-6,35],[42,25],[-47,-10],[-19,31],[-15,-15],[-83,38],[-23,59],[24,41],[-27,26],[11,62],[29,15],[19,-16],[12,25],[-29,8],[45,53],[36,6],[-31,-4],[-4,73],[-31,40],[7,43],[-8,64],[30,15],[-1,33],[99,21],[54,-6],[33,-18],[43,5],[86,-17],[-74,-90],[-29,-47],[-33,-18],[-63,11],[-48,-4],[43,-40],[-42,-57],[-25,-3],[9,-44],[11,16],[78,-57],[1,-70],[34,-19],[28,-54],[-35,-24],[36,-7],[-58,-42],[39,-5],[28,-23],[18,46],[10,-38],[72,-15],[-16,-26],[-50,8],[50,-56],[-9,-57],[21,-26],[34,54],[3,52],[21,26],[24,-2],[57,-55],[15,-63],[-39,-7],[11,-65],[54,-70],[54,18],[-2,40],[40,48],[15,88],[54,1],[-22,14],[39,24],[-52,23],[-12,60],[14,25],[61,1],[41,-19],[62,-4],[33,-50],[55,-27],[-33,-24],[36,-17],[-3,-19],[-46,-26],[-28,7],[7,-41],[20,-6],[-3,-30],[53,-58],[-19,-60],[-26,-3],[-42,-54],[-40,-28],[-71,70],[43,-91],[-58,21],[16,-20],[-55,12],[-9,36],[-56,-2],[-30,-16],[59,-34],[-35,-34],[-4,-22],[-57,-54],[-34,1],[-109,81],[-87,-3],[70,-17],[57,-61],[125,-12],[6,-13],[-65,-124],[-67,-33],[-45,40],[-2,-37],[-27,-46],[-21,8],[-8,-30],[-27,25],[-42,11],[28,-31],[37,-11],[8,-43],[-44,-35],[-48,10],[-20,-11],[29,-34],[-46,-9],[-22,-38],[1,-45],[-58,-49],[9,-17],[-32,-61],[-29,-120],[6,-79],[-5,-43],[23,-37],[15,10],[64,-8],[46,-182],[-17,-52],[104,41],[28,-5],[47,-34],[59,-15],[57,-54],[24,-52],[118,-58],[16,-23],[51,-24],[42,11],[105,-27],[4,-38],[-15,-79],[19,-54],[1,-71],[-12,-40],[46,-66],[13,-47],[47,-51],[11,-47],[43,-30],[2,34],[23,36],[26,-56],[3,94],[17,20],[-32,184],[8,66],[-25,23],[-24,61],[85,49],[73,73],[35,60],[8,32],[1,107],[-18,74],[-49,78],[-22,8],[-28,39],[-9,35],[45,52],[2,51],[31,15],[4,27],[-32,55],[9,44],[-39,9],[26,34],[2,47],[14,4],[-34,53],[-3,54],[28,23],[-25,14],[71,-5],[137,-51],[56,41],[77,-46],[32,-32],[-6,-18],[35,-10],[-15,-29],[32,-37],[57,-16],[32,-25],[25,32],[11,-37],[-29,-36],[15,-39],[-2,-121],[11,-53],[-30,-15],[8,-24],[34,39],[56,-15],[11,-31],[39,-17],[-8,-36],[63,52],[18,42],[17,-10],[47,65],[-11,59],[29,33],[15,65],[25,-10],[-2,-41],[20,-13],[-1,-40],[18,-10],[64,-123],[-26,-26],[42,5],[8,-45],[30,-72],[21,-14],[-24,-32],[40,-18],[-1,-65],[-31,23],[-3,-25],[45,-21],[-45,-31],[52,-5],[3,-43],[45,-12],[8,-44],[-28,-54],[55,42],[-2,-28],[49,6],[6,-40],[67,-15],[37,-31],[-58,-19],[-26,-40],[-54,-29],[-38,-9],[-14,-64],[27,29],[53,28],[10,31],[46,20],[-6,18],[49,-7],[19,-58],[85,-34],[1,-44],[-19,-18],[19,-47],[-29,-14],[35,-12],[-2,-44],[-62,-60],[-18,-30],[-45,7],[-36,-19],[-43,-42],[0,-24],[-74,-80],[-43,5],[-55,-20],[-9,17],[-122,12],[-90,0],[-51,-17],[-21,10],[-44,-58],[-16,-64],[-42,-5],[-63,-71],[-42,-83],[-31,-82],[-68,-97],[49,33],[93,161],[52,53],[99,63],[66,18],[63,-22],[24,-43],[-12,-46],[-66,-53],[-30,28],[-38,-14],[44,-27],[12,-31],[25,20],[35,-5],[-29,-76],[38,-126],[46,-17],[-20,-10],[101,-56],[34,37],[2,-24],[26,-3],[8,-12],[-12,58],[58,130],[14,-1],[2,-53],[-35,-100],[11,-21],[21,39],[-23,-4],[31,49],[31,-43],[-39,-47],[-34,-19],[-22,8],[19,-30],[-44,-21],[-23,-26],[-62,-38],[-32,-3],[2,-24],[-47,12],[-2,-35],[-32,-61],[-55,-42],[-12,41],[-12,-11],[-6,45],[13,65],[71,73],[32,24],[-1,-28],[48,37],[-82,5],[27,38],[-89,-67],[-54,-20],[5,-57],[-12,9],[6,54],[-24,10]],[[6507,5023],[-15,8],[-8,12]],[[6054,4944],[1,0],[-1,0]],[[5987,4878],[-53,-34],[-25,-35],[-35,10],[-93,-29],[-42,-65],[44,-6]],[[5783,4696],[8,-21],[-1,-1]],[[5790,4674],[-78,-19],[-19,-29],[-53,10],[-30,-48],[-49,-31],[-31,4],[2,24]],[[5532,4585],[0,5],[2,1]],[[5534,4591],[38,4],[-12,29]],[[5574,4684],[43,48],[-1,91],[29,69],[-4,49],[-22,38],[24,-2],[3,-33],[72,-69],[24,41],[-38,78],[-26,70],[-55,27],[-85,7],[-69,22]],[[5445,5134],[-4,56],[-14,14],[12,41],[-27,41],[5,46],[-51,-2],[-20,27],[-22,81],[-54,-1],[-61,29],[41,-31],[-45,-8],[-9,21],[-15,-61],[-6,24],[-24,-17],[-23,-58]],[[3060,5466],[-12,12],[-5,-12]],[[3038,5466],[-9,79],[-19,-27],[-32,31],[12,29],[-49,-14],[3,65],[-25,-29],[6,37],[-28,32],[-17,-12],[-61,10],[14,36],[-28,18],[-11,-15],[-48,53],[-2,126],[-17,41],[-2,55],[-15,-72],[-12,99],[-35,24],[-3,40],[20,11],[14,42],[-37,-52],[-8,-31],[-69,119],[-5,53],[36,73],[-4,84]],[[2041,6952],[-57,-21]],[[6154,5083],[24,14],[55,65],[8,-4],[20,12],[-31,-5],[-45,-51],[-24,-12],[-7,-19]],[[5584,5078],[40,-36],[-13,-29],[-54,34],[-50,13],[42,14],[3,-19],[32,23]],[[2721,5863],[-16,28],[35,-9],[-10,-43],[11,-51],[-13,5],[-7,70]],[[5635,6020],[19,-4],[27,-65],[-85,43],[39,26]],[[2661,6003],[-2,28],[35,-19],[9,-95],[-13,-23],[-4,85],[-14,-60],[-11,84]],[[2571,6053],[6,21],[38,-32],[5,-27],[-44,47],[-5,-9]],[[2561,6169],[10,-44],[16,6],[63,-93],[-4,-48],[-31,63],[-45,42],[-9,74]],[[6468,6984],[15,-17],[-9,-23],[-29,-4],[23,44]],[[6657,7138],[20,-14],[-9,-43],[-39,34],[28,23]],[[5760,7218],[7,-52],[-26,-52],[-28,24],[-2,47],[24,36],[25,-3]],[[6298,7278],[39,-33],[-35,-4],[-30,43],[26,-6]],[[5593,7295],[11,-32],[-75,-72],[-34,-4],[-14,46],[38,57],[11,-12],[63,17]],[[5823,7363],[46,-7],[7,-33],[-23,-12],[-37,39],[7,13]],[[5902,7386],[38,-26],[-27,-8],[-28,24],[17,10]],[[5407,7698],[32,-55],[-8,-10],[-25,27],[1,38]],[[5504,7667],[-38,-6],[2,18],[-22,31],[58,-43]],[[6081,7963],[54,-14],[0,-25],[-61,0],[-22,37],[29,2]],[[5328,7945],[-15,-28],[-24,45],[19,31],[17,-13],[3,-35]],[[6043,8025],[5,-30],[-37,26],[11,27],[21,-23]],[[4468,8074],[-13,-27],[-16,11],[-1,25],[30,-9]],[[5908,8139],[26,-4],[-39,-32],[-4,35],[17,1]],[[5716,8137],[-37,46],[66,9],[21,-15],[-36,-14],[-14,-26]],[[4625,8748],[-31,-26],[-50,-9],[-31,13],[42,16],[70,6]],[[4245,8906],[10,-14],[-41,-20],[-42,13],[14,29],[34,12],[25,-20]],[[4709,8954],[23,-12],[-59,-26],[-11,19],[47,19]],[[4349,8996],[-40,-28],[-38,-1],[17,21],[61,8]],[[4333,9008],[-2,-7],[-84,-16],[-17,7],[103,16]],[[3377,9017],[12,-5],[-29,-46],[-41,-31],[-50,12],[49,43],[59,27]],[[4313,9036],[-12,-26],[-95,0],[3,18],[100,13],[4,-5]],[[4233,9081],[53,-21],[-17,-17],[-64,-1],[-17,36],[45,3]],[[5119,9068],[-21,-4],[-33,29],[37,17],[17,-42]],[[3622,9116],[5,-24],[-76,8],[27,15],[44,1]],[[5082,9213],[38,-23],[-24,-33],[-70,27],[2,28],[54,1]],[[4165,9185],[37,-14],[-20,-26],[-48,25],[-35,57],[35,-2],[31,-40]],[[4420,9228],[-53,-9],[-41,8],[2,20],[47,0],[45,-19]],[[3585,9264],[45,-27],[-35,-13],[-59,33],[49,7]],[[4513,9538],[46,-19],[-7,-38],[-48,29],[-31,-2],[-7,20],[47,10]],[[5741,6488],[14,-3],[-1,-72],[25,41],[25,-13],[3,-35],[-23,23],[-26,-62],[-7,30],[1,81],[-11,10]],[[6667,7405],[-3,-4],[26,-18],[-1,-51],[-27,51],[-9,-12],[30,-84],[-41,10],[27,-57],[-4,-17],[-21,47],[-94,40],[-66,74],[9,-34],[-66,50],[-16,-4],[49,-65],[41,-26],[74,-78],[24,-74],[-19,-3],[-67,36],[-75,14],[-64,54],[12,12],[-53,0],[-92,56],[1,32],[27,19],[-18,19],[-29,-5],[-14,38],[-26,-14],[-16,40],[-36,48],[-35,26],[-39,-46],[-69,32],[-25,-42],[-75,-7],[-28,16],[-22,37],[3,39],[52,33],[-8,34],[48,-7],[56,-26],[23,-64],[2,37],[-36,41],[45,-8],[8,18],[30,-8],[35,27],[36,-10],[-11,34],[-51,56],[91,83],[13,34],[28,10],[-17,88],[-20,19],[-2,39],[-60,23],[-29,1],[-18,60],[-50,19],[-7,-18],[-64,-27],[0,44],[64,9],[-4,26],[-96,48],[20,20],[-48,3],[-1,47],[-44,4],[-43,42],[-30,-19],[36,-9],[20,-40],[-14,-16],[-49,-6],[-15,18],[-116,18],[36,-16],[17,-38],[-42,34],[-35,-19],[-55,24],[-40,-8],[-132,20],[1,-13],[-46,30],[1,-32],[-54,16],[48,1],[2,31],[-27,-9],[-55,4],[-50,19],[-48,58],[-6,25],[57,-5],[19,-13],[66,7],[-50,26],[-108,16],[-12,16],[12,40],[-19,21],[33,32],[-23,12],[23,70],[18,-5],[-1,39],[16,26],[81,61],[65,17],[101,-5],[9,-18],[-67,-48],[-41,-63],[27,-56],[-14,-25],[21,-53],[40,-37],[33,-11],[7,-21],[-70,-13],[69,-2],[21,41],[-11,28],[-34,-2],[-45,48],[31,6],[0,24],[27,-1],[55,-30],[-84,57],[-12,22],[10,46],[82,-23],[-59,27],[-1,28],[33,22],[115,44],[81,-2],[18,-23],[6,-38],[30,-10],[1,-32],[24,-25],[-17,-47],[-28,-23],[31,-3],[41,42],[13,-21],[41,-8],[-18,-40],[32,-7],[-9,41],[27,46],[53,22],[43,-1],[15,-14],[90,-19],[9,-48],[51,-7],[0,-33],[-51,-15],[27,-7],[65,15],[-27,-37],[47,-16],[17,25],[17,14],[72,-19],[28,-32],[-31,-49],[18,-1],[34,30],[17,-24],[-30,-39],[68,32],[-9,-37],[28,23],[77,-25],[-9,-28],[-60,-16],[-47,-39],[28,3],[6,22],[64,1],[-52,-43],[80,40],[9,26],[52,-49],[7,-29],[-40,7],[-16,-42],[30,20],[45,-36],[9,-20],[-64,0],[-32,16],[-51,7],[80,-42],[-19,-9],[16,-24],[-85,6],[68,-19],[-20,-11],[92,-23],[16,-52],[28,32],[-4,-40],[19,8],[77,-6],[-24,-18],[46,-10],[36,-33],[-9,-29],[-54,-10],[52,-4],[23,22],[39,-18],[-24,-43],[38,20],[26,-42],[3,43],[27,-10],[33,-39],[-10,-40],[-66,-19],[36,-27],[-30,-5],[-2,-41],[-45,-4],[-28,-22],[20,-32],[-12,-42],[-18,34],[-47,-9],[-56,76],[4,39],[-29,-2],[-6,20],[-57,57],[-32,1],[16,-31],[-47,19],[8,-28],[37,-41],[-48,-5],[-3,24],[-34,16],[19,-53],[22,-20],[24,8],[1,-27],[23,-4],[8,-47],[86,-46],[-5,-23],[34,-9],[-25,-24],[54,-46],[-14,-21],[33,-7],[6,-58],[-17,52],[-22,12]],[[6695,5572],[19,19],[47,-16],[93,-62],[10,-34],[-33,-4],[-84,43],[-21,37],[-31,17]],[[5931,7987],[67,7],[29,-10],[5,-89],[-52,-39],[-68,-2],[-21,61],[40,72]],[[5761,8074],[55,59],[-1,14],[-19,3],[44,32],[13,-14],[-37,-21],[20,-23],[-41,-53],[1,-31],[24,-6],[-29,-35],[-2,70],[-28,5]],[[4197,8681],[-6,-33],[-43,-60],[-76,73],[-32,10],[27,29],[89,6],[41,-25]],[[4712,9223],[52,10],[113,0],[24,-8],[-18,-34],[-156,3],[-15,29]],[[6848,5134],[-26,-25],[-10,-38],[-20,21],[-47,11],[-31,25],[-18,36],[26,50],[-6,-37],[25,-43],[28,-7],[79,7]],[[2992,5467],[30,-29],[5,-46],[-17,-15],[-69,34],[-33,30],[21,29],[-38,-13],[-84,92],[-40,73],[-19,10],[-41,67],[31,16],[46,-37],[45,-18],[81,-12],[-1,-61],[34,-66],[49,-28],[0,-26]],[[7252,5587],[-36,-29],[13,-23],[39,-17],[-2,-23],[28,8],[23,35],[-1,-31],[26,23],[37,-31],[-27,-34],[-1,-55],[22,-9],[35,14],[-35,-48],[-18,-70],[18,-22],[17,63],[23,10],[-21,-60],[3,-26],[25,46],[12,-34],[-21,-97],[-38,-22],[-1,72],[-30,-47],[-10,10],[19,67],[-18,63],[-15,-49],[-25,-11],[-26,-66],[-43,-2],[29,32],[22,58],[-14,19],[-6,-34],[-44,22],[-43,-14],[-75,22],[-67,-18],[-17,41],[61,81],[-53,-3],[36,17],[18,70],[20,-21],[-7,61],[15,34],[39,129],[25,29],[13,53],[56,40],[19,-2],[5,38],[1,-46],[-12,-31],[-27,10],[18,-41],[-62,-137],[-6,-61],[43,78],[41,-31]],[[5567,7426],[-33,-2],[2,31],[-42,-23],[3,-33],[-40,-18],[-18,-41],[-43,-25],[-23,16],[3,48],[-13,13],[-86,-17],[18,45],[44,23],[-14,65],[16,45],[-1,45],[14,62],[28,21],[28,-40],[-17,-10],[29,-43],[18,37],[29,-37],[43,-10],[13,-24],[52,-24],[38,-34],[14,-37],[-29,-28],[39,9],[53,-15],[21,-21],[-53,-47],[-64,32],[-26,-1],[-3,38]],[[4739,8049],[-44,-37],[-59,11],[-66,29],[-29,25],[-12,-15],[-25,24],[74,40],[-13,16],[24,47],[47,13],[36,-53],[10,11],[69,5],[13,-31],[-56,1],[29,-65],[40,-5],[-38,-16]],[[4188,8361],[43,-48],[52,-32],[18,1],[81,-52],[35,6],[6,-46],[-25,-29],[-12,40],[-12,-32],[-30,24],[-40,-39],[-41,22],[-3,-11],[42,-30],[48,13],[-7,-18],[25,-25],[-13,-44],[7,-33],[-30,15],[22,37],[-90,-23],[-63,19],[-52,2],[23,13],[-94,17],[-10,42],[-47,-63],[-76,-10],[-25,-27],[-42,-13],[-108,-7],[-86,-16],[-38,17],[-19,27],[-2,52],[-44,11],[-50,-6],[-49,8],[-41,22],[2,14],[-40,24],[-12,30],[30,18],[58,13],[116,12],[98,-15],[58,15],[-29,23],[-84,25],[-44,-2],[-163,-23],[-30,8],[-57,38],[-12,23],[142,47],[18,22],[-109,-22],[-46,12],[41,13],[-27,13],[-60,-5],[-1,40],[24,27],[34,12],[-29,25],[77,64],[172,62],[40,-34],[-4,-43],[-37,-25],[55,1],[21,39],[24,13],[112,-38],[-4,-20],[-36,-25],[12,-12],[35,16],[56,42],[-31,37],[39,-2],[89,-56],[0,-28],[28,-53],[-5,-19],[34,-22],[29,35],[-32,31],[-13,50],[-11,89],[8,46],[2,-26],[52,-21],[19,15],[65,-39],[29,-29],[20,-89],[41,-66],[6,-32],[-23,-32]],[[5776,8575],[-49,12],[-13,51],[-37,5],[-2,59],[21,7],[63,-18],[82,4],[16,-8],[41,-12],[61,-55],[-5,-36],[-116,10],[-62,-19]],[[4558,8381],[-32,10],[-40,67],[-47,43],[-38,19],[-38,-1],[-8,22],[-39,22],[-10,20],[18,29],[27,6],[46,-47],[53,2],[25,30],[-35,23],[17,24],[-32,-9],[-49,30],[45,15],[1,30],[54,-8],[15,22],[36,-26],[122,16],[17,-31],[-29,-12],[18,-18],[-35,-12],[-40,-34],[69,-11],[15,-24],[15,20],[-23,19],[21,16],[4,-39],[27,-62],[-16,-21],[1,-56],[-57,-28],[-47,5],[11,-17],[-42,-34]],[[2935,8784],[133,15],[65,12],[89,-36],[62,-10],[11,-26],[16,28],[41,8],[74,-25],[97,-80],[-71,-28],[-168,-83],[-11,-37],[-58,-14],[-8,-71],[-16,-27],[-48,-15],[-17,11],[-28,-26],[-59,-23],[-60,80],[-74,34],[-42,0],[38,69],[22,11],[-7,42],[36,4],[-23,22],[25,43],[43,45],[-23,12],[-39,65]],[[4735,8814],[23,31],[-25,1],[-35,49],[42,40],[56,18],[7,18],[17,29],[13,-31],[-22,-3],[72,-62],[6,-49],[-12,-31],[-70,-3],[-36,22],[-3,-40],[-33,11]],[[4634,9020],[-5,-38],[-23,-15],[35,-9],[-49,-45],[38,-25],[-29,-16],[-101,-6],[-42,4],[-25,57],[43,2],[13,26],[-101,-7],[-74,-14],[-4,24],[54,29],[29,-16],[-33,40],[32,22],[-44,-4],[16,31],[46,-16],[-1,-13],[80,-38],[-40,37],[28,11],[-61,25],[16,18],[-58,-7],[43,19],[45,1],[70,-38],[15,23],[76,-18],[11,-44]],[[3625,8797],[-47,31],[102,39],[78,4],[38,31],[-88,-17],[-100,-6],[11,35],[-17,3],[-23,-39],[-33,-13],[-17,27],[-31,-27],[-111,30],[18,37],[73,0],[61,29],[-66,-17],[-67,0],[20,28],[125,11],[-114,4],[0,21],[57,23],[17,28],[82,2],[16,-36],[59,11],[35,-14],[5,-18],[36,-11],[-25,-13],[45,-1],[13,-42],[46,7],[101,-11],[-13,35],[-60,19],[47,26],[-67,26],[1,17],[35,8],[20,30],[44,19],[2,-29],[42,-46],[-26,-33],[39,3],[-2,-21],[53,-2],[28,23],[52,-9],[23,-44],[-39,-79],[-93,-14],[-11,14],[-45,-18],[-34,12],[-102,-37],[-67,-29],[-84,-14],[-42,7]],[[5325,8926],[85,29],[29,-4],[53,26],[40,-11],[47,14],[76,-9],[-10,-15],[48,0],[54,-26],[1,-37],[-52,-19],[54,-2],[12,-19],[-53,-15],[6,-19],[-72,-8],[-30,-13],[-70,12],[-13,37],[-22,-33],[-49,-10],[-147,-4],[-118,4],[-1,52],[-22,-31],[-66,-17],[-68,22],[16,25],[-46,-32],[-31,17],[-7,47],[-22,10],[11,39],[18,11],[-11,39],[-59,62],[-58,-14],[-109,18],[-41,38],[10,16],[-31,23],[64,11],[130,-19],[39,-39],[24,-5],[77,14],[55,-18],[7,-19],[71,-15],[-4,-15],[-110,2],[17,-17],[47,-17],[11,9],[47,-28],[16,-48],[22,30],[22,-24],[54,19],[59,-24]],[[3226,9131],[79,47],[61,4],[37,-14],[37,14],[-31,9],[47,14],[63,-34],[-61,-23],[38,-22],[-9,-35],[-73,-23],[9,-22],[-27,-12],[-41,18],[18,50],[-48,-8],[12,-20],[-42,-10],[26,-19],[-42,-31],[-15,33],[-15,-12],[14,-30],[-22,-24],[-41,-1],[-23,46],[-6,-35],[-55,15],[-36,-15],[-25,40],[28,22],[52,4],[29,31],[44,18],[18,25]],[[3810,9275],[64,-1],[0,-16],[-71,-14],[43,-11],[-6,-36],[-73,-14],[-43,-10],[-68,27],[-3,49],[60,15],[97,11]],[[3834,9299],[-52,14],[-17,-15],[-46,13],[-63,-14],[-1,18],[127,38],[47,9],[57,-24],[5,-36],[-57,-3]],[[4616,9267],[56,12],[-59,12],[-36,35],[16,42],[44,-2],[80,-22],[-6,-13],[35,0],[55,-22],[-34,-15],[30,-18],[-11,-18],[-104,-13],[-66,22]],[[4223,9391],[-58,-22],[22,25],[-55,2],[10,40],[104,4],[53,-17],[28,-29],[48,9],[42,-19],[-15,-15],[52,1],[51,-30],[-20,-21],[53,-47],[2,-25],[-58,-14],[-42,11],[-30,45],[-66,10],[-40,-7],[4,20],[-107,-14],[-38,29],[26,11],[72,-10],[0,37],[-47,0],[9,26]],[[4901,9682],[-74,6],[12,14],[59,1],[88,-27],[70,-78],[88,-5],[17,-45],[55,-12],[-34,25],[15,20],[48,-4],[6,-30],[-22,-15],[45,0],[16,-21],[-12,-43],[34,9],[65,-9],[40,-37],[-36,-17],[-62,-13],[-63,-51],[-22,2],[-74,-67],[-58,57],[1,-23],[32,-36],[-43,21],[-13,-23],[-102,8],[-39,16],[-16,23],[71,7],[-66,10],[-26,-6],[-65,49],[63,26],[85,0],[92,10],[-105,-5],[-30,14],[46,5],[-48,13],[-83,-25],[5,19],[-42,-8],[-76,8],[8,21],[56,6],[26,20],[-55,-15],[-41,1],[-49,30],[-5,35],[42,-10],[74,-4],[47,18],[-32,5],[-48,-12],[-75,20],[39,15],[-9,13],[29,21],[30,6],[39,-13],[0,16],[-60,11],[39,34],[106,4],[-3,15]],[[5917,9288],[83,-12],[-81,-27],[-81,8],[27,-48],[-34,-29],[-52,-11],[-103,6],[-50,23],[23,-25],[-39,-4],[5,-17],[41,16],[68,-13],[37,7],[25,-18],[-23,-23],[66,11],[26,-6],[8,-39],[-45,-27],[-17,16],[-30,-32],[7,-47],[17,-16],[-53,1],[28,22],[-1,36],[-112,-24],[19,39],[-71,10],[-23,-13],[-89,4],[-30,25],[-2,-23],[-45,-3],[34,-15],[-124,13],[-20,-7],[-43,13],[-14,-15],[-47,8],[-10,54],[-23,-52],[-49,21],[9,37],[79,37],[43,-5],[43,21],[-48,12],[2,17],[-34,20],[0,21],[63,14],[60,-15],[27,-38],[82,-26],[-9,11],[71,-4],[3,20],[57,60],[-17,7],[-39,-54],[-31,-15],[-88,13],[9,28],[-30,19],[36,15],[20,36],[-46,-29],[-45,-8],[-80,9],[1,43],[54,47],[86,14],[94,-11],[58,-19],[-26,21],[91,2],[17,24],[-65,-22],[-110,9],[-28,11],[26,20],[-10,29],[-33,27],[-92,20],[12,27],[-21,23],[13,22],[164,-9],[101,-50],[33,-36],[64,1],[-55,15],[-10,25],[-97,54],[179,20],[19,7],[125,9],[-121,2],[91,22],[121,9],[-1,7],[-88,1],[-52,-7],[-3,20],[79,41],[-35,-2],[-73,-40],[-17,-22],[-99,-26],[-106,-12],[-8,15],[55,9],[11,15],[-82,-18],[-25,6],[-6,-25],[-38,-6],[-107,3],[-38,10],[59,44],[38,10],[151,15],[23,7],[-188,-17],[-44,-9],[-74,-47],[-50,7],[-80,25],[61,16],[105,1],[124,36],[-32,2],[-80,-22],[-206,-15],[-32,21],[60,10],[-34,12],[94,32],[-130,-28],[-20,12],[78,21],[-68,7],[-48,-18],[-32,12],[59,27],[78,11],[24,-14],[43,31],[41,7],[141,-16],[63,1],[-123,19],[-7,11],[91,9],[-24,23],[130,-15],[68,-34],[-23,27],[182,-43],[50,-20],[-40,27],[-67,11],[-110,36],[12,17],[62,-2],[-49,12],[14,11],[92,-15],[-60,30],[77,0],[74,-16],[39,3],[-87,10],[-14,23],[49,5],[23,-13],[72,6],[44,-7],[34,-26],[42,-10],[-49,37],[-44,15],[77,8],[121,-7],[24,-18],[77,-21],[-67,29],[43,19],[205,6],[4,-16],[91,1],[109,-8],[5,-6],[-143,-35],[73,4],[100,24],[26,-8],[47,17],[14,-20],[64,9],[-14,-14],[51,-26],[78,-4],[28,-14],[-11,-24],[-58,-23],[-132,-39],[-62,5],[-1,-11],[-176,-15],[58,1],[38,-10],[-213,-44],[36,3],[235,41],[73,7],[-9,-21],[-80,-21],[-43,-25],[-100,-36],[-68,-48],[-68,-7],[31,-10],[-137,-27],[94,11],[-4,-20],[-47,-33],[-48,-10],[-50,20],[-74,10],[-38,-5],[90,-10],[14,-31],[-53,-11],[-64,5],[2,-15],[-73,15],[18,-19],[-58,1],[-36,13],[6,-25],[178,-5],[-3,-25],[-87,9],[-11,13],[-124,-3],[121,-8],[-88,-13],[-24,5],[-24,-34],[37,23],[62,8],[59,-7],[-41,-15],[70,2],[38,-19],[-7,-20],[-37,-9],[-68,4],[87,-22],[-33,-24],[-80,1]],[[5558,1927],[8,-46],[-34,-16],[1,48],[25,14]],[[5880,1916],[54,-71],[40,-32],[11,8],[29,-60],[37,-6],[17,-36],[17,-6],[-3,-31],[-44,-20],[-40,-4],[-40,14],[-92,-19],[40,80],[-14,32],[-47,0],[-9,17],[-16,-30],[5,44],[-23,90],[-31,-11],[-40,20],[-35,48],[-33,-2],[-52,18],[-19,31],[28,5],[-13,28],[-56,2],[-39,-66],[-32,-3],[-7,-33],[-30,-17],[13,33],[-9,22],[23,61],[52,42],[42,8],[22,19],[58,-7],[28,8],[25,-34],[15,23],[23,-20],[13,-41],[24,-37],[28,2],[55,-49],[17,4],[-8,-30],[27,-22],[-11,28]],[[6803,1323],[4,-13],[-14,17],[2,8],[8,-12]],[[5529,1018],[-10,-30],[7,-50],[-16,-56],[-8,-88],[5,-116],[-6,30],[-9,-93],[5,-40],[-14,-32],[14,-58]],[[5497,485],[-18,-28],[-46,47],[-16,-17],[-41,36],[-7,-18]],[[5369,505],[-49,89],[-19,60],[-53,85],[21,15]],[[5269,754],[17,0],[21,44],[-2,59],[20,-3],[20,39],[16,-26],[42,65],[1,31],[23,29],[18,-24],[84,50]],[[6869,632],[-7,-1],[5,26],[4,-7],[-2,-18]],[[6884,1097],[8,-13],[-7,-40],[-6,37],[5,16]],[[6860,1296],[7,-9],[-11,-6],[-3,12],[7,3]],[[6914,474],[-7,-20],[2,-72],[-58,-11],[29,32],[-13,54],[47,17]],[[5809,1132],[0,-1],[0,1]],[[7002,764],[-7,3],[0,35],[12,-29],[-5,-9]],[[5885,1472],[33,-8],[34,-32],[10,-33],[-21,-7],[-20,18],[-23,-37],[-31,19],[-23,45],[-18,9],[29,32],[30,-6]],[[5725,1122],[0,0]],[[6157,1858],[-4,-56],[-32,-11],[15,43],[15,-9],[6,33]],[[5855,2559],[-1,-17],[-46,-20],[8,32],[35,-1],[0,21],[29,-3],[28,-45],[-8,-79],[-24,46],[20,5],[5,33],[-22,38],[-24,-10]],[[5848,2351],[-1,-2],[19,-62],[13,-101],[-5,-26],[-33,89],[-19,28],[26,74]],[[5848,2351],[12,69],[-1,-38],[-11,-31]],[[6898,775],[-6,6],[3,24],[6,-8],[-3,-22]],[[6228,1475],[0,2],[-1,3]],[[6227,1480],[1,-5]],[[6223,1490],[3,-16],[3,1]],[[6229,1475],[12,-24],[-4,-35]],[[6237,1416],[-19,25],[-50,-12],[-48,15],[-14,-30],[-38,53],[20,30],[88,-30],[27,32],[-23,34],[-9,-14],[9,81],[-45,25],[16,39],[30,-2],[21,-22],[36,-5]],[[6238,1635],[7,-65],[-5,-57],[-17,-23]],[[5141,942],[16,-3],[38,-71],[26,16],[23,-21],[-6,-54]],[[5238,809],[-8,-32],[-53,11],[-29,30],[-35,8],[-17,25]],[[5096,851],[-1,18],[46,73]],[[5141,942],[13,38],[-5,21],[63,112]],[[5212,1113],[31,26],[42,-18],[10,45],[8,-42],[26,-4],[27,30],[27,-18],[30,15],[44,-23],[25,-42],[-12,-16],[20,-19],[25,2],[14,-31]],[[5269,754],[-13,40],[-18,15]],[[6229,1475],[-1,0]],[[6227,1480],[-2,6],[-2,4]],[[6238,1635],[6,22],[40,6],[45,-35],[25,-3],[18,-71],[55,-17],[23,-41],[-6,-39],[-19,-27],[-10,35],[-60,7],[-18,-31],[-24,-4],[-9,29],[-22,-37],[-24,-67],[-21,54]],[[4397,2933],[2,-19],[14,-4]],[[4511,2596],[7,-39],[12,-25]],[[4656,2453],[-32,-190],[-12,-233],[12,-143],[32,-130],[43,-102],[11,-72],[29,-74],[38,-6],[25,-24],[21,-50],[55,37],[46,6],[9,19],[40,12],[29,-34],[20,38],[-10,19],[44,64],[1,42],[14,30],[0,80],[10,66],[33,32],[42,11],[62,33],[56,-23],[6,23],[19,-24],[5,-35],[-19,-70],[20,-6],[-16,-43],[-5,47],[-23,-55],[-2,-42],[-17,-34],[19,-16],[-26,-170],[-14,40],[2,49],[-16,-52]],[[5207,1473],[-11,1],[-25,-78],[-17,-10]],[[5154,1386],[-113,1],[-2,-74],[-27,0],[44,-66],[21,-50],[-6,-39],[-77,0],[-30,-102],[8,-29],[-11,-68]],[[4961,959],[-37,83],[-66,119],[-4,-13],[-46,27],[-9,30],[-36,-60],[-51,-38],[-19,-3],[-45,36],[-31,6],[-68,72],[-55,27],[-16,23],[-66,47],[-36,52],[-11,30],[-24,2],[-81,56],[-30,70],[-65,65],[-31,87],[-11,48],[29,30],[-14,31],[14,25],[2,57],[-27,61],[-10,89],[-40,77],[-37,98],[-37,63],[-24,25],[-17,60],[-25,38],[-27,18],[-20,33],[13,72],[-19,54],[-15,-6],[-12,45],[-35,33],[-6,66],[-39,32],[-60,123],[-6,-32],[-17,17],[18,45],[-25,90],[-11,68],[-16,50],[5,45],[-31,19],[-25,39],[-13,-13],[-37,41],[-9,-85],[11,-29],[3,-99],[17,-52],[12,-5],[35,-60],[8,34],[20,-34],[5,-40],[-27,48],[1,-60],[17,-7],[9,-44],[16,-8],[5,-75],[25,-40],[22,-76],[29,-37],[19,-118],[27,-100],[14,0],[-9,-63],[24,-57],[2,37],[30,-45],[10,-53],[13,-12],[-4,-59],[-23,-31],[-12,19],[-13,69],[-46,73],[-45,33],[-26,81],[5,99],[-6,35],[-54,79],[-7,25],[-29,-8],[-11,28],[-42,38],[-1,22],[-44,64],[-9,29],[9,35],[1,-64],[37,-15],[27,23],[8,66],[-58,121],[-45,49],[-9,77],[-13,17],[-1,45],[-38,96],[3,40],[-14,17],[-17,71]],[[4632,2386],[-14,-62],[6,-56],[15,114],[-7,4]],[[5207,1473],[13,-14],[-12,-103],[4,-82],[-19,-89],[-24,-50]],[[5169,1135],[-20,-1],[5,151],[0,101]],[[5169,1135],[20,-24],[-2,31],[25,-29]],[[5096,851],[-39,27],[-38,3],[-58,78]],[[5497,485],[12,-56],[43,-110],[12,-10]],[[5564,309],[-16,3],[-7,-72],[14,-17],[-12,-22],[3,-42],[-12,-16],[10,-36]],[[5544,107],[-16,44],[-1,35],[-20,9],[13,-44],[-19,10],[-3,77],[-36,56],[-29,24],[-3,41],[-33,36],[24,-54],[-16,-35],[-9,29],[-23,17],[-15,59],[13,54],[-15,15],[13,25]],[[6623,1434],[6,-1]],[[6629,1433],[-5,-6],[-1,7]],[[6623,1434],[-10,0],[-28,-33],[-57,3],[-10,55],[10,20],[92,-17],[3,-28]],[[6629,1433],[13,14],[0,-17],[-13,3]],[[5564,309],[13,-22],[8,-52],[32,2],[12,-29],[44,11],[59,59],[22,36],[29,-21],[31,-2],[34,-28],[34,-73],[19,-96],[-28,-53],[-8,24],[-10,-63],[-24,60],[-9,46],[21,56],[-22,-10],[-9,35],[-30,43],[-39,-16],[-4,-38],[-44,-47],[1,-24],[29,-70],[-28,-33],[-25,-4],[-15,82],[-7,-27],[-24,16],[-6,40],[-61,34],[-15,-38]]],"bbox":[-171.85043999842745,7.219024595924849,-11.4155329134189,83.63609579737235],"transform":{"scale":[0.016045095218022658,0.007642471367281479],"translate":[-171.85043999842745,7.219024595924849]},"title":"North America","version":"2.0.1","copyright":"Copyright (c) 2022 Highsoft AS, Based on data from Natural Earth","copyrightShort":"Natural Earth","copyrightUrl":"http://www.naturalearthdata.com"}