{"type":"Topology","objects":{"default":{"type":"GeometryCollection","geometries":[{"type":"MultiPolygon","arcs":[[[0]],[[1]],[[2]],[[3]],[[4]],[[5]],[[6]],[[7]],[[8]],[[9]],[[10]],[[11]],[[12]],[[13]],[[14]],[[15]],[[16]],[[17]],[[18]],[[19]],[[20]],[[21]],[[22]],[[23]],[[24]],[[25]],[[26]],[[27]],[[28]],[[29]],[[30]],[[31]],[[32]],[[33]],[[34]],[[35]],[[36]],[[37]],[[38]],[[39]],[[40]],[[41]],[[42]],[[43]],[[44]],[[45]],[[46]],[[47]],[[48]],[[49]],[[50]],[[51]],[[52]],[[53]],[[54,55]],[[56,57]],[[58]],[[59]],[[60,60,60]],[[61]],[[62]],[[63]],[[64]],[[65]],[[66]],[[67,68]],[[69]]],"id":"ID","properties":{"hc-group":"admin0","hc-middle-x":0.35,"hc-middle-y":0.36,"hc-key":"id","hc-a2":"ID","name":"Indonesia","labelrank":"2","country-abbrev":"Indo.","subregion":"South-Eastern Asia","region-wb":"East Asia & Pacific","iso-a3":"IDN","iso-a2":"ID","woe-id":"23424846","continent":"Asia"}},{"type":"Polygon","arcs":[[70]],"id":"PW","properties":{"hc-group":"admin0","hc-middle-x":0.44,"hc-middle-y":0.47,"hc-key":"pw","hc-a2":"PW","name":"Palau","labelrank":"6","country-abbrev":"Palau","subregion":"Micronesia","region-wb":"East Asia & Pacific","iso-a3":"PLW","iso-a2":"PW","woe-id":"23424927","continent":"Oceania"}},{"type":"MultiPolygon","arcs":[[[71]],[[72]],[[73]],[[74]],[[75]],[[76]],[[77]],[[78]],[[79]],[[80]],[[81]]],"id":"SB","properties":{"hc-group":"admin0","hc-middle-x":0.38,"hc-middle-y":0.61,"hc-key":"sb","hc-a2":"SB","name":"Solomon Islands","labelrank":"3","country-abbrev":"S. Is.","subregion":"Melanesia","region-wb":"East Asia & Pacific","iso-a3":"SLB","iso-a2":"SB","woe-id":"23424766","continent":"Oceania"}},{"type":"MultiPolygon","arcs":[[[82]],[[83]],[[84]],[[85]],[[86]],[[87]],[[88]],[[89]],[[90]],[[91]],[[92]],[[93]],[[94]],[[95]]],"id":"AU","properties":{"hc-group":"admin0","hc-middle-x":0.53,"hc-middle-y":0.38,"hc-key":"au","hc-a2":"AU","name":"Australia","labelrank":"2","country-abbrev":"Auz.","subregion":"Australia and New Zealand","region-wb":"East Asia & Pacific","iso-a3":"AUS","iso-a2":"AU","woe-id":"-90","continent":"Oceania"}},{"type":"MultiPolygon","arcs":[[[96]],[[97]],[[98]],[[99]]],"id":"NZ","properties":{"hc-group":"admin0","hc-middle-x":0.18,"hc-middle-y":0.82,"hc-key":"nz","hc-a2":"NZ","name":"New Zealand","labelrank":"2","country-abbrev":"N.Z.","subregion":"Australia and New Zealand","region-wb":"East Asia & Pacific","iso-a3":"NZL","iso-a2":"NZ","woe-id":"23424916","continent":"Oceania"}},{"type":"Polygon","arcs":[[100]],"id":"NR","properties":{"hc-group":"admin0","hc-middle-y":0.55,"hc-key":"nr","hc-a2":"NR","name":"Nauru","labelrank":"6","country-abbrev":"Nauru","subregion":"Micronesia","region-wb":"East Asia & Pacific","iso-a3":"NRU","iso-a2":"NR","woe-id":"23424912","continent":"Oceania"}},{"type":"Polygon","arcs":[[101]],"id":"TV","properties":{"hc-group":"admin0","hc-middle-x":0.36,"hc-key":"tv","hc-a2":"TV","name":"Tuvalu","labelrank":"6","country-abbrev":"Tuv.","subregion":"Polynesia","region-wb":"East Asia & Pacific","iso-a3":"TUV","iso-a2":"TV","woe-id":"23424970","continent":"Oceania"}},{"type":"MultiPolygon","arcs":[[[102]],[[103]],[[104]],[[105]],[[106]],[[107]],[[108]],[[109]],[[110]],[[111]],[[112]],[[113]],[[-57,114]],[[115]]],"id":"PG","properties":{"hc-group":"admin0","hc-middle-x":0.24,"hc-middle-y":0.37,"hc-key":"pg","hc-a2":"PG","name":"Papua New Guinea","labelrank":"2","country-abbrev":"P.N.G.","subregion":"Melanesia","region-wb":"East Asia & Pacific","iso-a3":"PNG","iso-a2":"PG","woe-id":"23424926","continent":"Oceania"}},{"type":"Polygon","arcs":[[116]],"id":"MH","properties":{"hc-group":"admin0","hc-middle-x":0.48,"hc-middle-y":0.56,"hc-key":"mh","hc-a2":"MH","name":"Marshall Islands","labelrank":"6","country-abbrev":"M. Is.","subregion":"Micronesia","region-wb":"East Asia & Pacific","iso-a3":"MHL","iso-a2":"MH","woe-id":"23424932","continent":"Oceania"}},{"type":"Polygon","arcs":[[117]],"id":"FM","properties":{"hc-group":"admin0","hc-middle-x":0.52,"hc-middle-y":0.53,"hc-key":"fm","hc-a2":"FM","name":"Federated States of Micronesia","labelrank":"6","country-abbrev":"F.S.M.","subregion":"Micronesia","region-wb":"East Asia & Pacific","iso-a3":"FSM","iso-a2":"FM","woe-id":"23424815","continent":"Oceania"}},{"type":"MultiPolygon","arcs":[[[118]],[[119]],[[120]],[[121]],[[122]],[[123]],[[124]],[[125]]],"id":"VU","properties":{"hc-group":"admin0","hc-middle-x":0.13,"hc-middle-y":0.11,"hc-key":"vu","hc-a2":"VU","name":"Vanuatu","labelrank":"4","country-abbrev":"Van.","subregion":"Melanesia","region-wb":"East Asia & Pacific","iso-a3":"VUT","iso-a2":"VU","woe-id":"23424907","continent":"Oceania"}},{"type":"MultiPolygon","arcs":[[[126]],[[127,-56]],[[128,-69]],[[129]]],"id":"MY","properties":{"hc-group":"admin0","hc-middle-x":0.71,"hc-middle-y":0.73,"hc-key":"my","hc-a2":"MY","name":"Malaysia","labelrank":"3","country-abbrev":"Malay.","subregion":"South-Eastern Asia","region-wb":"East Asia & Pacific","iso-a3":"MYS","iso-a2":"MY","woe-id":"23424901","continent":"Asia"}},{"type":"MultiPolygon","arcs":[[[130]],[[131]],[[132]]],"id":"FJ","properties":{"hc-group":"admin0","hc-middle-x":0.24,"hc-middle-y":0.51,"hc-key":"fj","hc-a2":"FJ","name":"Fiji","labelrank":"6","country-abbrev":"Fiji","subregion":"Melanesia","region-wb":"East Asia & Pacific","iso-a3":"FJI","iso-a2":"FJ","woe-id":"23424813","continent":"Oceania"}},{"type":"MultiPolygon","arcs":[[[133]],[[134]],[[135]],[[136]],[[137]],[[138]],[[139]],[[140]],[[141]],[[142]],[[143]],[[144]],[[145]],[[146]],[[147]],[[148]],[[149]],[[150]],[[151]]],"id":"PH","properties":{"hc-group":"admin0","hc-middle-x":0.83,"hc-middle-y":0.61,"hc-key":"ph","hc-a2":"PH","name":"Philippines","labelrank":"2","country-abbrev":"Phil.","subregion":"South-Eastern Asia","region-wb":"East Asia & Pacific","iso-a3":"PHL","iso-a2":"PH","woe-id":"23424934","continent":"Asia"}}],"hc-recommended-transform":{"default":{"crs":"+proj=lcc +lat_1=7 +lat_2=-32 +lat_0=-15 +lon_0=125 +x_0=0 +y_0=0 +datum=WGS84 +units=m +no_defs","scale":0.0000835838781807,"jsonres":15.5,"jsonmarginX":-999,"jsonmarginY":9851,"xoffset":-2771874.6117,"yoffset":2965501.78534}},"hc-recommended-mapview":{"projection":{"name":"LambertConformalConic","parallels":[7,-32],"rotation":[-125]}}}},"arcs":[[[8413,6127],[1,-19],[-6,-22],[-10,-18],[-1,24],[7,12],[9,46],[0,-23]],[[8319,6329],[6,-24],[1,-23],[6,0],[10,-75],[-11,-36],[-8,14],[-5,38],[-14,41],[-13,13],[-2,17],[6,30],[24,5]],[[8407,6485],[-8,-26],[5,42],[8,13],[-5,-29]],[[8227,6491],[-7,-69],[2,-16],[-16,0],[-5,18],[7,12],[-1,46],[10,40],[10,-31]],[[8429,6515],[-5,-10],[-6,-44],[-9,7],[7,27],[-3,8],[12,23],[4,-11]],[[8437,6492],[-2,-24],[-4,16],[7,42],[-1,-34]],[[8447,6534],[14,-5],[1,-32],[-20,-18],[-2,8],[3,45],[4,2]],[[8536,6523],[2,16],[8,-8],[3,-22],[-13,14]],[[8192,6527],[6,-33],[-11,-42],[-2,-33],[-9,59],[-8,12],[-5,50],[11,-16],[10,22],[8,-19]],[[8592,6587],[3,-20],[-3,-21],[-5,23],[5,18]],[[8507,6611],[3,-12],[-8,-13],[-2,-24],[-11,13],[-8,-20],[4,54],[11,-2],[8,23],[3,-19]],[[8647,6699],[-2,-19],[0,-57],[-7,-41],[-2,-29],[-6,3],[0,64],[7,29],[5,45],[5,5]],[[8150,6743],[4,-17],[-16,-43],[-12,1],[-12,13],[4,41],[6,4],[26,1]],[[8332,6811],[-1,105],[1,13],[2,-36],[-2,-82]],[[8677,6903],[-3,4],[-2,49],[8,-36],[6,85],[0,-48],[-7,-65],[-2,11]],[[8372,7041],[4,-16],[-3,-47],[-4,35],[3,28]],[[8396,7065],[-4,-22],[1,-40],[-3,-17],[-8,9],[4,51],[0,55],[9,15],[1,-51]],[[8408,7111],[-4,-11],[-3,-72],[7,-21],[-9,-27],[-1,-36],[-6,2],[-2,26],[5,43],[5,129],[3,15],[5,-48]],[[8405,7224],[5,-15],[-5,-25],[-4,31],[4,9]],[[8554,7290],[7,5],[-19,-33],[2,31],[7,13],[3,-16]],[[8215,7305],[0,-66],[-6,-26],[-2,68],[3,56],[4,17],[1,-49]],[[8511,7372],[6,-15],[-1,-22],[6,-8],[-1,-37],[-14,-43],[-16,43],[-5,60],[12,29],[13,-7]],[[7772,7370],[-4,-5],[-5,31],[1,32],[8,-58]],[[7968,7411],[5,53],[11,-6],[5,-27],[-1,-64],[-6,-17],[-4,32],[-7,-31],[0,53],[-3,7]],[[7763,7430],[-5,-12],[-1,58],[6,-31],[0,-15]],[[7749,7536],[5,-38],[-8,15],[0,42],[3,-19]],[[8489,7480],[-3,11],[-3,52],[3,16],[3,-79]],[[8471,7591],[16,2],[7,-13],[-23,-14],[0,25]],[[8609,7608],[2,-25],[-5,-34],[-9,8],[-6,20],[8,22],[10,9]],[[8441,7559],[0,54],[7,6],[16,-25],[4,-14],[-13,-6],[-14,-15]],[[8752,7626],[35,-23],[5,-16],[-17,-14],[-23,53]],[[7946,7396],[5,-9],[-11,-13],[-2,20],[-13,26],[-1,54],[-4,55],[-6,17],[-8,-11],[-4,33],[6,19],[0,29],[6,21],[7,-45],[-3,45],[9,-12],[4,-48],[2,-79],[3,-18],[13,-16],[-4,-23],[-2,-41],[3,-4]],[[8533,7680],[13,-51],[-2,-24],[-14,-3],[-5,17],[8,61]],[[8417,7644],[-7,3],[-4,-16],[1,41],[-8,-45],[-2,23],[3,43],[8,6],[1,-40],[5,29],[4,-9],[-1,-35]],[[8027,7729],[5,-26],[-9,-29],[0,50],[4,5]],[[7731,7677],[2,-28],[4,-25],[0,-28],[-7,10],[1,71]],[[8622,7747],[-11,-4],[0,12],[11,-6],[7,-21],[-3,-62],[-6,17],[-3,44],[5,20]],[[8751,7782],[12,-7],[10,-62],[5,-5],[-7,-21],[-7,6],[-4,62],[-3,-12],[-6,39]],[[7883,7839],[3,-23],[-6,-36],[-3,32],[6,27]],[[8522,7813],[-4,-9],[0,39],[3,7],[1,-35],[7,25],[5,-26],[-2,-28],[8,-22],[-4,-20],[-4,22],[-4,-10],[0,29],[-6,28]],[[8379,7853],[0,-22],[-12,-21],[5,29],[7,14]],[[8615,7819],[-2,30],[-6,25],[15,16],[13,-26],[-2,-37],[-8,7],[-7,44],[-2,-10],[9,-38],[-10,-11]],[[7881,7941],[8,-38],[2,-43],[-9,-6],[5,53],[-6,34]],[[7855,8044],[1,-48],[-5,22],[3,28],[1,-2]],[[7843,8066],[1,-34],[-8,31],[0,22],[7,-19]],[[7868,8057],[4,3],[5,-26],[0,-27],[-9,50]],[[7887,8027],[-4,8],[-1,33],[-6,5],[10,22],[1,-68]],[[7820,8153],[7,-13],[1,-35],[-11,30],[-3,25],[6,-7]],[[7806,8234],[0,-46],[-4,-11],[-5,37],[1,22],[8,-2]],[[8547,8273],[12,58],[3,-25],[-6,-72],[-5,-2],[-4,41]],[[7991,8574],[2,-35],[-2,-33],[-7,3],[5,19],[-5,7],[-3,26],[7,39],[3,-26]],[[8505,8556],[4,40],[-3,7],[1,45],[5,-42],[-3,-40],[-4,-10]],[[8416,6189],[7,16],[-4,15],[3,67],[8,44],[8,-26],[8,55],[10,35],[5,-4],[2,-33],[-6,-9],[3,-41],[-2,-29],[-16,-84],[-8,-2],[-8,-32],[-10,1],[0,27]],[[8291,6517],[1,-67],[-9,-28],[-8,-10],[-2,31],[-6,-32],[-12,-7],[-11,-25],[-9,-8],[-7,16],[2,85],[10,24],[6,-20],[2,50],[11,14],[6,-3],[6,-43],[4,19],[7,-19],[9,23]],[[8260,8586],[-7,-30],[1,31]],[[8254,8587],[1,-2],[5,1]],[[8907,7458],[0,-624],[-4,-62],[4,-32],[0,-368]],[[8907,6372],[-4,8],[-10,70],[-13,65],[-3,23],[-16,-16],[-4,21],[-8,-36],[-2,26],[1,13],[-5,-21],[3,0],[3,-28],[-10,-3],[3,27],[-7,-29],[-16,1],[-6,-8],[3,58],[8,78],[6,26],[16,13],[7,-33],[-2,-38],[3,41],[-12,60],[14,-8],[-12,22],[-5,28],[5,8],[-1,45],[-7,37],[-5,87],[-6,26],[0,51],[-7,10],[-3,24],[-14,34],[-11,14],[-24,69],[-15,15],[-6,-6],[-16,55],[1,38],[-4,-20],[-6,27],[0,-26],[-7,33],[-3,-2],[-7,37],[-1,64],[5,25],[0,27],[-5,-34],[-3,-74],[-5,-26],[2,-21],[-6,-36],[-8,-8],[-7,72],[6,21],[-3,45],[-4,-8],[-4,38],[-6,27],[-10,5],[0,20],[6,19],[11,-7],[5,-15],[8,55],[8,7],[3,-22],[11,-13],[0,29],[5,12],[-6,24],[4,26],[-8,-22],[-10,6],[-17,-18],[-3,20],[-6,-13],[-8,27],[-7,98],[-17,-1],[-7,13],[8,61],[0,43],[18,24],[6,34],[9,21],[8,-2],[12,-28],[7,-33],[16,0],[6,-23],[-4,-15],[7,-67],[-6,-54],[2,-105],[5,-36],[4,-56],[3,70],[3,-86],[5,9],[-1,-39],[5,-33],[13,-5],[13,63],[1,35],[8,35],[4,57],[10,-4],[13,29],[-2,48],[18,50],[25,-51],[4,-21],[29,-76],[9,8],[16,-28],[-1,-19],[8,2]],[[8721,6825],[2,-10],[3,-23],[-10,-56],[-4,25],[3,99],[6,-33],[1,7],[-2,0],[-6,50],[7,-2],[0,44],[-4,2],[10,58],[5,-41],[-4,-44],[5,-26],[-2,-39],[-6,-1],[4,-25],[4,5],[-3,-18],[-9,28]],[[7826,8054],[-6,21],[0,51],[7,-28],[0,-29],[0,12],[8,-21],[9,-40],[-15,1],[-4,17],[1,16]],[[8401,6522],[0,0]],[[8401,6522],[-6,-5],[4,27],[2,-22]],[[8401,6522],[2,-21],[-6,-18],[0,-29],[-11,-21],[-8,0],[-9,-25],[-11,16],[-2,-21],[-12,-2],[-9,22],[-13,4],[-6,-17],[-3,39],[-3,-27],[-4,36],[-5,-22],[1,46],[7,-36],[15,61],[11,2],[11,-9],[15,-45],[14,30],[8,-35],[18,72]],[[8070,6774],[10,12],[7,-27],[6,-1],[3,-18],[15,-1],[3,-59],[3,-1],[-2,-45],[15,-43],[7,15],[8,-3],[6,17],[12,-36],[-3,-96],[7,-61],[-7,5],[-1,22],[-9,-2],[-5,19],[-17,39],[-15,-28],[-9,18],[-16,14],[-3,-19],[-14,14],[-20,29],[-12,37],[-19,29],[-7,4],[-3,-14],[-4,27],[-15,-35],[-18,26],[-8,28],[-24,15],[-4,26],[4,45],[-7,-1],[-9,28],[-20,-4],[-2,27],[5,3],[2,-25],[11,63],[2,61],[4,31],[13,-25],[14,-7],[1,27],[9,-10],[3,-29],[10,-7],[7,-23],[8,13],[5,-40],[2,-45],[21,-20],[5,7],[10,-13],[16,-5],[5,43],[1,32],[7,16],[6,-49]],[[8541,7298],[-3,64],[-6,-32],[-4,12],[7,23],[5,0],[1,22],[7,28],[19,-1],[5,9],[2,-26],[9,29],[17,-34],[8,2],[7,-24],[2,-47],[6,-28],[-1,-49],[-24,67],[-2,22],[-10,6],[-2,-28],[-14,18],[-3,26],[-5,-39],[-6,-5],[-9,65],[-6,-80]],[[8330,7740],[5,-33],[2,-49],[5,9],[6,-12],[12,93],[6,-13],[11,2],[3,27],[21,6],[-6,13],[14,13],[6,-31],[-4,-49],[-7,28],[-7,-7],[-12,-95],[-5,-20],[-11,-18],[-3,-31],[-11,20],[8,-62],[6,-21],[6,-68],[8,-39],[1,-49],[-3,-73],[12,-43],[0,-35],[7,-12],[-2,-40],[-7,6],[-14,-20],[-3,-56],[-8,3],[-6,30],[1,71],[3,24],[-8,20],[-12,72],[4,57],[1,73],[-9,24],[-16,-57],[5,-43],[2,-86],[-3,-34],[1,-77],[2,-39],[-4,-41],[-1,-47],[5,-79],[-4,19],[-11,-10],[-3,-20],[-7,6],[-6,51],[5,79],[-1,21],[4,73],[-1,49],[-4,51],[1,37],[-5,12],[-11,-23],[-4,78],[0,38],[10,70],[0,41],[6,39],[-1,126],[6,60],[6,37],[2,88],[2,29],[-3,29],[7,46],[1,37],[8,19],[6,-12],[7,47],[3,48],[10,-20],[5,11],[1,-30],[27,-16],[11,-34],[4,24],[24,-22],[13,35],[3,24],[5,2],[-1,28],[8,21],[0,17],[9,25],[3,-55],[-3,1],[-7,-74],[-7,-28],[-4,-45],[-6,-23],[-16,-14],[-14,1],[-4,32],[-21,-3],[-15,-12],[-3,17],[-23,-17],[-6,17],[-8,-8],[-7,-49],[-4,-66],[3,-74],[4,-39],[5,-3]],[[8567,7932],[-25,39],[-3,-29],[1,-54],[4,-66],[11,-83],[-3,-5],[-8,38],[-5,58],[-6,23],[2,84],[-8,68],[5,25],[-3,9],[-3,58],[4,41],[1,45],[9,71],[4,5],[-6,-63],[5,-18],[1,-30],[-4,-64],[-7,-25],[4,-34],[4,34],[7,32],[-3,10],[11,48],[7,4],[-1,-83],[-10,-28],[-1,-39],[11,-22],[0,-32],[5,-17]],[[8250,8586],[-5,-10],[12,-43],[-2,-34],[-18,0],[16,-37],[-9,-32],[8,-24],[-3,-25],[6,-5],[2,-49],[8,-58],[-4,-17],[-3,-46],[8,-38],[17,-68],[7,-48],[-5,-26],[-7,-1],[-14,22],[-7,-20],[-5,-52],[-5,-65],[2,-25],[-3,-38],[1,-43],[4,17],[-2,-46],[2,-14],[-9,-5],[-7,-65],[-6,-10],[-8,-37],[-4,-47],[2,-43],[-5,-24],[9,-9],[-2,-49],[-4,-10],[0,-42],[-4,-31],[-3,32],[1,-60],[-6,-72],[-37,-94],[-1,82],[-3,32],[-13,22],[-11,-17],[-1,45],[-7,-13],[-9,57],[0,-39],[-12,-44],[-8,18],[-12,-43],[-2,4],[0,81],[-2,42],[-5,-33],[-8,13],[-6,-22],[-11,-3],[-5,34],[-7,-21],[-3,64],[2,15],[-3,56],[-1,45],[-5,16],[5,67],[-4,54],[-12,42],[-6,0],[2,45],[-7,14],[-2,43],[4,10],[-1,36],[4,-4],[-10,56],[-2,81],[3,28],[-1,30],[5,63],[7,42],[0,22],[8,24]],[[8028,8239],[-3,-32],[9,-81],[9,-38],[2,-31],[8,-23],[9,23],[10,14],[4,-11],[13,0],[8,24],[2,50],[8,19],[16,-5],[2,-18],[15,-33],[8,35],[13,10],[3,-10],[9,77],[-1,57],[12,44],[-4,17],[0,37],[5,35],[6,-2],[4,69],[-2,77],[3,44],[6,37],[5,-19],[3,17],[7,-13],[9,11],[14,-2],[10,-32]],[[7781,8225],[-1,41],[7,8],[7,-42],[2,-45],[11,-21],[10,-43],[4,-67],[6,-36],[11,-7],[6,-43],[10,7],[9,-46],[1,-42],[-6,0],[-5,-34],[10,-21],[-10,-29],[-2,-30],[14,-57],[4,10],[7,-16],[4,8],[5,-138],[9,-52],[1,-20],[20,-20],[0,-25],[5,-23],[0,-28],[6,-19],[2,-47],[-4,-19],[-3,-51],[4,-26],[-4,-68],[2,-38],[-3,-227],[-5,2],[-8,58],[-6,-53],[-14,49],[-2,-12],[5,-60],[-12,46],[-17,115],[-8,24],[-14,53],[-17,84],[-2,58],[-17,66],[-8,85],[-6,26],[-8,74],[2,17],[-10,99],[-4,31],[-3,74],[-14,87],[-1,45],[-4,20],[-12,25],[9,515],[7,-25],[6,-38],[-1,-41],[5,-30],[2,30],[5,-59],[5,-33],[8,-26]],[[8729,9159],[-1,-38],[-3,17],[2,24],[2,-3]],[[9441,5973],[15,-50],[-3,-9],[-5,35],[-7,6],[0,18]],[[9610,6113],[0,-19],[-6,-17],[-3,19],[9,17]],[[9489,6175],[2,-28],[8,-2],[5,-37],[0,-22],[-14,13],[-4,18],[-4,44],[-6,7],[3,20],[8,-27],[2,14]],[[9438,6317],[12,3],[12,-52],[1,-23],[-5,-13],[-9,21],[-14,3],[-6,47],[3,45],[6,-31]],[[9390,6443],[-6,-15],[-3,35],[6,4],[3,-24]],[[9479,6304],[4,-16],[1,-31],[-9,57],[-11,50],[-7,128],[4,12],[7,-48],[-1,-37],[6,-25],[6,-90]],[[9362,6517],[8,45],[5,-46],[2,2],[4,-60],[-9,25],[0,27],[-7,0],[3,-38],[-3,-32],[-4,22],[5,25],[-4,30]],[[9361,6538],[-5,4],[-2,17],[4,22],[3,-43]],[[9344,6589],[1,39],[6,-28],[-7,-41],[0,30]],[[9391,6644],[14,-20],[10,-54],[9,-20],[11,-49],[2,-37],[-29,96],[-17,84]],[[9375,6652],[-16,16],[-5,20],[-7,52],[-6,28],[1,21],[15,-49],[3,-37],[7,-34],[8,-17]],[[9111,1133],[-7,18],[9,12],[4,-20],[-6,-10]],[[9102,1263],[10,-42],[0,-46],[-5,-7],[-10,66],[5,29]],[[8993,1206],[-4,-14],[-2,72],[7,13],[-1,-71]],[[8812,1952],[-1,-24],[14,-6],[-1,-26],[-8,7],[-8,-35],[-7,17],[-14,-14],[-5,25],[1,24],[22,31],[7,1]],[[8121,3638],[7,-93],[-5,16],[-3,52],[1,25]],[[9252,3762],[2,-45],[-9,-132],[-3,41],[3,61],[6,38],[-4,24],[5,13]],[[9189,3977],[4,-14],[1,-41],[-7,49],[2,6]],[[8790,5588],[3,-2],[-6,-43],[5,-38],[-13,16],[0,65],[8,27],[3,-25]],[[8610,5977],[1,-39],[5,-17],[-16,-3],[4,56],[4,29],[2,-26]],[[8613,6009],[6,-19],[8,5],[6,26],[6,-8],[3,-37],[-7,-41],[-9,-35],[-13,46],[-4,70],[4,-7]],[[8857,5110],[2,32],[9,12],[-4,-45],[-7,1]],[[9091,717],[-8,-22],[3,-47],[-8,15],[-7,-57],[-8,19],[-15,-4],[-3,60],[-2,-17],[-4,41],[-5,15],[-7,60],[-2,67],[6,-29],[-6,68],[-8,43],[-9,119],[4,67],[11,-38],[16,-18],[2,-15],[18,-24],[17,31],[12,-5],[4,26],[6,-7],[5,26],[10,-44],[-2,-134],[3,-51],[-6,9],[-4,-43],[-2,-57],[1,-95],[-5,-3],[-5,36],[7,-4],[-1,24],[-10,8],[2,-20]],[[8793,5830],[-12,-84],[4,-17],[-5,-46],[-3,28],[-6,-34],[-7,-10],[0,-69],[5,15],[5,-32],[-7,2],[-2,-61],[-5,-12],[-10,-74],[2,-40],[22,-79],[8,-50],[9,17],[-4,-49],[8,8],[10,-42],[11,-22],[12,-74],[24,-38],[7,-71],[20,-60],[14,12],[9,30],[7,109],[4,16],[6,107],[-1,20],[8,155],[-4,89],[2,68],[-3,21],[1,63],[5,55],[-3,44],[6,54],[-6,21],[6,79],[3,-8],[6,128],[1,67],[8,37],[4,-6],[8,-107],[0,-77],[9,-22],[-4,-58],[11,-47],[-3,-42],[4,-9],[3,-102],[-2,-36],[5,-44],[2,-66],[5,-18],[15,58],[5,-65],[19,-65],[-3,-26],[1,-73],[5,-87],[-1,-64],[13,-100],[8,-99],[-4,-106],[8,5],[1,-29],[-2,-77],[5,-31],[19,-59],[9,12],[7,-82],[2,23],[5,-36],[9,-9],[4,-35],[4,20],[7,-63],[-4,-21],[5,-46],[11,-43],[7,-105],[4,-87],[12,-67],[-4,57],[4,26],[5,-42],[11,-36],[-3,65],[7,-41],[2,-38],[-2,-78],[1,-42],[18,-100],[9,-2],[11,-100],[7,-21],[8,-83],[6,-7],[1,-78],[7,-29],[-3,-59],[3,-127],[-4,-26],[9,-90],[2,59],[3,-5],[-3,-110],[4,-33],[1,-99],[-8,-76],[0,-63],[-10,-173],[3,-27],[-4,-98],[-12,-114],[1,-46],[-12,-59],[-8,-12],[-14,-125],[-2,-57],[-9,-62],[-5,-142],[-6,-6],[-11,-114],[-1,-70],[-6,-103],[4,-57],[-2,-37],[-14,-49],[-33,-5],[-20,-43],[-20,-95],[-20,-19],[4,-25],[5,22],[-2,-60],[-9,53],[-5,-14],[-3,43],[-20,19],[6,51],[-10,-47],[-4,22],[9,36],[-4,43],[-13,-33],[4,-31],[-7,-3],[-25,-92],[-20,46],[-11,35],[-5,-6],[-13,24],[-3,-23],[-20,58],[-7,-2],[-10,30],[-3,37],[-14,81],[-2,38],[5,55],[-8,91],[-15,79],[6,-15],[4,38],[-3,22],[-9,-14],[1,-22],[-22,-21],[-2,20],[8,34],[3,102],[-13,102],[-11,-175],[-8,9],[-6,-20],[-10,-1],[6,58],[12,-3],[1,51],[-1,75],[4,48],[9,58],[-3,46],[6,17],[-6,97],[-1,-70],[-9,-25],[-7,-85],[-17,-42],[-19,-105],[-1,-39],[3,-36],[-11,17],[-6,39],[-6,126],[-9,44],[-1,46],[-5,21],[-10,11],[-6,75],[6,6],[-18,96],[-14,-16],[-10,40],[-16,-13],[-19,71],[-10,22],[-10,-21],[-19,5],[-33,-19],[-27,-66],[-20,-32],[-17,-7],[-14,14],[-41,-112],[-10,-9],[-7,-28],[-5,-74],[-12,-62],[-10,-11],[-2,20],[-22,-7],[-7,-13],[-1,30],[-14,1],[-27,-12],[-4,-13],[-11,8],[-13,-37],[-8,-63],[-12,11],[-10,-44],[-3,-32],[-20,-23],[-29,0],[-18,36],[-11,64],[-7,22],[-6,-8],[-5,47],[1,94],[8,-22],[11,61],[-2,104],[3,21],[1,102],[-2,46],[-14,138],[-6,102],[1,122],[-5,65],[-7,51],[-1,44],[-10,69],[-1,70],[-4,63],[-11,107],[-9,46],[3,37],[5,-65],[7,-6],[2,43],[-6,20],[-7,82],[3,19],[6,-48],[2,-50],[3,39],[1,-61],[4,-19],[4,101],[-3,9],[-12,112],[-3,66],[-4,32],[-1,81],[5,69],[4,20],[2,77],[-5,79],[10,121],[5,11],[-3,-64],[3,-58],[5,7],[8,106],[23,55],[21,112],[6,3],[11,46],[2,-27],[8,19],[5,-21],[11,11],[11,49],[20,17],[4,36],[6,14],[10,-17],[19,27],[20,44],[7,28],[9,67],[8,104],[15,49],[-5,30],[0,119],[11,78],[8,2],[-2,30],[7,38],[-2,-35],[6,-38],[11,-119],[1,90],[8,-38],[-5,80],[-5,14],[6,65],[5,7],[9,-30],[5,11],[1,47],[-2,88],[7,3],[1,42],[8,-14],[-2,38],[4,21],[9,-29],[3,23],[-9,44],[3,27],[16,26],[3,-33],[4,21],[2,69],[3,-19],[6,41],[5,-43],[4,73],[5,11],[5,-42],[6,12],[9,-47],[6,-48],[9,-39],[-3,-70],[13,61],[14,-21],[6,-37],[-1,44],[7,-15],[1,22],[8,-10],[-12,75],[5,53],[5,13],[5,96],[6,-4],[4,30],[-4,57],[6,6],[1,38],[5,9],[2,31],[12,14],[-1,30],[14,-20],[11,13],[4,-16],[18,29],[-2,82],[-7,36],[-8,-14],[-9,34],[6,31],[7,-47],[-1,47],[11,-31],[0,55],[3,-88],[5,30],[9,-64],[12,-14],[5,13],[18,-56],[10,18],[8,-53],[23,70],[-7,-54],[3,-24],[4,27],[5,-13],[-1,-38],[6,3],[3,31],[-6,33],[9,18],[6,-56],[4,24],[3,-35]],[[8857,5110],[-2,-25],[1,24],[1,1]],[[9656,82],[6,16],[8,-32],[1,-34],[-9,-18],[-4,9],[-7,-23],[8,63],[-3,19]],[[3,594],[11,-3],[-9,-22],[5,-30],[-6,-13],[-4,17],[4,17],[-1,34]],[[9754,395],[-6,-41],[-2,-42],[-8,-50],[4,-13],[-2,-21],[-10,-13],[-3,-29],[-17,-70],[-17,-17],[-5,20],[-12,-7],[-6,41],[-10,-7],[-4,35],[-7,7],[-1,-17],[-18,5],[-4,22],[2,26],[-6,-14],[0,35],[5,11],[4,65],[14,79],[12,46],[10,57],[8,35],[10,7],[13,42],[15,31],[15,77],[12,26],[12,60],[5,50],[5,78],[10,28],[6,42],[2,87],[14,63],[4,-2],[-2,-39],[9,-7],[3,-86],[9,30],[8,14],[2,21],[0,-62],[11,54],[4,-7],[-5,-37],[-3,-47],[7,-36],[-8,-50],[-4,-35],[-9,-42],[-7,-77],[-14,-36],[-2,-40],[5,-45],[4,5],[1,-34],[-8,-4],[-1,14],[-10,10],[-5,-24],[-25,-67],[-4,-48],[0,-57]],[[9944,1421],[-3,-54],[4,-8],[-4,-26],[0,31],[-14,4],[-9,-21],[-4,-41],[4,-51],[-6,-71],[-14,-86],[-10,-92],[-18,-61],[-4,32],[-9,0],[0,32],[-4,-20],[-3,9],[9,54],[7,67],[1,48],[-2,33],[-5,28],[-12,15],[-6,35],[-10,12],[-6,25],[0,31],[13,39],[10,23],[4,122],[3,57],[-8,118],[5,-16],[4,13],[-5,23],[-6,-13],[-3,64],[3,9],[-3,61],[-11,17],[6,-40],[-5,14],[-17,116],[7,44],[-7,-14],[-1,-20],[-8,50],[3,26],[-11,85],[-4,12],[11,13],[0,-26],[3,-49],[9,-24],[3,11],[8,-12],[4,-38],[5,-19],[5,23],[0,-36],[5,-30],[-1,-65],[10,-67],[-3,6],[-2,-32],[3,-47],[12,-19],[6,-47],[3,7],[-3,53],[3,51],[3,-35],[5,7],[1,-69],[4,-83],[14,-21],[6,-20],[11,-17],[9,0],[8,51],[8,22],[7,-2],[9,-27],[-7,-47],[-1,-90],[-9,-37]],[[9635,7802],[-1,-2],[0,8],[1,0],[0,-6]],[[9979,6468],[-1,1],[0,10],[1,-10],[0,-1]],[[9249,6009],[14,-41],[-4,-20],[-9,35],[-1,26]],[[9189,6232],[2,-17],[5,13],[-2,-40],[-7,17],[-6,67],[8,-40]],[[9186,6288],[-2,-9],[-12,5],[2,48],[7,-10],[5,-34]],[[9170,6328],[-1,-26],[-6,26],[3,27],[4,-27]],[[9229,6397],[9,-8],[6,-25],[-6,-18],[-9,51]],[[8980,6494],[-3,-26],[5,-30],[-11,39],[1,17],[8,0]],[[9099,6975],[6,-20],[0,-36],[-8,36],[2,20]],[[9294,6976],[6,-10],[6,-54],[6,-45],[5,-9],[8,-54],[2,-35],[-7,-25],[-10,21],[-5,33],[1,32],[-7,28],[-6,40],[-2,31],[3,47]],[[9291,7039],[1,-23],[-3,-36],[-2,53],[4,6]],[[9166,7493],[5,-14],[1,-31],[-7,-4],[-7,34],[8,15]],[[9073,7566],[14,-16],[-5,-22],[-8,-3],[-7,14],[-4,-19],[1,39],[9,7]],[[9181,7429],[4,16],[15,-39],[10,-45],[7,-12],[5,-35],[7,-31],[3,-30],[10,-29],[6,-46],[-2,-55],[-5,-41],[-6,66],[0,48],[-11,100],[-14,34],[-5,33],[-15,55],[-9,11]],[[8907,7458],[8,-13],[20,-47],[2,-18],[27,-49],[14,-14],[13,-59],[15,-4],[1,-25],[9,-22],[5,-41],[8,-8],[13,-78],[-2,-94],[20,-29],[17,-57],[11,-4],[11,-62],[0,-59],[-24,-9],[-1,-35],[5,-43],[2,-43],[4,-8],[10,-50],[1,-19],[11,-22],[3,-86],[6,-15],[3,-61],[6,-12],[11,22],[5,-26],[-4,-41],[1,-19],[11,-23],[11,-3],[1,-13],[-9,-15],[6,-42],[10,-21],[8,-3],[0,-24],[-7,-3],[16,-30],[-20,-27],[-8,28],[5,13],[-10,20],[-7,-2],[-12,20],[-18,6],[-7,21],[-5,-16],[-10,30],[-8,69],[-8,19],[-4,60],[-8,13],[-2,34],[-8,64],[-5,58],[-9,27],[-10,0],[-15,24],[-6,38],[-4,-40],[-5,22],[-4,-22],[-12,36],[5,-65],[-8,-16],[-2,-30],[-17,-15],[-8,11],[12,-37],[8,-49],[0,-29],[-7,-14],[-14,-48],[-13,29],[-10,-11],[-12,12],[-9,-12],[-3,20]],[[9121,6922],[-7,5],[-1,22],[2,34],[4,-17],[12,13],[7,-22],[14,4],[7,23],[2,67],[4,-5],[-5,-39],[4,-39],[7,12],[6,-16],[11,27],[5,75],[12,-3],[2,23],[-4,108],[9,-10],[4,7],[11,-22],[0,-59],[-3,-43],[-9,-5],[0,-32],[4,-22],[0,-28],[-9,-21],[-9,9],[2,-22],[-14,-61],[-5,-5],[-11,-36],[-24,-4],[-5,32],[-4,7],[-7,-16],[-1,22],[-11,37]],[[9750,9084],[5,-12],[1,-1],[-2,1],[-4,12]],[[9389,9054],[4,-5],[-1,-23],[-3,0],[0,28]],[[9705,4611],[-6,26],[3,30],[4,-36],[-1,-20]],[[9698,4764],[4,-29],[-2,-15],[-8,21],[0,31],[6,-8]],[[9674,4975],[7,-38],[-6,-20],[-6,27],[5,31]],[[9670,5137],[4,-47],[-5,-5],[-1,17],[2,35]],[[9673,5167],[-5,-6],[-6,16],[7,29],[4,-39]],[[9648,5201],[12,-57],[-10,-22],[-5,79],[-5,6],[1,32],[5,-4],[2,-34]],[[9669,5310],[3,-81],[-2,-3],[-2,50],[1,34],[-2,87],[1,-3],[1,-84]],[[9639,5399],[4,-99],[0,-36],[-8,27],[-5,-13],[-5,46],[1,19],[-3,72],[2,34],[4,-33],[2,-54],[8,37]],[[8234,9107],[7,12],[0,-29],[-5,-13],[-2,30]],[[8254,8587],[0,17],[6,-18]],[[8028,8239],[0,-25],[8,-40],[17,5],[-2,-17],[11,-9],[8,-33],[-4,31],[6,87],[0,53],[3,9],[0,56],[2,-50],[1,33],[7,27],[9,7],[28,46],[12,99],[9,41],[6,46],[1,54],[7,-19],[1,-37],[4,-1],[5,-39],[5,18],[2,49],[-3,52],[8,31],[2,-90],[7,-9],[-2,24],[-2,79],[4,-8],[7,53],[-7,17],[7,50],[7,-10],[6,47],[1,48],[11,61],[8,90],[2,-36],[-1,-39],[9,70],[3,-11],[2,-50],[6,-2],[6,-39],[-4,-32],[2,-35],[-5,-16],[8,2],[7,26],[3,-33],[-6,-13],[6,-15],[3,26],[5,-9],[15,-68],[7,9],[2,-41],[-3,-16],[-14,-26],[-9,15],[-6,-26],[9,-57],[8,-14],[-6,-16],[-18,-17],[-6,28],[-3,-44]],[[7851,8519],[4,-41],[-1,-92],[6,-49],[3,-7],[12,-138],[3,-59],[-5,-12],[-12,11],[-5,-28],[-4,44],[-16,54],[-9,39],[-8,20],[-11,60],[-14,46],[2,38],[-2,33],[-7,58],[-9,41],[1,37],[-6,38],[2,36],[-1,54],[-6,38],[2,36],[-3,14],[1,5],[-1,101],[-6,71],[1,42],[7,-29],[11,-17],[1,-27],[7,-2],[0,-54],[-3,-24],[4,-24],[4,26],[8,19],[7,-27],[7,59],[1,27],[8,-21],[4,-39],[17,-87],[9,-97],[1,-76],[-4,-97]],[[9958,4735],[1,-18],[-16,-19],[7,25],[8,12]],[[9949,4827],[-1,20],[-8,1],[-14,21],[-2,25],[5,35],[2,40],[9,23],[10,11],[11,-53],[2,-78],[-11,-9],[-3,-36]],[[9983,5164],[11,26],[3,-19],[-11,-69],[2,-9],[11,50],[-1,-43],[-17,-14],[-1,19],[-11,-27],[-4,-24],[-4,58],[3,-2],[8,32],[11,22]],[[8313,8737],[0,9],[11,39],[-2,-23],[-9,-25]],[[8353,8862],[0,22],[-8,-10],[3,35],[10,-19],[-5,-28]],[[8376,8962],[-7,29],[7,26],[8,-23],[-8,-32]],[[8486,9519],[-1,-2],[4,53],[3,-45],[-6,-6]],[[8445,9572],[0,-50],[-6,-27],[-11,4],[-3,28],[11,57],[9,-12]],[[8478,9628],[1,-87],[-7,37],[1,36],[5,14]],[[8395,9659],[-3,-24],[-4,9],[5,44],[2,-29]],[[8410,9724],[9,-25],[-6,-65],[-2,-58],[-4,-38],[-1,-41],[6,-46],[-3,-39],[-6,-12],[-4,47],[-8,19],[-5,68],[2,22],[6,2],[5,22],[-1,69],[5,64],[7,11]],[[8431,9740],[1,-30],[-2,-95],[-9,-47],[-5,-79],[-5,-10],[3,88],[8,71],[9,102]],[[8444,9807],[-4,34],[6,-4],[-2,-28],[4,-30],[6,21],[4,-9],[2,-69],[-1,-29],[5,-31],[1,-58],[-2,3],[4,-57],[-4,23],[-4,52],[1,-61],[-8,22],[-1,40],[1,72],[-4,30],[-6,-12],[0,63],[-2,41],[4,-13]],[[8383,9855],[8,-41],[4,16],[12,-24],[-1,-48],[-10,-38],[-5,-43],[-10,-10],[-8,-34],[0,58],[3,39],[1,108],[-7,18],[3,27],[10,-28]],[[8319,9882],[-2,-43],[-3,48],[4,12],[-3,49],[13,-42],[-2,-42],[-4,36],[-3,-18]],[[8454,9818],[6,33],[-5,3],[-5,45],[-9,33],[-3,52],[12,-4],[13,11],[10,-55],[-2,-48],[4,-115],[3,-16],[-13,-14],[-3,32],[-8,43]],[[8424,9956],[-5,38],[4,0],[2,-43],[7,-64],[0,-38],[-18,79],[-6,-45],[2,82],[-1,28],[13,-44],[2,7]],[[8379,9996],[-4,-76],[-3,25],[3,51],[4,0]],[[8349,9936],[-6,63],[18,-2],[-8,-66],[-4,5]],[[8481,9119],[-4,-20],[3,-16],[0,-41],[-3,35],[-4,-14],[-3,-70],[5,-14],[3,-61],[-1,-34],[-8,-62],[-5,37],[2,31],[-3,20],[-2,-40],[-14,22],[-10,32],[-5,42],[-1,113],[6,48],[-5,34],[-10,34],[-7,-1],[1,-24],[-9,-29],[-1,43],[-4,-61],[-5,-13],[0,74],[-8,-8],[-5,-40],[-6,-94],[-5,14],[0,40],[3,14],[2,86],[5,33],[17,23],[5,61],[12,18],[7,-2],[3,-77],[10,11],[5,65],[10,-18],[0,97],[10,-42],[3,44],[8,-10],[1,26],[-4,83],[2,24],[4,-34],[9,-22],[4,-43],[4,12],[-1,-36],[3,-23],[0,-31],[-5,-26],[7,-12],[0,-59],[3,7],[-2,-66],[5,-19],[1,-73],[-4,-47],[-4,0],[-2,-39],[-2,-78],[-3,36],[0,55],[-3,16],[-5,69]],[[8285,9593],[13,53],[2,36],[-3,36],[7,80],[2,-42],[-2,-34],[5,-70],[5,16],[5,-13],[-6,-20],[-1,16],[-6,-28],[-6,-7],[-4,-46],[-13,-28],[1,-26],[-8,-70],[-10,-31],[-3,-40],[-7,-31],[-6,-7],[-1,-25],[-9,-24],[2,45],[11,70],[7,35],[2,-5],[15,90],[8,70]],[[8433,9994],[-1,-9],[-2,9],[3,0]]],"bbox":[-176.66419124570575,-47.273004652882314,179.93711981292975,12.625798923497477],"transform":{"scale":[0.03566369747561111,0.005990479405578537],"translate":[-176.66419124570575,-47.273004652882314]},"title":"Oceania","version":"2.0.1","copyright":"Copyright (c) 2022 Highsoft AS, Based on data from Natural Earth","copyrightShort":"Natural Earth","copyrightUrl":"http://www.naturalearthdata.com"}