{"type":"Topology","objects":{"default":{"type":"GeometryCollection","geometries":[{"type":"MultiPolygon","arcs":[[[0]],[[1]],[[2]],[[3]],[[4]],[[5]],[[6]],[[7]],[[8]],[[9]],[[10]],[[11]],[[12]],[[13]]],"id":"DK","properties":{"hc-group":"admin0","hc-middle-x":0.22,"hc-middle-y":0.45,"hc-key":"dk","hc-a2":"DK","name":"Denmark","labelrank":"4","country-abbrev":"Den.","subregion":"Northern Europe","region-wb":"Europe & Central Asia","iso-a3":"DNK","iso-a2":"DK","woe-id":"23424796","continent":"Europe"}},{"type":"MultiPolygon","arcs":[[[14]],[[15]],[[16]],[[17]],[[18]],[[19]],[[20]],[[21]],[[22]],[[23]],[[24]],[[25]],[[26]],[[27,28,29,30,31,32]],[[33]],[[34]]],"id":"SE","properties":{"hc-group":"admin0","hc-middle-x":0.49,"hc-middle-y":0.37,"hc-key":"se","hc-a2":"SE","name":"Sweden","labelrank":"3","country-abbrev":"Swe.","subregion":"Northern Europe","region-wb":"Europe & Central Asia","iso-a3":"SWE","iso-a2":"SE","woe-id":"23424954","continent":"Europe"}},{"type":"MultiPolygon","arcs":[[[35]],[[36]],[[37]],[[38]],[[39]],[[40]],[[41]],[[42]],[[43]],[[44]],[[45]],[[46]],[[47]],[[48]],[[49]],[[50]],[[51]],[[52]],[[53]],[[54]],[[55]],[[56]],[[57]],[[58]],[[59]],[[60]],[[61]],[[62]],[[63]],[[64]],[[65]],[[66]],[[67]],[[68]],[[69]],[[70]],[[71]],[[72]],[[73]],[[74]],[[75]],[[76]],[[77]],[[78]],[[79]],[[80]],[[81]],[[82]],[[83]],[[84]],[[85]],[[86]],[[87]],[[88]],[[89]],[[90]],[[91]],[[92]],[[93]],[[94]],[[-28,95,-32,96,-30,97]],[[98]],[[99]],[[100]],[[101]],[[102]],[[103]],[[104]],[[105]],[[106]],[[107]],[[108]],[[109]],[[110]],[[111]],[[112]],[[113]],[[114]],[[115]],[[116]],[[117]]],"id":"NO","properties":{"hc-group":"admin0","hc-middle-x":0.21,"hc-middle-y":0.8,"hc-key":"no","hc-a2":"NO","name":"Norway","labelrank":"3","country-abbrev":"Nor.","subregion":"Northern Europe","region-wb":"Europe & Central Asia","iso-a3":"NOR","iso-a2":"NO","woe-id":"-90","continent":"Europe"}}],"hc-recommended-transform":{"default":{"crs":"+proj=utm +zone=33 +datum=WGS84 +units=m +no_defs","scale":0.000370812558305,"jsonres":15.5,"jsonmarginX":-999,"jsonmarginY":9851,"xoffset":-60446.6157859,"yoffset":7938888.08155}}}},"arcs":[[[2114,197],[64,-27],[-52,-13],[-65,65],[-3,18],[56,-43]],[[2946,260],[-13,-32],[-72,1],[-33,-35],[-43,9],[6,28],[60,22],[-3,45],[20,-18],[78,-20]],[[2299,221],[-41,-118],[-18,3],[-16,59],[22,53],[59,68],[16,47],[24,19],[-18,-75],[-28,-56]],[[1376,524],[19,-7],[-4,-52],[-30,52],[15,7]],[[2961,594],[-21,39],[32,49],[26,-58],[-37,-30]],[[2216,789],[2,-51],[-17,-20],[-23,16],[0,35],[23,30],[-25,34],[16,26],[24,-70]],[[2433,1660],[0,-18],[-47,-2],[9,-23],[-23,-30],[-66,37],[66,34],[61,2]],[[2652,46],[-59,12],[-52,-24],[-108,64],[-60,17],[-12,16],[41,27],[-34,33],[26,34],[64,7],[44,-44],[85,-42],[-8,22],[31,11],[-2,28],[29,-24],[49,-78],[-3,-28],[-31,-31]],[[1839,294],[63,14],[52,-33],[36,-40],[15,-42],[-37,-18],[-58,24],[-19,45],[24,-18],[-11,44],[-48,2],[-17,22]],[[3792,446],[49,-46],[99,-61],[-30,-84],[-111,35],[-37,30],[9,75],[21,51]],[[2283,475],[15,-41],[-23,-2],[15,-43],[-10,-52],[-20,-34],[-57,-9],[-17,-17],[-87,20],[-41,19],[-53,-1],[35,29],[-17,26],[-44,-7],[-6,24],[-37,25],[1,58],[-41,18],[24,12],[-53,38],[42,-13],[-52,33],[30,29],[27,3],[24,-24],[58,30],[96,35],[17,-4],[58,-39],[-1,-30],[-26,-22],[19,-10],[52,28],[1,75],[50,-63],[-32,-30],[53,-61]],[[1529,1411],[37,27],[-9,-53],[-20,1],[17,-38],[-43,-65],[-45,-10],[-35,37],[-4,29],[37,10],[2,50],[63,12]],[[1479,340],[-41,6],[-6,-28],[-29,-18],[-4,66],[46,2],[-14,-19],[51,-4],[-16,83],[5,28],[-17,68],[-66,15],[-51,60],[-22,5],[-3,-33],[27,-29],[-84,57],[22,52],[12,72],[-18,118],[22,-55],[0,-37],[74,49],[-40,110],[-54,16],[-2,-66],[-11,76],[10,52],[-4,208],[22,73],[50,-56],[48,1],[29,-22],[20,21],[26,-60],[35,2],[11,54],[-28,26],[22,11],[42,64],[40,38],[58,-2],[26,-55],[-48,-54],[4,-32],[34,44],[48,-3],[-10,-33],[17,-11],[12,66],[-14,21],[-43,-18],[25,44],[-22,22],[10,40],[-18,26],[47,62],[57,16],[69,-30],[27,39],[28,12],[59,0],[-50,27],[-28,-25],[-14,10],[-157,-45],[-56,33],[-81,-43],[-11,10],[-43,-29],[-31,-2],[-42,-81],[-32,-22],[47,-91],[-26,-23],[-36,43],[-27,10],[-25,47],[-25,12],[11,39],[67,98],[64,71],[64,-11],[49,13],[25,21],[96,-13],[69,16],[61,46],[82,130],[68,80],[87,6],[59,29],[47,41],[46,21],[20,-9],[-40,-23],[-31,-41],[-12,-37],[44,-81],[-11,-26],[8,-94],[-35,-31],[-37,-105],[-41,-10],[-56,40],[-35,15],[81,-58],[38,-4],[-18,-45],[11,-77],[17,-38],[-52,-9],[-22,12],[-77,-39],[68,21],[81,8],[10,-87],[73,-28],[89,13],[31,-13],[36,-40],[-20,-69],[-61,-71],[-5,-37],[-33,21],[-9,29],[-29,-35],[9,-40],[-17,-8],[-23,47],[-23,-7],[-21,22],[47,0],[10,45],[-38,13],[-70,-91],[20,-74],[-10,-66],[-36,-47],[-19,27],[-37,-1],[-42,-26],[58,-14],[5,-39],[-29,-24],[-72,-21],[-41,21],[-15,-9],[35,-39],[44,-2],[-56,-54],[-51,-8],[-29,-21],[62,-7],[-28,-30],[5,-37],[42,-71],[-10,-31],[-39,-2],[-33,-20],[25,-45],[-40,-37],[48,16],[60,-43],[8,-49],[-22,-7],[17,-30],[-47,17],[-14,38],[-56,-71],[-81,-2],[-12,26],[-141,33],[-62,-6],[5,32],[-13,45],[16,67]],[[2692,54],[16,38],[-62,91],[0,56],[21,-11],[30,17],[-16,32],[-86,38],[80,-25],[-42,45],[-7,50],[-18,-17],[-86,25],[-62,-13],[-8,47],[-58,53],[45,15],[-20,72],[-25,-1],[23,29],[-41,52],[-42,15],[60,-5],[-49,39],[112,3],[42,22],[14,36],[30,9],[12,40],[-12,20],[-66,16],[128,-14],[48,16],[-11,-29],[-29,-9],[26,-46],[-40,-31],[43,11],[3,-40],[25,-31],[21,75],[32,30],[-16,37],[34,-7],[20,-100],[-31,-10],[-23,-37],[35,23],[22,-26],[14,45],[-27,128],[-21,11],[-40,-13],[0,21],[114,79],[30,15],[92,-19],[52,-33],[-42,-74],[34,-74],[0,-54],[-52,-62],[-24,9],[-59,-45],[-18,-35],[10,-32],[49,-18],[34,-34],[8,-35],[-27,-21],[-81,-17],[-38,-48],[34,-11],[-17,-35],[9,-47],[-36,-13],[-55,23],[-8,-48],[26,11],[31,-33],[22,3],[28,-36],[-40,-31],[-40,-56],[3,-75],[-37,54]],[[5489,2062],[44,-17],[-75,-32],[-4,-38],[-35,36],[18,37],[52,14]],[[2642,2102],[-31,-56],[-50,-6],[-8,55],[89,7]],[[2661,2216],[6,-73],[-37,-17],[-47,15],[-26,-21],[-42,26],[9,18],[92,75],[45,-23]],[[4593,2251],[-8,-17],[-24,62],[49,-27],[-17,-18]],[[4905,2625],[-19,3],[3,79],[23,-41],[-7,-41]],[[5197,2704],[-19,-29],[-24,15],[48,51],[-5,-37]],[[5223,2844],[6,-17],[-7,-19],[-67,42],[68,-6]],[[5285,2993],[-35,-30],[-14,-39],[-18,37],[32,33],[35,-1]],[[5355,3035],[25,26],[-12,-39],[-19,10],[6,3]],[[5402,3161],[1,-12],[-40,-5],[26,47],[13,-30]],[[5191,3547],[-7,-7],[52,-82],[-60,38],[2,82],[13,-31]],[[5059,4929],[26,0],[-14,-36],[-36,-2],[-1,37],[25,1]],[[6135,5541],[1,-36],[-16,-8],[-6,64],[21,-20]],[[2527,2665],[5,-57],[37,-7],[44,21],[56,199],[-9,66],[-42,120],[7,38],[51,23],[29,66],[-21,62],[35,18],[77,-2],[56,35],[59,57],[24,40]],[[2935,3344],[-8,107]],[[2927,3451],[40,60],[0,73],[-43,85],[-39,58],[-46,137],[10,21],[87,20],[65,-5],[24,67],[28,32],[22,100],[-101,106],[-74,22],[-98,85],[60,307],[-12,61],[-74,151],[25,90],[-20,114],[45,47],[-87,173],[80,100],[-12,87],[46,35],[148,180],[114,62],[95,19],[269,-48],[16,5],[63,90],[5,22],[-16,143],[-180,85],[201,246],[52,56],[34,103],[44,38],[-1,88],[18,143],[30,48],[2,37],[-39,170],[195,18],[164,73]],[[4067,7055],[-23,130]],[[4044,7185],[94,65],[140,174],[143,100],[9,89],[-118,133],[28,52],[62,8],[44,22],[49,54],[58,138],[17,21],[158,78],[37,39],[220,-82],[9,2],[94,112],[8,24],[-21,119],[14,84],[101,23],[80,-44],[149,3],[169,-49],[170,-44],[31,8],[89,68],[-107,39],[71,39],[32,32],[46,88],[-5,63],[-91,68],[198,8]],[[6022,8719],[65,-15],[54,-26],[-12,-44],[63,-16],[56,-31],[37,-38],[34,-3],[23,-38],[95,-41],[8,-18],[70,-12],[58,-55],[87,0],[193,-49],[36,-36],[56,-22],[41,-50],[-2,-52],[68,-2],[20,-46],[106,-71],[-63,-31],[-4,-87],[25,-90],[-30,-20],[-15,-42],[16,-25],[45,6],[65,-20],[-12,-78],[-50,-19],[-7,-64],[38,-63],[95,-96],[26,-46],[-42,-37],[-3,-113],[-58,-36],[-34,-41],[10,-79],[22,-59],[62,-28],[50,-67],[14,-61],[41,-65],[-9,-22],[-69,-9],[-13,-17],[-90,41],[-78,-8],[-37,-24],[-4,28],[-33,-16],[-40,14],[21,-31],[-41,-32],[-33,28],[-78,28],[-20,34],[-58,25],[20,-26],[-4,-59],[-55,27],[-21,28],[-40,3],[-20,-35],[27,-79],[-50,13],[16,-49],[40,-17],[0,-25],[-56,16],[-179,71],[125,-62],[23,-27],[-63,-13],[-60,11],[68,-42],[-34,-32],[-90,2],[-82,-14],[-16,-21],[59,-15],[38,-29],[-49,-28],[-87,81],[-30,-22],[47,-8],[55,-55],[32,-51],[-29,-6],[0,-32],[-29,-17],[-34,-58],[-47,-2],[-27,-73],[-54,-9],[28,-24],[73,-7],[-30,-13],[32,-29],[-12,-17],[-52,37],[-1,-37],[35,-6],[42,-54],[12,22],[33,-36],[11,-57],[41,13],[-86,-87],[-49,-14],[-49,-52],[-14,4],[-49,-59],[-20,-88],[-46,-69],[-35,-12],[-3,-36],[-24,19],[-27,-27],[-14,27],[-35,-33],[-19,-52],[-18,36],[-2,-51],[-72,-8],[-19,15],[-121,-86],[8,-36],[-33,-20],[-41,54],[-41,24],[-6,-31],[19,-59],[-50,41],[-36,-12],[-4,-71],[-52,-20],[-8,-54],[-28,-25],[-50,54],[-58,-15],[61,-18],[-61,-34],[-73,13],[30,-18],[-66,-75],[-77,-20],[98,1],[2,-23],[-52,-5],[30,-46],[-71,-16],[-34,-39],[-44,-2],[-17,22],[42,7],[-34,18],[-49,-19],[-2,57],[-42,38],[-45,9],[48,-31],[27,-43],[-2,-34],[27,-20],[16,-70],[-48,4],[65,-27],[-28,-40],[-7,33],[-49,-78],[-48,7],[4,-36],[-60,6],[-42,54],[-37,-24],[14,-52],[-16,-4],[47,-79],[74,-25],[-55,-8],[-15,-95],[-44,-63],[-6,-77],[26,-5],[-3,-59],[46,-12],[-28,-42],[-32,46],[-64,-40],[13,-24],[-65,-12],[46,-58],[-28,-53],[37,-38],[-5,-27],[-35,18],[45,-52],[-23,-18],[15,-58],[-10,-71],[44,-90],[10,-58],[-44,-26],[84,-39],[61,7],[32,-25],[-21,-14],[14,-41],[67,42],[39,9],[29,-28],[-10,-26],[49,-28],[31,-40],[32,-10],[-10,-33],[34,17],[46,-9],[44,-68],[-88,35],[67,-79],[81,-17],[12,-26],[26,18],[31,-100],[65,-31],[-2,-37],[-45,40],[-33,-59],[-27,-14],[95,3],[-2,-34],[-46,15],[-97,-70],[10,-19],[-104,-69],[-55,-8],[14,-49],[-45,7],[-2,30],[-65,-29],[144,-24],[35,-14],[-21,54],[71,-37],[12,-27],[-47,-19],[-93,9],[53,-105],[-73,-12],[-69,-36],[-54,-87],[-57,5],[3,122],[-18,-44],[-7,47],[-31,-22],[8,-46],[-21,-37],[19,-23],[-34,-10],[20,-21],[-47,2],[-3,-47],[-46,9],[7,-33],[-73,-13],[-29,20],[2,-62],[-65,-21],[-261,26],[66,-44],[11,31],[30,-14],[104,-10],[16,-48],[40,-22],[-82,-33],[-104,22],[101,-48],[32,-43],[-35,-27],[37,-20],[7,-40],[-17,-29],[-61,44],[46,-71],[1,-28],[-31,-29],[47,-46],[-9,-23],[-65,35],[-10,-29],[-54,5],[109,-124],[-50,13],[21,-49],[-44,-38],[43,-6],[23,-51],[-22,-54],[-32,0],[6,-38],[-29,-15],[-8,-71],[45,-80],[-24,12],[-30,-29],[10,-40],[-22,-85],[-20,-30],[8,-49],[-46,-16],[-17,-62],[-44,-77],[-22,-100],[-71,-101],[-25,12],[15,32],[-37,-2],[-60,30],[-95,-40],[-140,20],[-102,-15],[31,-71],[-59,-11],[-4,28],[-46,-16],[-51,-47],[-53,-80],[-4,-57],[62,-98],[1,-24],[-69,-80],[-33,-2],[-80,27],[-96,-9],[-95,-43],[-38,0],[-108,32],[-63,-10],[10,31],[36,-5],[9,29],[-18,63],[51,58],[-54,45],[2,51],[-40,31],[-26,67],[-55,72],[-40,96],[111,-29],[13,31],[-79,84],[35,30],[67,-8],[18,44],[-25,74],[-53,-2],[-45,62],[-6,43],[-49,43],[-36,12],[-16,66],[-23,13],[-31,101],[-34,15],[17,30],[-34,104],[-24,-56],[-23,-3],[-12,53],[6,104],[-19,-8],[-9,45],[-52,24],[36,31],[-44,39],[27,38],[-8,23],[25,58],[22,110],[-13,59],[-37,6],[-56,-45],[-30,17],[64,86],[-31,-13],[-13,37],[-13,-75],[-48,-44],[21,46],[-14,55],[-69,-56],[-10,37],[34,42],[-21,22],[17,44],[-40,95],[20,37],[-13,74],[-31,28],[5,38],[35,35],[51,1],[31,-60]],[[4508,1204],[-29,-134],[-30,-63],[-29,-7],[-5,190],[84,197],[36,13],[66,136],[8,51],[19,17],[3,44],[40,24],[20,-15],[-31,-29],[8,-27],[-50,-126],[-24,-29],[5,-32],[-20,-55],[-19,-9],[-52,-146]],[[5324,1735],[45,-6],[9,-21],[-61,-23],[-39,-42],[17,-32],[-47,-14],[-77,-56],[-19,-57],[8,-25],[-23,-29],[-60,-12],[48,72],[-16,11],[-25,102],[-22,17],[30,74],[-25,79],[19,40],[62,57],[52,78],[50,18],[24,42],[32,10],[16,-47],[26,31],[57,7],[31,-46],[-37,-12],[-17,-47],[-51,4],[-17,-71],[18,-6],[-19,-60],[11,-36]],[[310,2751],[64,-13],[-10,-24],[-67,31],[13,6]],[[460,2809],[-28,7],[8,25],[57,-4],[-37,-28]],[[184,2847],[13,-12],[-6,-63],[-23,-16],[-27,32],[3,93],[14,40],[26,-74]],[[159,3170],[40,-47],[-35,2],[-25,-44],[16,-41],[-18,-13],[-16,36],[28,64],[-42,5],[11,61],[41,-23]],[[268,3154],[-30,-27],[-42,23],[-22,68],[20,41],[45,-23],[25,-47],[4,-35]],[[330,3313],[-21,-63],[13,-28],[-51,-10],[-11,39],[-44,19],[33,6],[4,28],[77,9]],[[177,3318],[4,-48],[-37,31],[12,36],[21,-19]],[[114,3466],[6,-72],[-45,14],[-20,41],[13,24],[-2,67],[48,-74]],[[89,3588],[46,-13],[17,-50],[-77,53],[14,10]],[[37,3963],[26,19],[11,-35],[-36,-38],[-14,28],[-23,-24],[-1,55],[19,26],[18,-31]],[[60,4416],[103,-29],[-40,-16],[3,20],[-43,-36],[-36,-8],[3,28],[-46,7],[23,30],[33,4]],[[103,4483],[34,-6],[-22,-43],[-43,65],[31,-16]],[[346,4657],[37,-12],[-8,-41],[-88,-10],[-17,20],[23,40],[53,3]],[[484,4688],[-74,-56],[-25,65],[12,25],[41,14],[46,-48]],[[541,4744],[39,-23],[-87,0],[-25,21],[73,2]],[[802,4920],[4,-21],[-92,-25],[5,45],[83,1]],[[766,4993],[44,1],[-14,-48],[-38,19],[8,28]],[[1187,5131],[-49,-37],[-40,20],[20,24],[69,-7]],[[1098,5093],[-59,-45],[-50,21],[3,45],[34,8],[28,-29],[31,54],[13,-54]],[[1336,5182],[-42,-1],[-9,33],[23,1],[28,-33]],[[1292,5176],[-64,-12],[-36,24],[56,38],[44,-50]],[[1404,5229],[31,-41],[-54,-9],[-60,42],[4,25],[45,-29],[6,35],[28,-23]],[[1258,5287],[-40,-16],[-12,23],[-60,11],[-10,24],[86,37],[35,-5],[32,-45],[-31,-29]],[[2500,6066],[38,-28],[-13,-28],[-30,14],[5,42]],[[2448,6052],[32,-43],[42,0],[-3,-40],[-50,24],[-40,-4],[-19,30],[24,23],[-41,-4],[0,39],[55,-25]],[[2495,6076],[-16,-31],[-48,44],[45,12],[19,-25]],[[2439,6231],[4,-25],[-51,-18],[0,37],[-66,-25],[-31,0],[100,57],[44,-26]],[[2292,6207],[-31,-11],[18,44],[33,3],[61,27],[32,0],[-113,-63]],[[2657,6352],[-84,-40],[-15,8],[24,32],[75,0]],[[2839,6376],[20,-23],[-59,-33],[-58,12],[37,29],[-2,33],[37,22],[25,-40]],[[2725,6706],[5,-39],[-21,-25],[-59,17],[24,45],[51,2]],[[3048,7072],[27,-36],[-45,-13],[-17,22],[35,27]],[[3105,7150],[-22,-47],[-38,18],[7,35],[53,-6]],[[3594,7561],[-18,-19],[4,-45],[-18,-5],[-22,37],[-40,10],[28,34],[40,-14],[28,38],[-2,-36]],[[3654,7747],[-3,-15],[-63,-13],[56,38],[10,-10]],[[3923,8080],[70,-31],[-48,-8],[-72,3],[1,34],[49,2]],[[4232,8103],[-30,-18],[-50,17],[-34,-17],[-52,11],[35,14],[109,1],[22,-8]],[[3985,8075],[-32,0],[-9,17],[25,24],[16,-41]],[[3158,8129],[13,-63],[-59,-11],[27,-12],[-11,-21],[-88,-42],[75,136],[34,30],[9,-17]],[[3273,8130],[-60,-44],[-23,44],[23,20],[38,-4],[-18,40],[55,-16],[-15,-40]],[[3844,8241],[-39,2],[34,33],[26,-14],[-21,-21]],[[3593,8284],[-15,-40],[-20,29],[-31,21],[66,-10]],[[4418,8353],[-118,-19],[36,71],[58,13],[46,-41],[-22,-24]],[[3793,8393],[-62,38],[42,11],[109,-13],[-40,-36],[-49,0]],[[4683,8551],[-99,-19],[-1,29],[66,52],[51,-54],[-17,-8]],[[4729,8613],[-1,36],[37,-1],[45,-32],[-53,-37],[-29,-7],[-44,80],[45,-39]],[[3867,8622],[-44,6],[11,26],[33,-2],[0,-30]],[[4421,8681],[58,-3],[-1,-49],[-65,10],[-50,39],[17,16],[41,-13]],[[4796,8691],[-18,27],[36,30],[37,5],[-3,-23],[-52,-39]],[[6036,9182],[-40,-2],[-12,23],[14,34],[57,9],[3,-45],[-22,-19]],[[9598,9201],[25,-12],[-70,-24],[-22,12],[-20,-24],[-31,5],[45,45],[-5,31],[22,15],[46,-13],[10,-35]],[[5663,9212],[-74,-10],[-16,13],[35,36],[90,52],[32,-19],[-51,-66],[-16,-6]],[[6141,9306],[62,0],[-61,-38],[-51,1],[-18,31],[38,26],[30,-20]],[[5329,9340],[34,24],[32,-20],[-80,-33],[-23,-21],[-19,39],[19,38],[37,-27]],[[6126,9348],[-27,-4],[3,47],[30,-26],[-6,-17]],[[5613,9358],[-71,10],[1,24],[32,2],[38,-36]],[[5483,9453],[17,-40],[-9,-32],[-47,-10],[-41,21],[54,27],[-12,26],[38,8]],[[6444,9460],[-21,11],[14,64],[29,-19],[-22,-56]],[[7335,9909],[-1,-29],[52,3],[-50,-32],[-64,25],[20,44],[43,-11]],[[7603,9959],[21,3],[-25,-43],[-59,18],[38,30],[25,-8]],[[2527,2665],[-25,66],[-72,9],[-2,49],[-29,-38],[-76,37],[-30,-19],[-30,63],[14,27],[-41,1],[-5,51],[-23,15],[22,44],[0,59],[-36,79],[36,78],[23,-71],[14,91],[-85,-4],[-15,-91],[35,-42],[4,-55],[-41,-34],[-24,12],[3,39],[-22,65],[-50,19],[6,-22],[51,-39],[-10,-67],[-48,21],[50,-63],[34,-9],[-5,-56],[26,-28],[-17,-33],[-42,15],[-18,-87],[-30,-8],[-1,-51],[-31,13],[-73,-57],[-42,-1],[-4,33],[-30,14],[-48,59],[-34,-6],[71,-64],[-14,-35],[-64,-34],[-47,-1],[-49,-39],[68,0],[-42,-50],[-47,-18],[-5,-29],[-64,-47],[-33,-9],[-1,-33],[-72,-59],[-18,-29],[-49,-19],[-30,-54],[-56,-8],[-88,-86],[-38,24],[21,12],[-18,38],[-8,-49],[-35,-37],[-100,-11],[-29,-28],[-119,12],[-102,-4],[58,42],[-81,-33],[-50,33],[56,12],[-67,37],[12,-37],[-46,0],[36,-30],[-62,-2],[-34,32],[64,63],[-30,57],[3,-46],[-86,18],[-152,70],[-14,48],[-99,31],[-50,66],[-36,75],[18,18],[14,59],[-15,66],[11,28],[63,-36],[7,-30],[56,19],[79,-68],[-12,33],[52,50],[164,41],[-105,-12],[-72,-21],[-49,-56],[-22,35],[29,21],[-45,12],[-23,41],[20,17],[76,20],[-44,1],[27,41],[65,36],[-53,-2],[-10,20],[58,4],[-15,23],[-40,-19],[-6,50],[42,16],[21,49],[100,36],[-103,-27],[-28,-35],[-90,-68],[-15,56],[102,17],[-107,7],[-36,23],[-5,-56],[36,-49],[-61,-8],[-12,-20],[-31,67],[-7,-60],[-36,-23],[-26,61],[-12,-43],[-16,62],[-12,-40],[-37,52],[-8,48],[46,71],[32,12],[39,54],[-2,-102],[-26,-39],[35,18],[22,86],[69,-1],[56,53],[35,-17],[19,18],[-41,23],[-36,-19],[-71,50],[36,17],[12,29],[73,15],[-6,25],[57,57],[74,18],[-13,25],[-58,-34],[-12,56],[26,9],[80,93],[57,37],[52,-8],[-41,-93],[-8,-92],[26,69],[-3,29],[31,66],[57,55],[53,11],[52,-7],[10,15],[-94,-1],[-70,-40],[-31,4],[39,46],[-50,-35],[-73,-22],[-29,-22],[-67,-12],[26,-9],[-31,-65],[-42,11],[-33,-61],[-18,0],[-2,-84],[-39,-20],[-28,30],[16,26],[-6,47],[20,30],[-63,-43],[-11,39],[54,20],[-52,0],[37,71],[-12,8],[-42,-91],[-37,-33],[-79,29],[34,33],[-54,8],[4,66],[46,4],[-23,57],[26,24],[54,-50],[21,-5],[-69,66],[94,46],[14,39],[31,-7],[-4,-123],[-66,-21],[43,-13],[35,33],[5,118],[11,30],[-33,-8],[12,29],[-66,-39],[2,-36],[-87,-40],[-29,8],[-52,54],[54,-26],[-114,108],[31,1],[112,-54],[2,-22],[47,-28],[-7,45],[-69,44],[45,22],[-5,16],[75,22],[-24,19],[-56,-24],[-12,-28],[-94,14],[-14,72],[28,-14],[21,31],[-48,-6],[2,39],[44,18],[56,-23],[58,-8],[36,30],[100,17],[-3,-24],[41,35],[80,0],[59,-17],[8,-27],[36,5],[74,37],[14,34],[70,-15],[36,-37],[32,-5],[15,-49],[57,-61],[-59,117],[63,11],[17,17],[86,-22],[-35,24],[41,30],[-41,18],[-11,52],[66,92],[-54,-43],[-32,5],[16,-29],[-25,-31],[46,-64],[-49,-4],[-36,-24],[-70,-20],[-22,31],[-127,37],[51,72],[-74,-49],[15,-36],[-41,-54],[-56,7],[-42,35],[-39,-21],[-50,13],[-145,-20],[-69,-34],[-31,29],[-39,-14],[-12,30],[34,18],[-42,24],[-45,-5],[-16,36],[108,32],[-4,11],[114,19],[-148,-14],[-40,-20],[-23,33],[35,26],[-55,-2],[103,31],[102,-22],[99,37],[-118,-20],[-56,12],[-56,26],[0,18],[83,0],[-81,25],[107,-4],[-76,24],[-89,1],[-19,23],[12,43],[60,33],[77,29],[11,38],[119,-11],[22,-31],[80,1],[90,-42],[-47,41],[88,0],[35,-17],[52,4],[46,38],[53,-22],[-36,33],[-49,-10],[-30,-32],[-83,18],[-62,-4],[-85,19],[-29,-14],[-25,24],[88,12],[-203,13],[-103,-26],[-22,13],[21,35],[29,-10],[31,41],[24,-6],[-63,52],[-38,4],[-14,33],[41,29],[36,-25],[15,-38],[52,-28],[4,-33],[39,50],[-55,12],[5,46],[71,-13],[91,24],[36,-39],[66,-34],[92,-8],[-107,24],[-60,54],[38,65],[107,39],[32,-55],[74,-87],[-66,105],[-6,46],[117,40],[65,-20],[-2,-39],[40,-43],[11,-45],[-20,-64],[28,39],[3,63],[65,-13],[33,29],[-50,-7],[-79,23],[8,31],[-48,47],[-61,14],[-111,-31],[-35,20],[56,26],[84,-6],[-54,26],[-103,-5],[-5,29],[27,20],[83,4],[29,-32],[13,28],[50,25],[39,-30],[19,33],[61,-3],[16,-70],[9,57],[78,-22],[59,-31],[98,21],[-102,-5],[-32,19],[38,46],[120,34],[111,-8],[-22,37],[-162,-31],[-46,-22],[-54,-3],[-27,35],[-130,-12],[-6,27],[40,34],[59,-7],[-32,21],[-43,-5],[-41,53],[63,32],[74,19],[88,-62],[64,41],[41,0],[-32,-40],[106,39],[40,-16],[29,-82],[63,-22],[37,-31],[48,-3],[-137,76],[-2,44],[-82,65],[-33,-11],[46,50],[34,10],[16,-36],[81,-55],[-4,-47],[28,4],[46,-26],[36,20],[-53,18],[-25,31],[88,5],[-47,13],[-48,-10],[-29,17],[45,18],[-82,2],[-22,49],[27,22],[117,-11],[25,29],[128,19],[-126,-5],[-52,54],[85,18],[25,16],[-49,26],[71,22],[57,-3],[10,25],[43,-29],[11,-52],[47,19],[-31,43],[41,15],[-47,4],[-2,25],[78,33],[13,-26],[33,42],[79,33],[43,-58],[-1,-21],[59,-51],[-49,-60],[56,21],[45,-23],[67,-1],[-72,22],[-17,28],[20,20],[79,16],[105,-22],[43,14],[41,-21],[45,29],[-53,13],[1,31],[54,9],[-26,26],[-68,-29],[31,45],[105,57],[33,-9],[46,37],[85,22],[-19,30],[-61,9],[-53,-10],[-6,24],[48,34],[81,22],[23,24],[-90,8],[-14,22],[-18,-39],[-81,-36],[-48,-37],[-45,-10],[-56,-37],[138,55],[54,-39],[-63,-63],[-102,-32],[-13,-22],[-73,-37],[-67,-11],[-61,-32],[-62,4],[-32,53],[-13,54],[77,19],[10,36],[-65,-31],[-118,-40],[2,37],[86,28],[-88,1],[137,65],[110,34],[-53,29],[-46,-17],[34,63],[-5,33],[36,-18],[24,29],[0,38],[75,4],[-46,17],[57,18],[21,52],[59,9],[-1,52],[95,-44],[-38,40],[14,21],[39,-3],[25,77],[36,-14],[8,-34],[40,-26],[-7,-21],[69,-8],[-16,-37],[30,16],[31,69],[75,35],[-18,36],[-36,-34],[-37,39],[-9,42],[60,36],[91,10],[19,12],[-75,11],[31,33],[128,51],[-57,-7],[-110,-64],[-56,-20],[-92,8],[18,13],[93,11],[53,18],[-159,-21],[58,39],[90,13],[75,26],[-7,18],[63,30],[13,-23],[53,6],[82,30],[38,0],[52,23],[72,55],[52,69],[-100,-82],[-64,-31],[-51,4],[39,18],[-31,37],[110,4],[1,7],[-127,3],[-39,-19],[37,41],[57,40],[22,-3],[-27,49],[62,-18],[7,39],[-33,66],[-23,-47],[-41,14],[5,37],[-26,25],[55,58],[31,-8],[31,-50],[10,14],[-44,63],[54,37],[-35,14],[25,46],[41,23],[96,-24],[51,-42],[-24,55],[-52,8],[-20,21],[38,44],[-120,-16],[-15,13],[75,43],[137,31],[30,19],[85,14],[20,-33],[-19,-39],[42,22],[73,6],[-86,11],[33,32],[53,-11],[53,10],[61,48],[-2,16],[-63,-23],[-21,-22],[-58,16],[-51,-32],[-17,29],[-62,-29],[-48,-1],[-83,-40],[-14,14],[50,37],[61,25],[65,0],[-52,25],[-50,-27],[-25,18],[-47,-4],[-14,22],[65,33],[-34,52],[-42,14],[50,13],[44,-23],[145,62],[-37,0],[-30,-27],[-84,-4],[18,46],[-22,21],[59,-12],[50,17],[-80,16],[-5,13],[167,-19],[1,13],[73,13],[-130,-6],[-2,47],[172,-8],[-73,12],[-63,40],[-18,37],[59,0],[45,18],[27,-21],[41,38],[7,40],[19,-43],[42,-6],[19,48],[57,2],[64,-22],[-2,19],[-111,11],[28,50],[136,0],[-80,12],[103,20],[55,-7],[-11,-36],[75,44],[99,-29],[8,-41],[24,0],[5,69],[99,-24],[-2,25],[-39,-7],[-100,23],[-106,4],[38,38],[-187,-57],[3,38],[-40,-16],[-93,-6],[103,81],[20,29],[56,-2],[9,-26],[85,41],[-85,1],[-38,24],[27,23],[80,22],[19,-28],[-16,-29],[61,32],[25,-26],[49,6],[39,-16],[40,-79],[17,2],[-41,56],[32,50],[103,38],[-76,-12],[-64,-25],[-88,8],[-11,35],[86,-4],[-23,33],[-18,-16],[-62,24],[53,26],[124,-4],[-66,11],[-31,26],[72,4],[78,-42],[-4,30],[-73,28],[-82,17],[-72,-51],[-136,-46],[-41,10],[56,25],[-31,17],[85,10],[7,23],[-73,-9],[-21,32],[105,11],[5,13],[-86,-10],[56,31],[74,-6],[2,-33],[39,36],[185,36],[30,-29],[39,63],[-45,18],[-94,0],[-22,22],[-72,-47],[-28,24],[47,41],[38,17],[3,-22],[85,26],[-1,-29],[-44,0],[-1,-20],[78,21],[39,24],[15,69],[28,-2],[2,-49],[21,7],[-3,-60],[-18,-27],[43,-18],[31,-70],[76,-45],[7,26],[-76,29],[18,57],[62,-57],[0,25],[-50,32],[18,9],[39,-31],[7,36],[-52,8],[37,38],[76,-26],[-61,41],[-58,-22],[-11,26],[35,37],[51,-13],[-40,36],[-13,-10],[-90,-3],[65,28],[-91,20],[27,21],[128,-37],[21,-37],[91,-38],[-61,42],[-16,33],[-145,57],[76,23],[104,10],[67,-20],[-18,-29],[116,29],[37,-54],[75,-29],[-58,46],[-24,37],[47,22],[63,-26],[19,7],[-69,21],[67,10],[105,-19],[-78,32],[-54,-2],[30,50],[-70,-16],[-40,-29],[-80,-13],[8,33],[-35,12],[-49,-36],[-119,-7],[-28,44],[54,12],[-12,50],[22,17],[137,40],[60,-45],[-13,40],[52,14],[45,-7],[34,-26],[14,14],[-35,32],[-65,7],[88,36],[38,-16],[83,-7],[-119,32],[85,37],[51,1],[-41,24],[-112,-21],[42,38],[-18,20],[72,59],[-7,15],[80,2],[81,29],[8,36],[-33,0],[-6,34],[43,29],[25,45],[-9,30],[56,18],[78,-79],[11,-38],[11,43],[15,-39],[38,-23],[-5,34],[51,4],[73,-19],[-32,24],[-102,22],[-38,40],[-37,5],[12,47],[134,18],[62,-93],[49,-28],[77,-5],[10,-26],[-45,-15],[18,-30],[66,-3],[-7,59],[-41,37],[-73,-2],[-59,53],[1,26],[86,36],[-104,-4],[-5,33],[54,47],[5,26],[75,28],[57,-3],[43,13],[86,3],[-43,-74],[21,-24],[-33,-61],[4,-49],[-46,-36],[60,27],[21,101],[44,9],[-14,37],[19,45],[52,48],[0,-44],[61,104],[56,13],[39,-45],[-37,-133],[23,-42],[-33,-15],[-5,-53],[-34,-44],[-80,-44],[-24,-43],[58,41],[78,33],[84,112],[57,-34],[28,4],[-36,41],[-51,19],[17,63],[-10,23],[105,19],[3,47],[99,39],[-61,-55],[39,-17],[66,31],[-16,-39],[30,12],[1,62],[17,42],[53,16],[62,-25],[8,-37],[68,-27],[57,-34],[20,-29],[48,-23],[-10,33],[-55,27],[37,12],[-30,12],[3,64],[42,19],[-70,-3],[-10,26],[63,4],[36,35],[-54,-21],[-46,5],[-44,-20],[-41,23],[-38,-4],[-30,35],[-86,36],[87,36],[19,-37],[8,52],[29,11],[110,-100],[-20,74],[62,32],[9,-21],[99,5],[9,-77],[-21,-17],[102,4],[-69,13],[19,50],[36,5],[51,-24],[138,-7],[-40,-49],[-178,-39],[97,9],[83,17],[59,26],[4,-71],[31,7],[18,-55],[47,26],[17,-27],[80,45],[-92,10],[-46,32],[86,29],[-40,16],[48,16],[-54,2],[-3,17],[81,6],[-5,12],[-69,-7],[41,21],[65,7],[-33,15],[11,30],[154,87],[152,-16],[-78,39],[58,36],[33,50],[56,-7],[45,-32],[41,-3],[0,27],[-68,49],[-97,11],[-8,44],[49,17],[25,-30],[57,-22],[5,53],[38,3],[-58,37],[35,26],[121,-38],[4,35],[26,-9],[-36,-49],[38,-14],[28,41],[35,-28],[5,-50],[36,13],[19,43],[-11,55],[65,-32],[-42,-38],[108,22],[15,-21],[51,20],[18,-23],[-219,-150],[-106,-63],[65,15],[5,-86],[-22,9],[-45,-24],[45,-32],[-84,-47],[-12,-43],[6,-47],[50,44],[16,-45],[43,14],[22,42],[89,77],[-44,16],[87,69],[81,75],[54,37],[24,52],[114,94],[92,49],[29,4],[17,-35],[-25,-41],[28,-3],[-39,-71],[-113,-35],[59,7],[61,-12],[-38,-74],[9,-25],[-26,-27],[-3,-42],[54,11],[5,28],[46,7],[11,25],[91,-3],[-32,38],[32,44],[82,-16],[-52,25],[11,33],[-30,13],[23,23],[56,2],[23,49],[71,13],[-47,41],[-28,-19],[-82,23],[19,28],[68,-15],[-45,33],[7,17],[87,-11],[28,-31],[11,37],[-23,29],[19,20],[56,3],[-8,-23],[68,-16],[64,19],[16,-18],[40,27],[26,-18],[-28,-35],[59,5],[78,-15],[-38,-69],[-85,-48],[-104,7],[-71,-4],[92,-29],[48,-5],[-21,-20],[-54,-9],[-107,-49],[54,4],[193,54],[-26,-53],[-146,-79],[25,-6],[103,18],[-40,-15],[18,-22],[48,41],[31,5],[-62,-73],[-2,-158],[22,24],[-13,67],[21,78],[42,42],[28,7],[23,-31],[24,40],[-59,22],[44,79],[38,-3],[-34,29],[76,77],[28,15],[99,6],[2,-15],[60,-3],[31,-33],[38,-9],[-41,-25],[22,-29],[63,6],[68,23],[31,-10],[-7,-37],[-31,-27],[55,8],[65,47],[82,-18],[-43,-21],[54,-8],[34,-30],[-78,-20],[16,-16],[111,22],[104,-56],[32,-33],[42,26],[53,-54],[-17,-25],[22,-25],[-55,-13],[-145,-8],[-23,-28],[-35,-5],[-31,-46],[-67,-15],[7,-13],[-355,29],[-181,29],[-54,-28],[48,-22],[99,-18],[54,2],[8,-30],[70,5],[131,-28],[-95,-42],[115,4],[14,-41],[-110,-107],[73,44],[84,1],[50,24],[-12,-31],[80,36],[-19,17],[3,40],[46,5],[-8,-25],[49,-4],[6,-82],[12,-15],[15,84],[83,-6],[0,-20],[53,18],[34,-80],[-1,-56],[-29,-31],[-128,5],[-83,51],[-33,-7],[5,-40],[-38,-61],[-84,-50],[-58,0],[-55,-26],[-65,-2],[-38,-20],[-36,-98],[-67,-49],[-42,-4],[-49,47],[16,67],[138,96],[43,53],[-53,74],[-27,52],[-277,77],[-8,33],[-82,23],[-102,107],[-109,-6],[-20,-23],[-90,-39],[-5,-17],[-80,-17],[-89,22],[-139,-12],[-32,-50],[-84,-73],[-63,-11],[-26,-27],[16,-25],[-45,-54],[-17,-62],[13,-28],[-33,-36],[-22,-73],[15,-29],[-8,-51],[20,-27],[-57,-78],[-100,-6],[-71,-37],[-20,-29],[-12,-76],[-64,-20],[-35,-25],[-40,45],[-35,17],[-125,26],[-76,41],[-77,23],[-54,-10],[-21,-50],[-96,-19],[-108,-40],[-68,42],[-64,-7],[-97,29],[-63,-9],[-22,68],[-35,21],[-46,60],[-51,34],[-137,151],[-134,17],[-81,-32],[-25,-35],[47,-56],[-48,-28],[-109,38],[-46,-41]],[[4044,7185],[22,-91],[1,-39]],[[2927,3451],[13,-59],[-5,-48]],[[1368,5342],[-43,20],[16,28],[44,30],[94,10],[-52,14],[93,23],[17,-14],[50,23],[9,-38],[16,15],[3,22],[46,-12],[-32,-12],[12,-49],[-95,-28],[-53,-1],[-82,-31],[-43,0]],[[1502,5548],[20,18],[11,-52],[-30,-19],[-164,-12],[6,21],[71,11],[86,33]],[[2861,6585],[-45,-13],[30,65],[46,-45],[36,-72],[-59,-34],[-47,-4],[13,-26],[-62,-40],[15,85],[14,24],[64,43],[-5,17]],[[3085,6898],[-64,-24],[-93,-58],[-47,7],[41,54],[48,25],[3,-25],[50,21],[62,0]],[[2906,6993],[41,18],[24,-13],[-21,-30],[37,-11],[-43,-31],[-91,-28],[106,86],[-53,9]],[[3318,8119],[-22,18],[50,54],[-42,-17],[14,46],[38,11],[-43,9],[51,32],[58,-16],[31,35],[42,7],[-5,-41],[46,8],[26,-16],[-47,-46],[-98,-12],[26,-24],[-77,-30],[-31,29],[-17,-47]],[[3692,8213],[-114,-26],[-1,29],[60,25],[-20,42],[36,-15],[38,17],[-44,34],[105,34],[19,-31],[8,32],[58,-27],[7,29],[98,3],[-47,-45],[-102,-63],[-12,47],[-24,-53],[-65,-32]],[[3907,8444],[-72,2],[-23,33],[83,17],[51,21],[-6,33],[-50,-27],[-102,-26],[-30,11],[-21,-36],[-69,-8],[-26,45],[67,29],[-40,12],[33,30],[23,-40],[8,41],[29,11],[-1,-35],[102,10],[-17,37],[18,13],[22,-44],[16,35],[41,-21],[-34,37],[-23,61],[49,20],[21,-47],[38,-17],[-20,-49],[55,16],[-42,-54],[46,-19],[-22,-47],[-104,-44]],[[4212,8848],[90,39],[18,-27],[-35,-76],[-91,-73],[-95,-27],[-16,-39],[-36,-17],[-3,47],[56,86],[84,33],[28,54]],[[5261,9045],[-137,-28],[-27,1],[-75,36],[54,27],[39,-5],[20,-22],[42,29],[-43,-1],[-39,42],[155,2],[-79,5],[-11,44],[47,-9],[66,16],[-5,-29],[24,-42],[33,58],[-40,32],[-3,30],[61,-5],[0,-19],[56,-7],[29,-29],[-12,-25],[-86,-38],[-13,-21],[20,-34],[-34,-16],[-42,8]],[[5532,9187],[-82,-15],[-28,31],[-121,65],[52,-3],[26,17],[-33,27],[104,10],[-21,29],[54,11],[7,-15],[38,4],[-12,-29],[38,-24],[29,33],[32,6],[11,-38],[26,17],[11,-22],[-53,-20],[-51,-69],[-27,-15]],[[6098,9417],[-19,-48],[9,-29],[-80,-13],[6,31],[-36,-23],[-44,26],[8,42],[67,40],[54,0],[35,-26]],[[5689,9382],[-44,50],[-36,19],[53,24],[8,-25],[44,-48],[20,25],[27,-29],[83,-31],[-38,-6],[-30,-25],[-59,0],[-28,16],[0,30]],[[6688,9500],[43,31],[78,1],[34,0],[18,-31],[48,-5],[17,-46],[-101,5],[-110,21],[-27,24]],[[6978,9549],[-36,-43],[-64,36],[35,12],[-26,18],[87,41],[9,-13],[70,32],[78,-4],[-39,25],[25,18],[37,-22],[-3,-38],[27,-28],[-27,-33],[-69,-38],[-11,-21],[-62,-21],[-42,1],[-8,27],[19,51]],[[7197,9751],[40,1],[0,-24],[56,-1],[63,-53],[-11,-19],[-89,-47],[-45,8],[-35,74],[-7,33],[28,28]],[[6791,9640],[-31,-37],[-28,17],[-9,-22],[-47,2],[-21,26],[-16,-31],[-41,-4],[39,58],[35,21],[-123,-9],[14,36],[57,-17],[13,26],[71,-29],[-17,44],[46,-14],[18,26],[43,-18],[-21,-22],[87,-3],[-39,61],[48,-4],[46,-49],[20,37],[54,5],[-51,37],[49,20],[64,-27],[-5,49],[31,-11],[25,-31],[-29,-4],[-43,-62],[-43,7],[8,-24],[-36,-41],[-82,-28],[-86,15]],[[8136,9904],[-41,-16],[-66,-8],[-64,7],[8,-19],[-83,-7],[-45,32],[55,20],[-40,8],[-48,-14],[-13,23],[67,34],[90,-24],[-58,47],[47,12],[49,-4],[-9,-24],[38,-10],[47,17],[10,-23],[-54,-21],[15,-25],[47,-3],[58,26],[-10,-28]],[[4057,8497],[-3,36],[72,10],[-69,7],[-2,33],[70,8],[-32,29],[35,49],[99,4],[8,-45],[-23,-62],[-40,-28],[74,34],[13,-17],[-21,-48],[-53,-25],[8,-19],[73,40],[20,-29],[-10,49],[28,18],[39,-3],[-33,29],[-6,31],[61,2],[-5,39],[70,-33],[53,-85],[-35,-68],[-1,-28],[-52,7],[-96,-16],[-50,-85],[-34,-14],[5,45],[-52,-12],[-9,-31],[-39,-44],[-37,23],[-58,-6],[-6,17],[96,72],[-21,0],[-44,-35],[-21,1],[-58,-49],[-33,-15],[-56,-36],[3,37],[44,48],[55,41],[2,33],[-36,4],[23,25],[82,19],[23,24],[-21,19]],[[4900,9060],[29,-37],[34,31],[21,-33],[-19,-55],[38,47],[40,-17],[-41,-41],[52,-2],[3,-44],[-69,-20],[18,-40],[-29,-1],[30,-42],[-178,-16],[-6,28],[-91,-57],[-28,-33],[10,-16],[-55,-5],[26,41],[-109,-18],[-1,39],[90,9],[10,28],[-70,8],[17,25],[55,-4],[7,14],[-69,25],[-4,15],[82,-5],[-28,33],[-68,-4],[24,24],[77,2],[94,-13],[-41,21],[82,9],[-97,15],[8,15],[49,2],[-29,31],[56,-12],[68,-31],[-55,47],[7,34],[39,-48],[23,-5],[-2,56]]],"bbox":[4.794524493278402,54.56976230059936,31.07715455454904,71.16001344131463],"transform":{"scale":[0.002628525858712935,0.001659191033174845],"translate":[4.794524493278402,54.56976230059936]},"title":"Scandinavia","version":"2.0.1","copyright":"Copyright (c) 2022 Highsoft AS, Based on data from Natural Earth","copyrightShort":"Natural Earth","copyrightUrl":"http://www.naturalearthdata.com"}