{"type":"Topology","objects":{"default":{"type":"GeometryCollection","geometries":[{"type":"MultiPolygon","arcs":[[[0]],[[1]],[[2]],[[3]],[[4]],[[5,6,7,8,9,10,11,12,13,14,15,16,17,18]],[[19]]],"id":"BR","properties":{"hc-group":"admin0","hc-middle-x":0.48,"hc-middle-y":0.35,"hc-key":"br","hc-a2":"BR","name":"Brazil","labelrank":"2","country-abbrev":"Brazil","subregion":"South America","region-wb":"Latin America & Caribbean","iso-a3":"BRA","iso-a2":"BR","woe-id":"23424768","continent":"South America"}},{"type":"MultiPolygon","arcs":[[[20]],[[21,22,23]]],"id":"EC","properties":{"hc-group":"admin0","hc-middle-x":0.38,"hc-middle-y":0.4,"hc-key":"ec","hc-a2":"EC","name":"Ecuador","labelrank":"3","country-abbrev":"Ecu.","subregion":"South America","region-wb":"Latin America & Caribbean","iso-a3":"ECU","iso-a2":"EC","woe-id":"23424801","continent":"South America"}},{"type":"MultiPolygon","arcs":[[[24]],[[25]],[[26,-15,27,28]]],"id":"VE","properties":{"hc-group":"admin0","hc-middle-x":0.62,"hc-middle-y":0.44,"hc-key":"ve","hc-a2":"VE","name":"Venezuela","labelrank":"3","country-abbrev":"Ven.","subregion":"South America","region-wb":"Latin America & Caribbean","iso-a3":"VEN","iso-a2":"VE","woe-id":"23424982","continent":"South America"}},{"type":"MultiPolygon","arcs":[[[29]],[[30]],[[31]],[[32]],[[33]],[[34]],[[35]],[[36]],[[37]],[[38]],[[39]],[[40]],[[41]],[[42]],[[43]],[[44]],[[45]],[[46]],[[47]],[[48]],[[49]],[[50]],[[51]],[[52]],[[53]],[[54]],[[55]],[[56]],[[57,58,59,60,61]],[[62,63,64,65,66,67]],[[68]],[[69]],[[70]],[[71]],[[72]],[[73]]],"id":"CL","properties":{"hc-group":"admin0","hc-middle-x":0.43,"hc-middle-y":0.15,"hc-key":"cl","hc-a2":"CL","name":"Chile","labelrank":"2","country-abbrev":"Chile","subregion":"South America","region-wb":"Latin America & Caribbean","iso-a3":"CHL","iso-a2":"CL","woe-id":"23424782","continent":"South America"}},{"type":"MultiPolygon","arcs":[[[74]],[[75,-63]],[[76,-60,77,78,-8,79,80,81]],[[82,-65,83,-67]],[[84,60]]],"id":"AR","properties":{"hc-group":"admin0","hc-middle-x":0.42,"hc-middle-y":0.22,"hc-key":"ar","hc-a2":"AR","name":"Argentina","labelrank":"2","country-abbrev":"Arg.","subregion":"South America","region-wb":"Latin America & Caribbean","iso-a3":"ARG","iso-a2":"AR","woe-id":"23424747","continent":"South America"}},{"type":"Polygon","arcs":[[85,86,87,88,-58,89,-24,90,-13,91]],"id":"PE","properties":{"hc-group":"admin0","hc-middle-x":0.57,"hc-middle-y":0.61,"hc-key":"pe","hc-a2":"PE","name":"Peru","labelrank":"2","country-abbrev":"Peru","subregion":"South America","region-wb":"Latin America & Caribbean","iso-a3":"PER","iso-a2":"PE","woe-id":"23424919","continent":"South America"}},{"type":"Polygon","arcs":[[92,-19,93,94,95,-80,-7]],"id":"UY","properties":{"hc-group":"admin0","hc-middle-x":0.51,"hc-middle-y":0.52,"hc-key":"uy","hc-a2":"UY","name":"Uruguay","labelrank":"4","country-abbrev":"Ury.","subregion":"South America","region-wb":"Latin America & Caribbean","iso-a3":"URY","iso-a2":"UY","woe-id":"23424979","continent":"South America"}},{"type":"Polygon","arcs":[[96,-9,-79,97,-11]],"id":"PY","properties":{"hc-group":"admin0","hc-middle-x":0.41,"hc-middle-y":0.37,"hc-key":"py","hc-a2":"PY","name":"Paraguay","labelrank":"4","country-abbrev":"Para.","subregion":"South America","region-wb":"Latin America & Caribbean","iso-a3":"PRY","iso-a2":"PY","woe-id":"23424917","continent":"South America"}},{"type":"MultiPolygon","arcs":[[[98,-87]],[[-89,99,-92,-12,-98,-78,-59]]],"id":"BO","properties":{"hc-group":"admin0","hc-middle-x":0.44,"hc-middle-y":0.56,"hc-key":"bo","hc-a2":"BO","name":"Bolivia","labelrank":"3","country-abbrev":"Bolivia","subregion":"South America","region-wb":"Latin America & Caribbean","iso-a3":"BOL","iso-a2":"BO","woe-id":"23424762","continent":"South America"}},{"type":"Polygon","arcs":[[100,-17,101,102]],"id":"SR","properties":{"hc-group":"admin0","hc-middle-x":0.49,"hc-key":"sr","hc-a2":"SR","name":"Suriname","labelrank":"4","country-abbrev":"Sur.","subregion":"South America","region-wb":"Latin America & Caribbean","iso-a3":"SUR","iso-a2":"SR","woe-id":"23424913","continent":"South America"}},{"type":"Polygon","arcs":[[103,-102,-16,-27,104]],"id":"GY","properties":{"hc-group":"admin0","hc-middle-x":0.43,"hc-middle-y":0.34,"hc-key":"gy","hc-a2":"GY","name":"Guyana","labelrank":"4","country-abbrev":"Guy.","subregion":"South America","region-wb":"Latin America & Caribbean","iso-a3":"GUY","iso-a2":"GY","woe-id":"23424836","continent":"South America"}},{"type":"MultiPolygon","arcs":[[[105]],[[106]]],"id":"GB","properties":{"hc-group":"admin0","hc-middle-x":0.67,"hc-middle-y":0.4,"hc-key":"gb","hc-a2":"GB","name":"United Kingdom","labelrank":"2","country-abbrev":"U.K.","subregion":"Northern Europe","region-wb":"Europe & Central Asia","iso-a3":"GBR","iso-a2":"GB","woe-id":"-90","continent":"Europe"}},{"type":"Polygon","arcs":[[-14,-91,-23,107,-28]],"id":"CO","properties":{"hc-group":"admin0","hc-middle-x":0.45,"hc-middle-y":0.55,"hc-key":"co","hc-a2":"CO","name":"Colombia","labelrank":"2","country-abbrev":"Col.","subregion":"South America","region-wb":"Latin America & Caribbean","iso-a3":"COL","iso-a2":"CO","woe-id":"23424787","continent":"South America"}}],"hc-recommended-transform":{"default":{"crs":"+proj=lcc +lat_1=-5 +lat_2=-42 +lat_0=-32 +lon_0=-60 +x_0=0 +y_0=0 +ellps=aust_SA +units=m +no_defs","scale":0.0000920783680475,"jsonres":15.5,"jsonmarginX":-999,"jsonmarginY":9851,"xoffset":-2376124.41501,"yoffset":4873225.73794}},"hc-recommended-mapview":{"projection":{"name":"LambertConformalConic","parallels":[-5,-42],"rotation":[60]}}}},"arcs":[[[6470,8093],[-13,-69],[-107,-62],[-36,4],[60,55],[35,65],[61,7]],[[6541,8130],[-32,10],[20,33],[69,-11],[-57,-32]],[[6843,8185],[30,-11],[-19,-17],[-85,2],[74,26]],[[6686,8213],[121,19],[27,-13],[-65,-42],[-110,5],[27,31]],[[6666,8235],[15,26],[42,-11],[-101,-51],[31,66],[13,-30]],[[5973,3264],[16,47],[72,64],[53,-18],[61,50],[-25,37],[-99,-48]],[[6051,3396],[-103,46],[-26,43],[-78,20],[-98,65],[-144,35],[-71,55],[-91,-33],[2,40],[-177,102],[-83,-27],[-85,16]],[[5097,3758],[63,30],[195,135],[137,120],[99,47],[62,11],[27,32],[227,66],[28,43],[9,96],[-52,87],[-42,18],[-105,-10]],[[5745,4433],[1,6],[-4,14]],[[5742,4453],[70,55],[4,145]],[[5816,4653],[-79,38],[-66,-24],[-98,-1],[-51,143],[1,54],[-52,46],[-70,6],[-48,29],[-90,-30],[-81,14],[-135,6],[-30,17],[36,157],[-74,116]],[[4979,5224],[65,27],[-57,37],[72,98],[52,128],[-52,92],[-127,42],[-18,137],[-358,8],[-23,113],[-73,59],[66,1],[-5,68],[-37,51],[-1,70],[-124,50],[-172,-11],[-69,62],[-136,19],[-59,48],[-67,-2],[-88,32],[-26,-14],[-101,13],[-16,28],[-114,39],[-42,38],[-44,86],[-2,103],[25,34],[-3,57],[-32,21],[-253,-32],[-93,-52],[-60,-11],[-82,-55],[-80,1],[-42,-41],[-106,-21],[6,16],[-177,9]],[[2526,6572],[-80,5],[-72,-21],[-76,7],[4,212],[-165,-64],[-172,-1],[-24,68],[-110,19],[-86,1],[55,48],[-46,53],[-76,50],[-39,86],[-66,36],[65,35],[-11,58],[137,69],[-24,53],[52,53],[17,85],[63,16],[120,61],[63,18],[173,15],[29,30],[112,0],[23,-25],[52,16]],[[2444,7555],[121,447],[-49,66],[-1,33],[-95,56],[4,104],[118,21],[79,-12],[-50,61],[-103,-1],[-1,95],[363,2],[-8,42],[44,-38],[87,44],[54,5],[49,-55],[11,-78],[41,7]],[[3108,8354],[100,-62],[54,-10],[123,36],[5,-47],[91,69],[87,17],[139,59],[19,45],[125,28],[6,40],[-142,8],[10,34],[-47,61],[4,69],[-71,38],[-61,58],[49,-19],[99,-5],[13,-25],[138,8],[105,-60],[40,15],[-4,52],[83,22],[40,-10],[134,22],[59,40],[61,-1],[85,56],[-27,44]],[[4425,8936],[114,9],[49,-26],[-36,-83],[99,-20],[-8,-30],[43,-36],[-66,-47],[-36,-134],[56,-63],[-2,-60],[110,-70],[72,-23],[82,7],[41,48],[165,17],[47,38],[52,8],[64,-22],[69,10]],[[5340,8459],[99,-16],[23,30],[-44,44],[29,27],[56,-18],[160,21],[78,-32]],[[5741,8515],[103,-31],[66,29],[104,6],[83,-26],[54,27],[155,197],[44,41],[61,18],[-4,49],[63,-41],[10,-75],[107,-217],[25,-30],[21,33],[60,-54],[60,-23],[-4,-86],[-39,-47],[-78,-15],[-69,-70],[-100,-44],[23,-20],[-61,-22],[-56,-48],[-7,-43],[-42,-42],[-59,-3],[-110,-37],[92,12],[6,-27],[73,19],[234,93],[-29,-28],[64,-99],[47,-19],[99,16],[70,-14],[68,31],[-41,-135],[64,100],[57,51],[-1,-28],[70,59],[48,-38],[-9,71],[91,73],[65,18],[52,-33],[7,25],[138,-17],[73,-46],[66,15],[-10,-32],[55,11],[61,-44],[29,14],[48,-70],[69,57],[42,-50],[60,-21],[28,-82],[-51,-43],[43,-37],[13,59],[64,22],[5,-23],[-62,-34],[59,2],[64,36],[17,38],[50,-42],[0,32],[159,-33],[102,-39],[192,-14],[181,20],[111,-9],[135,-49],[151,-72],[38,-3],[80,-68],[106,-65],[61,-13],[31,-31],[134,-32],[121,11],[105,-14],[52,-49],[78,-206],[23,-40],[-3,-109],[-73,-147],[-33,-41],[-238,-192],[-106,-40],[-114,-116],[-47,-71],[-85,-86],[-99,-55],[0,43],[-58,-12],[41,-26],[-79,-41],[13,-55],[-35,-44],[30,-9],[-32,-99],[44,-171],[-73,-193],[14,-75],[-78,-48],[-48,-75],[3,-131],[-68,-51],[-69,-108],[-83,-50],[-73,-100],[23,-62],[-150,-48],[-65,-38],[17,-36],[-36,-25],[-210,-3],[-8,45],[-43,-12],[11,-36],[-138,13],[-180,-30],[25,-36],[-66,2],[-117,-47],[39,-35],[-130,22],[-61,-13],[-176,-67],[-7,-17],[-119,-47],[-159,-110],[-62,-57],[20,-53],[-39,-46],[24,-116],[39,-16],[-95,-169],[-113,-46],[-101,-76],[-49,-54],[-60,-95],[-86,-85],[-92,-65],[-153,-65],[146,84],[5,42],[92,41],[9,64],[-118,26],[11,-27],[-43,-44],[-12,-62],[-104,-32],[-60,-62],[-11,-81],[-79,-120],[-162,-94]],[[6007,3237],[-35,13],[1,14]],[[7071,8137],[-24,-93],[-66,-46],[1,-34],[-75,-24],[-60,-2],[-77,-29],[-43,23],[-28,-17],[-97,2],[-42,50],[10,90],[-13,16],[34,64],[63,22],[153,-19],[94,14],[170,-17]],[[263,7736],[-32,-3],[12,43],[66,1],[-46,-41]],[[214,7678],[83,29],[50,92],[-30,68],[-4,-56],[-42,4],[-52,-37],[-73,44],[-55,14],[37,31],[-23,71],[22,40],[-36,41],[79,26],[12,74],[91,64],[5,115],[126,34],[100,6],[35,47]],[[539,8385],[56,-35],[96,-40],[96,-15],[44,-24],[9,-36],[115,-24],[104,1],[21,30],[55,-13],[57,-42],[109,-28]],[[1301,8159],[-76,-1],[78,-60],[9,-65],[-38,6],[-32,-84],[-114,-92],[-128,-65],[-250,-59],[-75,-56],[-36,-7],[-10,-53],[-58,-81],[2,-33],[-55,-29],[-30,-38],[-83,29],[-12,41],[-69,7],[-67,29],[-57,-28],[-16,70],[68,17],[-38,71]],[[4413,9442],[-63,-4],[-7,18],[56,17],[14,-31]],[[3692,9758],[-55,22],[46,18],[32,-15],[36,28],[20,-30],[-79,-23]],[[4580,9427],[44,-39],[-44,-33],[-104,-35],[-48,-44],[18,-44],[76,-17],[-19,-25],[-74,-26],[-87,-6],[-17,-26],[18,-52],[-56,-41],[138,-103]],[[3108,8354],[-69,172],[-94,61],[-45,10],[115,80],[-70,49],[-50,110],[15,80],[-11,34],[43,28],[9,49],[38,31],[-32,34],[-227,-19],[-92,12],[-82,-14],[-141,120],[-103,21],[-131,-18],[-192,15],[-26,46],[-54,9],[-8,74],[33,23],[-10,35],[-63,45],[-32,72],[-40,22],[-78,-19],[85,99],[16,90],[87,98],[52,6],[62,73],[137,27]],[[2150,9909],[-10,-13],[-125,-25],[5,-30],[78,-97],[-12,-39],[-73,-51],[-33,-41],[84,-76],[-6,-28],[53,-10],[52,13],[46,33],[3,58],[-69,68],[-47,86],[153,56],[77,9],[121,39],[43,-6],[-15,31],[-80,-13],[-23,38],[19,37],[42,12],[39,-27],[45,-80],[76,10],[87,-12],[102,-47],[28,-33],[4,-48],[65,-17],[199,22],[163,6],[91,-61],[161,-27],[71,8],[131,54],[89,3],[-87,18],[303,20],[162,-15],[-79,-18],[-95,-6],[33,-52],[82,-42],[-10,26],[97,-34],[42,16],[110,-48],[33,-4],[47,-46],[-73,-48],[-24,-44],[179,5],[76,-12]],[[2954,41],[49,1],[41,-42],[-85,3],[-5,38]],[[3066,123],[-43,-42],[-50,20],[-31,-13],[-94,4],[-56,45],[223,0],[51,-14]],[[2225,136],[138,-20],[-44,-21],[-6,22],[-80,-1],[-8,20]],[[2541,140],[74,-7],[-161,-12],[34,24],[53,-5]],[[2109,275],[47,-1],[14,-26],[49,10],[-31,-41],[-73,36],[-6,22]],[[2035,289],[47,-6],[-42,-60],[-69,35],[64,31]],[[2364,264],[-72,13],[87,-44],[-89,12],[-44,24],[1,26],[53,-4],[-18,26],[53,19],[29,-72]],[[1636,506],[-16,-42],[-36,11],[-48,5],[100,26]],[[1467,521],[35,-47],[-53,33],[-67,24],[85,-10]],[[1499,554],[115,-39],[-63,-8],[-2,25],[-50,22]],[[1357,584],[-7,21],[120,-38],[-37,-26],[-85,25],[9,18]],[[1356,651],[-61,-31],[20,47],[45,-6],[88,20],[-41,-32],[-51,2]],[[1366,741],[51,13],[14,-24],[60,0],[-5,-49],[-88,35],[-32,25]],[[1436,792],[58,0],[44,-49],[-30,-9],[-72,58]],[[1339,786],[-38,-41],[-38,1],[-2,40],[78,0]],[[1300,853],[46,-22],[56,10],[-89,-47],[-50,13],[14,26],[53,-11],[-30,31]],[[1258,922],[28,-7],[37,-40],[-94,36],[29,11]],[[1286,1006],[15,-14],[-79,17],[23,20],[41,-23]],[[1289,1059],[-72,6],[15,22],[57,1],[0,-29]],[[1342,1057],[4,-48],[-27,-4],[-26,94],[-29,-10],[-28,49],[50,12],[54,-68],[2,-25]],[[1340,1175],[-54,14],[76,11],[-9,-30],[54,8],[13,-43],[-112,10],[32,30]],[[1581,1171],[-73,-18],[-39,10],[54,16],[58,-8]],[[1581,1528],[33,-5],[-29,-59],[-39,44],[35,20]],[[1496,1531],[37,-34],[-44,-20],[-64,10],[71,44]],[[1563,1589],[-62,-1],[34,21],[48,-5],[56,-31],[-26,-34],[-63,3],[-28,31],[41,16]],[[1510,1732],[14,-79],[140,-20],[-53,-38],[-27,22],[-81,1],[7,114]],[[1754,1681],[87,-13],[-14,-36],[-98,-32],[-39,42],[64,39]],[[1648,1719],[-20,33],[-86,5],[63,10],[46,-30],[-2,-40],[-90,-17],[-9,27],[44,15],[9,-30],[45,27]],[[2351,5491],[91,13],[40,40],[-15,35],[75,34]],[[2542,5613],[75,-93],[44,-105],[-7,-13],[106,-75],[-44,-42],[23,-45],[-40,-5],[20,-62],[43,-17],[-19,-36],[79,-60],[23,-98],[23,-15],[27,-75],[-3,-39],[71,-8],[76,10]],[[3039,4835],[38,-26],[-74,-151],[-189,-52],[-72,-56],[44,-48],[-50,-49],[40,-109],[-34,-19],[2,-36],[52,-47],[-2,-25],[-55,-17],[-45,7],[-45,-49],[-35,-70],[-103,-69],[-33,-103],[-52,-38],[25,-52],[-10,-54],[16,-33],[-58,-8],[-36,-84],[-31,-23],[-23,-66],[58,-107],[32,-27],[13,-84],[22,-38],[47,-12],[-23,-41],[15,-85],[-45,-5],[-42,-45],[-33,-86],[-33,-6],[28,-43],[7,-79],[-70,-31],[-3,-23],[-71,-11],[-32,-51],[23,-39],[-25,-28],[5,-60],[38,-53],[29,-92],[-117,-35],[2,-44],[-24,-55],[-35,6],[12,-47],[-43,-46],[31,-19],[-59,-56],[21,-32],[-14,-100],[40,-68],[-66,-9],[1,-50],[-23,-16],[-1,-59],[88,-27],[-42,-40],[46,-20],[13,-48],[-42,-27],[7,-43],[132,-3],[18,-16],[-45,-40],[-153,7],[-6,-21],[106,-11],[57,-47],[-45,-32],[-52,-8],[-6,-25],[39,-33],[-65,-27],[34,-13],[15,-65],[-53,-17],[-14,-35],[29,-18],[-66,-36],[-79,-74],[43,-23],[11,-39],[-62,-17],[-2,-50],[-90,-28],[-37,-37],[-59,-10],[-29,-32],[26,-34],[-14,-56],[46,-19],[30,-69],[86,19],[103,-5],[9,-85],[-42,-47],[107,-47],[9,-17],[422,-3],[315,-42]],[[2762,522],[6,-1],[1,-6]],[[2769,515],[-147,20],[-66,-7],[-49,-40],[-37,6],[-188,-37],[-52,-71],[4,-54],[-21,-32],[-64,-10],[-66,8],[-137,36],[-36,25],[36,24],[116,3],[76,15],[46,45],[-39,1],[-118,-30],[-65,-28],[-53,2],[-14,-25],[33,-26],[-179,44],[58,19],[-10,39],[57,20],[-1,-24],[119,32],[147,0],[-20,13],[-163,6],[-19,-19],[-93,22],[36,-23],[-71,-27],[12,-27],[-79,-7],[-52,41],[57,2],[-1,29],[-67,-25],[13,63],[-68,34],[-121,36],[25,12],[121,-47],[-47,42],[-56,13],[70,14],[7,54],[-78,25],[27,-52],[-31,11],[-10,61],[114,16],[-1,20],[62,5],[-57,20],[-11,-33],[-69,-3],[-27,48],[-91,33],[71,18],[1,44],[57,41],[-11,41],[-18,-44],[-44,-14],[10,64],[-19,25],[15,61],[-50,87],[120,0],[153,-31],[-66,44],[24,15],[-212,5],[-44,11],[28,20],[58,-10],[-42,31],[45,30],[71,7],[-58,57],[-77,0],[-13,-16],[-86,36],[-51,-6],[-49,-39],[-34,46],[133,61],[27,-7],[35,37],[-26,-13],[-28,35],[70,8],[-6,-19],[13,14],[115,7],[38,-34],[51,35],[12,-41],[-30,-74],[30,37],[5,51],[71,52],[-56,-24],[-48,20],[20,27],[110,23],[-53,6],[24,45],[49,1],[84,28],[9,39],[-129,47],[79,85],[-41,18],[75,67],[-22,38],[40,39],[-29,35],[54,5],[22,-34],[7,43],[-100,35],[60,30],[-74,32],[-29,-39],[-87,-8],[-57,8],[-39,114],[46,63],[3,82],[56,22],[46,50],[-9,61],[-57,95],[17,49],[-43,54],[19,82],[80,-1],[13,48],[31,18],[36,60],[12,52],[40,20],[-12,36],[90,66],[37,67],[6,73],[87,91],[-30,64],[43,14],[33,93],[-28,26],[9,44],[-36,109],[-10,78],[17,55],[55,13],[19,35],[-18,92],[-33,50],[76,84],[7,61],[50,48],[-11,67],[37,24],[33,144],[-23,27],[19,42],[45,29],[-29,90],[17,138],[19,40],[-47,-1],[10,61],[61,27],[31,184],[21,34],[-29,90],[15,109],[-7,51],[-29,62],[-15,77],[11,48],[-19,15]],[[2728,155],[1,-8],[-3,-4]],[[2726,143],[-89,-9],[-125,18],[-93,-4],[-115,11],[-31,-9],[-66,35],[-22,-15],[-38,27],[-14,-20],[-115,0],[-13,28],[72,-16],[-12,24],[78,5],[85,-14],[3,19],[73,0],[-68,33],[147,-35],[38,15],[232,-27],[-230,51],[-26,40],[58,22],[118,20],[2,25],[-194,-16],[-47,22],[12,44],[70,14],[-69,24],[89,-13],[57,10],[33,39],[36,8],[60,-34],[76,20],[32,-13]],[[2730,472],[1,-25]],[[2731,447],[-2,-132],[-1,-132]],[[2728,183],[0,-25]],[[2728,158],[-14,0],[14,-3]],[[1388,1097],[-34,-11],[-47,54],[30,-5],[62,-6],[-2,-27],[25,16],[42,-66],[-90,8],[-20,17],[34,20]],[[1660,391],[-91,20],[-7,-26],[-114,45],[-17,30],[88,-35],[170,-26],[83,-32],[-111,8],[-1,16]],[[2733,82],[101,-15],[36,-27],[-20,-19],[-38,29],[-154,13],[36,36],[-50,-11],[-96,4],[21,-25],[-122,15],[13,35],[311,18],[22,-18],[-59,-13],[81,-20],[-82,-2]],[[1896,275],[-54,-7],[-12,30],[-98,-30],[1,48],[-45,19],[-39,9],[161,12],[164,-53],[-57,-26],[44,-25],[-46,-28],[-20,19],[48,13],[-47,19]],[[1334,879],[-39,44],[-51,15],[36,25],[73,3],[-41,17],[30,17],[50,-12],[-44,40],[16,14],[-5,15],[105,-12],[17,-88],[-20,-27],[25,-35],[-24,-36],[-72,-4],[5,48],[-35,25],[-26,-49]],[[1536,1966],[29,44],[-2,47],[43,-12],[61,13],[39,-75],[-53,-9],[-31,-19],[63,-53],[-34,-5],[35,-29],[-57,-6],[6,-38],[-76,0],[-68,20],[37,35],[22,56],[-14,31]],[[3651,167],[114,-1],[-185,-26],[-18,10],[89,17]],[[2728,155],[15,-9],[-17,-3]],[[4961,3336],[-30,-2],[-35,-88],[37,-74],[-42,-15],[21,-34],[68,-33],[136,-39],[59,-35],[22,-34],[-43,-36],[21,-64],[119,-33],[8,-67],[-86,-82],[-97,-67],[-18,-41],[-120,-41],[-196,-38],[-387,-42],[-139,-5],[-188,29],[28,-65],[51,-16],[-20,-67],[-41,2],[-14,-58],[-26,-15],[46,-38],[53,36],[-66,-80],[-163,-41],[-146,-1],[-206,47],[-33,19],[-61,-45],[38,-79],[-15,-63],[45,-31],[79,-8],[-25,-25],[102,-2],[-35,25],[104,28],[47,-39],[-7,-61],[-103,-18],[-20,34],[-52,20],[-109,-21],[-11,-19],[121,-28],[-71,-25],[-122,-77],[24,-102],[-38,-33],[-61,-17],[16,-47],[-128,5],[-143,-35],[-99,-56],[-62,-80],[42,-59],[63,-20],[74,-44],[173,-9],[50,-20],[1,-45],[-49,-79],[-80,-44],[-166,-47],[-95,-50],[-38,-112],[-21,-26],[-107,-24],[-70,53],[11,-31],[54,-26],[-113,-26],[-42,-34],[-19,-61],[49,-98],[97,-95]],[[3039,4835],[35,44],[53,14],[10,30],[77,14],[29,49],[108,-48],[155,3],[93,-16],[53,-96],[19,47],[65,78],[246,0],[33,-33]],[[4015,4921],[79,-36],[70,-81],[100,-55],[82,-29],[22,-28],[146,-32],[64,2],[148,-70],[114,-43],[126,-24],[101,-36],[42,-40],[-41,-31],[-26,-50],[-64,-37],[-18,-72],[-87,-58],[12,-24],[125,9],[180,-34],[136,5],[39,-19],[51,42],[80,-21],[70,65],[62,7],[76,44],[32,67],[9,91]],[[5097,3758],[-50,-44],[8,-62],[-57,-83],[18,-11],[-38,-43],[-7,-88]],[[4971,3427],[10,-80]],[[4981,3347],[2,-9],[-22,-2]],[[2728,183],[3,210],[0,54]],[[2730,472],[73,-45],[-48,-26],[14,-26],[73,-7],[28,-37],[146,-67],[114,-28],[63,-32],[136,-26],[148,1],[-39,-40],[-260,-20],[-104,21],[-346,18]],[[2769,515],[-7,7]],[[2572,5904],[-75,33],[-50,-18],[-14,-65],[43,10],[27,-26],[54,-6],[-16,-25],[86,-7]],[[2627,5800],[9,2],[22,-1]],[[2658,5801],[-27,-40],[12,-8]],[[2643,5753],[-84,-78],[-51,-30],[34,-32]],[[2351,5491],[-112,58],[-101,38],[-27,59],[-129,38],[-54,38],[-71,15],[-216,64],[-75,38],[-85,24],[-160,65],[-77,68],[-82,36],[-11,27],[-63,37],[20,98],[-8,26],[-127,128],[-9,26],[-61,34],[-8,50],[-32,35],[-70,29],[-5,53],[-82,85],[-69,108],[-8,37],[-43,27],[-31,83],[-49,57],[-103,73],[-53,90],[-87,67],[-146,51],[-66,33],[-10,28],[45,5],[17,29],[-72,65],[28,27],[-59,50],[18,64],[103,78],[93,46]],[[1301,8159],[13,11],[85,-20],[89,-59],[15,-42],[99,-48],[53,-9],[22,-62],[75,-19],[-3,-60],[55,-30],[64,13],[53,-17],[93,17],[49,28],[68,-35],[91,26],[137,-42],[66,-33],[-147,-156],[91,-8],[75,-59]],[[2526,6572],[192,-227],[-63,-54],[-7,-128],[28,-68],[-78,-56],[-32,-54],[54,-39],[-48,-42]],[[6051,3396],[-38,-14],[5,-29],[-66,-23],[21,-66]],[[6007,3237],[-82,-94],[-108,-44],[-145,-42],[-95,25],[-89,4],[-112,-19],[-12,18],[-91,12],[-69,34],[-158,0],[-116,76],[-10,23],[15,93],[26,13]],[[4961,3336],[20,11]],[[4981,3347],[22,12],[-32,68]],[[5816,4653],[-25,-24],[-27,-123],[-22,-53]],[[4015,4921],[81,171],[-1,71],[71,70],[41,65],[375,53],[198,2],[197,-79],[2,-50]],[[2627,5800],[20,17],[11,-16]],[[2643,5753],[91,49],[-48,-1],[9,41],[-123,62]],[[5195,9010],[20,35],[23,10],[219,-30],[20,25],[230,1],[159,-21],[-8,-52],[-77,-64],[-5,-83],[23,-67],[64,-57],[9,-26],[-44,-48],[10,-23],[-42,-68],[-55,-27]],[[5340,8459],[-48,13],[-100,115],[-30,85],[-55,-7],[-57,46],[-51,72],[50,72],[-18,27],[43,23],[94,5],[7,68]],[[5175,8978],[20,32]],[[5195,9010],[-1,-10],[-19,-22]],[[4580,9427],[184,-73],[107,-69],[43,-40],[-31,-118],[38,52],[79,-6],[193,-107],[2,-56]],[[4471,565],[8,44],[65,7],[-64,18],[-18,25],[252,-11],[-16,15],[46,-8],[-132,-83],[-89,-9],[-66,-32],[-95,27],[-22,32],[53,1],[10,-19],[68,-7]],[[4993,627],[79,-16],[-148,-30],[-72,0],[32,-16],[-68,-14],[-61,13],[33,-30],[-71,15],[-18,-27],[-47,45],[149,50],[-39,11],[50,43],[98,-3],[27,-30],[27,16],[70,2],[23,-25],[-64,-4]],[[539,8385],[-41,29],[38,27],[59,-5],[-29,60],[79,67],[49,-1],[101,37],[-18,12],[76,62],[37,52],[-75,69],[48,47],[-19,134],[35,47],[-51,59],[31,52],[-73,48],[-46,53],[33,70],[27,-26],[96,58],[-54,77],[31,6],[95,-53],[13,38],[-37,21],[148,68],[38,49],[99,16],[-19,36],[25,39],[-5,40],[22,51],[143,76],[70,-16],[34,-32],[37,79],[193,-3],[114,59],[107,28],[20,50],[79,13],[22,21],[99,-20],[27,-34],[-47,-36]]],"bbox":[-81.33921273533842,-55.86207690245313,-34.79600573412716,12.464479117583467],"transform":{"scale":[0.004654786178739,0.00683333893589725],"translate":[-81.33921273533842,-55.86207690245313]},"title":"South America","version":"2.0.1","copyright":"Copyright (c) 2022 Highsoft AS, Based on data from Natural Earth","copyrightShort":"Natural Earth","copyrightUrl":"http://www.naturalearthdata.com"}