{"type":"Topology","objects":{"default":{"type":"GeometryCollection","geometries":[{"type":"Polygon","arcs":[[231,232,233,169]],"id":"US.CA","properties":{"hc-group":"admin1","hc-middle-x":0.4,"hc-middle-y":0.53,"hc-key":"us-ca","hc-a2":"CA","labelrank":"0","hasc":"US.CA","alt-name":"CA|Calif.","woe-id":"2347563","subregion":"Pacific","fips":"US06","postal-code":"CA","name":"California","country":"United States of America","type-en":"State","region":"West","longitude":"-119.591","woe-name":"California","latitude":"36.7496","woe-label":"California, US, United States","type":"State"}},{"type":"Polygon","arcs":[[-232,170,234,235,236]],"id":"US.OR","properties":{"hc-group":"admin1","hc-middle-y":0.51,"hc-key":"us-or","hc-a2":"OR","labelrank":"0","hasc":"US.OR","alt-name":"OR|Ore.","woe-id":"2347596","subregion":"Pacific","fips":"US41","postal-code":"OR","name":"Oregon","country":"United States of America","type-en":"State","region":"West","longitude":"-120.386","woe-name":"Oregon","latitude":"43.8333","woe-label":"Oregon, US, United States","type":"State"}},{"type":"Polygon","arcs":[[-215,237,238,239,240,241]],"id":"US.ND","properties":{"hc-group":"admin1","hc-middle-x":0.52,"hc-key":"us-nd","hc-a2":"ND","labelrank":"0","hasc":"US.ND","alt-name":"ND|N.D.","woe-id":"2347593","subregion":"West North Central","fips":"US38","postal-code":"ND","name":"North Dakota","country":"United States of America","type-en":"State","region":"Midwest","longitude":"-100.302","woe-name":"North Dakota","latitude":"47.4675","woe-label":"North Dakota, US, United States","type":"State"}},{"type":"Polygon","arcs":[[242,192,211,243,244,245]],"id":"CA.SK","properties":{"hc-group":"admin1","hc-middle-x":0.59,"hc-key":"ca-sk","hc-a2":"SK","labelrank":"2","hasc":"CA.SK","alt-name":null,"woe-id":"2344925","subregion":"Prairies","fips":"CA11","postal-code":"SK","name":"Saskatchewan","country":"Canada","type-en":"Province","region":"Western Canada","longitude":"-105.682","woe-name":"Saskatchewan","latitude":"54.4965","woe-label":"Saskatchewan, CA, Canada","type":"Province"}},{"type":"Polygon","arcs":[[-212,-240,246,247,248,-211,105,106,108]],"id":"US.MT","properties":{"hc-group":"admin1","hc-middle-x":0.48,"hc-middle-y":0.55,"hc-key":"us-mt","hc-a2":"MT","labelrank":"0","hasc":"US.MT","alt-name":"MT|Mont.","woe-id":"2347585","subregion":"Mountain","fips":"US30","postal-code":"MT","name":"Montana","country":"United States of America","type-en":"State","region":"West","longitude":"-110.044","woe-name":"Montana","latitude":"46.9965","woe-label":"Montana, US, United States","type":"State"}},{"type":"Polygon","arcs":[[249,250,251,168,-234]],"id":"US.AZ","properties":{"hc-group":"admin1","hc-middle-y":0.49,"hc-key":"us-az","hc-a2":"AZ","labelrank":"0","hasc":"US.AZ","alt-name":"AZ|Ariz.","woe-id":"2347561","subregion":"Mountain","fips":"US04","postal-code":"AZ","name":"Arizona","country":"United States of America","type-en":"State","region":"West","longitude":"-111.935","woe-name":"Arizona","latitude":"34.3046","woe-label":"Arizona, US, United States","type":"State"}},{"type":"Polygon","arcs":[[-250,-233,-237,252,253]],"id":"US.NV","properties":{"hc-group":"admin1","hc-middle-x":0.47,"hc-middle-y":0.35,"hc-key":"us-nv","hc-a2":"NV","labelrank":"0","hasc":"US.NV","alt-name":"NV|Nev.","woe-id":"2347587","subregion":"Mountain","fips":"US32","postal-code":"NV","name":"Nevada","country":"United States of America","type-en":"State","region":"West","longitude":"-117.02","woe-name":"Nevada","latitude":"39.4299","woe-label":"Nevada, US, United States","type":"State"}},{"type":"Polygon","arcs":[[163,254,255,256,257]],"id":"US.AL","properties":{"hc-group":"admin1","hc-middle-x":0.48,"hc-key":"us-al","hc-a2":"AL","labelrank":"0","hasc":"US.AL","alt-name":"AL|Ala.","woe-id":"2347559","subregion":"East South Central","fips":"US01","postal-code":"AL","name":"Alabama","country":"United States of America","type-en":"State","region":"South","longitude":"-86.7184","woe-name":"Alabama","latitude":"32.8551","woe-label":"Alabama, US, United States","type":"State"}},{"type":"Polygon","arcs":[[167,-252,258,259,260]],"id":"US.NM","properties":{"hc-group":"admin1","hc-middle-x":0.51,"hc-middle-y":0.54,"hc-key":"us-nm","hc-a2":"NM","labelrank":"0","hasc":"US.NM","alt-name":"NM|N.M.","woe-id":"2347590","subregion":"Mountain","fips":"US35","postal-code":"NM","name":"New Mexico","country":"United States of America","type-en":"State","region":"West","longitude":"-106.024","woe-name":"New Mexico","latitude":"34.5002","woe-label":"New Mexico, US, United States","type":"State"}},{"type":"Polygon","arcs":[[-259,261,262,263,264,265]],"id":"US.CO","properties":{"hc-group":"admin1","hc-middle-x":0.51,"hc-key":"us-co","hc-a2":"CO","labelrank":"0","hasc":"US.CO","alt-name":"CO|Colo.","woe-id":"2347564","subregion":"Mountain","fips":"US08","postal-code":"CO","name":"Colorado","country":"United States of America","type-en":"State","region":"West","longitude":"-105.543","woe-name":"Colorado","latitude":"38.9998","woe-label":"Colorado, US, United States","type":"State"}},{"type":"Polygon","arcs":[[-263,266,267,-248,268,269]],"id":"US.WY","properties":{"hc-group":"admin1","hc-middle-x":0.51,"hc-key":"us-wy","hc-a2":"WY","labelrank":"0","hasc":"US.WY","alt-name":"WY|Wyo.","woe-id":"2347609","subregion":"Mountain","fips":"US56","postal-code":"WY","name":"Wyoming","country":"United States of America","type-en":"State","region":"West","longitude":"-107.552","woe-name":"Wyoming","latitude":"42.9999","woe-label":"Wyoming, US, United States","type":"State"}},{"type":"Polygon","arcs":[[114,270,117,271,272,273]],"id":"US.WI","properties":{"hc-group":"admin1","hc-middle-x":0.35,"hc-middle-y":0.36,"hc-key":"us-wi","hc-a2":"WI","labelrank":"0","hasc":"US.WI","alt-name":"WI|Wis.","woe-id":"2347608","subregion":"East North Central","fips":"US55","postal-code":"WI","name":"Wisconsin","country":"United States of America","type-en":"State","region":"Midwest","longitude":"-89.5831","woe-name":"Wisconsin","latitude":"44.3709","woe-label":"Wisconsin, US, United States","type":"State"}},{"type":"Polygon","arcs":[[274,275,276,-265]],"id":"US.KS","properties":{"hc-group":"admin1","hc-middle-x":0.3,"hc-middle-y":0.49,"hc-key":"us-ks","hc-a2":"KS","labelrank":"0","hasc":"US.KS","alt-name":"KS|Kans.","woe-id":"2347575","subregion":"West North Central","fips":"US20","postal-code":"KS","name":"Kansas","country":"United States of America","type-en":"State","region":"Midwest","longitude":"-98.3309","woe-name":"Kansas","latitude":"38.5","woe-label":"Kansas, US, United States","type":"State"}},{"type":"Polygon","arcs":[[-275,-264,-270,277,278,279,280]],"id":"US.NE","properties":{"hc-group":"admin1","hc-middle-x":0.41,"hc-middle-y":0.51,"hc-key":"us-ne","hc-a2":"NE","labelrank":"0","hasc":"US.NE","alt-name":"NE|Nebr.","woe-id":"2347586","subregion":"West North Central","fips":"US31","postal-code":"NE","name":"Nebraska","country":"United States of America","type-en":"State","region":"Midwest","longitude":"-99.68550000000001","woe-name":"Nebraska","latitude":"41.5002","woe-label":"Nebraska, US, United States","type":"State"}},{"type":"Polygon","arcs":[[-277,281,282,283,-260,-266]],"id":"US.OK","properties":{"hc-group":"admin1","hc-middle-x":0.76,"hc-middle-y":0.52,"hc-key":"us-ok","hc-a2":"OK","labelrank":"0","hasc":"US.OK","alt-name":"OK|Okla.","woe-id":"2347595","subregion":"West South Central","fips":"US40","postal-code":"OK","name":"Oklahoma","country":"United States of America","type-en":"State","region":"South","longitude":"-97.1309","woe-name":"Oklahoma","latitude":"35.452","woe-label":"Oklahoma, US, United States","type":"State"}},{"type":"MultiPolygon","arcs":[[[0]],[[284,285,120,-217,121,122,123]],[[-216,116,-271,115]]],"id":"US.MI","properties":{"hc-group":"admin1","hc-middle-x":0.74,"hc-middle-y":0.74,"hc-key":"us-mi","hc-a2":"MI","labelrank":"0","hasc":"US.MI","alt-name":"MI|Mich.","woe-id":"2347581","subregion":"East North Central","fips":"US26","postal-code":"MI","name":"Michigan","country":"United States of America","type-en":"State","region":"Midwest","longitude":"-84.9479","woe-name":"Michigan","latitude":"43.4343","woe-label":"Michigan, US, United States","type":"State"}},{"type":"MultiPolygon","arcs":[[[1]],[[2]],[[3]],[[4]],[[5]],[[6]],[[7]],[[194,-227,195,196]],[[8]],[[9]],[[198,227]],[[10]],[[11]],[[12]],[[13]],[[14]],[[200,-230,-229]]],"id":"US.AK","properties":{"hc-group":"admin1","hc-middle-x":0.66,"hc-middle-y":0.29,"hc-key":"us-ak","hc-a2":"AK","labelrank":"0","hasc":"US.AK","alt-name":"AK|Alaska","woe-id":"2347560","subregion":"Pacific","fips":"US02","postal-code":"AK","name":"Alaska","country":"United States of America","type-en":"State","region":"West","longitude":"-151.604","woe-name":"Alaska","latitude":"65.3609","woe-label":"Alaska, US, United States","type":"State"}},{"type":"Polygon","arcs":[[124,286,287,288,289,-285]],"id":"US.OH","properties":{"hc-group":"admin1","hc-middle-x":0.53,"hc-middle-y":0.53,"hc-key":"us-oh","hc-a2":"OH","labelrank":"0","hasc":"US.OH","alt-name":"OH|Ohio","woe-id":"2347594","subregion":"East North Central","fips":"US39","postal-code":"OH","name":"Ohio","country":"United States of America","type-en":"State","region":"Midwest","longitude":"-82.67189999999999","woe-name":"Ohio","latitude":"40.0924","woe-label":"Ohio, US, United States","type":"State"}},{"type":"MultiPolygon","arcs":[[[18,19],[290]],[[22]],[[23]],[[291,292,-106,210,224,225,208,230,209,-196,226,227,228,293]],[[24]],[[25]],[[26]]],"id":"CA.BC","properties":{"hc-group":"admin1","hc-middle-x":0.53,"hc-middle-y":0.49,"hc-key":"ca-bc","hc-a2":"BC","labelrank":"2","hasc":"CA.BC","alt-name":"Colombie britannique|New Caledonia","woe-id":"2344916","subregion":"British Columbia","fips":"CA02","postal-code":"BC","name":"British Columbia","country":"Canada","type-en":"Province","region":"Western Canada","longitude":"-124.662","woe-name":"British Columbia","latitude":"54.6943","woe-label":"British Columbia, CA, Canada","type":"Province"}},{"type":"MultiPolygon","arcs":[[[20,21],[294]],[[27]],[[28]],[[29]],[[30]],[[31]],[[32]],[[33]],[[34]],[[35]],[[36]],[[37]],[[38]],[[39]],[[40]],[[41]],[[42]],[[43]],[[44]],[[45]],[[46]],[[47]],[[48]],[[49]],[[50]],[[51]],[[52]],[[53]],[[54]],[[55]],[[56]],[[57]],[[58]],[[295,203,296]],[[59,297,61,298,63,299,65,300]],[[67,301,69,302,71,303]],[[73,304]],[[75,305]],[[77,78,306]],[[80]],[[81]],[[82]],[[83]],[[84]],[[85]],[[86]],[[87]],[[88]],[[89]],[[90]],[[91]],[[92]],[[93]],[[94]],[[95]]],"id":"CA.NU","properties":{"hc-group":"admin1","hc-middle-x":0.38,"hc-middle-y":0.67,"hc-key":"ca-nu","hc-a2":"NU","labelrank":"2","hasc":"CA.NU","alt-name":null,"woe-id":"20069920","subregion":null,"fips":"CA10","postal-code":"NU","name":"Nunavut","country":"Canada","type-en":"Territory","region":"Northern Canada","longitude":"-97.1443","woe-name":"Nunavut","latitude":"64.3853","woe-label":"Nunavut, CA, Canada","type":"Territoire"}},{"type":"MultiPolygon","arcs":[[[96]],[[97]],[[307,308,-292,309,202,-296]],[[60,-298]],[[-299,62]],[[64,-300]],[[72,-304]],[[68,-302]],[[-303,70]],[[-305,74]],[[-306,76]],[[98]],[[-301,66]],[[99]],[[100]]],"id":"CA.NT","properties":{"hc-group":"admin1","hc-middle-x":0.44,"hc-middle-y":0.73,"hc-key":"ca-nt","hc-a2":"NT","labelrank":"2","hasc":"CA.NT","alt-name":"Territoires du Nord-Ouest","woe-id":"2344920","subregion":null,"fips":"CA13","postal-code":"NT","name":"Northwest Territories","country":"Canada","type-en":"Territory","region":"Northern Canada","longitude":"-119.942","woe-name":"Northwest Territories","latitude":"64.0831","woe-label":"Northwest Territories, CA, Canada","type":"Territoire"}},{"type":"Polygon","arcs":[[-309,-244,-109,193,-293]],"id":"CA.AB","properties":{"hc-group":"admin1","hc-middle-x":0.45,"hc-key":"ca-ab","hc-a2":"AB","labelrank":"2","hasc":"CA.AB","alt-name":null,"woe-id":"2344915","subregion":"Prairies","fips":"CA01","postal-code":"AB","name":"Alberta","country":"Canada","type-en":"Province","region":"Western Canada","longitude":"-115","woe-name":"Alberta","latitude":"55.2816","woe-label":"Alberta, CA, Canada","type":"Province"}},{"type":"Polygon","arcs":[[137,310,311,312,313,314,-135,135,315]],"id":"US.MA","properties":{"hc-group":"admin1","hc-middle-x":0.73,"hc-key":"us-ma","hc-a2":"MA","labelrank":"0","hasc":"US.MA","alt-name":"Commonwealth of Massachusetts|MA|Mass.","woe-id":"2347580","subregion":"New England","fips":"US25","postal-code":"MA","name":"Massachusetts","country":"United States of America","type-en":"State","region":"Northeast","longitude":"-71.99930000000001","woe-name":"Massachusetts","latitude":"42.3739","woe-label":"Massachusetts, US, United States","type":"State"}},{"type":"Polygon","arcs":[[316,-221,317,-314]],"id":"US.VT","properties":{"hc-group":"admin1","hc-middle-x":0.65,"hc-middle-y":0.51,"hc-key":"us-vt","hc-a2":"VT","labelrank":"0","hasc":"US.VT","alt-name":"VT","woe-id":"2347604","subregion":"New England","fips":"US50","postal-code":"VT","name":"Vermont","country":"United States of America","type-en":"State","region":"Northeast","longitude":"-72.7317","woe-name":"Vermont","latitude":"44.0886","woe-label":"Vermont, US, United States","type":"State"}},{"type":"Polygon","arcs":[[113,-274,318,319,-238,-214,-213]],"id":"US.MN","properties":{"hc-group":"admin1","hc-middle-x":0.4,"hc-key":"us-mn","hc-a2":"MN","labelrank":"0","hasc":"US.MN","alt-name":"MN|Minn.","woe-id":"2347582","subregion":"West North Central","fips":"US27","postal-code":"MN","name":"Minnesota","country":"United States of America","type-en":"State","region":"Midwest","longitude":"-93.364","woe-name":"Minnesota","latitude":"46.0592","woe-label":"Minnesota, US, United States","type":"State"}},{"type":"MultiPolygon","arcs":[[[207,-231]],[[171,-226,320,-235]]],"id":"US.WA","properties":{"hc-group":"admin1","hc-middle-x":0.58,"hc-middle-y":0.53,"hc-key":"us-wa","hc-a2":"WA","labelrank":"0","hasc":"US.WA","alt-name":"WA|Wash.","woe-id":"2347606","subregion":"Pacific","fips":"US53","postal-code":"WA","name":"Washington","country":"United States of America","type-en":"State","region":"West","longitude":"-120.361","woe-name":"Washington","latitude":"47.4865","woe-label":"Washington, US, United States","type":"State"}},{"type":"Polygon","arcs":[[-225,-249,-268,321,-253,-236,-321]],"id":"US.ID","properties":{"hc-group":"admin1","hc-middle-y":0.79,"hc-key":"us-id","hc-a2":"ID","labelrank":"0","hasc":"US.ID","alt-name":"ID|Idaho","woe-id":"2347571","subregion":"Mountain","fips":"US16","postal-code":"ID","name":"Idaho","country":"United States of America","type-en":"State","region":"West","longitude":"-114.133","woe-name":"Idaho","latitude":"43.7825","woe-label":"Idaho, US, United States","type":"State"}},{"type":"Polygon","arcs":[[322,-283,323,324,325,326]],"id":"US.AR","properties":{"hc-group":"admin1","hc-middle-x":0.36,"hc-middle-y":0.51,"hc-key":"us-ar","hc-a2":"AR","labelrank":"0","hasc":"US.AR","alt-name":"AR|Ark.","woe-id":"2347562","subregion":"West South Central","fips":"US05","postal-code":"AR","name":"Arkansas","country":"United States of America","type-en":"State","region":"South","longitude":"-92.14279999999999","woe-name":"Arkansas","latitude":"34.7563","woe-label":"Arkansas, US, United States","type":"State"}},{"type":"Polygon","arcs":[[-323,327,166,-261,-284]],"id":"US.TX","properties":{"hc-group":"admin1","hc-middle-x":0.67,"hc-middle-y":0.55,"hc-key":"us-tx","hc-a2":"TX","labelrank":"0","hasc":"US.TX","alt-name":"TX|Tex.","woe-id":"2347602","subregion":"West South Central","fips":"US48","postal-code":"TX","name":"Texas","country":"United States of America","type-en":"State","region":"South","longitude":"-98.7607","woe-name":"Texas","latitude":"31.131","woe-label":"Texas, US, United States","type":"State"}},{"type":"MultiPolygon","arcs":[[[136,-316]],[[-311,138,328]]],"id":"US.RI","properties":{"hc-group":"admin1","hc-middle-x":0.44,"hc-middle-y":0.48,"hc-key":"us-ri","hc-a2":"RI","labelrank":"0","hasc":"US.RI","alt-name":"State of Rhode Island and Providence Plantations|RI|R.I.","woe-id":"2347598","subregion":"New England","fips":"US44","postal-code":"RI","name":"Rhode Island","country":"United States of America","type-en":"State","region":"Northeast","longitude":"-71.5082","woe-name":"Rhode Island","latitude":"41.6242","woe-label":"Rhode Island, US, United States","type":"State"}},{"type":"Polygon","arcs":[[-258,329,-162,162]],"id":"US.FL","properties":{"hc-group":"admin1","hc-middle-x":0.77,"hc-key":"us-fl","hc-a2":"FL","labelrank":"0","hasc":"US.FL","alt-name":"FL|Fla.","woe-id":"2347568","subregion":"South Atlantic","fips":"US12","postal-code":"FL","name":"Florida","country":"United States of America","type-en":"State","region":"South","longitude":"-81.6228","woe-name":"Florida","latitude":"28.1568","woe-label":"Florida, US, United States","type":"State"}},{"type":"Polygon","arcs":[[164,330,-326,331,-255]],"id":"US.MS","properties":{"hc-group":"admin1","hc-middle-x":0.49,"hc-key":"us-ms","hc-a2":"MS","labelrank":"0","hasc":"US.MS","alt-name":"MS|Miss.","woe-id":"2347583","subregion":"East South Central","fips":"US28","postal-code":"MS","name":"Mississippi","country":"United States of America","type-en":"State","region":"South","longitude":"-89.71890000000001","woe-name":"Mississippi","latitude":"32.8657","woe-label":"Mississippi, US, United States","type":"State"}},{"type":"Polygon","arcs":[[-267,-262,-251,-254,-322]],"id":"US.UT","properties":{"hc-group":"admin1","hc-middle-x":0.53,"hc-key":"us-ut","hc-a2":"UT","labelrank":"0","hasc":"US.UT","alt-name":"UT","woe-id":"2347603","subregion":"Mountain","fips":"US49","postal-code":"UT","name":"Utah","country":"United States of America","type-en":"State","region":"West","longitude":"-111.544","woe-name":"Utah","latitude":"39.5007","woe-label":"Utah, US, United States","type":"State"}},{"type":"MultiPolygon","arcs":[[[154,332,152,333]],[[334,335,336,-157,157,337]],[[150,338]]],"id":"US.NC","properties":{"hc-group":"admin1","hc-middle-x":0.77,"hc-middle-y":0.53,"hc-key":"us-nc","hc-a2":"NC","labelrank":"0","hasc":"US.NC","alt-name":"NC|N.C.","woe-id":"2347592","subregion":"South Atlantic","fips":"US37","postal-code":"NC","name":"North Carolina","country":"United States of America","type-en":"State","region":"South","longitude":"-78.866","woe-name":"North Carolina","latitude":"35.6152","woe-label":"North Carolina, US, United States","type":"State"}},{"type":"Polygon","arcs":[[-335,339,-160,160,161,-330,-257,340]],"id":"US.GA","properties":{"hc-group":"admin1","hc-middle-x":0.54,"hc-key":"us-ga","hc-a2":"GA","labelrank":"0","hasc":"US.GA","alt-name":"GA|Ga.","woe-id":"2347569","subregion":"South Atlantic","fips":"US13","postal-code":"GA","name":"Georgia","country":"United States of America","type-en":"State","region":"South","longitude":"-83.4078","woe-name":"Georgia","latitude":"32.8547","woe-label":"Georgia, US, United States","type":"State"}},{"type":"MultiPolygon","arcs":[[[153,-334]],[[151,-333,155,156,-337,341,342,343,344,345,346,347,149,-339]],[[15,348]],[[147,349]]],"id":"US.VA","properties":{"hc-group":"admin1","hc-middle-x":0.66,"hc-middle-y":0.57,"hc-key":"us-va","hc-a2":"VA","labelrank":"0","hasc":"US.VA","alt-name":"VA","woe-id":"2347605","subregion":"South Atlantic","fips":"US51","postal-code":"VA","name":"Virginia","country":"United States of America","type-en":"State","region":"South","longitude":"-78.2431","woe-name":"Virginia","latitude":"37.7403","woe-label":"Virginia, US, United States","type":"State"}},{"type":"Polygon","arcs":[[-342,-336,-341,-256,-332,-325,350,351,352,353]],"id":"US.TN","properties":{"hc-group":"admin1","hc-middle-x":0.41,"hc-middle-y":0.56,"hc-key":"us-tn","hc-a2":"TN","labelrank":"0","hasc":"US.TN","alt-name":"TN|Tenn.","woe-id":"2347601","subregion":"East South Central","fips":"US47","postal-code":"TN","name":"Tennessee","country":"United States of America","type-en":"State","region":"South","longitude":"-86.3415","woe-name":"Tennessee","latitude":"35.7514","woe-label":"Tennessee, US, United States","type":"State"}},{"type":"Polygon","arcs":[[354,-279,355,-319,-273,356,357]],"id":"US.IA","properties":{"hc-group":"admin1","hc-middle-x":0.37,"hc-middle-y":0.51,"hc-key":"us-ia","hc-a2":"IA","labelrank":"0","hasc":"US.IA","alt-name":"IA|Iowa","woe-id":"2347574","subregion":"West North Central","fips":"US19","postal-code":"IA","name":"Iowa","country":"United States of America","type-en":"State","region":"Midwest","longitude":"-93.3891","woe-name":"Iowa","latitude":"42.0423","woe-label":"Iowa, US, United States","type":"State"}},{"type":"MultiPolygon","arcs":[[[16,-349]],[[144,358]],[[-345,359,360,361,146,-350,148,362,363,364]]],"id":"US.MD","properties":{"hc-group":"admin1","hc-middle-y":0.44,"hc-key":"us-md","hc-a2":"MD","labelrank":"0","hasc":"US.MD","alt-name":"MD","woe-id":"2347579","subregion":"South Atlantic","fips":"US24","postal-code":"MD","name":"Maryland","country":"United States of America","type-en":"State","region":"South","longitude":"-77.0454","woe-name":"Maryland","latitude":"39.3874","woe-label":"Maryland, US, United States","type":"State"}},{"type":"Polygon","arcs":[[145,-362,365,143,-359]],"id":"US.DE","properties":{"hc-group":"admin1","hc-middle-x":0.68,"hc-middle-y":0.91,"hc-key":"us-de","hc-a2":"DE","labelrank":"0","hasc":"US.DE","alt-name":"DE|Del.","woe-id":"2347566","subregion":"South Atlantic","fips":"US10","postal-code":"DE","name":"Delaware","country":"United States of America","type-en":"State","region":"South","longitude":"-75.41119999999999","woe-name":"Delaware","latitude":"38.8657","woe-label":"Delaware, US, United States","type":"State"}},{"type":"Polygon","arcs":[[-281,-358,366,367,-353,368,-351,-324,-282,-276]],"id":"US.MO","properties":{"hc-group":"admin1","hc-middle-x":0.52,"hc-middle-y":0.49,"hc-key":"us-mo","hc-a2":"MO","labelrank":"0","hasc":"US.MO","alt-name":"MO","woe-id":"2347584","subregion":"West North Central","fips":"US29","postal-code":"MO","name":"Missouri","country":"United States of America","type-en":"State","region":"Midwest","longitude":"-92.446","woe-name":"Missouri","latitude":"38.5487","woe-label":"Missouri, US, United States","type":"State"}},{"type":"Polygon","arcs":[[369,142,-366,-361,370,371,-287,125,372,373]],"id":"US.PA","properties":{"hc-group":"admin1","hc-middle-y":0.45,"hc-key":"us-pa","hc-a2":"PA","labelrank":"0","hasc":"US.PA","alt-name":"Commonwealth of Pennsylvania|PA","woe-id":"2347597","subregion":"Middle Atlantic","fips":"US42","postal-code":"PA","name":"Pennsylvania","country":"United States of America","type-en":"State","region":"Northeast","longitude":"-77.60939999999999","woe-name":"Pennsylvania","latitude":"40.8601","woe-label":"Pennsylvania, US, United States","type":"State"}},{"type":"Polygon","arcs":[[374,375,141,376,-374]],"id":"US.NJ","properties":{"hc-group":"admin1","hc-key":"us-nj","hc-a2":"NJ","labelrank":"0","hasc":"US.NJ","alt-name":"NJ|N.J.","woe-id":"2347589","subregion":"Middle Atlantic","fips":"US34","postal-code":"NJ","name":"New Jersey","country":"United States of America","type-en":"State","region":"Northeast","longitude":"-74.4653","woe-name":"New Jersey","latitude":"40.0449","woe-label":"New Jersey, US, United States","type":"State"}},{"type":"MultiPolygon","arcs":[[[-373,126,127,128,129,130,-223,-222,-317,-313,377,140,-376,378]],[[17]]],"id":"US.NY","properties":{"hc-group":"admin1","hc-middle-x":0.42,"hc-middle-y":0.58,"hc-key":"us-ny","hc-a2":"NY","labelrank":"0","hasc":"US.NY","alt-name":"NY|N.Y.","woe-id":"2347591","subregion":"Middle Atlantic","fips":"US36","postal-code":"NY","name":"New York","country":"United States of America","type-en":"State","region":"Northeast","longitude":"-75.32420000000001","woe-name":"New York","latitude":"43.1988","woe-label":"New York, US, United States","type":"State"}},{"type":"Polygon","arcs":[[-327,-331,165,-328]],"id":"US.LA","properties":{"hc-group":"admin1","hc-middle-x":0.64,"hc-middle-y":0.82,"hc-key":"us-la","hc-a2":"LA","labelrank":"0","hasc":"US.LA","alt-name":"LA","woe-id":"2347577","subregion":"West South Central","fips":"US22","postal-code":"LA","name":"Louisiana","country":"United States of America","type-en":"State","region":"South","longitude":"-91.9991","woe-name":"Louisiana","latitude":"30.5274","woe-label":"Louisiana, US, United States","type":"State"}},{"type":"Polygon","arcs":[[133,134,-315,-318,-220,379]],"id":"US.NH","properties":{"hc-group":"admin1","hc-middle-x":0.45,"hc-middle-y":0.7,"hc-key":"us-nh","hc-a2":"NH","labelrank":"0","hasc":"US.NH","alt-name":"NH|N.H.","woe-id":"2347588","subregion":"New England","fips":"US33","postal-code":"NH","name":"New Hampshire","country":"United States of America","type-en":"State","region":"Northeast","longitude":"-71.6301","woe-name":"New Hampshire","latitude":"43.5993","woe-label":"New Hampshire, US, United States","type":"State"}},{"type":"Polygon","arcs":[[-219,-218,131,-224,132,-380]],"id":"US.ME","properties":{"hc-group":"admin1","hc-middle-x":0.47,"hc-middle-y":0.55,"hc-key":"us-me","hc-a2":"ME","labelrank":"0","hasc":"US.ME","alt-name":"ME|Maine","woe-id":"2347578","subregion":"New England","fips":"US23","postal-code":"ME","name":"Maine","country":"United States of America","type-en":"State","region":"Northeast","longitude":"-69.1973","woe-name":"Maine","latitude":"45.148","woe-label":"Maine, US, United States","type":"State"}},{"type":"Polygon","arcs":[[-320,-356,-278,-269,-247,-239]],"id":"US.SD","properties":{"hc-group":"admin1","hc-middle-x":0.52,"hc-middle-y":0.47,"hc-key":"us-sd","hc-a2":"SD","labelrank":"0","hasc":"US.SD","alt-name":"SD|S.D.","woe-id":"2347600","subregion":"West North Central","fips":"US46","postal-code":"SD","name":"South Dakota","country":"United States of America","type-en":"State","region":"Midwest","longitude":"-100.255","woe-name":"South Dakota","latitude":"44.4711","woe-label":"South Dakota, US, United States","type":"State"}},{"type":"Polygon","arcs":[[139,-378,-312,-329]],"id":"US.CT","properties":{"hc-group":"admin1","hc-middle-x":0.94,"hc-middle-y":0.39,"hc-key":"us-ct","hc-a2":"CT","labelrank":"0","hasc":"US.CT","alt-name":"CT|Conn.","woe-id":"2347565","subregion":"New England","fips":"US09","postal-code":"CT","name":"Connecticut","country":"United States of America","type-en":"State","region":"Northeast","longitude":"-72.7594","woe-name":"Connecticut","latitude":"41.6486","woe-label":"Connecticut, US, United States","type":"State"}},{"type":"Polygon","arcs":[[118,380,381,-367,-357,-272]],"id":"US.IL","properties":{"hc-group":"admin1","hc-middle-x":0.48,"hc-middle-y":0.4,"hc-key":"us-il","hc-a2":"IL","labelrank":"0","hasc":"US.IL","alt-name":"IL|Ill.","woe-id":"2347572","subregion":"East North Central","fips":"US17","postal-code":"IL","name":"Illinois","country":"United States of America","type-en":"State","region":"Midwest","longitude":"-89.1991","woe-name":"Illinois","latitude":"39.946","woe-label":"Illinois, US, United States","type":"State"}},{"type":"Polygon","arcs":[[119,-286,-290,382,-381]],"id":"US.IN","properties":{"hc-group":"admin1","hc-middle-x":0.44,"hc-key":"us-in","hc-a2":"IN","labelrank":"0","hasc":"US.IN","alt-name":"IN|Ind.","woe-id":"2347573","subregion":"East North Central","fips":"US18","postal-code":"IN","name":"Indiana","country":"United States of America","type-en":"State","region":"Midwest","longitude":"-86.1396","woe-name":"Indiana","latitude":"39.8874","woe-label":"Indiana, US, United States","type":"State"}},{"type":"MultiPolygon","arcs":[[[-369,-352]],[[-368,-382,-383,-289,383,-343,-354]],[[384,384,384]]],"id":"US.KY","properties":{"hc-group":"admin1","hc-middle-x":0.7,"hc-middle-y":0.41,"hc-key":"us-ky","hc-a2":"KY","labelrank":"0","hasc":"US.KY","alt-name":"Commonwealth of Kentucky|KY","woe-id":"2347576","subregion":"East South Central","fips":"US21","postal-code":"KY","name":"Kentucky","country":"United States of America","type-en":"State","region":"South","longitude":"-85.5729","woe-name":"Kentucky","latitude":"37.3994","woe-label":"Kentucky, US, United States","type":"State"}},{"type":"Polygon","arcs":[[-288,385,-371,-360,-344,-384]],"id":"US.WV","properties":{"hc-group":"admin1","hc-middle-x":0.48,"hc-middle-y":0.53,"hc-key":"us-wv","hc-a2":"WV","labelrank":"0","hasc":"US.WV","alt-name":"WV|W.Va.","woe-id":"2347607","subregion":"South Atlantic","fips":"US54","postal-code":"WV","name":"West Virginia","country":"United States of America","type-en":"State","region":"South","longitude":"-80.7128","woe-name":"West Virginia","latitude":"38.6422","woe-label":"West Virginia, US, United States","type":"State"}},{"type":"Polygon","arcs":[[386,-346,-365]],"id":"US.DC","properties":{"hc-group":"admin1","hc-middle-x":0.57,"hc-middle-y":0.14,"hc-key":"us-dc","hc-a2":"DC","labelrank":"9","hasc":"US.DC","alt-name":"DC|D.C.","woe-id":"2347567","subregion":"South Atlantic","fips":"US11","postal-code":"DC","name":"District of Columbia","country":"United States of America","type-en":"Federal District","region":"South","longitude":"-77.01130000000001","woe-name":"District of Columbia","latitude":"38.8922","woe-label":"District of Columbia, US, United States","type":"Federal District"}},{"type":"MultiPolygon","arcs":[[[172,387]],[[388,222,183,-130,-129,184,185,186,187,216,188,215,189,212,389,205,390]],[[101]]],"id":"CA.ON","properties":{"hc-group":"admin1","hc-middle-x":0.28,"hc-middle-y":0.33,"hc-key":"ca-on","hc-a2":"ON","labelrank":"2","hasc":"CA.ON","alt-name":"Upper Canada","woe-id":"2344922","subregion":"Ontario","fips":"CA08","postal-code":"ON","name":"Ontario","country":"Canada","type-en":"Province","region":"Eastern Canada","longitude":"-84.79430000000001","woe-name":"Ontario","latitude":"50.5244","woe-label":"Ontario, CA, Canada","type":"Province"}},{"type":"MultiPolygon","arcs":[[[391,392,393,394,395,-178,178,396,397,218,219,220,221,398,-391,206,-388,173,399,175,400,401,402],[403],[404,404,404],[404,404,404]],[[102]]],"id":"CA.QC","properties":{"hc-group":"admin1","hc-middle-x":0.32,"hc-middle-y":0.47,"hc-key":"ca-qc","hc-a2":"QC","labelrank":"2","hasc":"CA.QC","alt-name":"Lower Canada","woe-id":"2344924","subregion":"Québec","fips":"CA10","postal-code":"QC","name":"Québec","country":"Canada","type-en":"Province","region":"Eastern Canada","longitude":"-73.71680000000001","woe-name":"Québec","latitude":"52.2593","woe-label":"Quebec, CA, Canada","type":"Province"}},{"type":"Polygon","arcs":[[181,223,182,217,-398,405,179,406]],"id":"CA.NB","properties":{"hc-group":"admin1","hc-middle-y":0.41,"hc-key":"ca-nb","hc-a2":"NB","labelrank":"2","hasc":"CA.NB","alt-name":"Nouveau-Brunswick|Acadia","woe-id":"2344918","subregion":"Atlantic Canada","fips":"CA04","postal-code":"NB","name":"New Brunswick","country":"Canada","type-en":"Province","region":"Eastern Canada","longitude":"-66.4558","woe-name":"New Brunswick","latitude":"46.5822","woe-label":"New Brunswick, CA, Canada","type":"Province"}},{"type":"Polygon","arcs":[[-407,180]],"id":"CA.NS","properties":{"hc-group":"admin1","hc-middle-x":0.43,"hc-key":"ca-ns","hc-a2":"NS","labelrank":"2","hasc":"CA.NS","alt-name":"Acadia|Nouvelle-Écosse","woe-id":"2344921","subregion":"Atlantic Canada","fips":"CA07","postal-code":"NS","name":"Nova Scotia","country":"Canada","type-en":"Province","region":"Eastern Canada","longitude":"-62.8113","woe-name":"Nova Scotia","latitude":"45.2293","woe-label":"Nova Scotia, CA, Canada","type":"Province"}},{"type":"MultiPolygon","arcs":[[[79,-78,-307]],[[-393,407,-403,408,409,410,176,177,-396,411,412]],[[174,413,414]],[[415,404]],[[103]]],"id":"CA.NL","properties":{"hc-group":"admin1","hc-middle-x":0.31,"hc-middle-y":0.57,"hc-key":"ca-nl","hc-a2":"NL","labelrank":"2","hasc":"CA.NF","alt-name":"Newfoundland|Terre-Neuve|Terre-Neuve-et-Labrador","woe-id":"2344919","subregion":"Atlantic Canada","fips":"CA05","postal-code":"NL","name":"Newfoundland and Labrador","country":"Canada","type-en":"Province","region":"Eastern Canada","longitude":"-56.2169","woe-name":"Newfoundland and Labrador","latitude":"48.6598","woe-label":"Newfoundland and Labrador, CA, Canada","type":"Province"}},{"type":"Polygon","arcs":[[-246,-297,204,-390,213,214]],"id":"CA.MB","properties":{"hc-group":"admin1","hc-middle-x":0.34,"hc-middle-y":0.39,"hc-key":"ca-mb","hc-a2":"MB","labelrank":"2","hasc":"CA.MB","alt-name":null,"woe-id":"2344917","subregion":"Prairies","fips":"CA03","postal-code":"MB","name":"Manitoba","country":"Canada","type-en":"Province","region":"Western Canada","longitude":"-97.3828","woe-name":"Manitoba","latitude":"54.85","woe-label":"Manitoba, CA, Canada","type":"Province"}},{"type":"Polygon","arcs":[[158,159,-340,-338]],"id":"US.SC","properties":{"hc-group":"admin1","hc-middle-x":0.62,"hc-middle-y":0.44,"hc-key":"us-sc","hc-a2":"SC","labelrank":"0","hasc":"US.SC","alt-name":"SC|S.C.","woe-id":"2347599","subregion":"South Atlantic","fips":"US45","postal-code":"SC","name":"South Carolina","country":"United States of America","type-en":"State","region":"South","longitude":"-80.6471","woe-name":"South Carolina","latitude":"33.8578","woe-label":"South Carolina, US, United States","type":"State"}},{"type":"Polygon","arcs":[[-310,-294,229,201]],"id":"CA.YT","properties":{"hc-group":"admin1","hc-middle-x":0.45,"hc-middle-y":0.57,"hc-key":"ca-yt","hc-a2":"YT","labelrank":"2","hasc":"CA.YT","alt-name":"Yukon Territory|Territoire du Yukon|Yukon|Yuk¢n","woe-id":"2344926","subregion":null,"fips":"CA12","postal-code":"YT","name":"Yukon","country":"Canada","type-en":"Territory","region":"Northern Canada","longitude":"-135.7","woe-name":"Yukon","latitude":"63.6088","woe-label":"Yukon Territory, CA, Canada","type":"Territoire"}},{"type":"Polygon","arcs":[[104]],"id":"CA.PE","properties":{"hc-group":"admin1","hc-middle-x":0.13,"hc-middle-y":0.47,"hc-key":"ca-pe","hc-a2":"PE","labelrank":"2","hasc":"CA.PE","alt-name":"Île de Saint-Jean|Île du Prince-Édouard","woe-id":"2344923","subregion":"Atlantic Canada","fips":"CA09","postal-code":"PE","name":"Prince Edward Island","country":"Canada","type-en":"Province","region":"Eastern Canada","longitude":"-63.3862","woe-name":"Prince Edward Island","latitude":"46.3417","woe-label":"Prince Edward Island, CA, Canada","type":"Province"}},{"type":"MultiLineString","arcs":[[0],[1],[2],[3],[4],[5],[6],[7],[8],[9],[10],[11],[12],[13],[14],[15,16],[17],[18,19],[20,21],[22],[23],[24],[25],[26],[27],[28],[29],[30],[31],[32],[33],[34],[35],[36],[37],[38],[39],[40],[41],[42],[43],[44],[45],[46],[47],[48],[49],[50],[51],[52],[53],[54],[55],[56],[57],[58],[59,60,61,62,63,64,65,66],[67,68,69,70,71,72],[73,74],[75,76],[77,78,79,-78],[80],[81],[82],[83],[84],[85],[86],[87],[88],[89],[90],[91],[92],[93],[94],[95],[96],[97],[98],[99],[100],[101],[102],[103],[104],[105],[106],[107],[108],[109],[110,111],[112],[113,114,115],[116,117,118,119,120],[121],[122],[123,124,125,126],[127],[128],[129,130],[131],[132,133,134,-135,135,136,137,138,139,140,141,142,143,144,145,146,147,148,149,150,151,152,153,154,155,156,-157,157,158,159,-160,160,161,-162,162,163,164,165,166,167,168,169,170,171],[172,173,174,175,176,177,-178,178,179,180,181],[182],[183,-130],[-129],[184],[185],[186],[187],[188],[189],[-113],[190],[191,192],[-109],[107],[193],[-106],[194],[195,196],[197],[198],[197],[199],[197],[200],[197],[197],[201,202,203,204,205,206],[207],[208],[209,-196],[210],[210],[211],[211],[212,213,214],[212,213,214],[215],[215],[216],[216],[217,218,219,220,221,222],[217,218,219,220,221,222],[223],[223],[224,225],[224,225],[226],[226],[199],[199],[227],[227],[228,229],[228,229],[230],[230]],"properties":{"hc-group":"__border_lines__"}}],"hc-recommended-transform":{"default":{"crs":"+proj=lcc +lat_1=33 +lat_2=45 +lat_0=39 +lon_0=-96 +x_0=0 +y_0=0 +datum=NAD83 +units=m +no_defs","scale":0.0000909364370272,"jsonres":15.5,"jsonmarginX":-999,"jsonmarginY":9851,"xoffset":-4519281.29178,"yoffset":5792547.33732}},"hc-recommended-mapview":{"projection":{"name":"LambertConformalConic","parallels":[33,45],"rotation":[96]}}}},"arcs":[[[7055,3853],[-59,-54],[0,43],[32,20],[27,-9]],[[285,4809],[-45,-20],[52,101],[30,19],[14,-31],[-37,-25],[-14,-44]],[[679,5166],[32,-51],[-21,-26],[-43,2],[-23,-33],[-36,-1],[-9,27],[34,51],[66,31]],[[967,5218],[-18,-39],[-24,-3],[-2,37],[44,5]],[[3328,5361],[-17,52],[37,-51],[-31,-49],[-63,75],[11,18],[44,-18],[19,-27]],[[1612,5760],[43,-19],[0,-43],[-76,-28],[-33,14],[26,35],[30,1],[10,40]],[[2055,6064],[36,7],[-48,-65],[-35,-25],[44,59],[3,24]],[[3136,5554],[-16,49],[-13,89],[50,3],[27,-57],[-4,-85],[-57,-51],[13,52]],[[3195,5451],[-28,-90],[-1,-46],[-26,158],[34,8],[19,-16],[-9,51],[76,-27],[3,-56],[11,33],[24,-34],[-22,-18],[-47,57],[23,-51],[-49,-12],[-8,43]],[[3040,5577],[-20,-9],[-9,40],[-37,47],[-14,20],[63,45],[74,-43],[8,-93],[-19,-3],[-60,50],[18,-50],[15,15],[40,-39],[23,-104],[-2,-95],[-60,113],[17,36],[-33,33],[-6,-38],[-18,54],[20,21]],[[371,6051],[112,34],[35,-16],[10,-63],[-50,-18],[-38,4],[-69,59]],[[336,4864],[58,29],[11,84],[80,18],[9,27],[29,-15],[-81,-73],[26,-5],[-99,-62],[-33,-3]],[[3335,5203],[12,-83],[-17,-17],[-31,72],[-30,-13],[6,40],[-23,1],[20,-100],[-32,70],[-15,70],[-18,-47],[-14,37],[23,13],[24,62],[-6,45],[-1,-23],[-53,-17],[44,41],[-17,34],[36,-2],[10,-49],[28,-9],[54,-125]],[[1500,5415],[-61,4],[48,15],[-1,29],[28,64],[-27,-6],[-10,-38],[-24,16],[-17,75],[43,43],[18,-8],[44,60],[53,-6],[-7,-31],[37,34],[12,-91],[-52,15],[26,-38],[-41,3],[-44,-53],[-31,-56],[6,-31]],[[167,6559],[-70,43],[-36,6],[-27,-19],[-34,34],[10,47],[17,-29],[31,-2],[73,15],[17,-37],[45,-21],[70,-8],[-8,-25],[-40,4],[-39,-39],[-9,31]],[[8102,2232],[-7,-23],[5,22]],[[8100,2231],[6,14],[-4,-13]],[[8249,2735],[74,8],[22,25],[13,-22],[13,43],[-7,-42],[-78,-59],[-100,-30],[28,50],[35,27]],[[3315,4842],[-33,14],[17,26],[-39,19],[-11,45],[8,71],[61,-14],[12,-32]],[[3330,4971],[1,15],[39,24],[-16,-64],[-4,-73],[-21,-27],[30,8],[17,-35],[-2,-60],[26,-72],[30,-32],[-13,-16],[-102,167],[-20,30],[20,6]],[[8971,6674],[-4,-6],[35,-23],[-2,-68],[-20,13],[-15,53],[-13,-14],[40,-110],[-55,12],[37,-74],[37,-3],[-15,-29],[-28,9],[-37,49],[9,13],[-126,52],[-89,98],[12,-44],[-89,66],[-22,-7],[66,-86],[56,-34],[99,-102],[32,-97],[-25,-5],[-89,49],[-102,19],[-40,22],[-47,48],[17,16],[-72,1],[-123,73],[2,42],[34,24],[-22,26],[-40,-7],[-18,50],[-36,-18],[-21,52],[-49,63],[-46,34],[-53,-60],[-93,42],[-33,-55],[-98,-10],[-42,21],[-28,49],[4,53],[69,41],[-10,46],[64,-9],[76,-34],[6,-4]],[[8064,6911],[-21,23],[61,-12],[9,24],[42,-10],[47,35],[48,-13],[-15,44],[-69,75],[123,108],[17,46],[39,12],[-23,117],[-27,23],[-5,53],[-80,31],[21,42],[-41,12],[26,-30],[-43,-23],[-25,79],[-66,24],[-10,-23],[-86,-36],[-1,58],[85,13],[-5,34],[-128,62],[28,27],[-68,3],[0,62],[-59,6],[-58,55],[-40,-25],[50,-12],[25,-53],[-19,-21],[-66,-8],[-19,23],[-156,25],[48,-21],[22,-50],[-56,46],[-46,-27],[-75,32],[-53,-11],[-178,26],[1,-17],[-62,40],[2,-42],[-49,1],[-25,20],[65,1],[3,42],[-36,-13],[-74,6],[-68,26],[-64,76],[-9,32],[77,-7],[26,-16],[89,9],[-67,34],[-146,20],[-15,22],[16,54],[-25,25],[44,43],[-32,17],[31,91],[25,-7],[-2,51],[22,36],[108,80],[88,22],[134,-6],[13,-24],[-51,-28],[-39,-36],[-56,-83],[1,-30],[37,-43],[-17,-33],[27,-70],[53,-48],[45,-15],[9,-27],[-94,-17],[94,-3],[27,54],[-15,36],[-46,-2],[-27,41],[-34,22],[41,9],[2,31],[37,-2],[73,-39],[-114,75],[-16,29],[14,60],[109,-31],[-77,36],[-3,38],[45,28],[153,59],[110,-3],[25,-31],[8,-50],[40,-14],[2,-41],[32,-33],[-21,-61],[-40,-31],[49,-26],[-8,22],[56,57],[19,-29],[53,-11],[-22,-52],[42,-9],[-12,52],[25,22],[65,-18],[-63,30],[9,28],[70,29],[59,-2],[21,-18],[122,-24],[21,-41],[-10,-23],[70,-9],[-3,-44],[-69,-20],[37,-8],[88,18],[-35,-47],[63,-21],[-7,29],[30,4],[21,18],[97,-25],[40,-42],[-29,-35],[-50,3],[-9,-23],[28,18],[32,-26],[-57,-14],[-7,14],[-11,-26],[85,23],[45,38],[22,-30],[-56,-67],[-14,-73],[31,88],[90,42],[-4,-25],[-43,-21],[37,-2],[36,30],[104,-33],[-11,-37],[-82,-21],[-63,-52],[39,5],[6,28],[82,12],[5,-10],[-70,-56],[108,52],[11,35],[70,-66],[9,-37],[-52,9],[-22,-55],[41,25],[61,-47],[10,-26],[-84,-1],[-45,23],[-68,8],[73,-27],[-30,0],[64,-28],[-26,-11],[23,-33],[-115,8],[92,-25],[-28,-15],[125,-30],[21,-67],[37,41],[-4,-53],[24,12],[104,-9],[-33,-23],[62,-14],[50,-44],[-13,-37],[-71,-13],[69,-6],[30,29],[53,-23],[-32,-57],[52,26],[35,-54],[4,54],[36,-12],[46,-50],[-15,-53],[-90,-25],[50,-36],[-40,-7],[-4,-54],[-61,-5],[-38,-29],[27,-42],[-16,-55],[-23,45],[-41,-11],[-13,39],[-10,-40],[-75,101],[4,51],[-38,-5],[-8,28],[-77,74],[-43,1],[22,-40],[-63,25],[10,-36],[50,-37],[-1,-18],[-64,-5],[-4,31],[-46,21],[28,-70],[27,-27],[33,11],[2,-36],[31,-5],[11,-61],[115,-61],[-6,-31],[46,-11],[-35,-32],[39,-45],[34,-16],[-16,-24],[25,10],[17,-21],[7,-76],[-22,67],[-30,16]],[[3682,4670],[-7,-58],[1,-22],[-36,90],[42,-10]],[[3461,4894],[7,27],[51,-41],[6,-37],[-58,64],[-6,-13]],[[3587,4765],[-7,63],[-2,37],[47,-25],[12,-124],[-16,-31],[-6,112],[-19,-79],[-32,70],[23,-23]],[[3459,4949],[-13,97],[13,-58],[23,8],[83,-123],[-13,-7],[9,-55],[-42,83],[-60,55]],[[3960,4193],[67,-36],[43,-58],[-1,-61],[-18,-34],[-94,45],[-43,39],[28,38],[-41,-20],[-74,64],[-33,79],[-16,-18],[-56,95],[-24,13],[-47,60],[-9,28],[46,21],[34,-33],[85,-39],[108,-15],[0,-80],[45,-88]],[[7583,4850],[26,-4],[29,-44],[6,-42],[-114,55],[15,28],[38,7]],[[8702,6119],[22,-22],[-13,-30],[-39,-5],[30,57]],[[8958,6321],[26,-17],[-11,-58],[-53,47],[38,28]],[[7750,6427],[9,-67],[-35,-70],[-36,33],[-3,63],[32,46],[33,-5]],[[8475,6507],[52,-44],[-48,-5],[-39,57],[35,-8]],[[7836,6618],[61,-9],[11,-43],[-32,-18],[-50,53],[10,17]],[[7942,6649],[50,-35],[-36,-10],[-37,31],[23,14]],[[7276,7059],[43,-71],[-11,-15],[-34,37],[2,49]],[[7407,7020],[-51,-10],[1,24],[-30,40],[80,-54]],[[8183,7408],[73,-18],[0,-33],[-83,0],[-30,49],[40,2]],[[7169,7384],[-19,-35],[-33,58],[25,42],[24,-18],[3,-47]],[[8130,7490],[8,-39],[-50,34],[15,34],[27,-29]],[[6013,7554],[-18,-35],[-22,13],[0,34],[40,-12]],[[7800,7510],[32,-8],[-40,-46],[-2,92],[-39,7],[69,77],[12,-26],[-35,-56],[3,-40]],[[7950,7640],[34,-6],[-51,-41],[-6,46],[23,1]],[[6388,7673],[25,-16],[-28,-35],[-1,41],[4,10]],[[7874,7686],[-46,-35],[-29,3],[59,42],[16,-10]],[[7691,7636],[-49,62],[88,11],[30,-20],[-50,-17],[-19,-36]],[[6298,8276],[16,-10],[-31,-23],[-18,27],[33,6]],[[6224,8441],[-42,-33],[-68,-12],[-41,17],[57,21],[86,16],[8,-9]],[[5711,8650],[14,-19],[-55,-27],[-56,18],[20,38],[46,16],[31,-26]],[[6337,8713],[32,-16],[-80,-34],[-17,24],[65,26]],[[5852,8768],[-55,-37],[-51,-1],[25,27],[81,11]],[[5830,8784],[-2,-8],[-112,-22],[-24,10],[138,20]],[[7786,8795],[-11,-25],[23,-22],[-72,2],[60,45]],[[5804,8820],[-17,-33],[-81,-8],[-46,8],[4,22],[134,19],[6,-8]],[[5696,8880],[73,-27],[-23,-23],[-87,-1],[-23,48],[60,3]],[[6888,8862],[-29,-5],[-43,40],[50,21],[23,-15],[-1,-41]],[[6839,9053],[50,-29],[5,-23],[-38,-20],[-92,35],[3,35],[72,2]],[[5605,9017],[51,-18],[-30,-34],[-64,33],[-46,75],[48,-3],[43,-32],[-2,-21]],[[5948,9074],[-73,-12],[-54,10],[4,27],[63,0],[60,-25]],[[6072,9482],[28,3],[35,-28],[-8,-51],[-67,39],[-40,-4],[-11,27],[63,14]],[[5186,8163],[18,-2],[-17,9]],[[5187,8170],[-22,11],[21,-6]],[[5186,8175],[20,-4],[-19,21]],[[5187,8192],[-8,7],[8,7]],[[5187,8206],[18,4],[-19,4]],[[5186,8214],[-40,15],[-18,29],[60,-4]],[[5188,8254],[113,-72],[-2,-36],[40,-70],[-9,-27],[48,-28],[39,48],[-43,40],[-18,64],[-15,119],[13,25],[71,-27],[24,21],[87,-52],[40,-39],[5,-57],[23,-59],[54,-89],[9,-41],[-31,-42],[57,-63],[70,-41],[24,0],[111,-69],[45,9],[10,-62],[-34,-38],[-16,53],[-17,-42],[-42,31],[-35,-15],[-17,-35],[-55,29],[-6,-15],[57,-40],[66,17],[-11,-23],[36,-33],[-19,-58],[22,-6],[-13,-38],[-40,21],[30,48],[-86,-29],[-37,-2],[-83,27],[-12,-14],[-57,15],[29,16],[-125,25],[8,37],[-23,17],[-62,-82],[-102,-14],[-34,-35],[-56,-18],[-146,-9],[-116,-21],[-51,22],[-26,36],[-3,68],[-58,16],[-68,-8],[-64,10],[-56,28],[-18,32]],[[4613,7679],[-35,20],[-15,39],[39,24],[79,16],[155,16],[134,-20],[77,19],[-40,32],[-60,8],[-53,24],[-57,-2],[-221,-30],[11,19],[-49,-10],[-78,50],[-16,32],[191,61],[23,30],[-144,-30],[-63,16],[55,18],[-36,15],[-82,-6],[0,53],[31,36],[46,14],[-38,35],[33,35],[68,49],[235,81],[52,-45],[-5,-56],[-49,-33],[73,1],[28,51],[32,18],[79,-20],[73,-30],[-7,-28],[-47,-31],[16,-16],[78,49],[60,-20]],[[5187,8758],[59,32],[-60,22]],[[5186,8812],[-31,36],[32,9]],[[5187,8857],[69,57],[34,8],[26,-31],[-23,-7],[56,-61],[-36,-43],[54,4],[-4,-28],[72,-2],[37,30],[70,-12],[32,-57],[-31,-30],[8,-23],[-29,-51],[-127,-20],[-14,18],[-61,-23],[-34,27],[-63,-37],[-36,-1]],[[5187,8575],[-138,-60],[-115,-18],[-57,8],[-62,42],[137,51],[104,5],[52,41],[-118,-22],[-135,-9],[14,46],[-21,5],[-33,-51],[-44,-17],[-22,34],[-42,-34],[-45,17],[1,24],[-36,-14],[-69,12],[-5,28],[31,21],[97,1],[65,20],[18,18],[-90,-22],[-91,-1],[27,37],[169,13],[0,8],[-112,-7],[-42,5],[0,27],[78,31],[-12,19],[34,19],[109,2],[22,-48],[81,14],[46,-17],[6,-24],[50,-15],[-35,-17],[61,-1],[17,-56],[104,5]],[[5186,8695],[93,-9],[-17,44],[-75,23]],[[5187,8753],[-5,2],[5,3]],[[5187,9135],[36,-8],[-36,-21]],[[5187,9106],[-70,-11],[10,-18],[49,3],[-9,-47],[-158,-31],[-90,34],[-3,65],[81,19],[130,16],[60,-1]],[[5186,9236],[63,-40],[-14,-26],[-48,4]],[[5187,9174],[-28,-7],[-68,18],[-23,-20],[-63,17],[-74,-17],[-14,23],[91,26],[27,-2],[54,26],[62,12],[35,-14]],[[9004,6079],[-3,-7]],[[9001,6072],[-28,25],[36,-16]],[[9009,6081],[-5,-6],[-3,-3]],[[7441,6507],[85,22],[16,-42],[-102,-95],[-45,-5],[-20,60],[51,74],[15,-14]],[[7927,7345],[54,95],[32,13],[59,-4],[39,-13],[5,-118],[-27,-33],[-41,-18],[-92,-2],[-29,80]],[[5472,8378],[121,9],[55,-33],[-7,-44],[-60,-79],[-101,96],[-44,13],[36,38]],[[7701,5311],[39,63],[1,80],[-16,12],[19,-3],[-1,-95],[32,54],[34,-17],[5,-46],[-32,30],[-35,-82],[-9,40],[-27,-49],[-10,13]],[[7617,6612],[-89,41],[-34,-1],[-3,50],[-45,-3],[4,40],[-56,-31],[3,-42],[-54,-24],[-24,-54],[-59,-32],[-29,20],[3,63],[-17,18],[-116,-23],[24,60],[58,29],[-18,86],[22,59],[-2,59],[20,83],[38,27],[36,-53],[-22,-12],[40,-57],[23,47],[39,-48],[59,-13],[15,-32],[72,-31],[49,-44],[20,-49],[-38,-38],[51,12],[72,-18],[28,-28],[-70,-61]],[[6377,7521],[-59,-49],[-80,15],[-24,20],[-64,17],[-40,36],[-15,-22],[-34,32],[99,52],[-17,22],[32,61],[64,17],[47,-69],[62,12],[-13,-30],[39,-86],[53,-7],[-26,-30],[-24,9]],[[7638,8305],[-2,75],[30,9],[84,-23],[109,6],[77,-28],[83,-71],[-8,-48],[-92,11],[-63,3],[-83,-25],[-65,16],[-18,67],[-52,8]],[[6190,8003],[-57,-44],[-43,13],[-53,88],[-64,56],[-50,26],[-52,-1],[-10,29],[-55,28],[-12,26],[24,40],[37,6],[62,-62],[71,3],[34,39],[-15,30],[-32,2],[22,31],[-43,-12],[-65,40],[60,19],[2,39],[72,-10],[-15,25],[35,4],[48,-35],[94,15],[16,13],[55,-7],[22,-40],[-37,-16],[24,-24],[-49,-15],[-52,-45],[91,-14],[21,-32],[21,21],[39,-82],[-21,-28],[-1,-72],[-34,-6],[-42,-33],[-63,7],[15,-22]],[[6562,8541],[-94,-4],[-48,30],[-17,-11],[13,-42],[-44,15],[29,40],[-31,2],[-38,31],[-10,32],[57,53],[75,25],[8,24],[-10,27],[34,9],[16,-40],[-29,-3],[97,-82],[9,-66],[-17,-40]],[[6117,8880],[105,-23],[-11,-28],[24,-29],[-6,-51],[-30,-20],[47,-11],[-66,-59],[50,-32],[-40,-22],[-134,-9],[-58,7],[-33,73],[57,4],[18,34],[-135,-8],[-100,-19],[-4,31],[36,8],[0,25],[34,6],[40,-22],[-45,53],[44,29],[-60,-6],[24,41],[60,-20],[-1,-18],[108,-50],[-55,49],[38,13],[-54,12],[-28,22],[21,25],[-79,-11],[61,26],[60,1],[50,-18],[43,-32],[19,29]],[[6916,8805],[-156,-4],[88,-16],[-75,-6],[82,-17],[16,12],[61,-36],[-5,-28],[28,-35],[28,39],[32,-31],[70,24],[81,-32],[114,39],[39,-6],[71,36],[54,-16],[64,18],[102,-11],[-15,-20],[65,0],[73,-33],[2,-50],[-69,-25],[72,-3],[16,-24],[-72,-20],[8,-24],[-98,-10],[-39,-19],[-95,17],[-17,48],[-32,-44],[-62,-12],[-198,-6],[-161,5],[0,68],[-29,-40],[-90,-22],[-91,29],[22,31],[-62,-41],[-43,23],[-7,61],[-31,14],[14,51],[25,15],[-15,51],[-79,82],[-78,-19],[-148,24],[-55,50],[13,20],[-41,31],[87,16],[174,-27],[53,-51],[31,-5],[105,17],[73,-23],[6,-16],[-74,-2],[175,-27],[-7,-20]],[[6570,9025],[-207,3],[-26,20],[33,28],[37,9],[154,-5],[35,-10],[-26,-45]],[[6182,9259],[58,-4],[108,-30],[112,-45],[-46,-20],[41,-24],[-15,-23],[-171,-20],[8,11],[-65,21],[77,16],[-82,16],[-48,46],[23,56]],[[5636,9218],[97,-13],[0,49],[-62,-1],[32,17],[-19,17],[-81,-27],[30,32],[-74,2],[14,53],[21,-5],[119,11],[71,-23],[39,-38],[65,12],[55,-26],[-18,-19],[67,1],[72,-39],[-27,-28],[69,-61],[3,-33],[-79,-19],[-56,14],[-40,59],[-89,14],[-53,-9],[4,25],[-144,-18],[-50,39],[34,14]],[[6500,9653],[99,-2],[-4,20],[-100,8],[18,19],[78,0],[120,-36],[92,-102],[118,-6],[23,-11],[-17,-28],[19,-19],[73,-17],[-47,33],[20,26],[65,-5],[10,-40],[-29,-19],[59,0],[22,-28],[-17,-57],[45,14],[89,-14],[55,-48],[-50,-23],[-83,-16],[-87,-68],[-27,3],[-10,46],[-19,-1],[4,-47],[20,-22],[-31,-53],[5,37],[-46,27],[20,-32],[-20,-43],[-23,0],[-81,75],[3,-30],[44,-48],[-57,27],[-19,-30],[-138,11],[-50,22],[-24,29],[97,9],[-91,14],[-34,-9],[-87,65],[87,35],[113,-1],[124,13],[-142,-6],[-39,18],[61,6],[-64,19],[-113,-34],[9,24],[-58,-9],[-102,11],[11,26],[73,9],[37,26],[-76,-20],[-55,1],[-64,41],[-7,45],[57,-14],[99,-4],[64,23],[-45,7],[-65,-16],[-98,26],[51,20],[-12,17],[40,28],[38,8],[54,-17],[1,21],[-82,14],[0,18],[52,26],[42,-15],[2,23]],[[8070,9152],[-82,10],[-27,-9],[112,-16],[-29,-27],[-25,11],[-54,-20],[-110,11],[38,-63],[-46,-39],[-71,-14],[-138,7],[-67,32],[-14,-14],[45,-20],[-54,-6],[8,-21],[55,21],[89,-17],[51,9],[36,-23],[-32,-31],[88,15],[34,-8],[12,-52],[-60,-36],[-23,21],[-49,-49],[-143,-29],[24,50],[-38,15],[-59,-1],[-30,-17],[-117,5],[-43,33],[-3,-30],[-60,-4],[45,-20],[-71,2],[-96,15],[-27,-10],[-56,19],[-21,-21],[-64,10],[-11,73],[-32,-70],[-63,28],[12,49],[104,48],[57,-6],[58,29],[-65,14],[3,24],[-44,25],[0,28],[83,19],[82,-20],[36,-49],[32,-19],[79,-16],[-14,14],[96,-7],[-26,21],[31,6],[76,79],[-22,10],[-53,-71],[-42,-20],[-118,17],[13,37],[-41,25],[50,20],[25,48],[-62,-39],[-60,-9],[-27,25],[-20,-16],[-59,1],[0,57],[72,61],[73,4],[42,15],[126,-14],[80,-25],[-36,27],[121,3],[24,31],[-87,-28],[-37,10],[-109,2],[-41,15],[21,18],[89,-20],[-75,28],[-12,38],[-46,35],[-122,27],[14,34],[-27,32],[16,28],[95,-8],[128,-4],[136,-65],[44,-47],[86,1],[73,18],[-95,-9],[-53,10],[-12,33],[-129,70],[102,16],[136,12],[26,9],[170,12],[-163,2],[119,30],[165,11],[-2,10],[-117,0],[-72,-8],[-2,27],[106,52],[63,24],[-111,-26],[-96,-52],[-24,-30],[-133,-35],[-143,-15],[-12,20],[76,12],[15,19],[-111,-24],[-35,9],[-9,-32],[-49,-9],[-143,5],[-53,11],[79,59],[50,14],[206,19],[31,9],[-252,-22],[-61,-12],[-98,-62],[-69,8],[-109,34],[10,13],[73,8],[142,1],[166,48],[-43,3],[-107,-30],[-276,-20],[-45,28],[80,14],[-45,16],[89,27],[77,6],[-38,8],[-176,-37],[-28,16],[105,29],[-93,8],[-60,-23],[-45,15],[79,37],[104,13],[34,-17],[58,41],[56,8],[191,-20],[82,0],[-166,26],[-11,14],[126,12],[-35,30],[176,-20],[61,-39],[31,-5],[-34,35],[116,-31],[133,-26],[65,-26],[-52,36],[-90,14],[-150,47],[19,23],[84,-3],[-67,16],[19,15],[99,-24],[24,4],[-83,40],[107,-1],[98,-20],[52,3],[-115,13],[-22,30],[68,7],[31,-17],[95,8],[58,-10],[48,-33],[57,-13],[-65,48],[-61,19],[105,11],[163,-8],[32,-24],[104,-29],[-89,39],[56,25],[114,6],[2,-27],[63,-11],[-54,24],[56,15],[94,1],[6,-22],[123,2],[148,-10],[3,-8],[-190,-46],[99,5],[134,32],[34,-11],[63,22],[20,-25],[84,11],[-17,-19],[69,-34],[104,-5],[37,-19],[-13,-31],[-62,-10],[-18,-20],[-177,-52],[-86,7],[0,-14],[-238,-21],[82,2],[50,-12],[-287,-59],[51,4],[312,53],[101,10],[-13,-27],[-108,-28],[-58,-32],[-133,-49],[-74,-38],[-19,-24],[-91,-9],[41,-15],[-184,-35],[127,15],[-4,-26],[-65,-44],[-63,-13],[-58,8],[-12,17],[-98,15],[-53,-8],[125,-12],[16,-41],[-71,-16],[-87,8],[3,-21],[-99,21],[25,-25],[-78,1],[-48,17],[8,-32],[238,-7],[-25,-6],[24,-27],[-118,12],[-15,17],[-167,-4],[163,-10],[-119,-17],[-31,6],[-32,-45],[49,30],[81,11],[80,-9],[-54,-19],[95,2],[50,-26],[-9,-25],[-49,-13],[-93,6],[117,-30],[-43,-30]],[[4874,8925],[6,-30],[-102,10],[37,20],[59,0]],[[4825,9120],[60,-35],[-48,-18],[-79,44],[67,9]],[[4465,8760],[79,34],[17,-6],[-39,-60],[-57,-40],[-67,17],[67,55]],[[4032,8389],[-31,14],[-51,86],[178,19],[88,16],[119,-47],[85,-12],[15,-35],[20,36],[56,11],[54,-8],[46,-25],[131,-105],[-96,-38],[-227,-108],[-14,-49],[-38,-21],[-40,3],[-15,-49],[5,-44],[-21,-36],[-67,-20],[-23,15],[-38,-35],[-80,-31],[-80,106],[-99,44],[-56,1],[51,92],[30,13],[-10,54],[48,7],[-32,29],[36,57],[56,60]],[[4257,8888],[61,26],[22,33],[107,60],[81,5],[52,-17],[50,18],[-42,11],[62,18],[84,-43],[-81,-32],[52,-27],[-23,-12],[11,-34],[-36,-20],[-64,-11],[13,-29],[-36,-16],[-55,24],[23,66],[-63,-11],[15,-26],[-56,-13],[35,-26],[-57,-39],[-20,41],[-19,-15],[18,-40],[-31,-30],[-52,-2],[-32,60],[-9,-45],[-27,-4],[-46,23],[-49,-19],[-34,52],[39,30],[69,4],[38,40]],[[7472,3580],[42,29],[25,-5],[30,-41],[-19,-38],[-72,45],[-68,16],[57,18],[5,-24]],[[9192,4134],[-113,55],[-28,49],[-42,23],[24,25],[64,-21],[71,-39],[55,-43],[14,-44],[-45,-5]],[[9758,4281],[-48,-38],[17,-31],[53,-22],[-3,-32],[38,12],[31,47],[-2,-43],[36,31],[49,-41],[-36,-45],[-2,-71],[30,-13],[48,19],[-18,-42],[-29,-20],[-26,-92],[25,-30],[23,83],[32,14],[-30,-82],[4,-32],[34,61],[15,-47],[-16,-42],[-11,-83],[-51,-30],[-2,93],[-40,-61],[-12,14],[25,87],[-10,72],[-14,12],[-22,-66],[-33,-13],[-34,-86],[-59,-3],[7,30],[32,11],[29,76],[-18,26],[-7,-45],[-40,-3],[13,23],[-34,9],[-58,-19],[-100,29],[-89,-23],[-24,55],[83,106],[-25,10],[-47,-14],[27,31],[21,-10],[25,93],[27,-27],[-10,79],[27,15],[-6,31],[52,169],[33,40],[17,69],[76,52],[-7,-21],[41,13],[-17,-46],[-36,13],[35,-73],[-10,18],[-83,-179],[-9,-81],[58,103],[55,-40]],[[9109,3675],[105,9],[-32,-17],[-15,-67],[-25,1],[-9,38],[-57,5],[-9,29],[-33,3],[0,33],[-24,14],[35,66],[-8,-49],[33,-56],[5,19],[34,-28]],[[4845,4121],[2,0]],[[4847,4121],[330,0]],[[5177,4121],[0,0]],[[5177,4121],[10,0]],[[5686,4121],[202,0]],[[5888,4121],[8,-1]],[[5896,4120],[9,1]],[[5905,4121],[6,0]],[[6899,3949],[-79,-49],[-40,-37],[-93,-125]],[[6687,3738],[27,-11],[69,42],[47,-62]],[[6830,3707],[52,41],[33,7],[64,64],[16,-45],[69,-26],[22,-53],[64,-9],[37,38],[53,-1],[48,18],[-9,-44],[48,-13]],[[7359,3665],[-13,-23],[58,-49],[-91,22],[-7,-34],[-24,28],[-42,15],[-10,-20],[-52,-6],[-38,-49],[12,38],[-35,-30],[-1,33],[-50,-138]],[[7066,3452],[-37,-93],[49,55],[39,70],[-29,-88],[-33,-147],[3,-38],[-18,-77],[9,-133]],[[7049,3001],[-2,-36],[26,-96]],[[7073,2869],[19,-17],[37,23]],[[7129,2875],[39,85],[13,122],[-27,114],[2,79],[21,51],[1,54],[52,86],[-2,-58],[20,14],[2,50],[35,27],[-8,43],[26,29],[106,-76],[16,-50],[-12,-12],[15,-51],[-6,-64],[-20,-46],[-23,-13],[-3,-53],[19,-13],[37,66],[26,15],[20,-27],[22,-156]],[[7481,3012],[-14,17],[-21,-61]],[[7446,2968],[-2,-5]],[[7444,2963],[-31,-92]],[[7413,2871],[80,-58],[70,21],[27,36],[69,44]],[[7659,2914],[12,7],[52,42]],[[7723,2963],[52,54],[23,45],[-6,17]],[[7792,3079],[-10,27]],[[7782,3106],[-1,1],[2,11]],[[7783,3118],[-1,19]],[[7782,3137],[80,20],[48,-24],[69,14],[43,42],[-14,94],[48,63]],[[8725,3565],[13,-26],[18,-2]],[[8778,3464],[22,-59],[-24,-33],[-76,-29],[-26,-50],[-1,52],[-17,-32],[-29,21],[-8,-64],[-63,-61],[-11,27],[-66,-132]],[[8479,3104],[3,-4],[-9,-33]],[[8473,3067],[-41,-29]],[[8473,3067],[19,-41],[-38,-56],[27,-17],[16,-69],[50,-24],[-74,-38],[13,46],[-38,-36]],[[8448,2832],[-7,-1],[1,29]],[[8442,2860],[0,8],[-4,-1]],[[8438,2867],[0,-38],[-51,-31]],[[8387,2798],[-88,-12],[-63,-41]],[[8236,2745],[-30,-43],[8,41]],[[8214,2743],[-32,-86],[26,-28],[-11,-104],[-64,-135],[-55,92],[7,51],[10,11]],[[8095,2544],[-8,-6]],[[8087,2538],[-15,-32],[17,-97],[26,-45],[4,-58]],[[8119,2306],[-3,-21],[1,20]],[[8117,2305],[-2,2],[0,-1]],[[8115,2306],[-6,-37],[-19,-39]],[[8090,2230],[-42,-113],[-8,83],[28,21]],[[8068,2221],[-11,33],[-45,55],[25,16],[-25,34],[18,19],[-14,47],[28,79],[-37,-62],[-14,-61],[2,-63],[17,-67],[-44,21],[-14,16]],[[7954,2288],[10,-30],[23,-5],[31,-43],[-7,-47],[-50,61],[57,-92],[-17,-13],[13,-61],[25,-18],[11,-63]],[[8050,1977],[11,-84],[-13,85]],[[8048,1978],[-6,27],[-1,-28]],[[8041,1977],[0,-1],[2,2]],[[8043,1978],[3,4],[0,-4]],[[8046,1978],[0,-9],[-9,9]],[[8037,1978],[-2,6],[1,-6]],[[8036,1978],[-340,-2]],[[8036,1978],[21,-81],[-24,15],[-56,-38],[74,6],[11,-26],[-29,-78],[-43,21],[2,-65],[-32,-25],[50,-14],[-25,-36],[-42,-1],[-45,-52],[-25,-92],[-51,6]],[[7822,1518],[-30,-42],[-21,-78],[-67,-97],[-28,-23],[-48,-79]],[[7628,1199],[-16,9]],[[7628,1199],[-37,-84],[5,-46],[-15,-14],[-4,-82]],[[7577,973],[-34,17]],[[7577,973],[22,-169],[27,-115],[33,-102],[-1,-79],[39,-180],[-6,-185],[-29,-143],[-2,31],[-48,-22],[-16,100],[-39,39],[-9,84],[-22,1],[5,77],[-22,-3],[-30,99],[23,63],[-36,2],[17,184],[-15,52],[-19,0],[-55,129],[-28,31],[-31,-13],[-49,-71],[-59,87],[-70,49],[-85,-22],[9,34]],[[7081,931],[-20,-38],[-63,23]],[[6998,916],[-77,-1],[-17,-32]],[[6904,883],[-58,33],[-18,-42],[33,-18],[33,18],[27,-39],[-33,-48],[15,-40],[42,-32],[-9,-29],[-56,45],[-22,35],[2,-52],[-15,-21],[-22,37],[-33,-29],[-37,27],[5,35],[-22,6],[-27,51],[-22,-36],[23,-23],[-71,20],[-43,29],[-53,-13],[3,49]],[[6546,846],[-22,-51],[-50,-40],[-4,51],[-27,-35],[25,-37],[-74,-98],[-29,-13],[-83,-121],[-37,-131],[4,-80],[17,-136],[-24,-19],[-32,35],[-35,2],[-48,51],[-25,7],[-5,54],[-26,58],[-4,89],[-16,14],[-49,110],[-32,141],[-62,114],[-59,4],[-18,16],[-30,-26],[-39,-131],[-77,61],[-39,57],[-13,91],[-27,83],[-30,30],[-96,158]],[[5480,1154],[-143,2],[0,-78],[-70,0]],[[5267,1078],[-164,0],[-320,202],[8,36],[21,48]],[[4812,1364],[-21,-47],[-202,-32],[-16,100],[-16,39],[-55,74],[-20,-4],[-11,51],[-22,-6],[-34,26],[-15,-26],[-72,0],[28,13],[44,-12],[10,42],[-29,29],[-72,5],[-15,23],[1,96],[-55,91],[-57,156],[15,40],[-51,67],[-9,101],[40,-57],[-40,114],[-2,-51],[-31,36],[-19,73],[-50,81],[-11,157],[-42,74],[-4,31],[25,103],[4,69],[-13,97]],[[3995,2917],[-18,56],[-10,89],[34,178],[7,163],[14,127],[-8,110],[68,-4]],[[4082,3636],[-59,11],[-15,20],[14,67],[-19,24],[-25,147],[-26,75],[13,34],[44,-33],[107,-7],[21,-40],[-6,-54],[19,-36],[-38,0],[-17,-45],[31,0],[27,46],[-1,96],[-34,52],[9,27],[-43,19],[43,42],[-9,40]],[[7743,4461],[-18,40],[18,46]],[[7743,4547],[15,33],[28,-35],[8,-38],[10,65],[-21,28],[38,57],[8,43],[-41,116],[3,61],[-14,22],[12,88],[-34,29],[-32,80],[115,65],[51,41],[56,70],[38,69],[13,122],[-7,84],[-41,118],[-44,55],[-36,19],[-45,50],[2,39],[61,67],[1,68],[43,19],[4,36],[-42,72],[17,21],[-52,56],[29,37],[3,63],[20,6],[-46,69],[-5,71],[56,50],[43,-8],[116,-47],[22,8],[47,-27],[92,56],[51,-51],[37,-12],[1,-25],[42,-17],[-9,-23],[47,-16],[-21,-37],[45,-49],[76,-21],[11,13],[33,-46],[33,42],[13,-48],[-37,-47],[19,-53],[-15,-43],[18,-18],[-5,-96],[33,-12],[-26,-19],[7,-40],[-38,-20],[10,-32],[45,53],[39,3],[36,-24],[14,-40],[53,-24],[-12,-46],[64,61],[23,8],[24,53],[23,-12],[39,51],[-8,33],[31,2],[-15,78],[40,42],[18,67],[27,-10]],[[9000,6070],[13,-10],[-14,5]],[[8999,6065],[-1,-6]],[[8998,6059],[35,-45],[-1,-52],[24,-12],[40,-88],[46,-75],[-36,-34],[58,7],[-7,-57],[18,-1],[33,-58],[7,-39],[28,-16],[-32,-44],[54,-24],[-11,-57],[10,-28],[-43,31],[-3,-33],[60,-29],[-63,11],[-9,-14],[55,-8],[-43,-29],[70,-7],[3,-56],[62,-15],[-14,-18],[24,-41],[-39,-70],[45,47],[30,8],[-2,-38],[65,9],[9,-53],[90,-21],[48,-40],[-34,-22],[-43,-3],[-35,-52],[-73,-39],[-51,-11],[-18,-85],[36,37],[71,39],[15,40],[60,27],[-8,23],[67,-9],[25,-76],[-33,-19],[87,27],[-11,-18],[71,-36],[2,-57],[-26,-24],[19,-14],[7,-48],[-40,-18],[48,-17],[-14,-20],[11,-37],[-21,-32],[-98,-87]],[[9623,4539],[0,100]],[[9623,4539],[-49,10],[-49,-26],[-58,-55],[1,-30],[-36,-29],[-63,-77],[-59,7],[-74,-27],[-12,22],[-163,15],[-37,-8],[-85,9],[-69,-23],[-27,13],[-61,-75],[-20,-84],[-57,-8],[-11,-29],[-35,-12],[-39,-52],[-32,-79],[-25,-29],[-41,-109],[-21,-8],[-19,-58],[-51,-61],[66,44],[42,78],[82,132],[71,70],[133,83],[89,25],[85,-29],[32,-58],[-16,-60],[-90,-70],[-39,38],[-17,-22],[-21,-6]],[[8848,3961],[44,-27],[16,-41],[36,25],[46,-5],[-39,-100],[-21,-20],[46,0],[-7,-34],[33,-113],[62,-20],[-23,-22]],[[9041,3604],[79,-31],[53,-34],[46,48],[3,-33],[35,-3],[10,-16],[-16,77],[37,72],[42,99],[18,-2],[3,-69],[-47,-131],[15,-28],[27,52],[-31,-7],[41,64],[40,-27],[3,-28],[-52,-63],[-46,-24],[-30,10],[26,-39],[-11,-21],[-49,-7],[-29,-34],[-85,-52],[-43,-1],[2,-34],[-63,16],[-2,-46],[-43,-80],[-43,-45],[-30,-11],[-17,54],[-17,-14],[-7,60],[17,85],[96,96],[43,31],[-2,-36],[65,50],[-110,5],[53,71]],[[9022,3578],[-22,11],[-19,-48],[-96,-72],[-83,-25],[-24,20]],[[8756,3537],[-20,11],[-11,17]],[[8056,3346],[-38,-37],[-33,-7],[-33,-46],[-48,13],[-124,-38],[-33,-30],[-25,-55],[37,-25],[23,16]],[[7782,3106],[11,-27],[-1,0]],[[7792,3079],[-105,-26],[-27,-37],[-71,12],[-41,-64],[-65,-41],[-42,6],[3,34]],[[7444,2963],[1,6],[1,-1]],[[7446,2968],[52,7],[-17,37]],[[7500,3091],[58,64],[-1,121],[39,90],[-6,64],[-29,49],[33,-2],[3,-44],[26,-5],[1,-65],[15,22],[55,-42],[32,54],[-32,59],[6,33],[-25,10],[-35,94],[-34,1],[-39,34],[-114,8],[-94,29]],[[7327,3684],[-6,73],[-18,19],[16,54],[-37,55],[8,60],[-69,-3],[-28,36],[-29,105],[-73,1],[-81,37],[55,-40],[-32,-1],[-50,-46],[20,35],[-12,27],[-20,-80],[-7,33],[-34,-22],[-10,-56],[-21,-22]],[[5905,4121],[-17,0]],[[5888,4121],[-66,-1]],[[5822,4120],[-136,1]],[[5177,4121],[-203,0],[-127,0]],[[3399,5320],[-34,-12],[-20,-66],[-25,44],[17,9],[16,71],[-50,66],[-6,27],[-57,71],[-28,1],[18,40],[-69,137],[-38,7],[-63,176],[-1,-57],[27,-101],[-71,6],[5,24],[-21,60],[-10,-22],[-63,51]],[[3500,5346],[8,-34]],[[3508,5312],[-12,-27],[15,-80],[-32,-66],[-46,-17],[-12,68],[16,25],[-2,64],[-25,44],[-7,-2],[26,-44],[-1,-55],[-18,-35],[-18,14],[7,-69],[-25,26],[-6,57],[2,85],[29,20]],[[2921,5850],[0,0]],[[2921,5850],[-1,6],[6,-4]],[[2926,5852],[0,0]],[[2921,5850],[2,-24],[35,-7],[42,-58],[-1,-30],[-41,3],[-9,-22],[-83,69],[-51,78],[-131,80],[32,29],[-13,30],[-58,-33],[-93,30],[13,24],[-39,-9],[-90,26],[-93,-19],[-82,51],[13,65],[-24,-26],[-10,-48],[-36,36],[-44,4],[-42,-39],[-3,38],[66,21],[-17,28],[-33,-11],[-26,47],[-44,4],[-56,-30],[-17,53],[-7,-60],[23,-47],[-26,-46],[31,-19],[-45,-28],[-63,10],[-38,-23],[-87,-97],[-102,-31],[-8,30],[44,28],[40,51],[-41,-24],[-34,26],[35,70],[15,60],[-11,31],[81,54],[35,-20],[35,13],[-78,51],[-86,-51],[-88,-133],[-10,-53],[-49,-47],[-11,26],[-23,-56],[-35,-14],[-4,-60],[41,6],[35,-39],[-67,-60],[-41,-81],[-39,-1],[-29,-51],[-18,11],[-11,-40],[-25,4],[-43,-103],[-21,10],[-34,-45],[-32,-10],[-78,-64],[25,-11],[-38,-55],[-70,-34],[-27,14],[-72,-66],[-20,10],[-30,-29],[-29,44],[-29,-83],[-28,-25],[-23,55],[-17,-63],[-22,28],[-24,-49],[0,49],[69,47],[-4,15],[61,72],[105,19],[17,49],[53,53],[67,45],[25,-13],[-4,44],[32,51],[52,44],[16,153],[37,46],[-2,28],[-90,-48],[-35,36],[9,44],[-38,-52],[12,-44],[-24,-16],[-44,82],[-27,-24],[-26,13],[-11,40],[-61,-90],[-24,18],[-68,-2],[38,20],[-28,88],[29,40],[-51,105],[-9,47],[-9,-66],[-91,-35],[-41,6],[-1,30],[-47,50],[-63,44],[64,47],[60,-8],[26,-31],[18,28],[-44,19],[-99,10],[16,16],[-35,33],[-2,-24],[-45,56],[12,20],[-35,14],[35,15],[-28,23],[42,6],[-8,46],[48,68],[20,4],[1,53],[24,49],[38,23],[31,-7],[36,-33],[98,69],[82,13],[34,41],[-15,87],[-38,31],[52,37],[-32,51],[-20,-29],[-56,-9],[-43,-36],[-44,-17],[-34,26],[-72,1],[-54,-21],[-96,24],[-25,25],[7,29],[-47,44],[35,-4],[33,27],[-105,20],[-58,32],[17,28],[68,21],[26,34],[116,61],[72,27],[66,3],[-14,-67],[19,-23],[126,0],[24,-17],[26,48],[49,-2],[-44,28],[-36,-13],[6,26],[-64,72],[26,10],[21,-50],[39,-37],[35,14],[34,-28],[46,5],[2,23],[-56,23],[-50,-24],[-32,30],[3,61],[-51,-11],[-105,18],[-39,90],[-108,76],[-41,12],[-51,39],[25,35],[1,54],[158,10],[60,32],[42,47],[-3,46],[51,76],[17,-7],[37,48],[15,-16],[74,17],[98,79],[58,-4],[79,10],[68,40],[35,41],[100,-22],[-37,-36],[41,-21],[31,47],[52,-21],[-4,-30],[42,-6],[70,23],[91,-19],[-35,-44],[75,0],[-21,-19],[135,9],[-4,-14],[79,18],[112,-28],[29,-22],[57,-11],[105,0],[48,-29],[60,-3],[43,18],[65,5],[58,-19],[28,-26],[39,-6],[33,-30],[35,1]],[[2588,7680],[90,-5],[65,-19],[88,-65],[77,-33],[62,-6]],[[2970,7552],[32,-4],[57,-37],[-52,72],[13,37],[86,34],[29,-10],[13,48],[45,-40],[-40,-43],[52,27],[35,1],[28,44],[88,19],[36,33],[18,-24],[46,55],[63,-10],[18,32],[22,-23],[-16,-25],[-121,-60],[-79,-19],[-10,-29],[-42,-12],[-65,-77],[56,-9],[-13,45],[84,40],[18,32],[59,-36],[51,75],[102,27],[11,-31],[57,54],[23,52],[-18,61],[94,-67],[37,-85],[63,-60],[44,-17],[-5,34],[38,40],[2,47],[51,23],[-7,-74],[33,1],[-30,-62],[65,-1],[42,23],[18,59],[128,-13],[63,-36]],[[4292,7663],[33,-25],[135,-32],[53,-34],[173,-37],[-28,23],[31,10],[76,-23],[43,-26],[51,-56],[-8,-25],[-80,6],[-23,-16],[11,-30],[-36,-15],[35,-22],[226,-21],[7,11],[109,4],[81,51],[30,-59],[55,0],[20,-63],[7,41],[62,-53],[9,-41],[-20,-32],[47,-46],[-21,72],[34,-33],[-14,117],[-34,33],[3,-64],[-16,36],[22,97],[38,-9],[56,11],[26,43],[59,12],[8,38],[-74,-21],[-51,-43],[-34,14],[-8,-33],[-58,-1],[-10,27],[-31,-7],[45,60],[83,14],[85,36],[44,-8],[24,-24],[-5,-54],[36,-24],[35,53],[-17,-60],[34,-34],[79,6],[103,-60],[28,12],[38,-19],[68,29],[108,-10],[16,-13],[73,16],[-60,43],[43,6],[40,-58],[44,-11],[37,15],[-48,42],[-30,-18],[-28,14],[6,29],[-34,34],[43,-10],[39,11],[-19,30],[59,-13],[16,-35],[49,-8],[-26,-33],[76,46],[-47,-142],[32,-5],[-15,-33],[44,21],[36,-80],[10,66],[-24,60],[-19,13],[20,61],[50,-7],[55,60],[67,44],[-27,-3],[12,43],[-28,23],[-16,-41],[-44,-1],[3,37],[38,16],[-8,47],[59,18],[-2,16],[-64,-14],[-26,41],[-20,-20],[-112,51],[-30,76],[31,54],[-36,35],[20,48],[-6,33],[40,20],[27,-21],[16,33],[-41,12],[61,68],[50,8],[-43,-4],[-4,95],[-44,54],[11,57],[-11,82],[40,20],[-1,43],[45,16],[87,12],[73,-7],[45,-24],[59,7],[115,-22],[-99,-119],[-40,-63],[-44,-23],[-86,14],[-63,-4],[57,-53],[-55,-76],[-35,-4],[12,-58],[16,23],[103,-75],[10,-34],[-7,-59],[45,-27],[38,-70],[18,17],[20,-34],[-58,4],[-27,-18],[48,-9],[-77,-55],[50,-7],[39,-31],[25,61],[12,-49],[59,-3],[38,-18],[-35,-10],[15,-25],[-68,12],[69,-74],[-14,-74],[27,-34],[47,69],[4,69],[28,35],[33,-3],[77,-73],[19,-82],[-51,-9],[13,-87],[74,-91],[72,23],[-1,54],[52,62],[19,116],[74,2],[-30,17],[52,32],[-68,31],[-17,78],[19,33],[82,3],[56,-27],[83,-4],[45,-66],[43,-9],[31,-27],[-46,-31],[49,-23],[-3,-24],[-64,-35],[-38,9],[11,-54],[28,-7],[-6,-40],[72,-76],[-25,-80],[-35,-3],[-58,-72],[-32,-2],[-20,-35],[-97,93],[-39,10],[61,-44],[37,-85],[-78,25],[22,-26],[-75,17],[-13,49],[-75,-3],[-39,-22],[14,-19],[64,-26],[-47,-45],[-6,-30],[-75,-69],[-46,1],[-148,106],[-29,-10],[-86,6],[92,-23],[78,-80],[167,-16],[9,-16],[-56,-101],[-17,-7],[-15,-56],[-62,-38],[-47,29],[20,-33],[-43,23],[-18,29],[-3,-50],[-37,-61],[-26,12],[-12,-39],[-37,32],[-55,15],[37,-41],[48,-15],[12,-56],[-59,-47],[-65,14],[-27,-15],[40,-23],[-1,-22],[-62,-11],[1,-33],[-31,-17],[1,-60],[-77,-64],[13,-22],[-43,-81],[-39,-148]],[[6461,6017],[7,-113],[-7,-56],[32,-51],[19,15],[88,-12],[2,-36],[27,-79],[33,-124],[-24,-69],[140,54],[37,-6],[63,-44],[75,-21]],[[6953,5475],[81,-70],[33,-69],[158,-76],[22,-31],[69,-31],[58,14],[22,-13],[118,-22],[5,-49],[-20,-105],[26,-72],[0,-92],[-15,-53],[62,-89],[17,-60],[32,-17],[32,-51],[14,-61],[27,-10],[49,-61]],[[7743,4457],[15,-26],[-15,30]],[[4094,4121],[-4,-4],[-1,3]],[[4118,4121],[-17,15],[-7,-15]],[[4089,4120],[-19,85],[-19,-15],[-43,41],[15,37],[-64,-7],[-5,52],[-25,-15],[7,49],[-36,41],[-25,-17],[-82,16],[19,46],[-8,28],[-44,-25],[-43,32],[-22,39],[-7,75],[5,91],[-23,55],[-12,-33],[8,103],[-20,-94],[-14,130],[-48,33],[-3,52],[26,15],[18,55],[-50,-68],[-9,-41],[-65,94],[-30,62],[7,69],[-13,0],[49,98],[-12,53],[6,56]],[[4845,4121],[-165,0]],[[5686,4121],[-499,0]],[[6899,3949],[-50,21],[-51,-2],[-11,21],[-42,-33],[-52,52],[-29,-18],[-22,52],[-51,17],[-41,-20],[-80,50],[-10,84],[-28,13]],[[6432,4186],[-2,-65],[-172,0]],[[6258,4121],[-12,0],[-335,0]],[[7359,3665],[-1,31],[-31,-12]],[[7481,3012],[11,15],[8,64]],[[8725,3565],[1,219],[-33,53],[-59,-26],[-14,17]],[[8620,3828],[-17,26],[-62,-127],[-34,-168],[-23,-27],[-18,-56],[-16,9]],[[8450,3485],[-20,-2],[-15,-47]],[[8415,3436],[-100,-1],[-54,-1]],[[8261,3434],[-113,-1],[-2,0]],[[8146,3433],[-46,-23],[-44,-64]],[[8778,3464],[-24,18],[2,55]],[[4680,4121],[-83,-1]],[[4597,4120],[-471,1],[-8,0]],[[3500,5346],[-123,85],[-18,-2],[-26,47],[7,29],[-114,237],[-84,111],[-60,63],[7,22],[-39,43],[-72,-34],[-22,-76],[-30,-19]],[[2926,5852],[-5,-2]],[[2921,5850],[-33,-21],[-16,57],[-122,132]],[[2750,6018],[-3,59],[-45,-2],[-32,-25],[-82,23],[0,1607]],[[4094,4121],[-5,-1]],[[3995,2917],[353,-1]],[[4348,2916],[0,-516],[157,-226],[124,-189],[170,-274]],[[4799,1711],[22,-93],[20,-31],[-33,-59],[3,-37],[-20,-53],[2,-57],[19,-17]],[[4082,3636],[23,-12],[14,-76],[40,-17],[40,27],[51,-17],[79,20],[54,31],[49,14],[178,0]],[[4610,3606],[35,-73],[-31,-114],[-31,-75],[0,-32],[26,-19],[-11,-69],[1,-307]],[[4599,2917],[-251,-1]],[[6258,4121],[11,-59],[-2,-82],[23,-118],[5,-146],[16,-55],[3,-66]],[[6314,3595],[-97,1],[-531,0]],[[5686,3596],[1,33],[-1,492]],[[5686,4121],[210,-1]],[[5896,4120],[15,1]],[[5911,4121],[-89,-1]],[[5187,4121],[0,1],[1,1895]],[[5188,6017],[628,0],[42,0]],[[5858,6017],[0,-721],[53,-1175]],[[5686,3596],[1,-162],[-1,-1]],[[5686,3433],[-587,0],[0,-86]],[[5099,3347],[-21,40],[-17,-26],[-61,-3],[-11,-16],[-53,-2],[-28,57],[-52,155],[-32,-36],[-17,15],[12,57],[-6,64],[8,71],[-17,-7],[-65,108],[-32,29],[1,45],[-28,53],[0,170]],[[4799,1711],[-8,188],[51,-8],[6,30],[0,134]],[[4848,2055],[275,1],[144,-1]],[[5267,2055],[0,-488],[0,-489]],[[4599,2917],[171,0],[79,-1]],[[4849,2916],[-1,-484],[0,-377]],[[6998,916],[-7,259],[34,517],[-8,18]],[[7017,1710],[-1,2],[217,-4]],[[7233,1708],[34,-352],[25,-115],[-20,-77],[11,-142]],[[7283,1022],[-217,0],[15,-91]],[[5267,2055],[507,1]],[[5774,2056],[0,-65],[0,-22]],[[5774,1969],[-4,-3],[-1,-772],[-302,0],[13,-40]],[[5267,2055],[0,582],[0,107]],[[5267,2744],[419,0]],[[5686,2744],[167,0],[1,-172]],[[5854,2572],[0,-113],[0,-404]],[[5854,2055],[-80,1]],[[5267,2744],[-168,0],[0,172]],[[5099,2916],[0,135],[0,296]],[[5686,3433],[0,-279],[0,-66]],[[5686,3088],[0,-64],[0,-280]],[[6830,3707],[25,-43],[161,-66],[33,-46],[-5,-57],[22,-43]],[[7049,3001],[-119,2],[-119,2]],[[6811,3005],[-34,39],[-17,131]],[[6760,3175],[-5,72],[-30,27],[-37,62],[-60,56],[13,118],[-19,22],[16,59],[34,28],[0,100],[15,19]],[[5854,2572],[565,0]],[[6419,2572],[36,-31],[-18,-50],[40,-70],[0,-366]],[[6477,2055],[-623,0]],[[5686,3088],[467,0],[34,-34],[65,15],[69,-64]],[[6321,3005],[35,-123],[-2,-43],[18,-41]],[[6372,2798],[9,-120],[0,-3]],[[6381,2675],[11,-43],[27,-60]],[[6477,2055],[0,-21],[0,-64]],[[6477,1970],[15,-193],[-4,-299]],[[6488,1478],[-62,54],[-60,-12],[-32,-33],[-50,44],[-16,-39],[-47,44],[-24,-16],[-11,42],[-33,-10],[-60,26],[-6,31],[-35,-2],[-26,31],[0,331],[-252,0]],[[7413,2871],[-71,-5],[-42,-1]],[[7300,2865],[0,10],[-171,0]],[[7659,2914],[0,-230]],[[7659,2684],[-29,-176],[-30,-40],[-21,0],[-36,-89],[-13,21],[-22,-97],[-22,-3]],[[7486,2300],[-25,56],[-35,-25],[-75,36],[-21,50],[-31,0]],[[7299,2417],[2,377],[-1,71]],[[3330,4971],[-1,-11],[-31,-27],[27,-9],[4,36],[4,3],[-3,8]],[[4029,6017],[319,0]],[[4348,6017],[0,-1056],[21,-78],[41,-38],[42,-13],[38,-76],[8,-54],[17,21],[36,-61],[23,6],[31,-77],[22,15],[87,-165],[73,-85],[12,-100],[-9,-33],[57,-102]],[[2750,6018],[1,-1],[1278,0]],[[8064,6911],[19,-21],[-13,-20],[18,-39],[4,48],[-9,11],[1,2],[-20,19]],[[5858,6017],[0,728],[-544,89],[-60,12],[-31,21],[-95,98],[-151,0],[-683,429],[-2,3],[0,266]],[[6461,6017],[-37,0],[-566,0]],[[5187,8170],[-1,5]],[[5187,8192],[0,14]],[[5186,8214],[2,40]],[[4613,7679],[-23,61],[354,-1],[2,-28],[35,3],[-3,25],[210,0],[-2,424]],[[5186,8812],[1,45]],[[5187,8575],[-1,120]],[[5187,8753],[0,5]],[[5187,9106],[0,29]],[[5187,9174],[0,59],[-1,3]],[[9009,6081],[-5,-2]],[[5858,6017],[-670,0]],[[5188,6017],[-840,0]],[[4029,6017],[-68,118],[2,48],[-61,-31],[-48,20],[-9,-17],[-74,-4],[-21,118],[-70,38],[-48,76],[-50,-1],[-2,62],[-50,64],[12,38],[-42,42],[25,28],[-23,53],[-54,32],[-34,78],[-57,-8],[12,25],[-31,30],[-44,14],[20,44],[-31,21],[44,74],[-32,45],[0,31],[-72,-14],[-34,63],[19,43],[-36,74],[-179,3],[4,64],[-28,59],[1,205]],[[8438,2867],[-13,52],[-34,0]],[[8391,2919],[-81,3],[-60,4]],[[8250,2926],[-3,5],[21,114]],[[8268,3045],[29,0],[38,-3]],[[8335,3042],[97,-4]],[[8448,2832],[-2,26],[-4,2]],[[8268,3045],[1,139],[-15,7],[-1,79],[12,71],[-4,93]],[[8415,3436],[-14,-98],[-31,-28],[-29,-130],[-14,-112],[8,-26]],[[6760,3175],[-137,0],[-300,0]],[[6323,3175],[0,309],[-34,53],[25,58]],[[4597,4120],[0,-450],[13,-64]],[[5099,2916],[-109,0],[-141,0]],[[6526,1368],[-1,94],[-37,16]],[[6477,1970],[374,-1],[7,-36],[-25,-53],[55,3]],[[6888,1883],[-32,-106],[-17,-67]],[[6839,1710],[-25,-61],[0,-37],[-40,-74],[-12,-54],[8,-36],[-4,-80]],[[6766,1368],[-16,0],[-224,0]],[[6526,1368],[-1,-175],[45,-164],[-19,-82],[-5,-101]],[[8387,2798],[4,36],[0,85]],[[7283,1022],[12,-48],[220,-27],[16,-33],[12,76]],[[6904,883],[-26,84],[8,54],[-160,0],[0,48],[26,101],[35,82],[-14,20],[-7,96]],[[6839,1710],[141,1],[37,-1]],[[8037,1978],[4,-1]],[[8043,1978],[1,-1],[2,1]],[[7441,1711],[-31,-1],[-70,-1]],[[7340,1709],[6,45],[40,53],[23,2],[73,83],[46,8],[36,88]],[[7564,1988],[132,-12]],[[7822,1518],[-90,157],[-94,6],[-25,56],[-102,9],[-70,-35]],[[8048,1978],[2,0],[0,-1]],[[7441,1711],[-20,-51],[42,-42],[24,-85],[53,-85],[15,-55],[21,-20],[9,-72],[17,-24],[10,-69]],[[7233,1708],[61,1],[46,0]],[[7564,1988],[-25,-3],[-144,2]],[[7395,1987],[45,25],[42,72],[56,64]],[[7538,2148],[12,-43],[51,-8],[78,46],[0,30],[42,102],[13,54],[28,-29],[26,74],[9,-11],[39,66],[8,48],[41,-53],[8,33]],[[7893,2457],[18,-31],[33,-37]],[[7944,2389],[2,-5],[3,-1]],[[7949,2383],[-24,-85],[22,-2]],[[7947,2296],[4,0],[3,-8]],[[8100,2231],[2,1]],[[8068,2221],[2,5],[20,4]],[[6888,1883],[2,42],[11,44]],[[6901,1969],[6,1]],[[6907,1970],[1,-9],[5,8]],[[6913,1969],[115,0],[18,25],[107,2],[237,-13],[5,4]],[[6381,2675],[-9,123]],[[6321,3005],[-13,41],[15,64],[-12,65],[12,0]],[[6811,3005],[39,-69],[-15,-87],[-54,-31],[2,-83],[-39,-97]],[[6744,2638],[-1,0],[-24,40],[-230,-7],[-108,4]],[[8117,2305],[2,1]],[[7893,2457],[-9,48],[-25,16],[-27,-29],[-27,17],[-59,-73],[1,88]],[[7747,2524],[145,0],[164,0]],[[8056,2524],[8,-217],[51,-1]],[[7954,2288],[-7,8]],[[7947,2296],[-15,17],[21,53]],[[7953,2366],[9,16],[-18,7]],[[8056,2524],[16,20],[15,-6]],[[6744,2638],[-7,-36],[14,-80],[45,-67],[19,-76],[38,-9],[-20,-91],[22,-48],[47,-56],[2,-74],[34,-50]],[[6938,2051],[-1,-42],[-24,-40]],[[6907,1970],[-7,9],[1,-10]],[[8121,2575],[-11,-20],[-15,-11]],[[7747,2524],[-87,0]],[[7660,2524],[-1,159],[0,1]],[[7723,2963],[0,-46],[371,-1],[23,-66],[31,-44]],[[8148,2806],[-37,-65],[4,-73],[30,-68],[-24,-25]],[[8148,2806],[33,-32]],[[8181,2774],[33,-31]],[[8095,2544],[26,31]],[[8250,2926],[-6,-131],[-8,-50]],[[8181,2774],[-25,24],[-8,8]],[[8450,3485],[11,-299],[18,-82]],[[7073,2869],[-2,-407],[-11,-42],[13,-61],[-43,-115],[-2,-49]],[[7028,2195],[-6,-58],[-29,-12],[-2,-57],[-35,25],[-18,-42]],[[7299,2417],[0,-54],[-53,-11],[2,-31],[-33,-43],[-20,-56],[-19,30],[-38,-41],[-36,-10],[-60,14],[-14,-20]],[[7486,2300],[-4,-46],[28,-80],[28,-26]],[[7486,2300],[0,0]],[[7659,2684],[1,-160]],[[7953,2366],[0,9],[-4,8]],[[7743,4547],[0,-18],[0,-68]],[[8177,3471],[-15,-22],[-16,-16]],[[6432,4186],[0,594],[119,146],[198,284],[204,265]],[[7743,4457],[0,-582],[8,-82],[38,-96],[24,-33],[86,-27],[58,-68],[14,15],[13,-51],[64,-31],[51,31],[53,13],[22,-14],[3,-61]],[[9058,5313],[8,-82]],[[9066,5231],[35,-4],[-18,-32],[-6,-56]],[[9077,5139],[-21,-25]],[[9056,5114],[-21,-22]],[[9035,5092],[-83,57],[-50,-41],[-12,30],[-72,56],[0,-83],[-61,56],[29,-57],[-16,-43],[-19,19],[-21,-30],[10,-40],[-15,-27],[41,-81],[37,-26],[-9,-57],[-33,4],[7,-40],[36,-36],[38,65],[10,-130],[25,-38],[42,6],[26,-56],[35,-2],[20,-29],[22,25],[14,169],[42,11],[18,-19],[-58,-35],[26,-23],[3,-58],[556,0]],[[8848,3961],[-42,-11]],[[8806,3950],[-47,-21],[-17,20],[-64,-12],[-1,-64],[-57,-45]],[[8146,3433],[79,68],[-48,-30]],[[9000,6070],[-1,-5]],[[8998,6059],[-5,-20]],[[8993,6039],[-23,-97]],[[8970,5942],[40,-6],[-10,-42],[10,-52],[24,-40],[34,22],[16,-26],[-41,-8],[17,-34],[-48,-51],[28,-72],[30,-19],[-15,-133],[-21,-34],[21,-41],[-22,-3],[11,-63],[46,-10],[-32,-17]],[[8280,3617],[32,19],[75,84],[11,-5],[27,17],[-41,-8],[-60,-66],[-34,-16],[-10,-25]],[[8992,6067],[0,0]],[[8806,3950],[38,13],[4,-2]],[[9041,3604],[-9,-5],[-10,-21]],[[9066,5231],[4,55],[-12,27]],[[8970,5942],[24,95],[-1,2]],[[8993,6039],[-20,23],[19,5]],[[8992,6067],[6,-8]],[[9035,5092],[32,3],[-11,19]],[[9056,5114],[-3,4],[24,21]],[[8999,6065],[-7,2]],[[8992,6067],[8,3]],[[8992,6067],[-1,1],[1,-1]]],"bbox":[-171.85499293717533,25.06903525504553,-52.62067225388823,83.11673099366533],"transform":{"scale":[0.011924624530781788,0.005805350108872866],"translate":[-171.85499293717533,25.06903525504553]},"title":"Canada and United States of America","version":"2.0.1","copyright":"Copyright (c) 2022 Highsoft AS, Based on data from Natural Earth","copyrightShort":"Natural Earth","copyrightUrl":"http://www.naturalearthdata.com"}