{"type":"Topology","objects":{"default":{"type":"GeometryCollection","geometries":[{"type":"MultiPolygon","arcs":[[[0]],[[1]],[[2]],[[3]],[[4]],[[5]],[[6]],[[7]],[[8]],[[9]],[[10]],[[11]],[[12]],[[13]],[[14]],[[15]],[[16]],[[17]],[[18]],[[19]],[[20]],[[21]],[[22,22,22]],[[23,23,23]],[[24,25]],[[26,27,-28,27,28,29,30,31,32]],[[33,34,35,36,37,38,39]],[[40]],[[41]],[[42]],[[43]],[[44]],[[45]],[[46]],[[47]],[[48]]],"id":"EU","properties":{"hc-group":"admin0","hc-middle-x":0.65,"hc-middle-y":0.63,"hc-key":"eu","hc-a2":"EU","abbrev-a3":"EUR","iso-a2":"EU","name":"Europe"}},{"type":"MultiPolygon","arcs":[[[49]],[[50]],[[51]],[[52]],[[53]],[[54]],[[55]],[[56]],[[57]],[[58,59]],[[60]],[[61]],[[62,63]],[[64]],[[65,66]],[[67,68]],[[69]],[[70,-71,71]],[[72]],[[73,-74,74]],[[75]],[[76]],[[77]],[[78]],[[79]],[[80]],[[81]],[[82]],[[83]]],"id":"OC","properties":{"hc-group":"admin0","hc-middle-x":0.34,"hc-middle-y":0.46,"hc-key":"oc","hc-a2":"OC","abbrev-a3":"OCA","iso-a2":"OC","name":"Oceania"}},{"type":"MultiPolygon","arcs":[[[84]],[[85,86,87,88,89]],[[90]]],"id":"AF","properties":{"hc-group":"admin0","hc-middle-x":0.66,"hc-middle-y":0.54,"hc-key":"af","hc-a2":"AF","abbrev-a3":"AFR","iso-a2":"AF","name":"Africa"}},{"type":"MultiPolygon","arcs":[[[91]],[[-89,92,93,94,95,96,-37,97,-35,98]],[[99]],[[100]],[[101]],[[102]],[[103]],[[104]],[[105]],[[106]],[[107]],[[108]],[[109]],[[110]],[[111]],[[112]],[[113]],[[114]],[[115]],[[116]],[[117]],[[118]],[[119]],[[120]],[[121]],[[122]],[[123]],[[124]],[[125]],[[126]],[[127]],[[128]],[[129]],[[130]],[[131]],[[-59,132,133]],[[134,-26,135,136]],[[137,137,137]],[[-33,138,139]],[[140,141]],[[30,142]],[[143,143,143]],[[-28,27,144]],[[145]],[[146]],[[147]],[[148]],[[149]],[[150]],[[151]],[[152]],[[153]],[[154]],[[155]],[[156]],[[157]],[[158]],[[159]],[[160]],[[161]],[[162]],[[163]],[[164]],[[165]]],"id":"AS","properties":{"hc-group":"admin0","hc-middle-x":0.44,"hc-middle-y":0.46,"hc-key":"as","hc-a2":"AS","abbrev-a3":"ASA","iso-a2":"AS","name":"Asia"}},{"type":"MultiPolygon","arcs":[[[166],[167]],[[168]],[[169]],[[170]],[[171]],[[172]],[[173]],[[174]],[[175]],[[176]],[[177]],[[178]],[[179]],[[180]],[[181]],[[182]],[[183]],[[184]],[[185]],[[186]],[[187]],[[188]],[[189]],[[190]],[[191]],[[192]],[[193]],[[194]],[[195]],[[196]],[[197]],[[198]],[[199]],[[200]],[[201]],[[202]],[[203]],[[204]],[[205]],[[206]],[[207]],[[208]],[[209]],[[210]],[[211,212,213]],[[214,215]],[[216]],[[217,218]],[[219,220]],[[221]],[[222]],[[223,-224,224]],[[225]],[[226,227]],[[228]],[[229]],[[230]],[[231]],[[232]],[[233]],[[234]],[[235]],[[236]],[[237]],[[238]],[[239]],[[240]],[[241]],[[242]],[[243]],[[244]],[[245]],[[246]],[[247]],[[248]]],"id":"NA","properties":{"hc-group":"admin0","hc-middle-x":0.43,"hc-middle-y":0.51,"hc-key":"na","hc-a2":"NA","abbrev-a3":"NAM","iso-a2":"NA","name":"North America"}},{"type":"MultiPolygon","arcs":[[[249]],[[250]],[[251]],[[252]],[[253]],[[254]],[[255]],[[256]],[[257]],[[258]],[[-212,259]],[[260]]],"id":"SA","properties":{"hc-group":"admin0","hc-middle-x":0.59,"hc-middle-y":0.35,"hc-key":"sa","hc-a2":"SA","abbrev-a3":"SAM","iso-a2":"SA","name":"South America"}}],"hc-recommended-transform":{"default":{"crs":"+proj=mill +lat_0=0 +lon_0=0 +x_0=0 +y_0=0 +R_A +datum=WGS84 +units=m +no_defs","scale":0.0000170655279715,"jsonres":15.5,"jsonmarginX":-999,"jsonmarginY":9851,"xoffset":-19863092.8548,"yoffset":12635908.1982}}}},"arcs":[[[5292,8003],[7,-31],[-4,-37],[-27,47],[24,21]],[[5349,7996],[-10,-58],[-21,-19],[-13,12],[24,13],[-18,17],[-8,37],[20,14],[4,-18],[12,33],[10,-7],[0,-24]],[[5272,7092],[-10,-18],[2,-51],[-9,-53],[-11,12],[-7,49],[4,24],[16,9],[2,22],[13,6]],[[5595,9637],[17,0],[5,-23],[-33,-5],[-24,22],[35,6]],[[5428,8946],[10,5],[8,-20],[13,17],[-4,-39],[-19,0],[-76,-29],[49,33],[-11,14],[30,19]],[[5601,9610],[36,4],[18,-28],[23,-4],[-34,-40],[-22,0],[9,21],[-52,-8],[-1,9],[22,25],[-22,12],[23,9]],[[5532,8187],[4,-29],[-15,-17],[4,-23],[-18,-33],[-5,41],[9,21],[21,13],[0,27]],[[6389,8946],[-4,9],[-23,-30],[-25,19],[3,26],[26,16],[28,-23],[-5,-17]],[[6585,9747],[-40,-1],[8,16],[36,5],[-10,6],[42,-1],[5,-35],[38,12],[-18,-16],[-31,1],[5,16],[-35,-3]],[[6509,9766],[-17,6],[-9,-21],[-36,7],[19,10],[19,-8],[9,22],[15,-16]],[[6572,9793],[-24,-10],[-51,15],[31,5],[-13,16],[39,-5],[46,-17],[-28,-4]],[[6794,9825],[21,-21],[-28,-12],[-36,-4],[-17,11],[43,10],[17,16]],[[6333,9786],[-8,7],[-47,-23],[-28,15],[89,13],[12,-16],[-18,4]],[[5626,8210],[-15,20],[16,8],[20,-33],[-9,-18],[-23,-15],[-8,25],[19,13]],[[5106,6875],[-17,-50],[-25,19],[16,21],[26,10]],[[5421,6784],[-3,-46],[11,12],[-10,-72],[6,-21],[-8,-25],[-16,10],[-36,49],[-15,6],[-8,26],[20,19],[2,35],[7,-42],[11,-8],[31,15],[8,42]],[[5262,6958],[10,-50],[-8,-99],[-14,4],[-5,-23],[-17,21],[8,52],[-7,87],[7,-19],[20,31],[6,-4]],[[5723,6693],[21,21],[-7,-31],[12,-26],[5,-28],[11,-27],[18,13],[-13,-39],[-34,107],[-13,10]],[[5673,6695],[3,11],[6,-62],[19,-2],[-4,22],[18,0],[14,-43],[-23,26],[-15,-20],[-9,13],[-9,55]],[[5678,6798],[-8,-42],[22,-35],[7,-26],[-9,-12],[-6,40],[-40,65],[23,-11],[11,21]],[[5726,6767],[-5,-27],[-12,27],[14,2],[3,31],[-9,17],[13,11],[7,-28],[-11,-33]],[[5646,6572],[27,-32],[41,-3],[14,-21],[-42,-9],[-9,20],[-11,-24],[-14,30],[-6,39]],[[4849,6578],[0,0]],[[4880,6524],[0,0]],[[5915,6488],[-3,0],[-3,0]],[[5909,6488],[2,4],[4,-4]],[[5940,6509],[-1,0],[-2,3]],[[5937,6512],[-1,0]],[[5936,6512],[-2,0]],[[5934,6512],[2,2]],[[5936,6514],[-1,0],[1,0]],[[5936,6514],[1,2]],[[5937,6516],[3,-7]],[[5739,6894],[-14,-19],[2,19],[17,21],[-21,0],[-13,-15],[-7,-43],[-10,-23],[1,37],[7,-2],[7,64],[-14,10],[-7,-28],[-6,24],[-24,-18],[6,-23],[-16,-12],[-15,20],[-6,-31],[21,-62],[-16,-29],[33,-36],[2,-44],[-12,27],[-4,-82],[-19,-7],[-7,-23],[-10,38],[-13,-19],[-4,59],[-22,19],[11,34],[-16,27],[16,21],[-27,15],[1,31],[-20,42],[-5,31],[6,18],[-3,37],[5,29],[-12,10],[-14,36],[-23,25],[-25,-2],[-7,26],[-16,-8],[9,20],[-36,42],[4,32],[-28,57],[-8,-23],[-10,21],[-1,49],[-38,-35],[5,-75],[35,-52],[12,-67],[29,-48],[26,2],[-1,-37],[55,-55],[14,-40],[-4,-22],[-14,35],[-22,16],[-13,-31],[-2,-29],[18,-20],[-2,-36],[-15,-12],[0,-21],[-14,-34],[-11,0],[5,50],[9,7],[-4,50],[-12,45],[-19,11],[-4,31],[-12,-7],[-25,17],[4,29],[-15,2],[-64,112],[-18,88],[-37,28],[-16,-34],[-18,-12],[-38,-56],[-61,38],[-23,-30],[-2,-41],[8,-16],[-12,-43],[-23,-32],[-30,-17],[-36,-109],[3,-31],[12,-25],[-21,-28],[-6,-52],[-26,-17],[-12,-45],[-64,-2],[-21,-21],[-12,-30],[-15,21],[-10,47],[-25,17],[-15,-17],[-19,13],[-11,-9],[6,34],[0,63],[-19,26],[11,68],[13,93],[-8,80],[8,14],[-18,45],[3,20],[23,16],[12,24],[18,-14],[51,0],[29,-12],[23,10],[40,-18],[18,22],[7,78],[3,65],[-7,29],[6,20],[-34,33],[6,42],[-50,40],[-33,42],[56,29],[12,-25],[37,10],[-13,53],[-12,-15],[1,37],[23,0],[5,-19],[28,-11],[17,11],[-5,21],[26,17],[10,22],[2,43],[53,39],[28,65],[10,64],[8,12],[75,29],[19,-18],[0,23],[12,2],[-20,72],[12,18],[-17,30],[8,24],[-7,46],[14,41],[22,4],[15,30],[18,12],[-10,-61],[3,-24],[17,-8],[-42,-70],[3,-43],[13,-23],[20,-18],[15,7],[-16,-26],[18,-4],[31,35],[11,-8],[14,21],[23,-52],[53,25],[12,20],[49,21],[7,-30],[29,2],[11,35],[34,0],[-1,42],[-7,52],[3,43],[17,51],[44,15],[0,-48],[12,-10],[19,19],[-2,46],[6,35],[-16,-4],[-12,17],[-2,48],[18,7],[11,21],[-3,33],[-27,-8],[-16,11],[-9,-18],[-6,36],[-23,13],[-11,-5],[-17,-34],[-20,5],[5,23],[14,-10],[27,29],[4,72],[-8,24],[3,26],[-8,24],[8,37],[28,8],[7,28],[21,13],[39,70],[13,-3],[3,48],[-23,22],[-50,-6],[-10,-21],[-14,8],[-23,-51],[12,-27],[-19,-41],[-31,-32],[-11,3],[-18,-23],[-25,-50],[-8,6],[-1,-58],[-6,-53],[13,-34],[9,0],[24,-29],[5,-23],[-7,-42],[-51,-42],[-4,-35],[-10,-17],[18,-47],[-18,-72],[5,58],[-21,-68],[-32,5],[-13,-24],[4,-21],[22,-28],[-3,-11],[-24,28],[-34,4],[2,17],[-15,43],[11,28],[-14,19],[-9,39],[-15,35],[-8,60],[-21,52],[0,-20],[-22,-20],[-33,-50],[-25,-18],[-30,8],[-29,45],[3,27],[-11,5],[1,23],[12,24],[-12,-1],[1,27],[-17,60],[22,-2],[-13,27],[11,10],[-16,21],[18,15],[5,22],[25,13],[11,28],[33,14],[6,38],[15,5],[9,-15],[14,9],[11,-23],[38,35],[-10,2],[-32,-23],[-11,18],[17,31],[20,19],[-2,29],[12,-3],[38,22],[-15,6],[20,54],[-11,-6],[12,40],[9,-2],[13,38],[12,4],[10,30],[33,23],[-22,6],[29,11],[-15,4],[62,29],[-28,0],[3,15],[23,36],[-18,-7],[29,39],[6,-17],[47,32],[-2,33],[24,-26],[1,24],[51,4],[-2,30],[26,5],[-11,-24],[21,1],[-19,-18],[2,-13],[24,34],[1,38],[10,-19],[13,19],[10,-7],[14,16],[15,-11],[-31,-36],[1,-30],[35,57],[9,5],[-5,-41],[28,33],[1,19],[28,-8],[-20,-36],[11,-6],[15,34],[33,-12],[30,-31],[-25,-15],[-42,4],[51,-22],[37,-9],[7,20],[29,-22],[-26,-1],[37,-16],[-6,-14],[25,12],[13,-11],[36,-5],[47,-34],[22,-25],[44,-24],[28,-23],[9,-48],[-25,-44],[-31,-20],[-39,-3],[-29,14],[-42,9],[-16,15],[-37,8],[-34,28],[19,-42],[44,-31],[11,-29],[-13,-24],[14,-36],[-5,-23],[18,-18],[14,9],[-2,43],[17,-6],[16,17],[28,-23],[42,-22],[23,28],[-19,34],[4,15],[26,26],[15,6],[35,51],[-1,-27],[19,3],[26,-40],[-1,31],[10,26],[-6,29],[-13,7],[12,77],[-26,25],[56,-4],[17,-7],[21,-44],[-37,-8],[-12,-29],[18,-11],[8,-21],[20,-4],[32,13],[3,40],[26,12],[66,56],[29,6],[34,24],[26,2],[-18,-21],[7,-22],[25,-13],[2,16],[28,18],[38,-6],[18,21],[25,10],[5,18],[10,-35],[-8,-25],[15,-5],[3,23],[32,20],[-22,46],[9,10],[-25,-1],[-4,14],[-23,13],[-2,18],[23,1],[31,-31],[0,-14],[9,10],[51,-8],[41,-14],[45,-34],[45,-20],[12,-21]],[[6880,8914],[-24,-93],[-21,-53],[-52,-104],[-1,-84],[-7,-111],[-12,-86],[-20,-107],[-26,-98],[-21,-103],[-12,2],[-9,-78],[-27,-31],[-3,-44],[27,-44],[5,-30],[-16,-22],[-1,-41],[7,-67],[34,-40],[-8,-32],[-43,-2],[-43,22],[-39,-5],[-31,11],[-37,4],[-23,-10],[-34,-59],[-13,-37],[-3,-51],[-9,-34],[-12,-76],[-1,-41]],[[6405,7370],[-77,-95],[-7,5],[-12,-53],[-14,-37],[25,-40],[-4,-62],[31,-85]],[[6347,7003],[-20,-45],[-16,6],[-19,35],[-27,32],[2,20],[-23,19],[-26,-17],[-4,15],[-37,34],[-25,0],[-25,22]],[[6127,7124],[-18,-10]],[[6109,7114],[-28,54],[-22,20],[-9,20],[-36,35],[32,8],[-3,26],[10,27],[16,6],[-16,17],[-7,22],[43,25],[0,17],[-47,-11],[-7,-16],[-40,-17],[-30,-33],[14,-59],[35,6],[-3,-28],[-23,4],[-32,-27],[-14,-24],[-11,16],[-1,33],[-18,20],[-1,20],[26,21],[-15,22],[-21,-12],[-24,14],[25,23],[-42,2],[-33,-72],[-6,-54],[-14,-5],[-13,-32],[-1,-58],[-13,-8],[-14,-69],[12,-59],[29,-28],[-3,-17],[-21,7],[-20,-9],[-10,-24],[-10,-17]],[[5743,6900],[-4,-6]],[[5487,9731],[32,-25],[6,-28],[53,-8],[-11,-7],[29,-7],[-3,-13],[-19,2],[-47,-17],[1,-27],[-13,-2],[-11,-41],[-12,-2],[-26,-64],[-41,32],[-27,14],[-13,24],[34,11],[48,8],[-2,5],[-85,-8],[-3,21],[39,5],[22,15],[31,1],[-41,8],[-17,19],[-13,-16],[8,-8],[-22,-13],[-23,-1],[-28,30],[-7,-12],[11,-17],[-29,16],[-16,26],[18,-5],[2,26],[-16,34],[6,7],[26,13],[14,-12],[40,15],[-9,-21],[11,-3],[19,19],[20,-14],[6,-21],[24,-30],[-10,29],[-8,41],[16,13],[15,-13],[21,1]],[[5716,9698],[-43,-9],[-6,-9],[-32,2],[0,14],[-58,-2],[-17,7],[-14,-10],[-1,19],[61,8],[1,7],[-86,-6],[-17,12],[18,9],[-23,8],[9,17],[28,-20],[-8,19],[16,-9],[21,14],[4,17],[9,-33],[28,5],[14,-19],[10,35],[15,-3],[-7,-20],[37,8],[69,-8],[9,-24],[-37,-16],[0,-13]],[[6548,9824],[-9,9],[29,-5],[13,20],[39,-4],[-3,8],[-9,17],[35,3],[-18,-33],[35,-8],[-3,-9],[-54,15],[7,-19],[17,-4],[-7,-22],[-44,20],[6,16],[-34,-4]],[[6666,9811],[44,7],[5,32],[11,11],[40,-1],[-6,-8],[-35,-2],[-3,-68],[-28,-14],[-50,8],[6,20],[44,3],[-28,12]],[[6899,9521],[13,-28],[-50,-34],[-160,-55],[-15,-14],[-15,-29],[-28,-7],[-3,-14],[-27,10],[14,-24],[-13,-4],[-13,-34],[-56,-67],[-10,-35],[3,-28],[17,-46],[42,-39],[-13,-16],[-31,5],[-17,13],[-7,-14],[-19,16],[-33,7],[14,20],[-15,10],[-7,-23],[-21,22],[13,9],[-33,11],[-3,22],[13,21],[15,-5],[10,40],[-4,15],[18,2],[-3,19],[37,34],[-24,10],[32,16],[16,33],[24,3],[-20,12],[24,5],[-14,9],[22,7],[-7,8],[17,25],[19,-5],[-5,13],[18,5],[14,22],[29,3],[15,13],[22,-3],[0,15],[36,-6],[47,8],[43,19],[37,26],[42,2]],[[6294,9760],[29,5],[20,14],[19,-4],[15,10],[-18,9],[38,18],[37,-25],[-21,-10],[-34,-3],[5,-19],[18,-18],[12,9],[13,-13],[-39,3],[-15,29],[-67,-14],[-12,9]],[[4556,8602],[-28,-25],[-21,-7],[-28,-22],[-40,11],[-27,23],[-43,-3],[27,27],[-17,24],[1,16],[-49,9],[64,12],[-21,8],[18,18],[-36,11],[-20,-12],[-18,7],[23,20],[7,30],[27,-16],[-17,33],[15,2],[35,-35],[-5,-29],[10,-23],[13,32],[11,3],[-5,25],[10,3],[12,-27],[23,32],[11,-13],[11,37],[12,-41],[11,16],[20,0],[-1,23],[14,2],[18,-28],[15,18],[-7,-25],[11,1],[-5,-23],[35,-17],[-1,-37],[-23,-23],[-3,-19],[-39,-18]],[[4732,7773],[10,39],[-25,31],[17,16],[-12,32],[5,7],[37,-4],[10,27],[-15,-2],[11,39],[25,15],[17,-14],[13,7],[20,-45],[-10,-41],[-12,-5],[10,-75],[-10,-56],[-30,-4],[-35,-40],[-31,-9],[-15,31],[13,18],[-16,-2],[23,35]],[[4804,8178],[22,20],[-4,-21],[8,-61],[13,12],[-5,22],[23,57],[9,-7],[35,8],[7,35],[17,-3],[-19,-57],[-24,-26],[9,-9],[-14,-23],[21,15],[43,-2],[5,-15],[-21,-63],[-1,-23],[-16,-15],[28,-10],[14,-25],[15,-68],[15,-11],[13,-26],[12,-73],[-10,-15],[36,4],[13,-33],[-4,-29],[-17,-18],[-3,-18],[15,-13],[-2,-19],[-30,-27],[-12,5],[-33,-16],[0,14],[-31,-14],[-11,11],[-18,-13],[-4,-24],[-31,7],[-12,-26],[-7,17],[36,72],[31,-2],[10,30],[-24,-13],[-23,25],[-16,-12],[-9,23],[30,26],[2,45],[-12,34],[11,-11],[27,11],[11,54],[-12,-2],[-12,28],[7,28],[-15,-8],[-12,10],[1,-37],[-22,32],[14,47],[-20,28],[7,-33],[-19,-9],[5,33],[-5,18],[6,29],[-21,-11],[4,35],[9,0],[5,31],[-24,-9],[4,32],[-4,29],[-18,-19],[4,42]],[[9344,3430],[-3,29],[17,-15],[4,-34],[10,22],[19,-56],[-47,54]],[[8818,1457],[12,-13],[-17,-24],[-21,3],[-3,21],[29,13]],[[9541,2589],[43,-70],[11,-35],[21,-29],[32,-67],[-4,-5],[-38,49],[-30,45],[-16,42],[-19,70]],[[8619,3168],[-11,-8],[9,41],[9,-9],[15,12],[8,-20],[-15,-33],[-15,17]],[[9290,3615],[-3,22],[38,-98],[6,-29],[-15,-29],[4,32],[-10,9],[-3,27],[-14,32],[-3,34]],[[9174,3816],[-6,19],[33,-36],[10,-20],[5,25],[7,-45],[12,30],[-5,-44],[18,-44],[-7,-42],[-5,49],[-11,42],[-34,54],[-17,12]],[[9636,2936],[9,-83],[12,-27],[-10,-9],[-10,38],[1,38],[-11,-9],[-4,21],[0,53],[5,-38],[8,16]],[[9493,3313],[-6,-39],[15,-44],[-13,8],[-14,36],[12,0],[5,36],[-10,-4],[-19,43],[-7,61],[1,29],[20,-114],[16,-12]],[[9416,3352],[25,12],[19,-54],[-3,-17],[-23,13],[-6,34],[-12,12]],[[8911,3354],[0,159],[0,308]],[[8911,3821],[31,-35],[38,-24],[17,15],[-7,-30],[19,-14],[15,-37],[21,-39],[-3,-39],[21,-13],[16,-24],[12,-3],[10,-26],[1,-25],[-25,-5],[6,-51],[26,-41],[13,-71],[16,5],[2,-37],[21,-12],[6,32],[15,-15],[6,-51],[-17,44],[-17,-22],[5,-17],[19,-12],[-7,-10],[13,-14],[-17,-10],[-12,24],[-49,15],[-27,48],[-26,100],[-9,12],[-36,8],[-20,17],[5,-29],[-8,-5],[-5,-34],[-13,14],[11,-46],[-20,-27],[-47,17]],[[9391,3469],[-13,7],[11,-2],[2,-5]],[[9391,3469],[13,-8],[31,-51],[-28,25],[-16,34]],[[9969,2734],[-5,2]],[[9964,2736],[3,5],[2,-7]],[[9969,2734],[8,0],[-2,-27],[-6,27]],[[9964,2736],[-18,-29],[-3,-16]],[[9943,2691],[0,7],[-15,-19],[-10,40],[5,17],[-9,31],[10,-14],[10,9],[24,-24],[6,-2]],[[9943,2684],[-1,2],[1,5]],[[9943,2691],[0,-7]],[[9943,2684],[9,-40],[-9,2],[0,38]],[[9980,2810],[-1,0]],[[9980,2810],[0,0]],[[9980,2810],[11,16],[-2,-40],[-3,24],[-6,0]],[[9666,2888],[-1,10]],[[9666,2888],[0,0]],[[9666,2888],[4,-50],[-12,3],[9,19],[-1,28]],[[9050,2705],[16,-38],[-3,-26],[27,-21],[7,-33],[36,-17],[4,-30],[-13,-7],[16,-38],[14,-96],[8,-16],[-4,37],[12,35],[14,-74],[0,-51],[10,-10],[8,-34],[8,0],[26,-88],[10,-7],[9,23],[-9,-55],[4,-91],[9,-25],[-2,-48],[4,-56],[-17,-134],[-2,-54],[-11,-48],[1,-20],[-20,-31],[-25,-104],[-5,-61],[-16,-52],[-8,-74],[3,-41],[-14,-21],[-33,-2],[-20,-19],[-19,-40],[-12,-10],[-1,-25],[-17,35],[-24,9],[1,44],[-40,-67],[-32,33],[-20,-2],[-37,38],[-17,51],[4,38],[-17,66],[-7,11],[-22,-9],[9,67],[-13,44],[-11,-74],[-23,-6],[-34,28],[-12,69],[-10,39],[-15,13],[0,35],[-17,42],[-1,-15],[-23,24],[-16,-4],[-29,39],[-61,-15],[-47,-42],[-30,2],[-58,-63],[-4,-31],[-13,-26],[-54,9],[-43,-9],[-20,-44],[-12,7],[-13,-33],[-19,-10],[-29,0],[-19,15],[-9,28],[-15,6],[-3,59],[8,-9],[11,27],[0,116],[-14,60],[-5,45],[0,51],[-13,70],[-10,29],[-12,-23],[11,52],[-3,28],[-20,66],[-11,55],[7,59],[8,19],[-1,34],[10,40],[-3,65],[10,53],[4,-49],[13,49],[27,36],[-6,46],[15,-25],[25,37],[15,-14],[21,26],[19,7],[11,23],[10,-9],[39,31],[15,42],[8,43],[14,21],[-3,64],[21,50],[16,-69],[-1,62],[6,29],[19,-5],[2,76],[13,-4],[2,26],[11,-5],[-8,41],[25,-2],[26,55],[11,-12],[23,-58],[-3,-31],[13,26],[35,-7],[-12,34],[9,26],[6,43],[9,10],[-3,24],[24,56],[29,-10],[18,12],[0,36],[-25,25],[22,19],[16,-48],[18,0],[17,-25],[10,8],[8,-22],[23,19],[16,32],[0,-29],[13,-29],[-22,-65],[1,-29],[20,-10],[-13,-29],[0,29],[-14,-12],[-13,-70],[33,-55],[31,-38],[11,-33],[25,-15],[26,-57],[23,17],[17,100],[6,77],[-4,36],[2,142],[9,29],[6,55],[2,80],[12,-39],[6,-77],[10,-10],[-4,-24],[10,-22],[3,-82],[11,-52],[15,24],[5,-29],[19,-27],[-2,-43],[4,-64],[21,-86],[-5,-38]],[[9011,1070],[3,35],[11,-22],[37,-25],[39,18],[8,25],[-10,48],[15,-5],[5,-35],[-6,-4],[2,-131],[-9,0],[-1,-64],[-12,18],[-18,-48],[-24,6],[-21,68],[-2,47],[-7,18],[-10,51]],[[9194,3652],[14,10],[-4,46],[25,0],[-4,-56],[-8,-3],[3,-34],[-16,-15],[-29,-44],[-24,-2],[-9,17],[-25,22],[-7,22],[23,0],[5,39],[11,17],[13,-27],[3,-34],[25,10],[4,32]],[[9707,669],[-31,-14],[-8,18],[-8,-12],[8,-27],[-24,-12],[12,25],[-3,51],[-27,-2],[-7,14],[13,62],[40,78],[36,36],[39,70],[11,53],[16,30],[0,37],[16,29],[10,-20],[3,-37],[18,26],[1,-26],[10,22],[-3,-39],[7,-14],[-21,-55],[-7,-32],[-16,-34],[10,-30],[-20,-2],[-28,-30],[-4,-44],[-16,-59],[2,-14],[-29,-48]],[[9864,1025],[-20,23],[10,24],[7,48],[-7,27],[-32,37],[-1,15],[22,25],[8,77],[-13,81],[0,30],[-10,-4],[-26,75],[3,13],[-14,41],[10,6],[3,-32],[20,-11],[19,-43],[-2,-28],[16,-17],[13,2],[8,-32],[5,-72],[40,-23],[15,29],[16,-12],[-8,-59],[-11,-40],[-13,2],[-15,-27],[-1,-52],[-24,-76],[-18,-27]],[[9377,3476],[-19,5],[-17,44],[16,-12],[18,-37],[2,0]],[[9979,2810],[-5,0],[-17,-22],[-2,29],[21,19],[14,5],[-11,-31]],[[9665,2898],[-8,0],[7,5],[1,-5]],[[4505,6043],[3,21],[17,-46],[5,18],[22,16],[20,-31],[-5,-27],[-6,18],[-17,11],[-22,-9],[-17,29]],[[4849,6578],[18,-47],[13,-7]],[[4880,6524],[37,13],[11,-17],[22,2],[16,30],[62,67],[45,8],[7,15],[52,7],[13,-17],[26,17],[20,0],[13,12],[15,-17],[25,11],[29,25],[16,-44],[17,25],[3,-14],[-18,-39],[3,-34],[12,-17],[3,-26],[-15,-50],[-14,-17],[6,-44],[20,7],[4,-42],[32,-28],[28,7],[51,-38],[8,-53],[16,-26],[36,-14],[23,-22],[22,-35],[10,0],[19,37],[4,29],[-7,36],[4,33],[14,26],[29,27],[15,2],[26,-22],[0,-22],[28,-24],[25,-3],[5,-31],[18,7],[42,-18],[47,-40],[13,9],[24,40],[43,2],[5,-33],[6,16],[23,-18],[29,20]],[[5948,6249],[8,-47],[9,-67]],[[5965,6135],[2,-18]],[[5967,6117],[-29,-169],[6,-36],[41,-189],[5,-74],[33,-63],[0,-30],[11,-59],[-3,-32],[4,-88],[9,-28],[25,-45],[10,-52],[9,-93],[13,-60],[11,53],[-2,-55],[7,-22],[25,-21],[14,-49],[17,-26],[13,-53],[16,-27],[1,-33],[-17,-22],[20,-24],[9,-41],[12,-25],[20,-2],[23,34],[18,-15],[25,34],[45,7],[36,25],[15,29],[14,-12],[-6,-46],[2,-46],[-7,-17],[-2,-61],[-16,-71],[-12,-36],[-22,-132],[-31,-120],[-52,-144],[-42,-64],[-29,-66],[-39,-108],[-12,-49],[-40,-103],[-30,-151],[-9,-66],[6,-32],[8,54],[7,-49],[-8,-22],[7,-30],[-6,-48],[16,5],[-17,-42],[10,-63],[2,-54],[21,-29],[5,-34],[-6,-58],[5,-94],[-2,-48],[8,-60],[-6,-72],[-19,-67],[-22,-33],[-34,-36],[-23,-36],[-17,-49],[-48,-95],[-2,-40],[9,-21],[5,-51],[8,-24],[2,-44],[-4,-105],[3,-18],[-10,-35],[-39,-37],[-24,-29],[1,-94],[-15,-123],[-17,-29],[-16,-42],[-21,-94],[-43,-102],[-26,-55],[-39,-50],[-24,-4],[1,-16],[-20,3],[-3,-16],[-34,16],[-6,-9],[-23,9],[-25,-29],[-22,2],[-26,-32],[-30,48],[-15,-3],[4,22],[-17,77],[12,11],[-3,70],[-26,93],[-13,92],[-31,81],[-10,46],[-13,111],[-1,69],[-9,47],[2,92],[-5,42],[-12,35],[-15,68],[-7,49],[-24,104],[-12,40],[-3,43],[3,76],[-2,48],[6,14],[8,60],[6,94],[32,87],[5,82],[-2,32],[-16,67],[-5,44],[11,25],[-1,31],[-14,76],[-1,27],[-15,56],[-4,66],[-8,41],[-54,137],[-17,59],[2,37],[-9,5],[-5,34],[12,30],[2,112],[12,52],[5,86],[-10,61],[-18,-22],[-1,66],[-83,-17],[-9,22],[-8,51],[-12,46],[-13,27],[-15,5],[-55,-12],[-20,-12],[-5,-20],[-18,-2],[-31,-42],[-36,-34],[-8,12],[-45,25],[-52,-15],[-44,-49],[-23,17],[-28,39],[-31,74],[-27,39],[-13,31],[-31,30],[10,2],[-10,46],[-6,-4],[-5,82],[-7,32],[-24,31],[-9,54],[-17,17],[-2,21],[-16,-24],[-3,24],[11,-2],[11,36],[-22,-12],[-16,39],[-3,72],[8,17],[-17,77],[18,81],[2,60],[12,95],[-6,74],[-8,30],[9,57],[-20,68],[-1,44],[12,40],[21,109],[24,60],[3,55],[10,58],[22,32],[19,86],[40,29],[26,48],[25,82],[-6,41],[1,51],[14,44],[3,39],[19,51],[30,26],[18,28],[15,61],[10,65],[14,8]],[[6369,2686],[-8,-45],[-24,-197],[-8,-38],[-10,-109],[-12,-76],[-25,-21],[-21,-25],[-9,-2],[-31,44],[-9,41],[1,67],[-11,47],[-4,41],[9,66],[10,30],[16,71],[0,28],[-11,78],[-3,69],[13,55],[1,38],[11,-5],[12,22],[26,16],[21,36],[29,79],[-5,22],[10,29],[15,-3],[4,63],[10,44],[9,-49],[10,-29],[6,-55],[3,-67],[6,-51],[-6,-38],[-10,38],[-7,-7],[5,-71],[-11,-53],[-2,-83]],[[27,9134],[36,-24],[-13,-13],[-40,-10],[9982,5],[-31,-13],[2,31],[29,20],[-9965,4]],[[5965,6135],[-17,114]],[[5948,6249],[14,46],[7,62],[28,122],[0,108],[-4,21],[11,19],[-5,24],[-19,-28],[-22,17],[-24,-45],[-24,-8],[-22,36],[-37,26],[-8,-47],[-20,-9],[-15,17],[-6,28],[-18,9],[1,12],[-29,-6],[9,23],[-11,7],[1,44],[-27,21],[18,11],[-5,21],[8,14],[-11,25],[7,23],[-22,-8],[-9,43],[11,-10],[14,27]],[[5739,6894],[2,6],[2,0]],[[5743,6900],[66,2],[5,23],[-3,35],[55,-10],[28,44],[30,21],[38,-4],[7,10],[16,-33],[12,6],[14,-34],[4,10],[27,-25],[21,-8],[31,15],[18,-15],[36,33],[11,31],[-8,58],[-18,31],[-24,24]],[[6109,7114],[2,10],[16,0]],[[6347,7003],[29,-86],[20,-13],[-25,-27],[-7,-77],[-9,-10],[3,-67],[4,-21],[29,-17],[26,-47],[23,-13],[43,24],[15,-5],[-5,66],[4,82],[-11,31],[0,44],[-24,8],[6,66],[22,-24],[17,6],[10,29],[-17,24],[-6,45],[-19,0],[-17,-41],[-5,41],[9,47],[-21,6],[-17,44],[-13,54],[-17,14],[-6,47],[17,-8],[21,28],[34,6],[13,43],[3,51],[-21,19],[-6,-14],[-29,24],[-15,-12]],[[6880,8914],[14,-22],[22,53],[-16,3],[-13,37],[-26,14],[-9,-6],[15,80],[-24,-2],[14,43],[28,16],[14,23],[14,62],[17,13],[55,2],[35,-14],[1,-32],[-18,-47],[-10,-5],[23,-31],[3,-49],[-9,-12],[3,-95],[30,-31],[-16,-21],[2,-34],[-15,-8],[-10,-33],[-20,-21],[1,-15],[-25,-11],[-23,22],[-24,0],[12,-22],[2,21],[17,-8],[-5,-20],[58,-13],[13,28],[29,14],[11,35],[23,27],[-1,35],[-11,16],[4,21],[54,22],[25,-33],[-5,-55],[26,-16],[26,4],[-42,12],[2,27],[17,9],[-13,44],[-26,18],[-35,10],[-11,-12],[-38,6],[5,17],[-11,23],[6,31],[16,24],[-20,54],[-15,13],[14,26],[38,21],[3,39],[-26,27],[22,5],[23,-40],[0,-20],[-12,-21],[7,-30],[-8,-10],[22,-12],[49,-7],[18,-18],[-4,27],[-55,21],[-9,25],[26,10],[18,-15],[15,4],[-9,29],[-25,-1],[20,25],[22,-11],[5,27],[15,17],[12,-12],[-5,-38],[65,-50],[31,6],[13,-7],[-7,-20],[-21,-9],[3,-36],[13,16],[16,-18],[-7,-26],[16,7],[-17,54],[13,27],[-8,16],[-33,18],[0,14],[-26,5],[-14,13],[4,27],[-17,28],[17,19],[31,6],[42,0],[-8,36],[32,-10],[1,-22],[34,9],[45,2],[-27,40],[-31,9],[-1,15],[17,-8],[36,26],[2,-10],[57,42],[22,9],[100,20],[-15,15],[19,5],[5,33],[14,-1],[1,-26],[39,6],[1,23],[-28,1],[12,26],[34,15],[-23,-19],[-2,-19],[24,2],[-5,-28],[21,-6],[-32,-6],[3,-10],[76,14],[28,-11],[-24,34],[54,1],[12,17],[-10,15],[35,30],[30,19],[42,2],[31,-9],[15,-17],[-4,-19],[33,-12],[-28,-28],[39,2],[2,14],[59,-3],[30,5],[9,-11],[30,0],[2,-28],[22,10],[4,-35],[9,-1],[-7,-41],[-102,-68],[-52,-50],[-25,-1],[-14,-23],[-12,1],[-21,-39],[20,15],[4,15],[39,-2],[87,38],[-37,6],[13,17],[65,-22],[21,14],[10,-28],[54,14],[84,-9],[0,-26],[37,-14],[88,-9],[16,23],[-8,12],[9,24],[12,-7],[17,21],[25,-34],[20,8],[50,-5],[-2,-9],[41,-24],[-9,-39],[11,-16],[-17,-13],[-29,25],[53,-91],[31,-27],[18,8],[27,72],[32,-33],[23,-4],[42,18],[57,-29],[-5,13],[-24,10],[48,7],[12,-17],[24,4],[-13,34],[8,17],[-19,-1],[10,25],[44,6],[-15,22],[27,-9],[107,-16],[39,-16],[-52,7],[4,-11],[51,2],[-26,-32],[-22,0],[4,-13],[23,10],[29,37],[33,-2],[34,-11],[12,-16],[-20,-1],[-9,-15],[26,-2],[-2,-15],[21,4],[28,-16],[16,-30],[40,-1],[63,17],[46,-1],[26,-8],[32,-22],[11,-29],[-11,-26],[39,-33],[22,15],[60,10],[22,-15],[58,-6],[25,21],[13,-39],[28,-11],[9,-22],[35,15],[-9,43],[1,38],[95,-18],[42,-1],[78,-26],[45,-36],[-9968,-17],[3,-15],[29,-14],[33,-32],[34,-16],[2,-24],[21,-58],[11,-5],[0,37],[-15,7],[80,-9],[9,-20],[34,-38],[12,0],[-22,-19],[-1,-18],[-46,-7],[3,-34],[-10,-15],[6,-31],[-38,-6],[-31,35],[-19,-3],[-12,17],[-2,28],[-30,15],[-12,-12],[-31,6],[-12,38],[9978,3],[-9999,-22],[12,-12],[-10,-34],[9991,-7],[-14,-17],[-35,-12],[-25,14],[-26,1],[10,-21],[21,14],[0,-25],[15,-15],[7,11],[11,-29],[-2,-38],[19,-16],[9,-36],[-19,-25],[-45,16],[-56,-33],[-22,-22],[-14,0],[-55,-69],[-33,-24],[-12,-39],[-12,7],[-20,36],[-32,0],[-29,-17],[-26,-35],[8,45],[-35,-28],[-8,-21],[-10,23],[-23,-5],[-14,-37],[3,-32],[14,-15],[22,27],[2,-27],[-12,-3],[-19,-27],[-12,40],[-18,-25],[-12,-41],[14,-24],[6,15],[17,-18],[-14,-24],[-1,-44],[12,-2],[4,-39],[-8,-12],[-14,18],[-12,-10],[-10,-38],[10,-54],[-11,-25],[-28,2],[-18,-25],[-7,-46],[7,-31],[-13,11],[-27,-25],[-10,-67],[-43,-77],[-8,95],[-9,51],[-16,168],[3,46],[11,60],[17,20],[10,27],[-6,26],[19,2],[42,43],[24,53],[56,76],[1,16],[44,42],[15,24],[3,66],[11,13],[19,-3],[-18,18],[-37,-11],[-5,-71],[-18,12],[-12,-23],[-51,-56],[8,32],[-17,-6],[-1,21],[14,22],[1,29],[-23,-19],[-4,15],[-52,-8],[-23,-19],[0,-22],[-47,-61],[-21,-36],[-3,-24],[24,-2],[16,-12],[-41,-19],[-19,13],[-13,-23],[-16,10],[-27,-15],[-18,21],[-7,33],[-24,12],[-22,-17],[10,-24],[-34,14],[-11,-11],[-34,11],[-67,2],[-46,-21],[-19,-37],[-19,-17],[-11,-38],[-50,-63],[-21,-44],[-32,-50],[-43,-55],[15,-22],[31,1],[-5,-56],[12,0],[-2,24],[20,-16],[-12,-28],[16,4],[18,30],[5,21],[29,0],[13,-30],[33,-52],[-9,-13],[9,-74],[-15,-24],[-13,-77],[6,-34],[-13,-116],[-22,-39],[-24,-65],[-12,-54],[-61,-132],[-21,-64],[-34,-44],[-21,-14],[-24,14],[1,32],[-26,-30],[-20,-45],[-7,2],[-22,-55],[2,-51],[-13,-10],[-16,-35],[-31,-33],[-2,-42],[25,-38],[27,-97],[6,-85],[-10,-67],[-17,-30],[-14,22],[-20,-20],[4,-21],[-23,-11],[5,-72],[-19,-2],[13,61],[-15,11],[-6,30],[26,84],[-14,49],[5,34],[12,-8],[-12,42],[-15,28],[-20,-15],[-3,25],[-12,4],[17,45],[4,41],[-24,38],[-33,-2],[-28,-27],[6,-13],[-40,-37],[17,45],[-13,3],[7,33],[20,45],[-12,25],[-19,6],[-20,-51],[-25,-23],[-14,-50],[-14,-19],[-13,21],[-15,-42],[16,-35],[21,2],[3,-64],[13,-10],[37,55],[23,-34],[15,10],[16,-12],[-11,-41],[-7,11],[-36,-38],[-2,-22],[-29,-40],[-12,-39],[12,-35],[17,-17],[18,-94],[-1,-24],[26,-51],[5,-31],[-8,-17],[8,-27],[-28,-27],[-7,-22],[18,7],[8,-22],[15,6],[6,43],[-1,-61],[-10,12],[-2,-68],[-10,16],[2,-68],[-19,-24],[-17,-75],[-23,-16],[1,-76],[-8,-34],[-23,-55],[-19,-26],[-5,-23],[-19,-7],[-11,-51],[-19,-14],[-29,5],[-8,-26],[-17,-18],[-3,39],[-7,-44],[-12,5],[-8,-45],[-10,19],[-12,-16],[-36,-19],[-12,-26],[7,-37],[-17,-17],[-7,49],[2,40],[-35,28],[-13,-32],[-18,-10],[8,-11],[-31,-43],[2,-21],[-15,-16],[-12,-73],[13,-50],[10,-12],[6,-47],[34,-86],[9,-3],[15,-59],[15,-108],[-2,-36],[7,-53],[-8,0],[1,-66],[-5,-26],[-49,-71],[-11,0],[-11,-60],[-27,-29],[-12,-37],[-8,15],[2,73],[-17,53],[-26,2],[-16,102],[-12,12],[-13,34],[-28,2],[4,56],[-25,-5],[-1,-87],[-5,-17],[-19,-130],[2,-66],[17,5],[3,-46],[8,-25],[-2,-56],[23,-49],[15,0],[43,-105],[10,-41],[-3,-76],[2,-56],[9,-25],[13,8],[-7,-27],[9,-64],[-21,-12],[-5,19],[-58,93],[1,30],[-16,44],[-4,71],[-6,14],[0,66],[-7,32],[-14,10],[4,39],[-24,66],[-10,5],[-6,-25],[-1,100],[8,58],[-10,8],[2,53],[8,-7],[6,38],[-11,30],[-20,14],[25,-5],[4,32],[-16,2],[4,58],[9,7],[-9,39],[-13,84],[-3,71],[-22,105],[-8,-59],[-21,-22],[-12,-35],[-34,21],[12,110],[-14,90],[-12,4],[-6,31],[13,7],[-15,50],[-11,-19],[-32,117],[4,24],[-15,70],[-10,-21],[-13,21],[6,-45],[-9,-21],[-12,10],[-23,-26],[-28,-7],[-7,21],[-22,-21],[-10,-26],[4,-37],[-17,-50],[-26,-21],[-16,-33],[-22,-69],[-23,-47],[-26,-40],[0,-31],[-29,-19],[-8,-41],[-20,-7],[-5,-46],[7,-120],[-4,-63],[-9,-31],[0,-126],[-13,3],[-13,-61],[4,-10],[-23,-27],[-5,-41],[-15,-22],[-14,22],[-12,37],[-9,77],[-20,124],[-9,24],[-10,58],[-7,75],[-9,57],[-23,98],[-12,146],[-10,125],[7,47],[-11,87],[1,32],[-11,-14],[5,-23],[-6,-30],[-31,-36],[-26,31],[-31,82],[34,18],[7,28],[-19,-14],[-31,33],[-8,28],[-27,34],[-6,42],[-13,11],[-6,56],[-21,-17],[-32,-6],[-27,6],[-2,-11],[-28,5],[-22,-17],[-80,37],[-18,0],[-23,16],[-9,78],[-5,20],[-13,-22],[-19,11],[-32,-52],[-6,32],[-10,-16],[-15,36],[-22,30],[-5,18],[-29,25],[-15,81],[-15,7],[10,15],[-16,54],[-13,-11],[-18,24],[-1,-22],[-20,-4],[5,-41],[-12,9],[6,-40],[32,-129],[17,-25],[8,-50],[11,2],[-2,-30],[20,28],[8,-21],[0,-66],[-8,-47],[13,0],[2,-20],[21,9],[36,-5],[33,67],[27,62],[9,37],[0,-101],[7,-35],[15,-39],[45,-30],[29,-95],[-14,-54],[-18,-45],[8,-21],[-8,-11],[-16,14],[-11,-59],[4,-52],[-26,-14],[-9,-48],[-10,-14],[-4,-33],[-11,28],[-13,-26],[-4,-38],[-29,0],[-39,-38],[-13,-33],[2,-27],[-23,-28],[-23,-12],[-41,-41],[-11,-31],[-19,0],[-17,-29],[-19,-17],[-29,-5],[-22,-43],[-25,-10],[-20,44],[-4,62],[-11,-5],[10,36],[-10,87],[4,23],[-9,58],[-15,-15],[-3,17],[13,19],[-1,22],[-16,33],[-14,54],[-8,59],[-11,33],[-25,36],[-15,61],[-4,44],[4,44],[-18,89],[-25,34],[-11,42],[-3,39],[-15,16],[5,30],[-31,102],[-9,43],[-16,2],[9,104],[-3,-5]],[[8206,3386],[-9,-12],[-22,53],[21,3],[14,-25],[-4,-19]],[[8858,3464],[-11,-44],[6,-17],[-35,0],[11,58],[22,17],[7,-14]],[[8649,3520],[10,-22],[-20,-76],[-9,47],[14,5],[5,46]],[[8172,3500],[-22,-12],[-23,5],[3,17],[32,3],[10,-13]],[[8399,3618],[-15,-3],[-5,15],[16,14],[0,22],[14,20],[8,-7],[-7,-44],[20,-13],[-31,-4]],[[8529,3733],[-13,-3],[-16,17],[-5,27],[20,12],[15,-22],[-1,-31]],[[7982,3801],[5,22],[17,-15],[-2,-27],[-16,-7],[-4,27]],[[8479,3877],[26,-2],[-13,-18],[-29,13],[-13,-8],[1,25],[28,-10]],[[7969,3799],[-9,-15],[-20,20],[-5,46],[-18,17],[12,30],[13,-5],[8,-62],[13,-7],[-5,-27],[11,3]],[[7762,3862],[27,-83],[-14,25],[-14,49],[-18,34],[-8,34],[9,17],[9,-59],[9,-17]],[[8530,3973],[11,2],[7,-24],[-7,-40],[14,-17],[-17,-12],[-7,24],[8,15],[-9,52]],[[7681,4154],[-26,51],[5,10],[21,-59],[19,5],[4,-49],[13,-36],[-7,-30],[-17,61],[8,8],[-1,37],[-19,2]],[[8730,3556],[8,-14],[-15,-32],[-4,10],[4,73],[8,22],[8,-15],[-2,-46],[-7,2]],[[8234,3369],[-16,0],[1,31],[9,17],[14,-21],[16,2],[1,22],[17,5],[25,-15],[6,-22],[-21,-17],[-40,-17],[-12,15]],[[8546,3789],[10,12],[26,-7],[9,12],[32,-25],[17,-61],[-47,49],[-1,-12],[-22,2],[-14,27],[-7,-19],[-12,2],[9,20]],[[9314,7646],[11,-9],[14,13],[-14,-45],[-29,-44],[-1,-19],[-21,-44],[16,46],[-7,28],[24,20],[-1,17],[14,9],[-6,28]],[[8801,7940],[16,21],[11,-30],[-7,-30],[-7,36],[-13,3]],[[8374,4477],[12,12],[-3,-51],[-23,-17],[-16,41],[24,-27],[10,5],[-4,37]],[[9700,9004],[-15,-13],[-31,19],[14,13],[32,-11],[0,-8]],[[8433,4803],[9,-17],[-3,-41],[-9,-20],[-9,-51],[9,-17],[-17,-5],[-18,59],[14,19],[3,58],[16,-7],[-4,-56],[14,66],[-5,12]],[[6974,9262],[14,-9],[-50,-14],[3,25],[27,9],[6,-11]],[[8337,4986],[25,-17],[10,-57],[-9,-32],[-26,106]],[[8145,9333],[-17,-19],[-36,19],[16,14],[35,-4],[2,-10]],[[8382,4887],[11,15],[-10,-41],[18,-29],[16,-5],[-1,-19],[-15,-37],[-18,-17],[5,88],[-8,7],[2,38]],[[8317,5693],[12,-7],[30,113],[15,17],[11,-19],[-6,-14],[-11,-120],[-12,-44],[-4,-44],[-16,51],[-4,53],[-15,14]],[[7528,9705],[-9,2],[8,34],[19,1],[54,-9],[-31,-18],[-14,9],[-29,3],[2,-22]],[[8899,9302],[-9,22],[18,4],[7,-29],[26,3],[37,-26],[5,-23],[-11,-4],[-66,17],[-23,-7],[-2,12],[22,8],[-4,23]],[[9080,9380],[-28,16],[9,26],[12,-16],[44,4],[6,-15],[14,4],[48,-10],[-7,-17],[-38,-10],[-30,4],[-30,14]],[[7216,4699],[7,9],[17,-31],[17,-64],[14,-82],[-5,-61],[-30,-39],[-11,7],[-10,56],[-4,85],[10,100],[-5,20]],[[8736,6462],[3,-33],[-16,-41],[-8,17],[-18,-11],[-8,-37],[-12,-4],[-4,50],[15,48],[16,-13],[5,30],[27,-6]],[[7579,4984],[-1,-41],[5,-65],[-14,-58],[-1,26],[11,138]],[[8070,5394],[-6,-43],[-24,-45],[-25,26],[-2,55],[30,52],[34,0],[2,-24],[-9,-21]],[[8329,3335],[23,-51],[-10,-17],[-14,24],[-28,29],[6,15],[23,0]],[[8911,3354],[-29,71],[-30,-3],[6,42]],[[8858,3464],[-14,44],[-14,110],[-58,63],[-20,5],[-26,44],[0,-12],[-20,32],[-9,-35],[-8,-5],[-12,74],[-16,12],[7,17],[14,-9],[9,24],[21,-12],[5,17],[-19,15],[-17,-8],[-17,15],[-7,42],[-24,5],[-14,41],[-13,-22],[13,-46],[-6,-15],[-15,12],[9,7],[-8,42],[20,27],[0,20],[-16,2],[11,30],[15,4],[13,-9],[-1,-17],[-16,-10],[4,-25],[12,5],[40,32],[20,-27],[16,0],[8,-44],[-5,-25],[14,-44],[3,-46],[7,-27],[14,-3],[22,59],[0,47],[-32,27],[22,-10],[-1,68],[9,-26],[0,-42],[27,-10],[18,22],[57,-64],[9,5],[22,-19]],[[5934,6512],[-2,-11],[-17,-13]],[[5909,6488],[-14,32],[16,4],[1,18],[15,-5],[32,22],[-18,-26],[-1,-15]],[[5940,6518],[-4,-2],[-2,0],[0,-2],[0,-2]],[[5937,6512],[0,0]],[[5937,6516],[3,2]],[[5940,6518],[0,-9]],[[7898,4022],[-2,5],[-1,14]],[[7895,4041],[3,-19]],[[5936,6514],[0,0]],[[5940,6518],[0,0]],[[5936,6512],[0,0]],[[8295,4063],[-27,0],[-9,-49],[-1,-46],[-12,-49],[-18,-40],[7,-31],[-14,-57],[9,-29],[-8,-44],[-5,29],[-37,-39],[-4,49],[-24,2],[-16,37],[-11,-34],[-10,7],[-13,-17],[-2,52],[-30,-18],[-11,5],[-10,135],[-18,-7],[13,19],[-13,8],[-6,41],[7,20],[-10,24],[-2,35],[6,51],[16,37],[7,-27],[30,-10],[9,88],[47,27],[26,81],[1,22],[15,8],[30,66],[7,-5],[7,41],[11,27],[10,51],[12,-41],[12,-17],[1,-37],[7,12],[26,-49],[7,5],[6,-39],[21,32],[-20,-49],[-8,32],[-29,-17],[17,-30],[-38,-22],[13,-41],[-13,-27],[7,-7],[13,-59],[-6,-27],[31,-66],[-6,-13]],[[7843,4088],[26,-17],[-2,-27],[11,-20],[-11,-69],[13,-24],[15,0],[5,-59],[9,-29],[21,-10],[12,-61],[-3,-39],[-5,-145],[-12,27],[-3,-22],[-14,-12],[-12,22],[-17,49],[-38,68],[-2,25],[-16,29],[-15,47],[-20,95],[-3,32],[-15,56],[-17,23],[-1,24],[-16,93],[-24,35],[-1,31],[-24,64],[-9,5],[-28,73],[-10,59],[6,15],[23,-42],[39,-2],[21,-59],[1,-24],[40,-64],[23,-74],[13,10],[17,-12],[-2,-34],[25,-13],[0,-24]],[[8375,3408],[17,-20],[14,20],[28,12],[7,-17],[6,17],[23,2],[1,-14],[-27,-12],[-10,14],[-7,-17],[-10,10],[-39,-34],[-52,2],[-15,10],[24,32],[21,-5],[15,-17],[4,17]],[[7942,3586],[26,-15],[2,12],[28,-29],[8,5],[6,-37],[52,-14],[13,39],[32,-34],[15,0],[4,-47],[15,-17],[20,12],[13,-17],[-3,-41],[6,-24],[-34,21],[-4,13],[-15,-13],[-25,15],[-3,-7],[-33,17],[-31,29],[-29,-7],[-26,22],[-24,7],[1,29],[-30,12],[10,27],[6,42]],[[8375,3997],[16,-46],[34,0],[-7,-27],[7,-40],[-16,8],[-2,49],[-13,-42],[-19,-29],[-10,9],[28,-83],[-3,-44],[19,-46],[5,44],[5,-37],[-13,-27],[-18,-5],[-4,-22],[-14,12],[5,42],[-21,39],[5,56],[-9,10],[-15,-24],[5,-17],[2,-103],[-4,-64],[-21,-10],[-6,22],[8,74],[-10,63],[-10,-9],[-4,51],[15,64],[0,54],[12,41],[1,64],[7,34],[14,3],[10,42],[16,-18],[65,-19],[22,27],[-2,10],[22,51],[-12,-78],[-16,-42],[-30,-5],[-5,15],[-35,-8],[-39,5],[-11,-51],[2,-32],[17,-52],[11,-2],[16,44],[0,49]],[[8536,4002],[-4,29],[8,101],[15,47],[15,2],[-11,-29],[-4,22],[-8,-37],[5,-20],[-11,-39],[4,-15],[18,54],[8,0],[0,-34],[-12,-12],[16,-47],[-25,17],[-2,-37],[13,-73],[-25,71]],[[8450,4842],[8,-27],[5,17],[2,17],[-18,55],[26,3],[8,-24],[2,-71],[-15,3],[7,-85],[-18,3],[-9,-39],[-12,2],[9,37],[15,16],[-2,44],[-6,-19],[-2,68]],[[8442,4467],[-1,49],[6,19],[-15,30],[-25,-37],[0,32],[-8,-3],[-11,-58],[-5,7],[9,73],[18,10],[4,27],[19,7],[4,-34],[9,5],[5,29],[9,-7],[1,41],[10,-19],[11,14],[-4,47],[9,77],[1,-63],[11,-2],[-6,-25],[16,-90],[3,-68],[-9,-36],[-2,-35],[-11,76],[-8,-24],[4,-76],[-9,-42],[-4,30],[-26,29],[-5,17]],[[8315,4825],[8,4],[4,56],[12,-19],[-22,-54],[5,-53],[-27,-56],[-11,-38],[-29,-54],[9,44],[10,12],[22,68],[13,24],[-1,32],[7,34]],[[8441,4984],[2,29],[9,-12],[-16,-53],[-2,-70],[10,-7],[-2,-25],[-18,34],[-7,-19],[4,77],[-4,31],[-18,36],[2,-55],[-8,29],[-9,-26],[4,38],[-12,14],[-17,-28],[-14,45],[11,22],[-12,24],[1,-24],[-14,21],[-8,82],[1,31],[13,-24],[1,110],[8,71],[18,23],[2,36],[15,12],[-1,-50],[-21,-14],[25,-26],[7,16],[-2,-64],[10,-38],[-8,-54],[-18,-29],[-6,-46],[9,-40],[4,24],[15,-24],[2,-27],[17,-26],[18,-5],[9,-19]],[[8976,7782],[-4,-60],[10,-46],[7,-67],[14,-75],[-28,10],[-20,-99],[0,-17],[13,-37],[10,-52],[-26,8],[-10,-53],[-8,51],[7,31],[-2,40],[4,52],[-7,32],[7,64],[-2,62],[6,39],[-16,48],[-1,45],[8,45],[-5,25],[15,0],[13,25],[-12,41],[10,11],[8,-21],[-3,-23],[11,-47],[1,-32]],[[9033,9417],[-29,-34],[-40,7],[-11,16],[14,24],[-18,1],[-7,-14],[15,-30],[30,-11],[-38,-9],[-14,13],[-49,-13],[-16,9],[-13,-21],[-32,14],[-28,37],[14,-1],[-6,22],[16,9],[-9,12],[41,19],[25,-23],[33,-20],[1,31],[10,10],[33,-23],[38,-2],[40,-23]],[[7838,9697],[18,-10],[-2,-17],[25,8],[20,-21],[19,-4],[5,-21],[-16,-13],[-30,-5],[-69,-6],[-33,-16],[-21,6],[50,79],[34,20]],[[7559,9694],[53,28],[23,24],[73,5],[21,-21],[5,12],[18,0],[24,-26],[-14,-29],[-14,0],[25,-22],[-15,-11],[-46,-1],[-27,13],[-49,3],[-18,14],[-14,27],[-30,-16],[-4,-21],[-11,21]],[[7690,9803],[27,-14],[-21,-4],[0,-30],[-74,-7],[-8,-7],[-15,-3],[-60,21],[11,13],[23,3],[14,21],[-21,-2],[15,15],[51,12],[25,10],[33,-28]],[[8492,3398],[18,0],[19,27],[13,-3],[-18,-39],[-39,-36],[-15,-20],[-18,-48],[-27,-15],[-1,-24],[-16,-17],[15,37],[8,58],[34,46],[20,58],[7,-24]],[[8942,6838],[-7,-38],[-10,-25],[1,-27],[-12,6],[-5,-33],[4,-38],[-14,-79],[9,-39],[-11,-13],[-3,-25],[-12,-20],[-5,52],[-11,-60],[-14,-16],[-1,39],[-17,-30],[-36,-13],[0,-17],[-19,-15],[-7,-35],[-14,-2],[-11,23],[5,55],[-24,6],[-33,-32],[-18,-7],[-8,-30],[-14,19],[-13,-8],[-12,13],[3,21],[12,3],[47,84],[9,-11],[31,15],[36,-11],[4,32],[22,65],[-1,36],[15,12],[-8,-48],[35,23],[15,32],[-8,19],[0,29],[10,-34],[16,24],[17,96],[-8,25],[8,35],[-5,16],[12,21],[1,29],[10,-27],[12,-2],[1,29],[-9,-10],[2,30],[10,-14],[5,-49],[8,-21],[10,-60]],[[8616,6271],[-15,16],[10,68],[-20,39],[6,29],[-14,26],[17,-20],[7,-28],[13,30],[14,7],[2,-22],[19,-4],[-7,-22],[11,-2],[3,-24],[-9,-27],[-10,-84],[-11,-20],[1,-51],[-14,-11],[9,80],[-16,-6],[4,26]],[[9123,7265],[5,-12],[-31,-24],[-20,-41],[-2,-40],[-38,-50],[-22,-18],[-15,4],[-15,-22],[-11,-53],[-42,50],[-21,-20],[-7,16],[-12,-22],[25,-34],[-13,4],[-14,-31],[-24,6],[2,41],[10,12],[2,31],[18,26],[-1,24],[19,-16],[8,16],[-3,26],[8,16],[3,71],[-13,12],[20,30],[28,-67],[11,-20],[40,-26],[14,28],[-7,-42],[9,6],[-1,-38],[7,0],[27,36],[8,50],[28,51],[20,20]],[[7895,4041],[-4,22],[-11,15],[21,15],[8,-17],[-16,-8],[2,-27]],[[7898,4022],[15,-37],[-14,0],[2,22],[-3,15]],[[4258,9132],[27,-6],[5,-19],[-32,-18],[28,10],[11,-31],[-23,-8],[-53,-8],[25,29],[-15,-6],[-6,9],[-9,-36],[42,8],[-33,-29],[18,-6],[11,19],[15,-4],[28,14],[49,-21],[33,1],[-24,-34],[-25,-8],[-14,-18],[-46,-42],[-25,-11],[-23,1],[-38,-26],[-45,-12],[-19,5],[-20,36],[12,-39],[-34,-37],[-6,-27],[-34,-57],[-24,-13],[-46,-47],[-22,12],[4,25],[16,22],[-21,-8],[1,-22],[-16,-19],[-44,-15],[18,-10],[-22,-22],[-11,8],[-2,-64],[6,-37],[-20,-23],[4,-12],[-36,-47],[6,-57],[-11,-3],[0,-40],[-17,2],[15,-24],[-5,-19],[-16,-8],[7,-34],[-22,-17],[-8,21],[-21,-3],[-11,12],[3,19],[-26,19],[-41,-1],[-15,9],[1,24],[-19,5],[-13,37],[1,27],[-28,25],[5,33],[-24,15],[-15,37],[3,29],[-18,3],[-3,49],[5,13],[-24,48],[-21,34],[0,26],[12,17],[25,13],[-37,0],[-9,12],[50,20],[-48,-9],[6,42],[15,6],[0,21],[34,-12],[13,13],[-27,-3],[-5,13],[-21,-6],[9,27],[24,4],[6,-12],[22,2],[2,41],[25,-7],[-8,19],[-12,-9],[2,33],[-14,8],[11,16],[-39,6],[-25,21],[-16,3],[-21,23],[16,9],[11,35],[4,-41],[28,-3],[25,-20],[-7,45],[-32,7],[-6,13],[13,13],[26,6],[-25,6],[-12,-10],[-28,13],[4,-21],[-37,-4],[-17,22],[14,9],[-7,60],[-16,5],[39,18],[-24,2],[13,18],[-22,28],[-3,46],[-16,5],[-11,42],[-30,9],[-13,23],[11,4],[-5,21],[-67,31],[-73,16],[-15,-18],[-60,11],[-6,-15],[-26,6],[24,-15],[-55,9],[-33,22],[-13,30],[-34,14],[12,14],[0,20],[38,15],[-32,2],[17,11],[-34,-7],[-44,28],[8,27],[90,20],[9,12],[28,7],[57,3],[30,28],[-4,37],[-39,7],[-17,-5],[-11,20],[19,10],[13,25],[6,-11],[27,8],[8,15],[51,17],[40,-11],[17,8],[-11,13],[15,10],[-18,18],[37,14],[45,-5],[-28,9],[24,8],[116,19],[24,-19],[-6,-41],[23,23],[-11,29],[97,-28],[11,5],[-31,15],[-15,26],[59,-4],[7,-7],[76,-23],[23,-18],[26,4],[-20,14],[6,4],[-60,19],[-22,20],[4,10],[62,-15],[25,-13],[-19,-12],[10,-9],[28,22],[-56,26],[102,-1],[10,-19],[4,18],[37,-12],[8,8],[-28,6],[-130,8],[-34,7],[23,9],[25,-8],[14,13],[69,5],[40,-15],[-20,10],[40,-1],[-14,15],[52,-18],[-2,22],[54,8],[41,0],[76,7],[52,-2],[139,-22],[-12,-7],[-130,-4],[-117,-17],[87,6],[48,10],[76,-5],[59,7],[21,-19],[51,-7],[36,-13],[-30,-20],[-40,-4],[-166,-10],[-81,-21],[18,-12],[12,11],[109,16],[87,-5],[-3,-15],[-44,-11],[-2,-15],[73,24],[16,20],[50,4],[10,-22],[-6,-19],[-52,-43],[32,8],[92,57],[-1,-23],[24,-7],[1,25],[16,-20],[40,26],[51,-1],[52,-13],[18,-13],[-54,-31],[-34,-3],[8,-14],[-31,-10],[-46,1],[-43,-7],[15,-5],[32,6],[32,-12],[-19,-14],[-62,-1],[-27,-13],[5,17],[-25,-26],[12,-15],[20,2],[-9,-24],[17,-9],[-7,-33],[-49,0],[2,-13],[-30,-67],[17,-1],[-1,17],[17,4],[39,-4],[1,31],[26,21],[-14,-22],[0,-20],[-13,-37],[-18,12],[-22,-3],[9,-20],[39,-13],[14,7],[18,41],[8,-6],[-19,-41],[2,-21],[-14,-29],[5,-40],[-15,38],[1,25],[-40,8],[-34,-20],[-15,13],[-13,-10],[30,-13],[-1,-20],[49,1],[-9,-20],[25,-18],[-1,-36],[-35,5],[-28,21],[10,-16],[43,-35],[-12,-15],[36,0],[2,45],[20,9],[-2,-14],[23,-14],[-31,-4],[-4,-18],[-21,-33],[-23,1],[-5,12],[-38,-1],[-14,-23],[44,-17],[3,-31],[-20,1],[-29,-15],[-46,25],[-37,-8],[-23,-18],[30,-10],[14,-48],[57,-37],[-15,-15],[32,3],[-15,-12],[2,-22],[15,0],[9,-52],[-52,-7],[-16,12],[-9,34],[-45,35],[-23,-2]],[[4258,9132],[-2,1],[-30,30],[-16,-3],[31,-15],[-9,-8],[24,-4],[0,-1],[2,0]],[[4355,9242],[37,-12],[-1,-17],[-20,2],[-14,13],[-38,1],[-1,6],[37,7]],[[4418,9339],[22,-18],[-30,-7],[-16,19],[24,6]],[[4519,9737],[-15,-17],[-18,-4],[-24,13],[45,16],[12,-8]],[[3476,9048],[45,-12],[15,-20],[21,-9],[-5,-23],[-39,-18],[-17,16],[21,-1],[-43,19],[6,23],[-4,25]],[[4336,9198],[-16,26],[37,1],[33,-32],[-8,-20],[-46,25]],[[4354,9252],[-47,7],[55,-15],[-42,-5],[-34,10],[13,17],[22,1],[33,-15]],[[3197,5323],[-9,-7],[11,-43],[-19,38],[-7,-14],[-36,-5],[-4,29],[7,11],[57,-9]],[[111,7731],[6,-11],[-27,-18],[-6,11],[-26,-6],[-15,6],[0,5],[19,7],[34,-9],[15,15]],[[1347,7968],[-1,38],[13,7],[6,-17],[-6,-56],[-11,7],[-1,21]],[[1289,8062],[-15,-57],[0,80],[8,9],[24,-5],[16,-29],[-31,-9],[-2,11]],[[391,8333],[11,-8],[4,-26],[-29,-5],[-24,25],[38,14]],[[390,7882],[-4,-30],[-33,-25],[-11,3],[-33,-38],[19,44],[33,1],[5,34],[24,11]],[[764,8200],[22,-27],[-22,-6],[9,-12],[2,-39],[-25,-3],[-22,-41],[4,29],[-12,-19],[-14,37],[43,49],[15,32]],[[1223,8180],[33,-17],[3,-38],[-27,18],[6,-22],[18,-8],[9,-43],[-2,-39],[-19,46],[5,15],[-11,14],[-7,-17],[-4,44],[-17,29],[13,18]],[[1292,8012],[-9,-4],[9,35],[12,-2],[30,-75],[4,-35],[-12,16],[-12,-23],[-12,37],[-8,-30],[8,56],[-10,25]],[[3220,7585],[21,-9],[41,-34],[5,-19],[-15,-2],[-37,23],[-23,30],[8,11]],[[2740,7819],[8,-1],[12,-36],[-38,23],[18,14]],[[1371,7901],[40,-73],[-16,9],[-1,-23],[-16,29],[3,9],[-10,49]],[[2796,8475],[2,-28],[-12,-29],[-11,13],[-1,27],[10,19],[12,-2]],[[2721,8517],[5,-17],[-33,-39],[-15,-3],[-7,25],[17,31],[33,3]],[[2849,8539],[-12,-14],[-17,23],[24,3],[8,19],[19,-10],[-22,-21]],[[2902,8900],[12,-5],[2,-49],[-22,-21],[-30,-2],[-10,33],[17,40],[31,4]],[[2812,8985],[18,-14],[-18,-27],[1,-45],[-17,46],[18,28],[-2,12]],[[2098,9259],[-20,-33],[-34,40],[-14,5],[12,16],[39,4],[18,-14],[-1,-18]],[[2103,9475],[-7,20],[17,5],[36,-26],[11,-21],[-38,-10],[-4,-37],[7,-13],[-18,-12],[-18,7],[21,23],[4,37],[-11,27]],[[1734,9461],[-7,-29],[-19,-16],[-22,7],[22,23],[26,15]],[[2494,9569],[16,-13],[-11,-18],[-30,15],[1,15],[24,1]],[[2085,9553],[17,-8],[-9,-14],[-22,14],[-15,32],[16,-3],[13,-21]],[[2352,9579],[62,-3],[-9,-20],[-69,1],[-6,16],[22,6]],[[2240,9747],[21,-11],[-3,-21],[-39,25],[21,7]],[[2785,8130],[0,-45],[21,-35],[8,17],[2,-36],[-13,3],[-8,-26],[-17,31],[12,5],[-6,33],[1,53]],[[1416,7810],[15,4],[2,-52],[-13,2],[-4,46]],[[3343,7304],[-19,-29],[-27,-4],[-5,33],[26,72],[7,-31],[-16,-55],[18,35],[16,-21]],[[3280,7333],[-25,-23],[-21,8],[-22,33],[9,6],[11,-24],[48,0]],[[2775,9253],[-17,4],[-1,31],[38,-6],[36,2],[26,-11],[27,-30],[-3,-19],[-51,5],[-28,-10],[-21,6],[-6,28]],[[2368,9437],[9,15],[4,-29],[24,-24],[-3,-44],[-31,-1],[-16,12],[-1,-22],[-15,6],[-1,17],[-20,13],[12,32],[-24,4],[22,11],[14,-11],[24,11],[2,10]],[[1908,9615],[-21,7],[-28,-7],[-1,9],[77,25],[26,-12],[3,-20],[-49,6],[-7,-8]],[[2312,9605],[-27,7],[-16,19],[7,23],[55,-15],[37,-19],[-15,-7],[9,-21],[-47,-6],[-29,12],[26,7]],[[3275,5202],[8,21],[2,50],[3,-45],[13,-57],[-2,-70],[13,-59],[-4,-27],[-23,163],[-10,24]],[[2851,5328],[14,-3],[20,-35],[-18,5],[-10,-19],[-14,9],[-18,28],[13,19],[13,-4]],[[2838,5852],[-3,-55],[8,-23],[4,-69],[-16,55],[-8,10],[13,36],[2,46]],[[2839,5909],[-24,0],[6,12],[27,9],[14,-23],[-15,-20],[-8,22]],[[252,8562],[22,8],[6,-16],[38,-12],[-29,-25],[-30,36],[-16,-11],[-12,15],[3,19],[18,-14]],[[2852,4626],[6,-52],[-20,-51]],[[2838,4523],[-15,59],[9,31],[-29,-17],[15,30],[-13,24],[-17,-10],[-2,-19],[-20,-27],[14,-51],[-24,-20],[-3,25],[-23,-25],[7,34],[-4,27],[-15,20],[-21,-10],[-25,36],[7,22],[-30,44],[-1,24],[-10,-29],[-15,25],[-7,31],[5,53],[-22,49],[-8,31],[-24,48],[10,8],[-12,26],[-5,-14],[-24,7],[-28,19],[-26,29],[-17,2],[-25,44],[-17,45],[-29,65],[-22,7],[-5,17],[-16,-34],[-31,-21],[-34,21],[-30,41],[-25,14],[-35,38],[-21,45],[-47,31],[-14,40],[-29,36],[-19,73],[14,16],[-7,17],[8,44],[-13,35],[-4,49],[-34,95],[-27,49],[-8,32],[-32,48],[5,39],[-7,32],[-30,39],[0,36],[-18,18],[-27,68],[-25,129],[2,25],[-25,31],[-21,9],[-5,-40],[6,-69],[29,-67],[12,2],[2,-56],[6,11],[3,-56],[21,-64],[13,-20],[18,-113],[10,-18],[-5,-23],[23,-25],[12,-47],[-2,-32],[-10,-16],[-11,46],[-34,60],[-6,-5],[-11,42],[2,53],[-4,27],[-30,53],[-33,36],[-1,12],[-14,31]],[[1808,6000],[14,-4],[9,11],[4,36],[-26,68],[-20,27],[-10,75],[-17,54],[2,22],[-17,37],[-3,51],[-21,46],[-8,-24],[0,-42],[-6,15],[6,57],[-23,24],[-26,-20],[7,37],[-21,13],[0,39],[-18,39],[-19,64],[5,17],[-17,28],[-3,42],[14,-23],[-14,46],[-1,-21],[-33,80],[-3,65],[-15,43],[9,72],[-13,102],[10,74],[8,119],[-7,95],[-8,62],[-9,31],[5,15],[14,-15],[37,-8],[8,36],[-20,45],[-42,40],[2,34],[-12,18],[-44,4],[-4,17],[-29,33],[-2,60],[23,17],[-7,11],[-16,-17],[-5,-53],[-8,48],[4,22],[-10,48],[-21,18],[-31,66],[0,30],[-14,5],[-3,28],[4,39],[-8,17],[-15,-5],[-6,-28],[0,47],[-9,-17],[-12,13],[12,38],[-26,40],[-23,64],[-4,1],[8,-21],[-1,-36],[-7,-8],[-11,-12],[3,27],[-9,50],[16,2],[-10,8],[-21,74],[8,-65],[-17,-2],[-12,38],[-13,-1],[15,-34],[-18,-11],[-27,30],[-17,31],[-44,33],[6,25],[-19,-13],[-69,29],[-42,-8],[-13,23],[-32,9],[-18,-14],[9,29],[-15,13],[6,22],[-25,-37],[5,18],[-23,-5],[12,-58],[-53,-8],[-30,-41],[-20,-13],[-16,13],[15,11],[-12,23],[16,54],[-3,13],[37,32],[-13,14],[-37,-43],[-4,-29],[-16,-10],[-3,-23],[-16,-19],[-3,-22],[-21,4],[-1,-25],[25,-13],[-22,-25],[-14,-34],[-12,-1],[-20,-32],[-8,1],[-14,-42],[-18,-15],[11,-42],[-27,35],[-21,-24],[-4,-28],[-32,-9],[-28,-52],[4,25],[-17,-7],[-9,17],[-3,-38],[-41,-18],[16,-26],[-21,23],[-29,-25],[-15,11],[11,22],[28,13],[7,-13],[3,37],[15,-3],[23,36],[35,9],[5,20],[40,42],[18,32],[17,19],[5,63],[12,32],[-30,-20],[-21,12],[-4,-25],[-15,35],[-19,-20],[-2,31],[-20,-38],[-17,15],[-10,37],[10,16],[-17,44],[-36,-23],[-51,56],[22,19],[-14,6],[-29,48],[3,18],[26,48],[15,44],[13,11],[21,-17],[22,17],[-2,24],[41,-7],[11,17],[-6,36],[-12,12],[17,15],[-10,23],[-54,-38],[-11,11],[-42,-9],[-32,10],[-22,41],[23,9],[-35,9],[-18,-31],[-1,44],[49,43],[45,26],[27,3],[2,-36],[41,-2],[33,13],[-24,16],[-22,31],[10,4],[20,-36],[22,-6],[16,12],[-19,10],[-17,-10],[-10,11],[1,26],[-17,-4],[-34,7],[-13,38],[-67,52],[9,38],[52,4],[34,32],[4,34],[30,33],[29,2],[33,33],[46,2],[34,33],[33,-7],[-13,-16],[13,-10],[11,20],[30,-22],[23,9],[30,-8],[-11,-19],[17,-8],[77,8],[23,-17],[35,-11],[34,1],[36,-13],[36,9],[20,-8],[33,-26],[41,-1],[21,-9],[29,-26],[40,-19],[17,0],[7,30],[28,14],[13,16],[15,-16],[-13,-18],[29,11],[10,19],[46,11],[15,23],[29,-10],[-39,-25],[-27,-8],[-39,-50],[18,-4],[-3,19],[27,17],[7,14],[18,-15],[17,31],[34,11],[4,-12],[25,35],[-4,34],[31,-28],[11,-36],[22,-24],[12,6],[17,30],[-5,17],[19,0],[-2,-32],[11,0],[-10,-26],[34,10],[7,25],[43,-6],[31,-26],[45,-12],[17,-14],[57,-17],[1,14],[55,-28],[-1,-25],[-26,1],[-16,-24],[31,-14],[30,-1],[12,32],[-4,-35],[62,10],[32,30],[25,-46],[21,-23],[-5,19],[8,40],[31,0],[9,18],[19,6],[3,15],[-24,-8],[-31,-26],[-32,7],[14,26],[55,19],[23,-12],[-2,-23],[29,7],[0,-34],[27,3],[34,-25],[21,-3],[23,11],[65,-1],[-20,17],[14,3],[29,-36],[12,13],[-16,17],[-10,-7],[-18,32],[39,7],[6,-14],[33,2],[-16,-58],[20,-8],[12,-34],[4,27],[-15,32],[7,25],[16,-3],[31,41],[-24,11],[13,23],[-5,27],[-52,29],[-10,33],[11,23],[-13,13],[5,34],[27,14],[-13,5],[20,27],[17,4],[-14,-2],[-2,40],[-14,23],[0,57],[13,9],[0,17],[43,13],[39,-14],[20,4],[38,-10],[-47,-76],[-14,-9],[-49,4],[19,-22],[-19,-31],[-11,-3],[43,-46],[1,-38],[15,-11],[12,-29],[3,-30],[12,0],[9,-24],[26,-8],[-16,-21],[9,-16],[-5,-31],[10,-15],[15,29],[2,29],[19,13],[26,-31],[7,-33],[-17,-5],[3,-35],[25,-39],[24,10],[1,16],[-14,34],[8,17],[9,-27],[12,9],[7,48],[32,21],[-23,13],[-5,32],[6,14],[41,0],[34,-14],[13,-25],[18,7],[7,-22],[-15,-12],[16,-10],[-32,-44],[32,-51],[-9,-33],[-11,-1],[-33,-48],[-13,3],[-3,-31],[9,-22],[-22,10],[-6,31],[-25,7],[-3,21],[-39,-10],[26,-19],[-17,-31],[-25,-30],[-15,0],[-29,27],[-2,-27],[55,-6],[3,-8],[-29,-67],[-29,-17],[-21,21],[-13,-46],[-20,-3],[9,-35],[-11,-28],[-46,-16],[-5,-37],[-30,-35],[4,-10],[-15,-34],[-13,-64],[1,-68],[16,-15],[29,-3],[21,-101],[-8,-29],[47,23],[33,-21],[26,-8],[25,-29],[11,-30],[53,-31],[29,-26],[20,7],[46,-16],[-4,-63],[8,-30],[-6,-61],[21,-36],[6,-26],[22,-27],[3,-26],[20,-17],[10,39],[-12,103],[-7,17],[8,14],[-4,27],[15,21],[-11,32],[3,14],[19,0],[33,31],[31,58],[5,50],[-16,84],[-46,59],[25,36],[1,28],[15,23],[-14,31],[4,24],[-17,5],[18,46],[-15,30],[0,49],[32,-3],[61,-27],[9,7],[2,28],[10,1],[26,-34],[12,-5],[28,-33],[7,-37],[35,-6],[5,-16],[11,17],[4,-19],[-12,-21],[6,-21],[-3,-47],[18,-40],[45,-51],[37,35],[20,36],[-5,31],[14,18],[13,52],[7,-45],[42,-101],[5,-35],[28,-26],[-10,-39],[18,-11],[-4,-23],[8,-24],[-21,-18],[24,-1],[1,-25],[21,-5],[3,-24],[-13,-30],[25,23],[-1,-16],[22,4],[2,-23],[46,-19],[-5,-27],[9,-34],[38,-18],[2,-99],[-35,-47],[-21,3],[-35,-35],[-11,-33],[-22,-22],[-18,1],[-25,-11],[-4,10],[-36,5],[-19,-7],[-39,9],[-32,-4],[-20,-31],[-7,-36],[-19,-4],[-28,-38],[5,-24],[63,51],[29,9],[28,-11],[11,-25],[-6,-24],[-29,-29],[-13,15],[-17,-7],[25,-33],[31,15],[-25,-55],[13,-16],[12,-46],[11,-14],[45,-31],[15,19],[26,-39],[-71,-61],[-21,6],[-15,-52],[-24,-24],[-12,18],[-4,38],[8,22],[45,53],[0,-16],[22,20],[-37,4],[13,21],[-40,-37],[-27,-12],[-13,-31],[-15,-6],[-21,-36],[-9,22],[-8,-30],[-19,-6],[-18,-40],[-3,-44],[-9,-25],[23,-47],[-34,-14],[-5,-22],[-11,14],[-25,-8],[-21,-17],[11,-6],[25,17],[6,-11],[-28,-26],[-32,-11],[9,-12],[-4,-41],[-21,-57],[-18,38],[12,-48],[-2,-53],[-20,-50],[7,42],[-18,-4],[-1,-64],[9,-6],[12,-75],[-14,-36],[3,-18],[-17,-32],[-16,0],[-14,-22],[-9,-37],[-22,-6],[-17,-55],[-42,-68],[-18,-86],[9,-81],[17,-80],[-1,-25],[16,-91],[-4,-110],[-4,-16],[-21,-7],[-6,46],[-11,7],[-27,114],[9,23],[-13,2],[6,77],[-29,74],[-10,13],[-26,-36],[-34,65],[-41,-18],[-10,34],[-2,-36],[-14,11],[-20,-6],[1,-38],[-11,-5],[15,-47],[-19,20],[-11,-18],[-19,-2],[-22,52],[-16,-16],[-25,16],[-24,-7],[-43,-65],[-28,-14],[7,-11],[-19,-38],[-11,-44],[7,-111],[-13,-85],[-7,-139],[7,-68],[14,-70],[19,-57],[5,-40],[13,-40],[17,-2],[21,-41],[49,34],[23,4],[25,33],[13,57],[4,78],[15,18],[46,24],[39,-28],[0,-47],[-8,-21],[-6,16],[-15,-64],[9,-9],[-8,-57],[10,-21],[-20,-19],[5,-50],[-9,5],[0,-38],[-8,-50],[-12,-19],[22,-22],[18,7],[33,46],[12,0],[-1,-31],[26,0],[20,-15],[5,-31],[20,-9],[7,-17],[-2,-43],[-11,-80],[2,-62],[-10,-75],[11,-63],[20,-58],[19,-27],[-1,-27],[16,12],[0,-19],[20,5],[36,53],[41,-29],[18,-41]],[[1804,6009],[4,-9]],[[1808,6000],[-4,3],[0,6]],[[1328,7816],[-11,5],[-12,47],[2,23],[26,-16],[13,10],[-7,-58],[-7,-9],[11,3],[14,-81],[-29,60],[-7,12],[7,4]],[[2737,5577],[-2,9]],[[2735,5586],[2,-2],[0,-7]],[[2918,5663],[-2,2],[0,7]],[[2916,5672],[2,-9]],[[2918,5663],[20,-28],[23,-11],[-25,-3],[-13,21],[-5,21]],[[3308,4781],[-2,-10],[1,-38],[-26,-8],[13,20],[-6,29],[20,7]],[[2738,5556],[0,2]],[[2738,5556],[0,0]],[[2738,5556],[-43,-12],[0,26],[11,9],[19,-23],[13,0]],[[2738,5558],[-1,19]],[[2737,5577],[3,-19],[-2,0]],[[1498,7536],[-66,108],[19,8],[19,-21],[40,-14],[11,3],[5,-37],[18,-39],[23,-17],[14,-23],[-10,-38],[-31,19],[-42,51]],[[3095,9031],[-24,-23],[36,22],[4,15],[23,-27],[-8,-25],[23,-30],[-28,-1],[-37,13],[36,-23],[-5,-24],[-13,-7],[42,-12],[25,-29],[35,-4],[-11,-10],[20,-4],[22,-31],[17,-9],[18,-36],[2,23],[26,-26],[-4,-22],[-30,-10],[16,-15],[-13,-3],[9,-22],[-30,-3],[-13,-12],[10,-18],[-6,-22],[-8,18],[-21,-4],[-33,47],[-6,25],[-24,31],[-15,1],[7,-17],[-21,10],[23,-34],[-25,-6],[-16,22],[18,-39],[13,4],[20,-47],[41,-31],[9,-27],[-8,-17],[15,-3],[16,-32],[-13,-20],[-16,22],[13,-47],[-18,7],[1,-16],[-42,23],[-30,40],[3,-19],[-27,29],[-4,-13],[37,-40],[44,-61],[14,-39],[22,-3],[-6,-19],[-31,39],[-8,-3],[-30,21],[-34,8],[-29,29],[-24,8],[-8,-15],[-10,31],[-16,14],[12,27],[-21,8],[-6,20],[-15,-20],[-3,35],[-32,39],[-17,-24],[-31,17],[-12,-23],[-26,0],[-23,-24],[3,30],[-9,20],[1,21],[23,18],[-4,19],[47,-18],[10,-36],[1,22],[-16,22],[21,-5],[32,20],[16,-5],[-5,18],[-23,31],[59,70],[-8,48],[-10,32],[-27,12],[-9,-24],[25,-7],[0,-14],[-28,0],[-10,20],[16,14],[-1,18],[-16,4],[0,-16],[-17,14],[20,25],[-22,10],[-32,-24],[0,24],[28,5],[-2,14],[-26,19],[-8,-30],[-13,10],[14,38],[-22,1],[0,26],[-20,3],[-19,23],[-13,-11],[16,-4],[8,-23],[-28,-12],[10,-10],[-17,-7],[-4,-18],[-12,22],[-30,22],[-34,-13],[-6,16],[-17,-4],[-60,11],[-21,9],[3,-16],[-17,-1],[2,20],[-47,13],[-24,46],[34,-9],[30,2],[-22,15],[-49,9],[1,30],[-9,12],[15,17],[-11,7],[11,38],[8,-2],[7,35],[35,34],[30,9],[44,-3],[4,-10],[-29,-26],[-19,-34],[12,-31],[-6,-14],[10,-29],[35,-37],[-31,-8],[31,-1],[9,22],[-21,15],[-19,26],[26,16],[-19,27],[5,25],[24,29],[51,25],[36,-1],[11,-34],[14,-6],[11,-31],[-7,-40],[18,24],[25,-17],[-8,-21],[14,-4],[-4,22],[12,26],[24,12],[66,-18],[3,-28],[24,-3],[-11,-31],[28,8],[-11,-19],[26,-16],[2,10],[-10,10],[24,7],[26,-9],[12,-18],[-6,-27],[15,16],[8,-13],[-13,-21],[30,17],[42,-22],[-3,-14],[-33,-17],[29,0]],[[3513,7411],[8,34],[10,6],[-9,-33],[12,12],[5,-19],[-9,-53],[-17,-13],[0,39],[-17,-20],[8,37],[-4,29],[-4,-31],[-18,4],[-12,-37],[-20,0],[1,39],[-6,13],[-19,-7],[-33,11],[-30,-10],[-8,23],[28,44],[-8,8],[8,38],[9,-10],[-3,32],[26,101],[15,33],[24,22],[13,24],[-10,-62],[-28,-76],[-3,-34],[20,43],[12,4],[1,-41],[24,-25],[7,26],[30,-30],[-12,-17],[0,-30],[15,-13],[-14,-48],[8,-13]],[[2198,8984],[-15,30],[-4,-18],[-26,7],[-7,-26],[18,-2],[15,-19],[-6,-38],[-18,21],[-26,-5],[-41,19],[-41,10],[-5,22],[-21,-33],[-33,-6],[-11,-15],[-36,-8],[-36,-23],[0,17],[-34,-6],[-25,24],[-1,28],[-20,7],[-44,1],[-17,11],[-23,39],[13,9],[77,14],[34,-2],[2,18],[-17,11],[-65,-9],[-25,-6],[-23,9],[-22,30],[63,25],[7,12],[-47,-12],[-22,6],[7,15],[-27,-3],[0,22],[26,21],[-13,14],[34,35],[77,34],[17,-19],[-2,-23],[-16,-14],[25,0],[20,30],[50,-22],[-18,-24],[5,-7],[26,21],[26,-5],[-25,35],[17,0],[40,-30],[-1,-16],[27,-52],[12,20],[-14,17],[-11,83],[5,18],[23,-26],[8,9],[42,-38],[9,-49],[21,-54],[-10,-17],[18,-26],[32,-17],[36,-29],[19,16],[-3,-61]],[[2679,8574],[-22,-15],[-5,-17],[-19,-14],[-10,9],[-4,34],[-38,-9],[7,24],[20,13],[-7,34],[8,26],[5,58],[24,21],[14,-40],[14,-20],[19,-6],[6,-13],[39,-32],[4,-27],[31,-11],[9,-12],[-23,-26],[-40,17],[-1,21],[-15,-1],[1,17],[-18,-13],[1,-18]],[[2207,8949],[29,2],[33,22],[-5,8],[18,33],[13,1],[16,-30],[34,8],[-12,-27],[7,-24],[18,-3],[-37,-29],[-26,6],[-70,30],[-2,-42],[-16,45]],[[2246,9118],[-17,36],[-38,35],[-17,-1],[-22,24],[4,27],[12,3],[21,-26],[24,1],[10,17],[-43,38],[19,7],[1,17],[24,-5],[-5,11],[21,0],[48,15],[1,23],[11,11],[-18,-50],[18,-3],[4,-34],[-34,-25],[31,-5],[13,16],[14,-55],[-8,-42],[-41,-21],[-18,-20],[-15,6]],[[1694,9323],[29,5],[34,-14],[42,-43],[-31,-15],[-75,-46],[-5,-21],[-25,-6],[-8,-51],[-72,-33],[-26,44],[-33,19],[-18,0],[17,37],[6,29],[36,63],[-10,6],[-17,36],[88,15],[39,-20],[29,-5]],[[2224,9412],[6,15],[-46,-4],[-33,-7],[-11,28],[24,6],[23,-14],[-21,31],[21,25],[20,14],[27,-9],[14,-12],[7,11],[34,-9],[8,-58],[-21,-25],[16,-14],[-12,-8],[-65,-1],[-12,24],[21,7]],[[1936,9473],[26,30],[19,11],[1,-17],[18,-25],[-11,-18],[41,-11],[11,13],[23,-6],[11,-23],[-17,-43],[-67,-11],[-11,11],[-21,-14],[-58,-26],[-37,-7],[-19,3],[-21,18],[45,20],[35,3],[17,17],[-39,-10],[-45,-2],[-2,20],[-11,-22],[-14,-7],[-8,15],[-13,-15],[-50,17],[17,42],[56,6],[-51,2],[0,11],[26,13],[8,17],[29,2],[1,16],[-1,12],[27,-8],[3,-37],[26,-7],[27,-23],[6,-23],[20,4],[45,-6],[-6,19],[-26,10],[20,15],[-30,14]],[[2797,9371],[-24,-9],[2,-9],[-45,-13],[-32,8],[-5,19],[-11,-18],[-20,-5],[-65,-2],[-53,2],[-1,28],[-10,-17],[-30,-8],[-56,17],[-3,25],[-11,6],[14,28],[-5,21],[-27,33],[-26,-7],[-48,10],[-27,42],[28,7],[57,-12],[17,-21],[47,5],[23,-9],[4,-11],[32,-8],[-3,-8],[-52,-2],[30,-7],[28,-19],[7,-26],[10,16],[10,-14],[12,9],[38,-11],[38,16],[12,-3],[24,14],[18,-6],[21,8],[33,-4],[41,-23],[1,-20],[-23,-10],[24,-2],[6,-10]],[[1798,9545],[-28,-13],[17,-11],[-4,-19],[-32,-13],[-8,-19],[-18,10],[7,28],[-20,-5],[4,-10],[-18,-6],[12,-11],[-36,-35],[-28,6],[-28,8],[-16,-8],[-11,21],[13,13],[23,2],[13,17],[62,49],[28,3],[17,-8],[1,12],[21,7],[29,-18]],[[1941,9560],[-52,-13],[-30,14],[-11,20],[-17,-8],[-26,19],[22,8],[17,-12],[84,15],[28,-2],[0,-9],[-32,-6],[20,-7],[-3,-19]],[[2121,9693],[24,-10],[13,-15],[21,4],[58,-34],[-8,-12],[22,-26],[1,-13],[-25,-8],[-19,6],[-33,-13],[-18,4],[-3,37],[-6,-3],[0,12],[-48,-7],[-16,17],[12,5],[32,-5],[0,20],[-20,0],[4,14],[-27,-12],[10,13],[-25,1],[5,23],[46,2]],[[2529,9752],[24,-6],[-15,13],[7,11],[21,-2],[20,-36],[-5,-24],[15,6],[29,-6],[18,-20],[-44,-17],[-29,-28],[-19,21],[1,-38],[-23,-18],[-27,31],[15,-32],[-19,11],[-5,-13],[-46,5],[-64,55],[30,14],[37,-1],[-20,20],[-37,-13],[-50,10],[4,12],[36,14],[-43,-7],[-22,16],[-2,19],[51,-8],[22,10],[-37,-3],[-32,10],[17,9],[-2,13],[27,8],[-12,15],[17,12],[47,2],[-1,8],[-32,4],[31,8],[39,-15],[30,-43],[40,-2],[8,-25]],[[2758,9547],[49,-16],[-10,-13],[40,3],[5,-22],[-35,-17],[-4,-32],[-16,-8],[5,32],[-31,-11],[-19,2],[11,21],[-51,-6],[-31,6],[-28,-4],[14,-8],[-83,11],[-27,-5],[-4,30],[-11,-29],[-15,12],[-17,-6],[-14,16],[63,30],[19,-3],[20,12],[-22,6],[-14,32],[29,8],[26,-8],[12,-20],[64,-12],[1,12],[26,32],[-8,4],[-18,-30],[-13,-8],[-45,4],[10,19],[-13,10],[16,8],[8,20],[-19,-15],[-21,-5],[-35,5],[0,23],[25,26],[37,7],[42,-5],[54,2],[9,13],[-29,-12],[-49,6],[-1,16],[-20,31],[-41,11],[2,39],[74,-5],[44,-27],[14,-20],[30,1],[-25,8],[-5,14],[-42,29],[143,20],[-54,1],[40,12],[54,9],[-62,-3],[-1,11],[35,22],[-16,-1],[-33,-21],[-7,-13],[-44,-15],[-48,-6],[-10,12],[-30,-14],[-65,6],[26,25],[-9,3],[-32,-26],[-59,18],[28,8],[47,2],[54,19],[-50,-11],[-91,-8],[-14,12],[26,5],[-15,6],[43,18],[-59,-16],[-9,7],[35,13],[-31,3],[-20,-10],[-15,7],[26,15],[35,5],[10,-7],[20,17],[19,4],[62,-9],[27,0],[-54,11],[-3,6],[41,5],[-11,13],[58,-9],[30,-18],[-11,14],[82,-23],[-75,29],[18,21],[41,-8],[-27,16],[46,-2],[-7,13],[84,-5],[35,-20],[-22,21],[-20,8],[35,5],[54,-4],[10,-10],[24,15],[90,3],[2,-9],[41,1],[50,-8],[-62,-19],[32,2],[76,18],[52,-28],[35,-2],[7,-21],[-85,-34],[-106,-12],[43,-4],[-95,-24],[121,23],[33,4],[-5,-11],[-36,-12],[-63,-33],[-47,-36],[-61,-15],[42,7],[-23,-29],[-20,-5],[-32,7],[5,-17],[-23,-7],[-30,4],[1,-9],[-32,9],[8,-10],[-41,8],[2,-15],[79,-2],[-4,-31],[-5,-15],[-47,-3],[38,-12],[-13,-19],[-36,-15],[-36,4],[13,-26],[-16,-16],[-23,-6],[-46,3]],[[2735,5586],[-14,26],[7,19],[-26,0],[-21,-52],[-10,14],[-17,-28],[2,31],[10,32],[24,26],[28,14],[43,0],[17,-9],[16,-24],[6,-25],[14,0],[19,-21],[-7,32],[22,-49],[25,-39],[29,-21],[0,-17],[23,-12],[15,-23],[-1,-17],[-38,-11],[-18,7],[-40,-12],[18,45],[-7,16],[-32,2],[-4,54],[-36,17],[-15,25],[-34,12],[2,-12]],[[3018,5266],[-19,45],[-22,-5],[-21,7],[-7,-16],[-17,28],[10,17],[38,-17],[2,74],[-19,14],[12,30],[26,-26],[28,17],[31,-21],[8,-40],[24,-10],[24,-64],[-19,24],[-36,7],[-19,-21],[-5,16],[-19,-59]],[[2916,5672],[-1,5],[-12,7],[12,28],[-18,60],[-12,0],[-8,-30],[-8,23],[15,18],[2,23],[15,-34],[14,-58],[1,-42]],[[1804,6009],[-12,25],[12,-4],[0,-21]],[[3308,4781],[5,24],[-3,-24],[-2,0]],[[2912,563],[14,-2],[5,-42],[-15,-2],[-5,-26],[-11,7],[2,63],[10,2]],[[2926,806],[11,-12],[18,22],[-5,-63],[-24,53]],[[2960,169],[-10,7],[27,4],[20,-27],[-18,-25],[-19,41]],[[2971,980],[-14,-14],[7,-38],[-11,-30],[-18,10],[8,44],[2,57],[13,4],[13,-33]],[[3612,4002],[-17,10],[27,22],[-6,-34],[11,12],[7,-17],[23,-10],[-12,-83],[-28,-25],[-21,2],[-6,50],[-9,17],[13,41],[18,15]],[[2487,4029],[0,-44],[9,-15],[-8,-59],[-1,47],[-10,-22],[-13,-3],[8,32],[-14,42],[7,10],[11,-42],[11,54]],[[3943,137],[39,-7],[25,-46],[-10,-11],[-9,27],[-32,35],[-13,2]],[[3305,347],[22,-20],[28,-2],[-17,-41],[-20,-20],[-12,13],[24,29],[-25,41]],[[3343,283],[20,23],[0,26],[17,-15],[13,10],[4,-24],[-18,-15],[0,-15],[-22,8],[-15,-26],[1,28]],[[3138,64],[5,-22],[-14,3],[-6,-15],[10,-20],[-10,-10],[-1,47],[-11,2],[-8,22],[35,-7]],[[2852,4626],[15,-37],[-3,29],[19,32],[15,51],[6,63],[19,39],[13,-24],[5,38],[24,-2],[30,43],[2,25],[13,16],[16,-26],[-7,-24],[-16,-12],[11,-63],[-16,-63],[17,-56],[13,22],[1,29],[-15,75],[45,51],[-11,24],[13,41],[6,-70],[22,0],[13,-24],[4,-39],[8,-7],[47,12],[12,-29],[21,-15],[25,32],[7,17],[33,2],[21,-7],[-26,-7],[29,-54],[6,8],[24,-42],[2,-51],[19,-5],[24,-34],[20,-53],[0,-30],[10,-7],[25,-51],[34,-22],[3,12],[30,2],[20,-12],[29,-27],[28,-56],[9,-34],[12,-3],[2,-36],[13,-106],[21,-36],[1,-35],[-25,-71],[-12,-22],[-1,-66],[-14,-29],[-12,7],[-14,-17],[22,2],[26,32],[9,-49],[39,-10],[25,44],[8,47],[34,-3],[10,-22],[8,8],[24,-59],[9,34],[13,-41],[4,-52],[9,-17],[10,37],[41,-39],[0,9],[24,-17],[38,5],[37,-59],[40,-88],[18,-14],[29,-3],[7,-24],[13,-120],[-1,-54],[-13,-92],[-31,-92],[-13,-20],[-21,-92],[-19,-62],[-16,-34],[-5,-91],[6,-84],[-9,-96],[1,-35],[-16,-62],[0,-64],[-18,-77],[-10,-24],[-9,-49],[3,-31],[-28,-42],[-3,-30],[-73,-11],[-20,-40],[-12,-7],[-31,-39],[-24,-44],[-21,-69],[-3,-59],[9,-55],[-12,-81],[-28,-61],[-14,-71],[-23,-74],[0,29],[12,20],[1,31],[-15,14],[-6,-65],[-13,-15],[-8,-31],[-2,-40],[-10,-59],[-21,-46],[-10,-46],[-33,-41],[-24,13],[-14,-9],[-23,31],[-20,0],[-14,39],[0,61],[-6,-87],[12,-33],[17,-19],[10,-35],[-2,-47],[15,-17],[1,-32],[-23,-74],[-3,-19],[-40,-40],[-50,-19],[-32,2],[-8,-62],[-1,-77],[-22,-20],[-18,0],[-32,33],[-7,-23],[3,-69],[16,-19],[19,13],[5,-49],[-13,-10],[-9,28],[-16,-20],[16,-14],[-26,-50],[4,-50],[-13,-24],[3,-24],[-17,2],[-19,-16],[-13,-27],[-8,-39],[6,-29],[18,-31],[21,-6],[8,-31],[-7,-38],[-44,-71],[-8,-66],[-29,-27],[-8,-47],[6,-48],[16,-47],[-29,4],[-36,-35],[-8,-77],[-17,0],[-18,16],[0,25],[25,9],[6,22],[-36,-27],[3,-25],[-24,21],[13,27],[33,22],[-21,2],[-32,-44],[-12,9],[8,20],[-14,2],[4,29],[11,-2],[-24,35],[14,14],[2,28],[-16,4],[-24,-30],[9,37],[-4,28],[22,-10],[-13,26],[15,4],[-12,17],[9,7],[-3,41],[1,-22],[-28,-67],[1,43],[7,22],[-13,17],[9,26],[10,0],[-4,31],[15,7],[2,-55],[2,65],[-15,59],[23,56],[-27,25],[-13,-22],[-5,22],[22,39],[-3,17],[22,45],[-1,-27],[22,10],[5,39],[-4,20],[9,36],[-31,-2],[3,24],[30,-6],[-1,34],[9,32],[-4,20],[9,49],[-10,40],[-4,-20],[-18,0],[-6,55],[7,72],[13,36],[-8,75],[-12,8],[14,17],[-6,51],[13,15],[15,115],[13,32],[5,67],[11,46],[6,83],[-7,89],[1,64],[9,23],[-7,69],[17,95],[14,164],[-4,44],[3,67],[-3,49],[7,14],[7,107],[-4,42],[3,54],[-7,94],[1,22],[-30,54],[-3,31],[-23,36],[-38,38],[-40,62],[-21,53],[-14,55],[5,36],[-26,92],[0,24],[-13,32],[-37,220],[-13,37],[-15,66],[-22,34],[-11,32],[9,14],[-9,32],[-2,71],[13,37],[22,37],[7,46],[-10,-32],[-3,20],[-20,29],[5,15],[-5,74],[10,14],[1,35],[13,31],[1,57],[29,19],[-1,37],[12,12],[-4,30],[11,32],[15,-5],[2,29],[15,54],[-11,34],[7,25],[-3,63],[5,25],[-7,29],[4,24],[-15,49]],[[3063,73],[-17,4],[-15,-16],[-13,30],[-16,-7],[-1,21],[29,0],[-22,28],[-2,-19],[-11,28],[10,4],[18,-20],[11,4],[-2,19],[12,20],[7,-48],[34,-14],[-29,24],[-4,20],[23,21],[0,11],[-25,-7],[-4,32],[18,18],[9,22],[7,-16],[11,11],[14,-29],[-5,-25],[32,-56],[40,-42],[20,2],[13,-20],[-37,-5],[-16,-23],[1,18],[-13,10],[-36,7],[-16,-9],[12,-1],[-4,-14],[10,-28],[-20,7],[4,17],[-27,-16],[-3,27],[3,10]]],"bbox":[-179.9774093100895,-55.871154142396044,179.9886299329514,83.58435182440637],"transform":{"scale":[0.03600020394469856,0.013946945291209363],"translate":[-179.9774093100895,-55.871154142396044]},"title":"World continents","version":"2.0.1","copyright":"Copyright (c) 2022 Highsoft AS, Based on data from Natural Earth","copyrightShort":"Natural Earth","copyrightUrl":"http://www.naturalearthdata.com"}