{"type":"Topology","objects":{"default":{"type":"GeometryCollection","geometries":[{"type":"MultiPolygon","arcs":[[[0]],[[24,25,138,139,140,-56]]],"id":"FR.BRE.MB","properties":{"hc-group":"admin2","hc-key":"fr-bre-mb","hc-a2":"MB","labelrank":"3","hasc":"FR.MB","alt-name":"Bretańa|Brittany","woe-id":"12591798","subregion":null,"fips":"FRA2","name":"Morbihan","type":"Metropolitan department","region":"Bretagne","longitude":"-2.89359","woe-name":"Morbihan","latitude":"47.8699","woe-label":null}},{"type":"Polygon","arcs":[[141,142,12]],"id":"FR.PAC.AM","properties":{"hc-group":"admin2","hc-key":"fr-pac-am","hc-a2":"AM","labelrank":"3","hasc":"FR.AM","alt-name":"Provenza-Alpes-Costa de Azul","woe-id":"12591800","subregion":null,"fips":"FRB8","name":"Alpes-Maritimes","type":"Metropolitan department","region":"Provence-Alpes-Côte-d'Azur","longitude":"7.18651","woe-name":"Alpes-Maritimes","latitude":"43.8699","woe-label":null}},{"type":"MultiPolygon","arcs":[[[-142,13,143,144,145,146,147,148]],[[149,149,149]]],"id":"FR.PAC.VR","properties":{"hc-group":"admin2","hc-key":"fr-pac-vr","hc-a2":"VR","labelrank":"3","hasc":"FR.VR","alt-name":"Provenza-Alpes-Costa de Azul","woe-id":"12597187","subregion":null,"fips":"FRB8","name":"Var","type":"Metropolitan department","region":"Provence-Alpes-Côte-d'Azur","longitude":"6.27103","woe-name":"Var","latitude":"43.4095","woe-label":null}},{"type":"MultiPolygon","arcs":[[[2]],[[150,73,74,19,151]]],"id":"FR.PDL.VD","properties":{"hc-group":"admin2","hc-key":"fr-pdl-vd","hc-a2":"VD","labelrank":"3","hasc":"FR.VD","alt-name":null,"woe-id":"12597200","subregion":null,"fips":"FRA5","name":"Vendée","type":"Metropolitan department","region":"Pays de la Loire","longitude":"-1.31827","woe-name":"Vendée","latitude":"46.6893","woe-label":null}},{"type":"Polygon","arcs":[[9,152,153,154,155,91,92]],"id":"FR.ARA.AI","properties":{"hc-group":"admin2","hc-key":"fr-ara-ai","hc-a2":"AI","labelrank":"3","hasc":"FR.AI","alt-name":"Rhone-Alpes","woe-id":"12597195","subregion":null,"fips":"FRB9","name":"Ain","type":"Metropolitan department","region":"Auvergne-Rhône-Alpes","longitude":"5.37744","woe-name":"Ain","latitude":"46.084","woe-label":null}},{"type":"Polygon","arcs":[[45,156,157,158,159,160]],"id":"FR.OCC.AD","properties":{"hc-group":"admin2","hc-key":"fr-occ-ad","hc-a2":"AD","labelrank":"3","hasc":"FR.AD","alt-name":"Languedoc-Rosellon","woe-id":"12597198","subregion":null,"fips":"FRA9","name":"Aude","type":"Metropolitan department","region":"Occitanie","longitude":"2.48157","woe-name":"Aude","latitude":"43.1004","woe-label":null}},{"type":"MultiPolygon","arcs":[[[1]],[[161,70,-65,-64,162]]],"id":"FR.PAC.VC","properties":{"hc-group":"admin2","hc-key":"fr-pac-vc","hc-a2":"VC","labelrank":"3","hasc":"FR.VC","alt-name":"Provenza-Alpes-Costa de Azul","woe-id":"12597203","subregion":null,"fips":"FRB8","name":"Vaucluse","type":"Metropolitan department","region":"Provence-Alpes-Côte-d'Azur","longitude":"5.21543","woe-name":"Vaucluse","latitude":"43.9981","woe-label":null}},{"type":"Polygon","arcs":[[48,163,164,165,166,-159,167]],"id":"FR.OCC.HG","properties":{"hc-group":"admin2","hc-key":"fr-occ-hg","hc-a2":"HG","labelrank":"3","hasc":"FR.HG","alt-name":null,"woe-id":"12597186","subregion":null,"fips":"FRB3","name":"Haute-Garonne","type":"Metropolitan department","region":"Occitanie","longitude":"1.41673","woe-name":"Haute-Garonne","latitude":"43.5457","woe-label":null}},{"type":"Polygon","arcs":[[68,-95,-94,-127,168,169]],"id":"FR.ARA.CL","properties":{"hc-group":"admin2","hc-key":"fr-ara-cl","hc-a2":"CL","labelrank":"3","hasc":"FR.CL","alt-name":null,"woe-id":"12597148","subregion":null,"fips":"FR98","name":"Cantal","type":"Metropolitan department","region":"Auvergne-Rhône-Alpes","longitude":"2.74821","woe-name":"Cantal","latitude":"45.1592","woe-label":null}},{"type":"Polygon","arcs":[[-69,-68,-67,170,171]],"id":"FR.OCC.LZ","properties":{"hc-group":"admin2","hc-key":"fr-occ-lz","hc-a2":"LZ","labelrank":"3","hasc":"FR.LZ","alt-name":"Languedoc-Rosellon","woe-id":"12597162","subregion":null,"fips":"FRA9","name":"Lozčre","type":"Metropolitan department","region":"Occitanie","longitude":"3.54811","woe-name":"Lozčre","latitude":"44.4909","woe-label":null}},{"type":"Polygon","arcs":[[30,172,173,174]],"id":"FR.GES.MM","properties":{"hc-group":"admin2","hc-key":"fr-ges-mm","hc-a2":"MM","labelrank":"3","hasc":"FR.MM","alt-name":"Lorena","woe-id":"12597176","subregion":null,"fips":"FRB2","name":"Meurthe-et-Moselle","type":"Metropolitan department","region":"Grand Est","longitude":"6.27603","woe-name":"Meurthe-et-Moselle","latitude":"48.7055","woe-label":null}},{"type":"MultiPolygon","arcs":[[[175]],[[176,177,17,178]]],"id":"FR.HDF.NO","properties":{"hc-group":"admin2","hc-key":"fr-hdf-no","hc-a2":"NO","labelrank":"3","hasc":"FR.NO","alt-name":null,"woe-id":"12597168","subregion":null,"fips":"FRB4","name":"Nord","type":"Metropolitan department","region":"Hauts-de-France","longitude":"3.22709","woe-name":"Nord","latitude":"50.403","woe-label":null}},{"type":"MultiPolygon","arcs":[[[3]],[[4]],[[49,107,179,-164]]],"id":"FR.OCC.HP","properties":{"hc-group":"admin2","hc-key":"fr-occ-hp","hc-a2":"HP","labelrank":"3","hasc":"FR.HP","alt-name":null,"woe-id":"12597169","subregion":null,"fips":"FRB3","name":"Hautes-Pyrénées","type":"Metropolitan department","region":"Occitanie","longitude":"0.13923","woe-name":"Hautes-Pyrénées","latitude":"43.0599","woe-label":null}},{"type":"Polygon","arcs":[[180,181,182,-106,183,184,185,186,187]],"id":"FR.NAQ.DD","properties":{"hc-group":"admin2","hc-key":"fr-naq-dd","hc-a2":"DD","labelrank":"3","hasc":"FR.DD","alt-name":null,"woe-id":"12597122","subregion":null,"fips":"FR97","name":"Dordogne","type":"Metropolitan department","region":"Nouvelle-Aquitaine","longitude":"0.780505","woe-name":"Dordogne","latitude":"45.1592","woe-label":null}},{"type":"MultiPolygon","arcs":[[[188,-186,189,42,-75,190,191,192,193]],[[5]],[[6]]],"id":"FR.NAQ.CM","properties":{"hc-group":"admin2","hc-key":"fr-naq-cm","hc-a2":"CM","labelrank":"3","hasc":"FR.CM","alt-name":null,"woe-id":"12597189","subregion":null,"fips":"FRB7","name":"Charente-Maritime","type":"Metropolitan department","region":"Nouvelle-Aquitaine","longitude":"-0.714301","woe-name":"Charente-Maritime","latitude":"45.8441","woe-label":null}},{"type":"Polygon","arcs":[[-163,-63,194,8,-143,-149,195]],"id":"FR.PAC.AP","properties":{"hc-group":"admin2","hc-key":"fr-pac-ap","hc-a2":"AP","labelrank":"3","hasc":"FR.AP","alt-name":"Provenza-Alpes-Costa de Azul","woe-id":"12597191","subregion":null,"fips":"FRB8","name":"Alpes-de-Haute-Provence","type":"Metropolitan department","region":"Provence-Alpes-Côte-d'Azur","longitude":"6.24822","woe-name":"Alpes-de-Haute-Provence","latitude":"44.0454","woe-label":null}},{"type":"Polygon","arcs":[[18,71,72,-104,196,197,-179]],"id":"FR.HDF.AS","properties":{"hc-group":"admin2","hc-key":"fr-hdf-as","hc-a2":"AS","labelrank":"3","hasc":"FR.AS","alt-name":null,"woe-id":"12597170","subregion":null,"fips":"FRB6","name":"Aisne","type":"Metropolitan department","region":"Hauts-de-France","longitude":"3.51554","woe-name":"Aisne","latitude":"49.5667","woe-label":null}},{"type":"Polygon","arcs":[[198,199,200,201,202,203,94,-172]],"id":"FR.OCC.AV","properties":{"hc-group":"admin2","hc-key":"fr-occ-av","hc-a2":"AV","labelrank":"3","hasc":"FR.AV","alt-name":null,"woe-id":"12597173","subregion":null,"fips":"FRB3","name":"Aveyron","type":"Metropolitan department","region":"Occitanie","longitude":"2.66383","woe-name":"Aveyron","latitude":"44.2884","woe-label":null}},{"type":"Polygon","arcs":[[-171,-66,-71,-70,43,204,-200,205]],"id":"FR.OCC.GA","properties":{"hc-group":"admin2","hc-key":"fr-occ-ga","hc-a2":"GA","labelrank":"3","hasc":"FR.GA","alt-name":"Languedoc-Rosellon","woe-id":"12597193","subregion":null,"fips":"FRA9","name":"Gard","type":"Metropolitan department","region":"Occitanie","longitude":"4.18939","woe-name":"Gard","latitude":"43.9914","woe-label":null}},{"type":"Polygon","arcs":[[-96,120,121,206,207]],"id":"FR.GES.AB","properties":{"hc-group":"admin2","hc-key":"fr-ges-ab","hc-a2":"AB","labelrank":"3","hasc":"FR.AB","alt-name":"Champańa-Ardenne","woe-id":"12597117","subregion":null,"fips":"FRA4","name":"Aube","type":"Metropolitan department","region":"Grand Est","longitude":"4.16252","woe-name":"Aube","latitude":"48.3125","woe-label":null}},{"type":"Polygon","arcs":[[95,96,208,209,210,211,212,213,214]],"id":"FR.BFC.CO","properties":{"hc-group":"admin2","hc-key":"fr-bfc-co","hc-a2":"CO","labelrank":"3","hasc":"FR.CO","alt-name":"Borgońa|Burgundy","woe-id":"12597144","subregion":null,"fips":"FRA1","name":"Côte-d'Or","type":"Metropolitan department","region":"Bourgogne-Franche-Comté","longitude":"4.76991","woe-name":"Côte-d'Or","latitude":"47.4003","woe-label":null}},{"type":"Polygon","arcs":[[215,-92,-91,-90,-89,216,-213,217,210]],"id":"FR.BFC.SL","properties":{"hc-group":"admin2","hc-key":"fr-bfc-sl","hc-a2":"SL","labelrank":"3","hasc":"FR.SL","alt-name":"Borgońa|Burgundy","woe-id":"12597153","subregion":null,"fips":"FRA1","name":"Saône-et-Loire","type":"Metropolitan department","region":"Bourgogne-Franche-Comté","longitude":"4.5138","woe-name":"Saône-et-Loire","latitude":"46.6789","woe-label":null}},{"type":"Polygon","arcs":[[-117,218,219,220,77,-79]],"id":"FR.CVL.CH","properties":{"hc-group":"admin2","hc-key":"fr-cvl-ch","hc-a2":"CH","labelrank":"3","hasc":"FR.CH","alt-name":null,"woe-id":"12597136","subregion":null,"fips":"FRA3","name":"Cher","type":"Metropolitan department","region":"Centre-Val de Loire","longitude":"2.51907","woe-name":"Cher","latitude":"47.1356","woe-label":null}},{"type":"Polygon","arcs":[[116,123,124,221,222,115]],"id":"FR.NAQ.CR","properties":{"hc-group":"admin2","hc-key":"fr-naq-cr","hc-a2":"CR","labelrank":"3","hasc":"FR.CR","alt-name":"Lemosin","woe-id":"12597164","subregion":null,"fips":"FRB1","name":"Creuse","type":"Metropolitan department","region":"Nouvelle-Aquitaine","longitude":"2.04281","woe-name":"Creuse","latitude":"46.0705","woe-label":null}},{"type":"Polygon","arcs":[[-129,-151,223,57,224,225,-86,-128,50]],"id":"FR.PDL.ML","properties":{"hc-group":"admin2","hc-key":"fr-pdl-ml","hc-a2":"ML","labelrank":"3","hasc":"FR.ML","alt-name":null,"woe-id":"12597202","subregion":null,"fips":"FRA5","name":"Maine-et-Loire","type":"Metropolitan department","region":"Pays de la Loire","longitude":"-0.527847","woe-name":"Maine-et-Loire","latitude":"47.3771","woe-label":null}},{"type":"Polygon","arcs":[[-51,226,227,-191,-74,128]],"id":"FR.NAQ.DS","properties":{"hc-group":"admin2","hc-key":"fr-naq-ds","hc-a2":"DS","labelrank":"3","hasc":"FR.DS","alt-name":null,"woe-id":"12597184","subregion":null,"fips":"FRB7","name":"Deux-Sčvres","type":"Metropolitan department","region":"Nouvelle-Aquitaine","longitude":"-0.300826","woe-name":"Deux-Sčvres","latitude":"46.5681","woe-label":null}},{"type":"Polygon","arcs":[[-188,187,228,229,-192,-228,230,231,-181]],"id":"FR.NAQ.CT","properties":{"hc-group":"admin2","hc-key":"fr-naq-ct","hc-a2":"CT","labelrank":"3","hasc":"FR.CT","alt-name":null,"woe-id":"12597157","subregion":null,"fips":"FRB7","name":"Charente","type":"Metropolitan department","region":"Nouvelle-Aquitaine","longitude":"0.154828","woe-name":"Charente","latitude":"45.6998","woe-label":null}},{"type":"Polygon","arcs":[[62,63,232,233,61],[-2]],"id":"FR.ARA.DM","properties":{"hc-group":"admin2","hc-key":"fr-ara-dm","hc-a2":"DM","labelrank":"3","hasc":"FR.DM","alt-name":"Rhone-Alpes","woe-id":"12597190","subregion":null,"fips":"FRB9","name":"Drôme","type":"Metropolitan department","region":"Auvergne-Rhône-Alpes","longitude":"5.13443","woe-name":"Drôme","latitude":"44.7407","woe-label":null}},{"type":"Polygon","arcs":[[64,65,66,234,235,236,-233]],"id":"FR.ARA.AH","properties":{"hc-group":"admin2","hc-key":"fr-ara-ah","hc-a2":"AH","labelrank":"3","hasc":"FR.AH","alt-name":"Rhone-Alpes","woe-id":"12597160","subregion":null,"fips":"FRB9","name":"Ardčche","type":"Metropolitan department","region":"Auvergne-Rhône-Alpes","longitude":"4.4999","woe-name":"Ardčche","latitude":"44.8014","woe-label":null}},{"type":"Polygon","arcs":[[53,237,137,133,134,129,238,239]],"id":"FR.NOR.EU","properties":{"hc-group":"admin2","hc-key":"fr-nor-eu","hc-a2":"EU","labelrank":"3","hasc":"FR.EU","alt-name":"Alta Normandˇa|Upper Normandy","woe-id":"12597139","subregion":null,"fips":"FRA7","name":"Eure","type":"Metropolitan department","region":"Normandie","longitude":"0.92951","woe-name":"Eure","latitude":"49.0414","woe-label":null}},{"type":"Polygon","arcs":[[131,240,241,242,243,-118]],"id":"FR.IDF.ES","properties":{"hc-group":"admin2","hc-key":"fr-idf-es","hc-a2":"ES","labelrank":"3","hasc":"FR.ES","alt-name":null,"woe-id":"12597118","subregion":null,"fips":"FRA8","name":"Essonne","type":"Metropolitan department","region":"Île-de-France","longitude":"2.29588","woe-name":"Essonne","latitude":"48.5629","woe-label":null}},{"type":"Polygon","arcs":[[-132,244,245,84,-131,-130,-133]],"id":"FR.CVL.EL","properties":{"hc-group":"admin2","hc-key":"fr-cvl-el","hc-a2":"EL","labelrank":"3","hasc":"FR.EL","alt-name":null,"woe-id":"12597129","subregion":null,"fips":"FRA3","name":"Eure-et-Loir","type":"Metropolitan department","region":"Centre-Val de Loire","longitude":"1.36704","woe-name":"Eure-et-Loir","latitude":"48.3564","woe-label":null}},{"type":"Polygon","arcs":[[-153,10,246]],"id":"FR.ARA.HS","properties":{"hc-group":"admin2","hc-key":"fr-ara-hs","hc-a2":"HS","labelrank":"3","hasc":"FR.HS","alt-name":"Rhone-Alpes","woe-id":"12597182","subregion":null,"fips":"FRB9","name":"Haute-Savoie","type":"Metropolitan department","region":"Auvergne-Rhône-Alpes","longitude":"6.51823","woe-name":"Haute-Savoie","latitude":"46.0502","woe-label":null}},{"type":"Polygon","arcs":[[-242,247,248,249,250,251]],"id":"FR.IDF.HD","properties":{"hc-group":"admin2","hc-key":"fr-idf-hd","hc-a2":"HD","labelrank":"3","hasc":"FR.HD","alt-name":null,"woe-id":"15022631","subregion":null,"fips":"FRA8","name":"Hauts-de-Seine","type":"Metropolitan department","region":"Île-de-France","longitude":"2.19706","woe-name":"Hauts-de-Seine","latitude":"48.8557","woe-label":null}},{"type":"Polygon","arcs":[[-87,-226,252,-81,-85,-84,29]],"id":"FR.PDL.ST","properties":{"hc-group":"admin2","hc-key":"fr-pdl-st","hc-a2":"ST","labelrank":"3","hasc":"FR.ST","alt-name":null,"woe-id":"12597159","subregion":null,"fips":"FRA5","name":"Sarthe","type":"Metropolitan department","region":"Pays de la Loire","longitude":"0.170679","woe-name":"Sarthe","latitude":"47.9682","woe-label":null}},{"type":"Polygon","arcs":[[-30,253,254,255,256,257,114,85,86]],"id":"FR.CVL.IL","properties":{"hc-group":"admin2","hc-key":"fr-cvl-il","hc-a2":"IL","labelrank":"3","hasc":"FR.IL","alt-name":null,"woe-id":"12597121","subregion":null,"fips":"FRA3","name":"Indre-et-Loire","type":"Metropolitan department","region":"Centre-Val de Loire","longitude":"0.713649","woe-name":"Indre-et-Loire","latitude":"47.2903","woe-label":null}},{"type":"Polygon","arcs":[[-237,258,259,-155,260,60,-234]],"id":"FR.ARA.IS","properties":{"hc-group":"admin2","hc-key":"fr-ara-is","hc-a2":"IS","labelrank":"3","hasc":"FR.IS","alt-name":"Rhone-Alpes","woe-id":"12597188","subregion":null,"fips":"FRB9","name":"Isčre","type":"Metropolitan department","region":"Auvergne-Rhône-Alpes","longitude":"5.4175","woe-name":"Isčre","latitude":"45.2478","woe-label":null}},{"type":"Polygon","arcs":[[36,-93,-216,-211,-210,261,262]],"id":"FR.BFC.JU","properties":{"hc-group":"admin2","hc-key":"fr-bfc-ju","hc-a2":"JU","labelrank":"3","hasc":"FR.JU","alt-name":"Franco-Condado","woe-id":"12597120","subregion":null,"fips":"FRA6","name":"Jura","type":"Metropolitan department","region":"Bourgogne-Franche-Comté","longitude":"5.72845","woe-name":"Jura Mountains","latitude":"46.732","woe-label":null}},{"type":"Polygon","arcs":[[-259,-236,263,264,265,89,266]],"id":"FR.ARA.LR","properties":{"hc-group":"admin2","hc-key":"fr-ara-lr","hc-a2":"LR","labelrank":"3","hasc":"FR.LR","alt-name":"Rhone-Alpes","woe-id":"12597165","subregion":null,"fips":"FRB9","name":"Loire","type":"Metropolitan department","region":"Auvergne-Rhône-Alpes","longitude":"4.16239","woe-name":"Loire","latitude":"45.706","woe-label":null}},{"type":"Polygon","arcs":[[93,-204,267,104,105,106]],"id":"FR.OCC.LO","properties":{"hc-group":"admin2","hc-key":"fr-occ-lo","hc-a2":"LO","labelrank":"3","hasc":"FR.LO","alt-name":null,"woe-id":"12597172","subregion":null,"fips":"FRB3","name":"Lot","type":"Metropolitan department","region":"Occitanie","longitude":"1.61079","woe-name":"Lot","latitude":"44.6327","woe-label":null}},{"type":"Polygon","arcs":[[-203,268,-166,269,111,-268]],"id":"FR.OCC.TG","properties":{"hc-group":"admin2","hc-key":"fr-occ-tg","hc-a2":"TG","labelrank":"3","hasc":"FR.TG","alt-name":null,"woe-id":"12597168","subregion":null,"fips":"FRB3","name":"Tarn-et-Garonne","type":"Metropolitan department","region":"Occitanie","longitude":"1.23277","woe-name":"Tarn-et-Garonne","latitude":"44.0657","woe-label":null}},{"type":"Polygon","arcs":[[-112,-111,270,271,-184,-105]],"id":"FR.NAQ.LG","properties":{"hc-group":"admin2","hc-key":"fr-naq-lg","hc-a2":"LG","labelrank":"3","hasc":"FR.LG","alt-name":null,"woe-id":"12597143","subregion":null,"fips":"FR97","name":"Lot-et-Garonne","type":"Metropolitan department","region":"Nouvelle-Aquitaine","longitude":"0.449742","woe-name":"Lot-et-Garonne","latitude":"44.3829","woe-label":null}},{"type":"Polygon","arcs":[[-58,-57,-141,272,28,-22,79,-59]],"id":"FR.BRE.IV","properties":{"hc-group":"admin2","hc-key":"fr-bre-iv","hc-a2":"IV","labelrank":"3","hasc":"FR.IV","alt-name":"Bretańa|Brittany","woe-id":"12597138","subregion":null,"fips":"FRA2","name":"Ille-et-Vilaine","type":"Metropolitan department","region":"Bretagne","longitude":"-1.65623","woe-name":"Ille-et-Vilaine","latitude":"48.1428","woe-label":null}},{"type":"Polygon","arcs":[[16,-175,273,274,275,276]],"id":"FR.GES.MS","properties":{"hc-group":"admin2","hc-key":"fr-ges-ms","hc-a2":"MS","labelrank":"3","hasc":"FR.MS","alt-name":"Lorena","woe-id":"12597167","subregion":null,"fips":"FRB2","name":"Meuse","type":"Metropolitan department","region":"Grand Est","longitude":"5.50884","woe-name":"Meuse","latitude":"48.9505","woe-label":null}},{"type":"Polygon","arcs":[[-214,-217,-88,-78,-77,277]],"id":"FR.BFC.NI","properties":{"hc-group":"admin2","hc-key":"fr-bfc-ni","hc-a2":"NI","labelrank":"3","hasc":"FR.NI","alt-name":"Borgońa|Burgundy","woe-id":"12597128","subregion":null,"fips":"FRA1","name":"Ničvre","type":"Metropolitan department","region":"Bourgogne-Franche-Comté","longitude":"3.56837","woe-name":"Ničvre","latitude":"47.1505","woe-label":null}},{"type":"Polygon","arcs":[[76,-221,278,-245,117,118,75]],"id":"FR.CVL.LT","properties":{"hc-group":"admin2","hc-key":"fr-cvl-lt","hc-a2":"LT","labelrank":"3","hasc":"FR.LT","alt-name":null,"woe-id":"12597141","subregion":null,"fips":"FRA3","name":"Loiret","type":"Metropolitan department","region":"Centre-Val de Loire","longitude":"2.19238","woe-name":"Loiret","latitude":"47.9007","woe-label":null}},{"type":"Polygon","arcs":[[-251,279,280]],"id":"FR.IDF.VP","properties":{"hc-group":"admin2","hc-key":"fr-idf-vp","hc-a2":"VP","labelrank":"3","hasc":"FR.VP","alt-name":"Ville de Paris","woe-id":"12597155","subregion":null,"fips":"FRA8","name":"Paris","type":"Metropolitan department","region":"Île-de-France","longitude":"2.34347","woe-name":"Paris","latitude":"48.8594","woe-label":null}},{"type":"Polygon","arcs":[[125,126,-107,-183,281,-222]],"id":"FR.NAQ.CZ","properties":{"hc-group":"admin2","hc-key":"fr-naq-cz","hc-a2":"CZ","labelrank":"3","hasc":"FR.CZ","alt-name":"Lemosin","woe-id":"12597163","subregion":null,"fips":"FRB1","name":"Corrčze","type":"Metropolitan department","region":"Nouvelle-Aquitaine","longitude":"1.90105","woe-name":"Corrčze","latitude":"45.355","woe-label":null}},{"type":"Polygon","arcs":[[-126,-125,282,-265,283,-169]],"id":"FR.ARA.PD","properties":{"hc-group":"admin2","hc-key":"fr-ara-pd","hc-a2":"PD","labelrank":"3","hasc":"FR.PD","alt-name":null,"woe-id":"12597146","subregion":null,"fips":"FR98","name":"Puy-de-Dôme","type":"Metropolitan department","region":"Auvergne-Rhône-Alpes","longitude":"3.26844","woe-name":"Puy-de-Dôme","latitude":"45.8135","woe-label":null}},{"type":"Polygon","arcs":[[108,109,110,-270,-165,-180]],"id":"FR.OCC.GE","properties":{"hc-group":"admin2","hc-key":"fr-occ-ge","hc-a2":"GE","labelrank":"3","hasc":"FR.GE","alt-name":null,"woe-id":"12597194","subregion":null,"fips":"FRB3","name":"Gers","type":"Metropolitan department","region":"Occitanie","longitude":"0.537496","woe-name":"Gers","latitude":"43.6809","woe-label":null}},{"type":"Polygon","arcs":[[-109,-108,38,39,284],[-4],[-5]],"id":"FR.NAQ.PA","properties":{"hc-group":"admin2","hc-key":"fr-naq-pa","hc-a2":"PA","labelrank":"3","hasc":"FR.PA","alt-name":null,"woe-id":"12597114","subregion":null,"fips":"FR97","name":"Pyrénées-Atlantiques","type":"Metropolitan department","region":"Nouvelle-Aquitaine","longitude":"-0.7499900000000001","woe-name":"Pyrénées-Atlantiques","latitude":"43.259","woe-label":null}},{"type":"Polygon","arcs":[[-244,285,286,287,102,103,-123,-122,119,-119]],"id":"FR.IDF.SE","properties":{"hc-group":"admin2","hc-key":"fr-idf-se","hc-a2":"SE","labelrank":"3","hasc":"FR.SE","alt-name":null,"woe-id":"12597137","subregion":null,"fips":"FRA8","name":"Seine-et-Marne","type":"Metropolitan department","region":"Île-de-France","longitude":"2.84201","woe-name":"Seine-et-Marne","latitude":"48.5515","woe-label":null}},{"type":"Polygon","arcs":[[-280,-250,288,-287,289]],"id":"FR.IDF.SS","properties":{"hc-group":"admin2","hc-key":"fr-idf-ss","hc-a2":"SS","labelrank":"3","hasc":"FR.SS","alt-name":null,"woe-id":"12597156","subregion":null,"fips":"FRA8","name":"Seine-Saint-Denis","type":"Metropolitan department","region":"Île-de-France","longitude":"2.51916","woe-name":"Seine-Saint-Denis","latitude":"48.9289","woe-label":null}},{"type":"Polygon","arcs":[[-177,-198,290,-136,51,291]],"id":"FR.HDF.SO","properties":{"hc-group":"admin2","hc-key":"fr-hdf-so","hc-a2":"SO","labelrank":"3","hasc":"FR.SO","alt-name":null,"woe-id":"12597178","subregion":null,"fips":"FRB6","name":"Somme","type":"Metropolitan department","region":"Hauts-de-France","longitude":"2.36029","woe-name":"Somme","latitude":"49.8757","woe-label":null}},{"type":"Polygon","arcs":[[34,292,293,99,100]],"id":"FR.BFC.TB","properties":{"hc-group":"admin2","hc-key":"fr-bfc-tb","hc-a2":"TB","labelrank":"3","hasc":"FR.TB","alt-name":"Franco-Condado","woe-id":"12597154","subregion":null,"fips":"FRA6","name":"Territoire de Belfort","type":"Metropolitan department","region":"Bourgogne-Franche-Comté","longitude":"6.93675","woe-name":"Belfort","latitude":"47.6568","woe-label":null}},{"type":"Polygon","arcs":[[-294,294,-262,-209,97,98]],"id":"FR.BFC.HN","properties":{"hc-group":"admin2","hc-key":"fr-bfc-hn","hc-a2":"HN","labelrank":"3","hasc":"FR.HN","alt-name":"Franco-Condado","woe-id":"12597119","subregion":null,"fips":"FRA6","name":"Haute-Saône","type":"Metropolitan department","region":"Bourgogne-Franche-Comté","longitude":"6.16722","woe-name":"Haute-Saône","latitude":"47.6973","woe-label":null}},{"type":"Polygon","arcs":[[-288,-289,-249,295,-134,101]],"id":"FR.IDF.VO","properties":{"hc-group":"admin2","hc-key":"fr-idf-vo","hc-a2":"VO","labelrank":"3","hasc":"FR.VO","alt-name":null,"woe-id":"12597124","subregion":null,"fips":"FRA8","name":"Val-d'Oise","type":"Metropolitan department","region":"Île-de-France","longitude":"2.23366","woe-name":"Val-d'Oise","latitude":"49.0754","woe-label":null}},{"type":"Polygon","arcs":[[-243,-252,-281,-290,-286]],"id":"FR.IDF.VM","properties":{"hc-group":"admin2","hc-key":"fr-idf-vm","hc-a2":"VM","labelrank":"3","hasc":"FR.VM","alt-name":null,"woe-id":"12597151","subregion":null,"fips":"FRA8","name":"Val-de-Marne","type":"Metropolitan department","region":"Île-de-France","longitude":"2.5155","woe-name":"Val-de-Marne","latitude":"48.7752","woe-label":null}},{"type":"Polygon","arcs":[[127,-115,-114,296,-231,-227]],"id":"FR.NAQ.VN","properties":{"hc-group":"admin2","hc-key":"fr-naq-vn","hc-a2":"VN","labelrank":"3","hasc":"FR.VN","alt-name":null,"woe-id":"12597161","subregion":null,"fips":"FRB7","name":"Vienne","type":"Metropolitan department","region":"Nouvelle-Aquitaine","longitude":"0.412746","woe-name":"Vienne","latitude":"46.5338","woe-label":null}},{"type":"Polygon","arcs":[[-100,-99,297,-274,-174,298,299]],"id":"FR.GES.VG","properties":{"hc-group":"admin2","hc-key":"fr-ges-vg","hc-a2":"VG","labelrank":"3","hasc":"FR.VG","alt-name":"Lorena","woe-id":"12597174","subregion":null,"fips":"FRB2","name":"Vosges","type":"Metropolitan department","region":"Grand Est","longitude":"6.67053","woe-name":"Vosges","latitude":"48.2445","woe-label":null}},{"type":"Polygon","arcs":[[-248,-241,132,-135,-296]],"id":"FR.IDF.YV","properties":{"hc-group":"admin2","hc-key":"fr-idf-yv","hc-a2":"YV","labelrank":"3","hasc":"FR.YV","alt-name":null,"woe-id":"12597126","subregion":null,"fips":"FRA8","name":"Yvelines","type":"Metropolitan department","region":"Île-de-France","longitude":"1.90058","woe-name":"Yvelines","latitude":"48.8191","woe-label":null}},{"type":"Polygon","arcs":[[300,301,302,-144,14,69,-162]],"id":"FR.PAC.BD","properties":{"hc-group":"admin2","hc-key":"fr-pac-bd","hc-a2":"BD","labelrank":"3","hasc":"FR.BD","alt-name":"Provenza-Alpes-Costa de Azul","woe-id":"12597199","subregion":null,"fips":"FRB8","name":"Bouches-du-Rhône","type":"Metropolitan department","region":"Provence-Alpes-Côte-d'Azur","longitude":"5.40444","woe-name":"Bouches-du-Rhône","latitude":"43.5324","woe-label":null}},{"type":"Polygon","arcs":[[83,-246,-279,-220,303,-257,304,305,306]],"id":"FR.CVL.LC","properties":{"hc-group":"admin2","hc-key":"fr-cvl-lc","hc-a2":"LC","labelrank":"3","hasc":"FR.LC","alt-name":null,"woe-id":"12597147","subregion":null,"fips":"FRA3","name":"Loir-et-Cher","type":"Metropolitan department","region":"Centre-Val de Loire","longitude":"1.59234","woe-name":"Loir-et-Cher","latitude":"47.5484","woe-label":null}},{"type":"Polygon","arcs":[[-26,26,307,-139]],"id":"FR.BRE.FI","properties":{"hc-group":"admin2","hc-key":"fr-bre-fi","hc-a2":"FI","labelrank":"3","hasc":"FR.FI","alt-name":"Bretańa|Brittany","woe-id":"12591797","subregion":null,"fips":"FRA2","name":"Finistčre","type":"Metropolitan department","region":"Bretagne","longitude":"-3.92644","woe-name":"Finistčre","latitude":"48.3309","woe-label":null}},{"type":"Polygon","arcs":[[21,22,308,309,82,-80]],"id":"FR.NOR.MH","properties":{"hc-group":"admin2","hc-key":"fr-nor-mh","hc-a2":"MH","labelrank":"3","hasc":"FR.MH","alt-name":"Baja Normandˇa|Lower Normandy","woe-id":"12591801","subregion":null,"fips":"FR99","name":"Manche","type":"Metropolitan department","region":"Normandie","longitude":"-1.34727","woe-name":"Manche","latitude":"49.1637","woe-label":null}},{"type":"Polygon","arcs":[[15,-277,310,-72]],"id":"FR.GES.AN","properties":{"hc-group":"admin2","hc-key":"fr-ges-an","hc-a2":"AN","labelrank":"3","hasc":"FR.AN","alt-name":"Champańa-Ardenne","woe-id":"12597142","subregion":null,"fips":"FRA4","name":"Ardennes","type":"Metropolitan department","region":"Grand Est","longitude":"4.62417","woe-name":"Ardennes","latitude":"49.5403","woe-label":null}},{"type":"Polygon","arcs":[[47,-168,-158,311]],"id":"FR.OCC.AG","properties":{"hc-group":"admin2","hc-key":"fr-occ-ag","hc-a2":"AG","labelrank":"3","hasc":"FR.AG","alt-name":null,"woe-id":"12597197","subregion":null,"fips":"FRB3","name":"Aričge","type":"Metropolitan department","region":"Occitanie","longitude":"1.53654","woe-name":"Aričge","latitude":"42.9046","woe-label":null}},{"type":"Polygon","arcs":[[32,312,-299,313]],"id":"FR.GES.BR","properties":{"hc-group":"admin2","hc-key":"fr-ges-br","hc-a2":"BR","labelrank":"3","hasc":"FR.BR","alt-name":"Alsacia","woe-id":"12597135","subregion":null,"fips":"FR96","name":"Bas-Rhin","type":"Metropolitan department","region":"Grand Est","longitude":"7.56628","woe-name":"Bas-Rhin","latitude":"48.6179","woe-label":null}},{"type":"Polygon","arcs":[[23,-240,314,-309]],"id":"FR.NOR.CV","properties":{"hc-group":"admin2","hc-key":"fr-nor-cv","hc-a2":"CV","labelrank":"3","hasc":"FR.CV","alt-name":"Baja Normandˇa|Lower Normandy","woe-id":"12597127","subregion":null,"fips":"FR99","name":"Calvados","type":"Metropolitan department","region":"Normandie","longitude":"-0.288724","woe-name":"Calvados","latitude":"49.0601","woe-label":null}},{"type":"Polygon","arcs":[[27,-273,-140,-308]],"id":"FR.BRE.CA","properties":{"hc-group":"admin2","hc-key":"fr-bre-ca","hc-a2":"CA","labelrank":"3","hasc":"FR.CA","alt-name":"Bretańa|Brittany","woe-id":"12591799","subregion":null,"fips":"FRA2","name":"Côtes-d'Armor","type":"Metropolitan department","region":"Bretagne","longitude":"-2.93239","woe-name":"Côtes-d'Armor","latitude":"48.4383","woe-label":null}},{"type":"Polygon","arcs":[[35,-263,-295,-293]],"id":"FR.BFC.DB","properties":{"hc-group":"admin2","hc-key":"fr-bfc-db","hc-a2":"DB","labelrank":"3","hasc":"FR.DB","alt-name":"Franco-Condado","woe-id":"12597116","subregion":null,"fips":"FRA6","name":"Doubs","type":"Metropolitan department","region":"Bourgogne-Franche-Comté","longitude":"6.31895","woe-name":"Doubs","latitude":"47.1584","woe-label":null}},{"type":"Polygon","arcs":[[-185,-272,315,41,-190]],"id":"FR.NAQ.GI","properties":{"hc-group":"admin2","hc-key":"fr-naq-gi","hc-a2":"GI","labelrank":"3","hasc":"FR.GI","alt-name":null,"woe-id":"12597132","subregion":null,"fips":"FR97","name":"Gironde","type":"Metropolitan department","region":"Nouvelle-Aquitaine","longitude":"-0.515546","woe-name":"Gironde","latitude":"44.7339","woe-label":null}},{"type":"Polygon","arcs":[[33,-101,-300,-313]],"id":"FR.GES.HR","properties":{"hc-group":"admin2","hc-key":"fr-ges-hr","hc-a2":"HR","labelrank":"3","hasc":"FR.HR","alt-name":"Alsacia","woe-id":"12597152","subregion":null,"fips":"FR96","name":"Haut-Rhin","type":"Metropolitan department","region":"Grand Est","longitude":"7.25359","woe-name":"Haut-Rhin","latitude":"47.886","woe-label":null}},{"type":"Polygon","arcs":[[-170,-284,-264,-235,67]],"id":"FR.ARA.HL","properties":{"hc-group":"admin2","hc-key":"fr-ara-hl","hc-a2":"HL","labelrank":"3","hasc":"FR.HL","alt-name":null,"woe-id":"12597130","subregion":null,"fips":"FR98","name":"Haute-Loire","type":"Metropolitan department","region":"Auvergne-Rhône-Alpes","longitude":"3.72362","woe-name":"Haute-Loire","latitude":"45.1254","woe-label":null}},{"type":"Polygon","arcs":[[-208,316,-275,-298,-98,-97]],"id":"FR.GES.HM","properties":{"hc-group":"admin2","hc-key":"fr-ges-hm","hc-a2":"HM","labelrank":"3","hasc":"FR.HM","alt-name":"Champańa-Ardenne","woe-id":"12597145","subregion":null,"fips":"FRA4","name":"Haute-Marne","type":"Metropolitan department","region":"Grand Est","longitude":"5.24076","woe-name":"Haute-Marne","latitude":"48.1552","woe-label":null}},{"type":"Polygon","arcs":[[7,-195,-62,-61,-60]],"id":"FR.PAC.HA","properties":{"hc-group":"admin2","hc-key":"fr-pac-ha","hc-a2":"HA","labelrank":"3","hasc":"FR.HA","alt-name":"Provenza-Alpes-Costa de Azul","woe-id":"12597183","subregion":null,"fips":"FRB8","name":"Hautes-Alpes","type":"Metropolitan department","region":"Provence-Alpes-Côte-d'Azur","longitude":"6.37648","woe-name":"Hautes-Alpes","latitude":"44.6732","woe-label":null}},{"type":"Polygon","arcs":[[44,-161,317,-201,-205]],"id":"FR.OCC.HE","properties":{"hc-group":"admin2","hc-key":"fr-occ-he","hc-a2":"HE","labelrank":"3","hasc":"FR.HE","alt-name":"Languedoc-Rosellon","woe-id":"12597179","subregion":null,"fips":"FRA9","name":"Hérault","type":"Metropolitan department","region":"Occitanie","longitude":"3.27316","woe-name":"Hérault","latitude":"43.5524","woe-label":null}},{"type":"Polygon","arcs":[[-40,40,-316,-271,-110,-285]],"id":"FR.NAQ.LD","properties":{"hc-group":"admin2","hc-key":"fr-naq-ld","hc-a2":"LD","labelrank":"3","hasc":"FR.LD","alt-name":null,"woe-id":"12597149","subregion":null,"fips":"FR97","name":"Landes","type":"Metropolitan department","region":"Nouvelle-Aquitaine","longitude":"-0.792307","woe-name":"Landes","latitude":"43.9644","woe-label":null}},{"type":"Polygon","arcs":[[20,55,56,-224,-152]],"id":"FR.PDL.LA","properties":{"hc-group":"admin2","hc-key":"fr-pdl-la","hc-a2":"LA","labelrank":"3","hasc":"FR.LA","alt-name":null,"woe-id":"12597177","subregion":null,"fips":"FRA5","name":"Loire-Atlantique","type":"Metropolitan department","region":"Pays de la Loire","longitude":"-1.6025","woe-name":"Loire-Atlantique","latitude":"47.3637","woe-label":null}},{"type":"Polygon","arcs":[[-311,-276,-317,-207,122,-73]],"id":"FR.GES.MR","properties":{"hc-group":"admin2","hc-key":"fr-ges-mr","hc-a2":"MR","labelrank":"3","hasc":"FR.MR","alt-name":"Champańa-Ardenne","woe-id":"12597123","subregion":null,"fips":"FRA4","name":"Marne","type":"Metropolitan department","region":"Grand Est","longitude":"4.26395","woe-name":"Marne","latitude":"49.022","woe-label":null}},{"type":"Polygon","arcs":[[-225,58,-83,-82,-253]],"id":"FR.PDL.MY","properties":{"hc-group":"admin2","hc-key":"fr-pdl-my","hc-a2":"MY","labelrank":"3","hasc":"FR.MY","alt-name":null,"woe-id":"12597166","subregion":null,"fips":"FRA5","name":"Mayenne","type":"Metropolitan department","region":"Pays de la Loire","longitude":"-0.635312","woe-name":"Mayenne","latitude":"48.1562","woe-label":null}},{"type":"Polygon","arcs":[[-314,-173,31]],"id":"FR.GES.MO","properties":{"hc-group":"admin2","hc-key":"fr-ges-mo","hc-a2":"MO","labelrank":"3","hasc":"FR.MO","alt-name":"Lorena","woe-id":"12597171","subregion":null,"fips":"FRB2","name":"Moselle","type":"Metropolitan department","region":"Grand Est","longitude":"6.51862","woe-name":"Moselle","latitude":"49.0845","woe-label":null}},{"type":"Polygon","arcs":[[-315,-239,130,80,81,-310]],"id":"FR.NOR.OR","properties":{"hc-group":"admin2","hc-key":"fr-nor-or","hc-a2":"OR","labelrank":"3","hasc":"FR.OR","alt-name":"Baja Normandˇa|Lower Normandy","woe-id":"12597150","subregion":null,"fips":"FR99","name":"Orne","type":"Metropolitan department","region":"Normandie","longitude":"0.06321400000000001","woe-name":"Orne","latitude":"48.6533","woe-label":null}},{"type":"Polygon","arcs":[[52,-178,-292],[-176]],"id":"FR.HDF.PC","properties":{"hc-group":"admin2","hc-key":"fr-hdf-pc","hc-a2":"PC","labelrank":"3","hasc":"FR.PC","alt-name":null,"woe-id":"12597181","subregion":null,"fips":"FRB4","name":"Pas-de-Calais","type":"Metropolitan department","region":"Hauts-de-France","longitude":"2.3614","woe-name":"Pas-de-Calais","latitude":"50.4661","woe-label":null}},{"type":"Polygon","arcs":[[46,-312,-157]],"id":"FR.OCC.PO","properties":{"hc-group":"admin2","hc-key":"fr-occ-po","hc-a2":"PO","labelrank":"3","hasc":"FR.PO","alt-name":"Languedoc-Rosellon","woe-id":"12597201","subregion":null,"fips":"FRA9","name":"Pyrénées-Orientales","type":"Metropolitan department","region":"Occitanie","longitude":"2.54908","woe-name":"Pyrénées-Orientales","latitude":"42.5738","woe-label":null}},{"type":"Polygon","arcs":[[88,-266,-283,-124,78,87]],"id":"FR.ARA.AL","properties":{"hc-group":"admin2","hc-key":"fr-ara-al","hc-a2":"AL","labelrank":"3","hasc":"FR.AL","alt-name":null,"woe-id":"12597131","subregion":null,"fips":"FR98","name":"Allier","type":"Metropolitan department","region":"Auvergne-Rhône-Alpes","longitude":"3.18698","woe-name":"Allier","latitude":"46.408","woe-label":null}},{"type":"Polygon","arcs":[[-247,11,59,-261,-154]],"id":"FR.ARA.SV","properties":{"hc-group":"admin2","hc-key":"fr-ara-sv","hc-a2":"SV","labelrank":"3","hasc":"FR.SV","alt-name":"Rhone-Alpes","woe-id":"12597180","subregion":null,"fips":"FRB9","name":"Savoie","type":"Metropolitan department","region":"Auvergne-Rhône-Alpes","longitude":"6.47098","woe-name":"Savoie","latitude":"45.4832","woe-label":null}},{"type":"Polygon","arcs":[[54,135,136,-238]],"id":"FR.NOR.SM","properties":{"hc-group":"admin2","hc-key":"fr-nor-sm","hc-a2":"SM","labelrank":"3","hasc":"FR.SM","alt-name":"Alta Normandˇa|Upper Normandy","woe-id":"12597115","subregion":null,"fips":"FRA7","name":"Seine-Maritime","type":"Metropolitan department","region":"Normandie","longitude":"1.1513","woe-name":"Seine-Maritime","latitude":"49.5936","woe-label":null}},{"type":"Polygon","arcs":[[-223,-282,-182,-232,-297,-113]],"id":"FR.NAQ.HV","properties":{"hc-group":"admin2","hc-key":"fr-naq-hv","hc-a2":"HV","labelrank":"3","hasc":"FR.HV","alt-name":"Lemosin","woe-id":"12597196","subregion":null,"fips":"FRB1","name":"Haute-Vienne","type":"Metropolitan department","region":"Nouvelle-Aquitaine","longitude":"1.21857","woe-name":"Haute-Vienne","latitude":"45.8465","woe-label":null}},{"type":"Polygon","arcs":[[-219,-116,112,113,-258,-304]],"id":"FR.CVL.IN","properties":{"hc-group":"admin2","hc-key":"fr-cvl-in","hc-a2":"IN","labelrank":"3","hasc":"FR.IN","alt-name":null,"woe-id":"12597125","subregion":null,"fips":"FRA3","name":"Indre","type":"Metropolitan department","region":"Centre-Val de Loire","longitude":"1.61636","woe-name":"Indre","latitude":"46.8003","woe-label":null}},{"type":"Polygon","arcs":[[-197,-103,-102,-138,-137,-291]],"id":"FR.HDF.OI","properties":{"hc-group":"admin2","hc-key":"fr-hdf-oi","hc-a2":"OI","labelrank":"3","hasc":"FR.OI","alt-name":null,"woe-id":"12597158","subregion":null,"fips":"FRB6","name":"Oise","type":"Metropolitan department","region":"Hauts-de-France","longitude":"2.64323","woe-name":"Oise","latitude":"49.3967","woe-label":null}},{"type":"Polygon","arcs":[[-156,-260,-267,90]],"id":"FR.ARA.RH","properties":{"hc-group":"admin2","hc-key":"fr-ara-rh","hc-a2":"RH","labelrank":"3","hasc":"FR.RH","alt-name":"Rhone-Alpes","woe-id":"12597185","subregion":null,"fips":"FRB9","name":"Rhône","type":"Metropolitan department","region":"Auvergne-Rhône-Alpes","longitude":"4.64841","woe-name":"Rhône","latitude":"45.841","woe-label":null}},{"type":"Polygon","arcs":[[-318,-160,-167,-269,-202]],"id":"FR.OCC.TA","properties":{"hc-group":"admin2","hc-key":"fr-occ-ta","hc-a2":"TA","labelrank":"3","hasc":"FR.TA","alt-name":null,"woe-id":"12597192","subregion":null,"fips":"FRB3","name":"Tarn","type":"Metropolitan department","region":"Occitanie","longitude":"2.13731","woe-name":"Tarn","latitude":"43.8024","woe-label":null}},{"type":"Polygon","arcs":[[-215,-278,-76,-120,-121]],"id":"FR.BFC.YO","properties":{"hc-group":"admin2","hc-key":"fr-bfc-yo","hc-a2":"YO","labelrank":"3","hasc":"FR.YO","alt-name":"Borgońa|Burgundy","woe-id":"12597133","subregion":null,"fips":"FRA1","name":"Yonne","type":"Metropolitan department","region":"Bourgogne-Franche-Comté","longitude":"3.64262","woe-name":"Yonne","latitude":"47.7715","woe-label":null}},{"type":"MultiLineString","arcs":[[0],[1],[2],[3],[4],[5],[6],[7,8],[9,10,11],[12,13,14],[15,16],[17,18],[19,20],[21,22,23],[24,25,-26,26,27,28,-22],[29],[-30],[30,31,32,33],[34,35,36],[37],[38,39,-40,40,41,42],[43,44,45,46,47,48,49],[37],[50],[-51],[51,52],[53,54],[55,56,57,58],[55,56,57,58],[59,60,61,62,63,64],[59,60,61,62,63,64],[65,66,67,68],[65,66,67,68],[69,70],[69,70],[71,72],[71,72],[73,74],[73,74],[75,76,77],[75,76,77],[78],[78],[79],[79],[80,81,82],[80,81,82],[83,84],[83,84],[85,86],[85,86],[87,88,89,90,91,92],[87,88,89,90,91,92],[93,94],[93,94],[95,96,97,98,99,100],[95,96,97,98,99,100],[101,102,103],[101,102,103],[104,105,106],[104,105,106],[107,108,109,110,111],[107,108,109,110,111],[112,113,114],[112,113,114],[115,116],[115,116],[117,118],[117,118],[119],[119],[120],[120],[121,122],[121,122],[123,124,125,126],[123,124,125,126],[127],[127],[128],[128],[129,130],[129,130],[131,132],[131,132],[133,134],[133,134],[135,136,137],[135,136,137]],"properties":{"hc-group":"__border_lines__"}}],"hc-recommended-transform":{"default":{"crs":"+proj=utm +zone=31 +datum=WGS84 +units=m +no_defs","scale":0.00072002006874,"jsonres":15.5,"jsonmarginX":-999,"jsonmarginY":9851,"xoffset":-75844.2490096,"yoffset":5659668.59113}}}},"arcs":[[[1284,5706],[38,-33],[-134,20],[-7,86],[103,-73]],[[7519,2256],[-64,0],[-7,50],[39,69],[42,7],[39,-63],[-49,-63]],[[1997,5301],[-44,-14],[-37,78],[73,-10],[8,-54]],[[3616,1131],[-21,23],[12,42],[27,-20],[-18,-45]],[[3601,1039],[-21,12],[16,53],[26,-38],[-21,-27]],[[2622,4157],[-20,88],[92,-59],[40,-12],[7,-64],[37,-41],[-26,-97],[-39,78],[-91,107]],[[2525,4421],[-39,51],[67,-2],[-17,-29],[140,-20],[42,-51],[-63,5],[-75,51],[-55,-5]],[[8789,3182],[-20,-23],[45,-84],[48,-18],[3,-97],[107,-84],[51,7],[57,-45],[-7,-32],[44,-125],[-55,8],[-35,-38]],[[9027,2651],[6,-38],[-77,-89],[-6,-51],[61,-76],[-30,-25],[0,-68]],[[8350,4661],[59,-66],[-35,-129],[-102,-39],[1,-93]],[[8273,4334],[115,9],[133,116],[-44,62],[55,91],[63,-27],[94,67],[153,16],[69,-13],[-29,-76],[60,-87],[-27,-55],[-14,-99],[62,-14],[-3,-83],[50,-1],[52,-61],[30,-80],[-41,-63],[-130,-50],[-13,-70]],[[8908,3916],[46,-95],[93,-48],[15,-148],[137,-114],[-53,-100],[12,-73],[-44,-51],[-71,-6],[-88,-91],[-83,32],[-83,-40]],[[8981,2304],[91,-134],[29,6],[167,-95],[100,-42],[212,61],[-11,-37],[39,-68],[-47,-104],[-119,-146],[19,-84],[-50,-56],[-49,3],[-33,-68],[-56,6],[-41,-54],[-40,12],[-10,-115],[-39,16],[-40,-36],[-47,11],[-32,-75]],[[9024,1305],[-57,-74],[-99,-10],[-11,-65],[-92,-76],[77,-21],[-14,-73],[-54,-32],[-54,9],[-26,-35],[-98,-17],[-2,-52],[-73,32],[-91,-30],[-8,-51],[-33,41],[-63,-6],[-67,63],[-47,-15],[46,-57],[-64,-30],[-57,39],[28,23],[-94,55],[-19,39]],[[8052,962],[-46,-23],[-58,53],[-146,10],[17,62],[-23,73],[-35,25],[-43,-32],[-133,0],[-46,61],[39,47],[90,7],[38,87],[-44,-25],[-46,58],[-59,29],[-15,-47],[41,-76],[-27,-39],[-77,26],[-73,-66],[-10,-40],[-119,0],[-76,28],[9,67],[-50,30],[-81,-10],[-142,13]],[[6931,8704],[47,6],[121,-32],[171,65],[19,109],[83,80],[63,-17],[-63,-189],[43,-48],[-6,-95],[16,-71],[71,11],[101,-49],[86,-81],[51,11],[30,-90],[72,-6]],[[7836,8308],[46,-71],[20,-58]],[[5272,9916],[202,51],[46,-5],[106,37],[27,-98],[40,-46],[-24,-57],[9,-80],[79,-38],[73,-97],[87,-23],[55,63],[102,29],[33,-18],[64,-129],[32,-147],[56,-38],[92,30],[28,-37],[83,-13],[28,-35],[13,-144],[28,-24],[34,51],[119,-20],[98,14],[79,-92],[60,-6],[-36,-45],[-23,-96],[41,-2],[23,-76],[-60,-49],[0,-49]],[[6866,8727],[42,-21],[23,-2]],[[2822,4540],[-45,17],[-28,-54],[-121,86],[-60,-12],[-43,87],[-93,13],[-138,83],[-40,150],[-83,86],[-67,93],[-52,32],[-10,59],[22,68],[41,30],[45,89]],[[2150,5367],[-29,66],[-163,57],[58,29],[11,128],[89,16],[68,-16],[129,-78],[-97,94],[-80,30],[-106,-7],[-101,-77],[-72,45],[-59,-22],[9,46],[-92,87],[127,46],[-54,34]],[[2507,7077],[-47,127]],[[2460,7204],[68,-6],[99,27],[-105,47],[-35,52],[-14,145],[20,179],[-26,-20],[-21,102],[3,141],[-86,129],[-81,66],[3,56],[-52,98],[31,47],[-20,103],[-59,18],[9,52],[94,-37],[166,-44],[66,12],[92,57],[93,-16],[33,-85],[-61,-76],[94,-146],[3,-85],[48,-11]],[[2822,8009],[36,58],[102,-6],[91,-33],[211,-5],[106,-18],[147,-71],[142,45],[82,45],[70,64],[101,22]],[[1788,5845],[-31,84],[-138,-25],[-105,-6],[-71,67],[129,-8],[41,61],[-67,28],[-127,-31],[1,-47],[-43,40],[-60,-22],[-30,26],[-16,-139],[-7,138],[-43,40],[9,54],[58,27],[-22,55],[-65,-110],[-104,63],[59,87],[-127,-95],[-71,80]],[[958,6212],[-11,36]],[[958,6212],[-129,26],[-112,5],[-64,99],[-78,-38],[-54,29],[-92,-88],[-113,5],[19,63],[-67,129],[-76,59],[-150,15],[34,31],[248,56],[56,-9],[-10,101],[-119,59],[-57,-74],[-18,90],[-55,5],[64,43],[109,-18],[165,13],[-106,25],[42,46],[-142,-23],[74,79],[-53,-8],[-147,-63],[-56,16],[-49,-24],[-22,86],[6,85],[41,88],[61,15],[61,55],[121,15],[49,41],[28,-42],[135,66],[121,37],[14,-85],[34,27],[46,-59],[33,119],[131,-53]],[[881,7256],[53,0],[-8,52],[40,7],[-41,59],[51,58],[111,-22],[110,57],[15,-64],[91,63],[37,-88],[85,-30],[-10,-40],[92,-86],[11,-67],[75,-44],[25,-59],[81,84],[204,119],[-14,-65],[61,23],[29,-78],[53,62],[71,16],[58,-131],[22,4]],[[2183,7086],[-62,119],[41,55],[102,24],[4,-101],[89,-10],[103,31]],[[4153,6115],[3,-16]],[[7902,8179],[129,56],[86,5],[84,-64],[49,-12]],[[8250,8164],[25,-47],[78,8],[57,54],[87,-6],[58,-38],[60,10],[71,-34],[61,-84],[-18,-28],[68,-76],[48,-112],[83,-32],[18,73],[136,-31],[8,-72],[51,26],[53,-31],[87,-11],[95,74],[66,-21],[34,-77],[96,-54]],[[9572,7655],[99,13],[122,-15],[122,-64],[84,-23],[-75,-157],[-102,-74],[-16,-51],[-107,-111],[2,-109],[-28,-24],[-29,-106],[10,-57],[-39,-51],[-19,-83],[-73,-134]],[[9523,6609],[-4,-77],[32,-59],[-71,-250],[-3,-129],[49,-99],[-79,-48],[-12,-69],[-69,-59],[-102,-15],[-59,30],[-20,50]],[[9185,5884],[-102,14],[-55,-83]],[[9028,5815],[-56,-83],[106,16],[31,-32],[-66,-57],[-2,-52],[-216,-209],[-8,-46],[-51,-40],[-121,-48],[-10,-210],[-126,-92],[-113,-111],[15,-30]],[[8411,4821],[-57,-98],[-4,-62]],[[4504,2331],[0,0]],[[3449,562],[-92,-45],[-84,19],[-39,-14],[-49,61],[-63,32],[-24,79],[-170,12],[-36,34],[-94,22],[-96,47],[-57,53],[-27,-73],[-80,60],[47,61],[18,123],[-120,47],[-62,-32],[-26,55],[-57,-15],[-38,57],[2,52],[102,16],[50,49],[63,109]],[[2517,1371],[57,-45]],[[2517,1371],[29,47],[101,502],[73,514]],[[2720,2434],[-5,100],[55,125],[109,5],[-16,54],[-77,71],[-52,-82],[-21,-92],[47,564],[32,182],[13,240],[43,91],[20,-48],[111,-88],[115,-142],[35,-206],[29,-79],[67,-60],[59,6],[-91,50],[-24,66],[-29,219]],[[3140,3410],[-36,116],[-68,104],[-110,83],[-5,25],[-157,115],[-41,0],[13,94],[67,15],[66,-74],[55,-27],[-107,103],[-21,70],[61,41],[3,68],[-31,62],[38,-2],[-28,98],[-41,58],[-39,8],[16,80],[53,34],[-6,59]],[[6937,1280],[-70,32],[-24,74]],[[6843,1386],[-125,-22],[-154,-137],[-91,-43],[-84,-108],[-98,4],[-109,-74]],[[6182,1006],[-100,-129],[-58,-187],[6,-120]],[[6030,570],[-7,-177],[11,-146],[66,-34],[34,-107],[-89,1],[-28,37],[-74,6],[-128,-69],[-59,-4],[-39,-38],[17,-39],[-88,15],[-64,-13],[-33,49],[-112,51],[-108,-14],[-65,-73],[-68,17],[-28,80],[-170,75],[42,74]],[[5040,261],[-30,49],[-88,9],[-50,35],[-58,-8],[-30,-53],[-85,135],[-141,3],[-52,68],[-113,10],[-50,32]],[[4343,541],[-102,38],[-52,-8],[-17,-107],[7,-69],[-136,7]],[[4043,402],[-59,-7],[-27,37],[-61,-55],[-28,48],[-54,18],[-160,-48],[-62,37],[-33,90],[-57,-11],[-53,51]],[[3600,5406],[-56,36]],[[4741,8831],[71,76],[17,60],[52,37],[76,-35],[9,38],[-95,66],[8,82],[34,27]],[[4913,9182],[-31,37],[21,194],[-15,118],[33,128],[-20,90],[57,23],[58,63],[148,60],[108,21]],[[3910,8110],[91,20],[63,48]],[[4064,8178],[-55,-34],[-128,0],[-116,33],[-20,56],[71,170],[50,43],[116,53],[105,66],[116,49],[67,-1],[317,99],[154,119]],[[1788,5845],[97,12],[26,44],[70,6],[19,-30],[59,70],[16,103]],[[2075,6050],[51,47],[121,33],[46,-12],[92,30],[73,65],[100,56],[162,-50]],[[2720,6219],[7,33]],[[2727,6252],[58,173],[97,47],[-23,102],[1,96],[-25,105],[25,59],[-7,206]],[[8789,3182],[-84,-22],[-46,-57],[-79,62],[-71,19]],[[8509,3184],[-29,-135],[76,-8],[33,-100],[-9,-62],[-176,-3],[-120,-54],[-1,-36],[-98,-31],[-25,-42]],[[8160,2713],[-15,-66],[-104,-16],[-38,-97],[38,-49],[-54,-47],[-88,20],[15,-75],[-49,1],[23,-62],[127,-77],[47,-50],[-5,-79]],[[8057,2116],[-2,-39],[-65,25],[-66,-64]],[[7924,2038],[-87,54],[-11,37],[-166,52],[9,57],[-94,-1],[-187,-54],[-51,88],[-66,1]],[[7271,2272],[0,-52]],[[7271,2220],[-105,63],[-43,-1],[-45,-50],[-9,41],[-48,4],[-63,-56],[-93,56],[-66,0],[3,82],[-42,63]],[[6760,2422],[-55,140],[-39,195]],[[6666,2757],[-103,75],[-60,16],[-5,44],[-125,-61],[-94,158]],[[6279,2989],[-96,-37],[-70,-60],[-42,14],[-42,-102],[-50,-169]],[[6937,1280],[18,48],[154,99],[-14,43],[54,93],[81,-12],[32,113],[-4,86],[102,72]],[[7360,1822],[58,91],[-55,82],[-37,2],[-6,119],[-49,104]],[[6931,8704],[25,-114],[-30,-87],[16,-59],[-87,-89],[-55,-26],[21,-68],[-23,-91],[9,-91]],[[6807,8079],[-6,-47],[-130,16],[-22,-40],[-154,-49],[23,-111],[48,-30],[-31,-37],[-51,0],[-37,-126],[60,-32],[-119,-132],[-26,-49]],[[2955,5327],[87,-92],[23,-74],[71,-60],[-4,-58],[42,-78],[35,-155],[-19,-37],[5,-106],[61,-60],[-67,-47],[-88,-31]],[[3101,4529],[-53,34],[-89,-13],[-22,48],[-85,-22],[-30,-36]],[[5937,6648],[63,-16],[29,-74],[52,-58],[-22,-89],[-71,-55],[7,-113],[-128,-59],[1,-38],[60,-44],[43,-126]],[[5971,5976],[-86,-26],[12,-28]],[[5897,5922],[44,-77],[-43,-132],[75,-80],[74,-254],[-11,-151],[15,-49],[-34,-91]],[[5420,4664],[29,56],[83,60],[165,33],[-29,121],[33,6],[79,84],[90,-10],[71,66],[76,8]],[[2507,7077],[61,-75],[52,6],[89,74],[144,-42]],[[4298,6683],[-55,9],[-45,62],[-129,26],[-11,41],[-74,30],[-15,132],[-69,29],[-68,-16],[-112,-93],[-77,2]],[[3643,6905],[-3,59],[-75,66],[-13,63],[-48,19],[-12,-40],[-80,-39],[-114,10],[-41,-38],[-85,6],[-69,-37],[-43,12],[-41,58]],[[3019,7044],[-102,-10],[-64,6]],[[4153,6115],[3,38],[101,74],[27,137],[47,54],[-1,83],[-32,32],[27,45]],[[4325,6578],[62,54],[-89,51]],[[3735,5503],[25,152],[60,104],[50,257]],[[3870,6016],[100,-25],[10,50],[51,-3],[125,61]],[[6017,5088],[17,-46],[127,-72],[117,-2],[50,23],[21,-62],[76,34],[50,66]],[[6475,5029],[92,-147],[-2,-70],[183,-99],[16,-155],[-87,-58]],[[6677,4500],[8,-72],[64,-41],[65,18],[173,-23],[73,60]],[[7060,4442],[19,74],[152,-31],[25,41],[51,-59],[12,-68],[59,-18]],[[7378,4381],[17,98],[41,91],[51,188],[97,-10],[88,14],[102,-57]],[[7774,4705],[50,-109],[72,-45],[31,-69],[107,95],[63,-83],[116,5],[137,162]],[[5269,3013],[28,-125],[50,-104],[-21,-87],[56,-87]],[[5382,2610],[74,53],[35,-20],[83,12],[64,78],[43,120],[103,115],[43,-84],[29,5],[66,-126],[15,-75],[42,-53]],[[6987,6384],[29,24],[166,23],[53,57],[67,7]],[[7302,6495],[74,-29],[78,-97],[72,-127],[-44,-31],[31,-91],[47,12],[36,-50],[68,17],[83,-97],[77,20]],[[7824,6022],[35,73],[62,11],[65,-27],[88,41],[12,137],[81,58],[54,79]],[[8221,6394],[49,53],[13,-45],[76,73],[59,-3],[75,-79],[99,23],[96,-55],[61,4],[28,38],[172,-134]],[[8949,6269],[4,-3],[21,-3]],[[8974,6263],[11,-32],[129,-86],[-10,-137],[33,-5],[52,-67],[-4,-52]],[[4992,7877],[30,-47],[114,-25],[151,49],[120,-54],[75,15],[191,-106]],[[5673,7709],[33,16],[92,-34],[30,20],[150,-9],[78,32]],[[6056,7734],[46,-15],[27,-101],[111,-96],[29,5],[47,-82],[46,-3]],[[4504,2331],[-40,193],[49,31]],[[4513,2555],[75,112],[87,51],[52,103],[63,87],[-9,115],[26,35]],[[4807,3058],[55,35],[61,-19],[81,-78],[65,-32],[84,41],[116,8]],[[3449,562],[-9,80],[20,99],[81,68],[-5,52],[86,92],[41,92],[-1,65],[40,33],[-12,95],[-44,-1],[25,43],[-24,72],[-48,60]],[[3599,1412],[-72,17],[-25,-2]],[[3502,1427],[-24,41],[55,132],[9,118],[-30,57],[43,45],[51,-4],[59,50],[12,-54],[50,-20],[22,69]],[[3749,1861],[55,3],[50,56],[71,-23],[118,66],[97,19],[51,-41],[64,34]],[[4255,1975],[59,94],[58,1],[39,148],[-45,38],[26,75],[38,-18],[74,18]],[[4773,4585],[-61,53],[-87,-32],[-35,20]],[[4590,4626],[14,48],[-72,121],[-48,0],[-95,92],[-2,110],[-25,45]],[[4362,5042],[-38,34],[-91,137],[-32,76],[-67,40],[-17,-55],[-99,-24],[-97,22],[0,104],[-84,15],[-5,53],[-77,22],[-20,37]],[[4773,4585],[75,70],[78,-32],[102,22],[12,54],[54,-34],[39,20],[198,-19]],[[5331,4666],[12,3],[77,-5]],[[5215,6787],[111,25],[58,46],[37,-39],[47,26],[57,-16]],[[5525,6829],[35,-74],[59,-49],[-11,-61],[-37,-21],[181,-13],[79,42],[28,-33],[78,28]],[[6299,6940],[-31,-42],[-241,-14],[-10,-107],[-63,-72],[-17,-57]],[[6987,6384],[-55,55],[-12,-39],[-126,-18],[-100,19],[-8,53],[-139,202],[-29,-23],[-76,44],[19,87],[-64,93],[-78,36],[-20,47]],[[6299,6940],[12,133],[30,7],[67,91]],[[6408,7171],[-54,29],[-12,98],[-40,29],[7,73],[53,42]],[[5420,4664],[59,-104],[110,-65],[71,-155]],[[5660,4340],[-2,-75],[25,-113],[-73,-117],[-77,-46],[33,-82],[36,-24]],[[5602,3883],[24,-99],[-44,-74],[42,-121]],[[5624,3589],[-24,-94],[-75,19],[-33,-84],[-118,-133],[9,-73],[-71,-116],[14,-75],[-57,-20]],[[3600,5406],[80,100],[55,-3]],[[2955,5327],[84,-11],[157,3],[65,37],[-5,41],[138,31],[150,14]],[[4834,7544],[-33,-79],[-60,-45],[-22,-49],[-66,-41],[-118,25],[-74,-60],[-105,-26],[-44,-38]],[[4312,7231],[26,-95],[74,-68],[26,-103],[-65,-84],[-82,-28],[7,-170]],[[5215,6787],[9,49],[-62,143]],[[5162,6979],[-92,26],[-40,108],[-133,162],[24,53],[-31,42],[3,67],[-59,107]],[[4992,7877],[-23,-46],[-38,-124]],[[4931,7707],[-127,-38],[1,-77],[29,-48]],[[4741,8831],[111,-74],[126,-129],[57,-140]],[[5035,8488],[-53,-64],[26,-52],[-30,-22],[24,-154],[38,-2],[-33,-111]],[[5007,8083],[51,-183],[-45,22],[-21,-45]],[[947,6248],[125,90],[-2,78],[-119,42],[-61,-8],[-79,135],[17,49],[110,48]],[[938,6682],[89,-2],[23,-37],[61,20],[37,-28],[100,14],[30,53],[82,-6],[23,-43],[54,10],[94,-45],[28,-39],[76,32],[0,-95],[44,10],[50,59],[24,73],[62,4],[67,-56],[40,17]],[[1922,6623],[74,-93],[-62,-54],[80,-24],[48,-44],[-3,-110],[37,-3],[-8,-102],[-42,-49],[29,-94]],[[9024,1305],[-43,42],[17,105],[-36,-3],[-60,55],[-20,95],[-65,16],[-22,42]],[[8795,1657],[52,25],[9,74],[64,37],[110,-12],[-142,160],[-10,72],[-38,61],[27,105],[53,83],[61,42]],[[8052,962],[15,63],[54,49],[-54,39],[-7,98],[75,13],[-51,76],[9,86],[-33,37],[20,68]],[[8080,1491],[64,20],[-4,19]],[[8140,1530],[-7,43]],[[8133,1573],[-3,12],[-15,7]],[[8115,1592],[19,30]],[[8134,1622],[59,-37],[67,21],[53,-78],[180,143],[84,-74],[57,66],[145,14],[16,-20]],[[8115,1592],[0,0]],[[2799,5361],[88,-30],[68,-4]],[[2150,5367],[88,-86],[82,-40],[39,-46],[131,-28],[38,26],[-30,72],[-5,86],[60,-12],[7,-79],[62,18],[8,77],[76,59],[93,-53]],[[8273,4334],[-103,-41],[12,-179]],[[8182,4114],[-63,-248],[-76,-73],[-46,-3]],[[7997,3790],[-41,74],[-75,83],[-15,59],[-48,41],[-99,-108],[-106,47]],[[7613,3986],[-142,-17],[-7,71],[-68,38],[-57,68],[2,106],[37,129]],[[6030,570],[-147,87],[-116,-92],[-254,16],[-34,-28],[9,-119],[-60,-11],[-58,-65],[-18,14]],[[5352,372],[-6,31],[-79,60],[-49,-15],[-61,29],[-37,68],[86,54],[-27,82],[37,29],[-22,124],[-28,54],[-115,41],[-43,36],[-13,95]],[[4995,1060],[17,57],[66,31],[31,91],[33,-34],[107,33]],[[5249,1238],[44,-34],[98,-9],[35,66],[81,-20],[154,-2]],[[5661,1239],[-10,-62],[64,-83],[39,30],[52,-73],[64,66],[13,78],[51,-71],[64,-3],[5,-42],[137,-42],[42,-31]],[[8115,1592],[-132,-75],[-130,33],[-60,51],[-110,11],[-81,42],[-92,92],[-150,76]],[[7924,2038],[25,-70],[-23,-105],[60,-54],[-32,-119],[50,19],[41,-25],[70,-92]],[[4043,402],[-7,155],[15,49],[56,-3],[74,103],[-31,86],[-57,-32],[24,80],[-93,65],[134,183],[-7,23]],[[4151,1111],[43,15],[97,103],[95,-8],[52,-49],[35,14],[8,113],[28,70],[47,-1],[46,71],[-96,82],[-88,134]],[[4418,1655],[162,33],[63,-47],[87,53],[-46,34],[58,37],[60,0],[80,40]],[[4882,1805],[18,-119],[50,-25],[65,-154],[-32,-30],[117,-72],[86,-99],[59,31],[4,-99]],[[4995,1060],[-43,-21],[-102,55],[-19,-79],[-38,-16],[-52,95],[-52,4],[52,-95],[-105,-37],[-9,-30],[50,-40],[-37,-39],[-81,74],[-63,-19],[-45,-48],[-3,-120],[-81,-35],[-42,-86],[18,-82]],[[5624,3589],[115,-51],[27,-53],[100,9],[52,-26],[73,-97],[83,75]],[[6074,3446],[7,-79],[88,-20],[37,-150],[43,-43],[-27,-68],[57,-97]],[[6760,2422],[-77,-78],[52,-146],[-32,-109],[-35,-40],[-64,5],[-79,50],[-36,-4],[-20,-68],[-76,-4],[-108,62]],[[6285,2090],[-21,30],[-78,-3],[-20,37],[-77,46],[17,45],[-3,135],[-34,59],[-24,104],[-66,92]],[[8250,8164],[-2,-128],[60,-87],[12,-70],[-25,-37],[22,-55],[-63,-78],[77,-73],[22,-50],[62,-48],[111,-4],[27,-32],[-19,-50],[57,-90],[48,10],[102,-43],[25,-40],[83,-55],[124,-55],[79,-10],[92,-101]],[[9144,7068],[-27,-5],[-129,-113],[-61,-28],[-111,32],[-45,52],[-80,-62],[-131,-9],[-37,35],[-20,-38],[-85,4],[-23,-53],[-108,-4],[-74,60],[12,88],[-102,11]],[[8123,7038],[-32,104],[28,45],[-27,117],[28,57],[13,108],[-15,37],[66,42],[-19,55],[17,74],[-24,64],[-38,-3],[-1,97],[-28,20],[26,89],[-30,106],[-56,61],[-104,-30],[-34,56],[9,42]],[[6048,8931],[2,-25],[-54,-9],[1,30],[51,4]],[[6115,8777],[-49,34],[-4,2]],[[6062,8813],[29,152],[33,48],[-26,41],[-89,8],[32,70],[-45,60],[41,51],[-54,86],[-124,27],[-28,35],[17,63],[46,24],[-52,42],[-52,-48],[-190,7],[-90,48],[-14,71],[31,39],[-132,40],[-26,83],[-97,156]],[[6866,8727],[-104,20],[-17,57],[-68,-24],[-25,25],[-132,19],[-41,-25],[-57,13],[-83,-39],[-224,4]],[[3599,1412],[80,39],[24,-84],[76,-35],[16,-105],[39,-47],[75,10],[45,-37],[197,-42]],[[3684,3261],[96,25],[96,90],[30,155],[105,64],[57,86],[14,86],[91,87]],[[4173,3854],[76,-21],[20,-90],[45,-21],[147,22],[56,-77],[48,-13],[-14,-54],[100,-48]],[[4651,3552],[13,-64],[42,-17],[-59,-70],[25,-69],[-32,-60],[36,-63],[87,-22],[2,-65],[42,-64]],[[4513,2555],[-80,73],[-77,-39],[-43,26],[12,57],[-31,17],[-82,-21],[-76,29],[-131,-61],[-32,13],[-60,121]],[[3913,2770],[-26,73],[45,35],[-64,12],[-50,-47],[-110,15],[-34,25],[34,56],[-20,41],[47,134],[-27,64],[-50,1]],[[3658,3179],[26,43]],[[3684,3222],[0,38]],[[3684,3260],[0,1]],[[3684,3261],[0,-39]],[[3658,3179],[-108,-22],[-128,75],[-42,0],[-21,95],[-95,50],[-30,60],[-94,-27]],[[3101,4529],[4,-64],[88,-104],[83,-26],[30,-33],[178,-43],[121,-110]],[[3605,4149],[-38,-49],[18,-108],[-58,-63],[-53,32],[-108,-24],[-6,-187],[96,-64],[-20,-33],[60,-36],[-4,-79],[-47,-66],[34,-79],[41,10],[80,-31],[-5,-47]],[[3595,3325],[61,-7],[6,-13]],[[3662,3305],[22,-44]],[[8057,2116],[98,23],[73,-13],[-59,88],[9,28],[60,-37],[-4,79],[37,67],[90,82],[47,5],[78,-100],[18,95],[82,76],[52,-64],[62,-33],[90,3],[42,101],[82,67],[113,68]],[[8134,1622],[-15,-25],[-4,-5]],[[6056,7734],[39,57],[-22,37],[-96,4],[-10,38],[35,68],[-34,37],[81,39],[23,78],[53,21],[-37,89],[-11,138],[8,80]],[[6085,8420],[-18,72],[-29,11],[21,94],[84,131],[-28,49]],[[6285,2090],[-70,-93]],[[6215,1997],[83,-41],[37,-58],[-78,-109]],[[6257,1789],[-51,-19],[-66,-85],[-105,-3],[-2,-125],[-89,-9]],[[5944,1548],[-24,51],[-67,19],[-59,-30],[-97,80],[-71,161],[-1,47],[-47,75],[-143,110],[-126,58],[-93,-50],[-10,24]],[[5206,2093],[-45,23],[1,51],[40,47],[-79,19],[10,54]],[[5133,2287],[15,25],[-52,145],[177,112],[60,-6],[49,47]],[[6843,1386],[41,57],[16,102],[-26,54],[-90,66],[-35,3],[-20,84],[-95,-1],[-6,74],[-78,39],[-42,-64],[-45,-3],[-49,-51],[-52,24],[-13,-39],[-39,50],[-53,8]],[[6215,1997],[43,72],[27,21]],[[6408,7171],[67,-39],[9,-43],[62,31],[24,-32],[78,-17],[15,51],[161,142],[92,18],[85,-5],[16,-108],[152,-94],[57,24],[55,-21]],[[7281,7078],[-21,-91],[100,-108],[35,-15],[33,-167],[-26,-100],[-90,-9],[-10,-93]],[[7824,6022],[79,-11],[11,-77],[-55,-44],[78,-232]],[[7937,5658],[-28,-112],[-80,-126],[-58,-29],[3,-49],[-46,-36]],[[7728,5306],[-1,-1]],[[7727,5305],[-131,-22]],[[7596,5283],[-32,23],[-102,-21],[-176,-66],[-60,54],[-36,73],[-86,20],[-36,44],[-142,95]],[[6926,5505],[-14,102],[-51,5],[-15,103]],[[6846,5715],[-29,97],[37,36],[2,56],[97,172],[11,90],[55,30],[-14,93],[-38,3],[20,92]],[[7727,5305],[62,-88],[99,-54],[-85,-63],[27,-27],[31,-167],[-47,-72],[47,-80],[-87,-49]],[[6475,5029],[88,15],[54,-58],[145,88],[39,8],[0,67],[32,44],[-35,30],[2,56],[-35,50],[43,19],[4,115],[114,42]],[[7596,5283],[132,23]],[[5331,4666],[41,65],[-27,94],[23,71],[-31,80],[-61,50],[32,33],[-24,85],[39,61],[-38,57],[11,65],[-40,63],[8,47],[-66,32],[-62,-23],[-86,31],[39,41],[11,60]],[[5100,5578],[55,10],[30,64],[117,-16],[36,44],[-22,58],[25,77],[72,-18],[6,67],[-42,81],[-45,9],[-6,45],[83,38]],[[5409,6037],[102,-29],[53,13],[97,-39],[86,-100],[41,45],[50,-31],[59,26]],[[5602,3883],[-44,-32],[-54,4],[-57,-41],[-89,58],[-103,38],[-46,-64],[-67,-9]],[[5142,3837],[-7,88],[-92,91],[-114,-3],[1,63],[-70,20],[19,86],[-44,155],[-70,62],[-15,57],[42,86],[-19,43]],[[2799,5361],[-9,63],[-54,28],[53,88],[-27,71],[-41,-2],[-66,88],[160,66],[157,15],[-32,112],[-126,14],[-25,76],[80,-8],[38,27],[-115,50],[-17,78],[-53,40],[-2,52]],[[2727,6252],[80,-36],[119,-17],[21,35],[254,-67],[96,50],[64,-19]],[[3361,6198],[135,-64],[30,18],[9,-81],[39,-19],[75,20],[84,-47],[85,-25],[52,16]],[[3600,5406],[53,-102],[50,-164],[-32,-9],[22,-117],[-32,-87],[36,-71],[-36,-78],[12,-123],[62,-120],[64,43],[20,-40],[-51,-138],[59,-35],[9,-71]],[[3836,4294],[-48,9],[-77,-27],[-76,-111],[-30,-16]],[[3684,3261],[-5,39],[-17,5]],[[3662,3305],[-67,20]],[[3836,4294],[69,-38],[119,-11],[1,49],[44,41],[41,-47],[71,0],[55,54],[61,-5]],[[4297,4337],[8,-76],[91,-107],[-89,-59],[-27,-148],[-36,12],[-71,-105]],[[7271,2272],[15,126],[34,156],[52,97],[-9,156],[70,103],[19,73],[-54,186],[-8,211]],[[7390,3380],[148,51],[120,-96],[23,-122],[-10,-79],[165,-39],[51,37],[28,-96],[-26,-203],[12,-35],[56,7],[82,-79],[121,-13]],[[6666,2757],[116,125],[100,17],[48,96],[63,17],[4,53],[44,14],[19,118],[28,-23],[37,83],[-4,54]],[[7121,3311],[100,7],[28,96],[108,45]],[[7357,3459],[4,-32],[29,-47]],[[4064,8178],[61,-57],[46,0],[24,-42],[109,14],[87,-67],[-34,-52],[99,-66],[46,49],[101,58],[56,-4],[65,107],[32,13],[113,-16],[106,-47],[32,15]],[[4312,7231],[-66,55],[9,71],[-63,31],[-53,85],[-131,7],[-3,71]],[[4005,7551],[11,63],[-42,57],[35,91],[-61,107],[22,44],[-51,58],[-9,139]],[[5162,6979],[23,119],[61,34],[2,104],[45,32],[26,66],[79,23]],[[5398,7357],[49,-51],[24,20]],[[5471,7326],[53,-31],[81,14],[59,-48]],[[5664,7261],[-37,-71],[-20,-130],[22,-109],[-104,-122]],[[5215,6787],[-9,-88],[-45,-38],[-49,-92],[-172,-25],[-72,-27],[-14,-63]],[[4854,6454],[-38,8],[-112,-47],[-87,18],[-88,115],[-36,9],[-24,60],[-144,-39]],[[8908,3916],[-56,-44],[-47,76],[-83,58],[15,47],[-38,25],[-64,-112],[-47,-44],[-29,-76],[-67,-20],[-82,83],[-103,-8],[-26,60],[-56,20],[-22,115],[-21,18]],[[5398,7357],[-46,48],[-12,74]],[[5340,7479],[81,71],[48,15]],[[5469,7565],[1,-39],[-40,-26]],[[5430,7500],[-10,-72],[59,-24]],[[5479,7404],[-10,-39],[2,-39]],[[3361,6198],[29,44],[-48,45],[37,20],[24,92],[58,21],[-41,80],[66,35],[26,46],[-7,77],[72,75],[-11,123],[77,49]],[[4153,6115],[19,9]],[[4172,6124],[19,8],[34,-11]],[[4225,6121],[121,-37]],[[4346,6084],[10,-71],[88,25],[63,-74],[-13,-39],[52,-92],[-16,-134],[50,-51],[58,-3],[68,-105]],[[4706,5540],[22,-89],[-29,-7],[-63,-97],[-63,20],[-62,-24],[-72,-296],[-77,-5]],[[7357,3459],[-11,42],[4,48]],[[7350,3549],[72,81],[13,39],[-52,50],[162,22],[69,89],[39,12],[-55,57],[15,87]],[[7997,3790],[120,-246],[119,-52],[4,94],[52,8],[47,-46],[62,-9],[48,-66],[2,-54],[-46,-79],[30,-125],[74,-31]],[[7937,5658],[48,-29],[88,1]],[[8073,5630],[89,-150],[-51,-125],[165,-55],[48,-135],[44,-13],[96,-91],[-91,-81],[5,-54],[-32,-38],[65,-67]],[[7121,3311],[-80,43],[-5,68],[-39,68],[-36,-23],[-73,16],[-26,-34],[-95,-13],[-25,27],[-66,-11]],[[6676,3452],[65,141],[-38,107],[-89,83],[-83,161],[26,117],[-40,74]],[[6517,4135],[107,59],[-35,258],[88,48]],[[7060,4442],[37,-85],[-58,-11],[-75,-85],[32,-51],[-32,-60],[53,-32],[11,-73],[40,-41],[-39,-94],[41,-12],[-24,-58],[14,-51],[87,-79],[111,-4],[10,-104],[82,-53]],[[5133,2287],[-88,-14],[-88,-61],[-62,23],[-21,-69],[-56,57],[-84,-72],[-59,15],[10,40],[-118,39],[-14,92],[-49,-6]],[[5206,2093],[-94,-27],[-59,-57],[-71,32],[-26,-32],[35,-75],[-109,-129]],[[4418,1655],[-35,33],[-26,119],[-88,29],[68,90],[-22,33],[-43,-27],[-17,43]],[[3749,1861],[-19,66],[58,106],[-204,40],[-9,84]],[[3575,2157],[82,57],[-39,79],[77,25],[-16,162],[68,55],[68,92],[-46,83],[144,60]],[[1922,6623],[48,47],[50,98],[73,40],[64,-17],[39,95],[-15,68],[31,92],[-29,40]],[[8123,7038],[-36,-39],[-202,-50]],[[7885,6949],[-85,93],[-122,48],[-116,87],[-33,85]],[[7529,7262],[-8,65],[-50,44],[3,104],[63,58],[23,94],[-35,41],[-25,134],[18,81]],[[7518,7883],[54,50],[-5,60],[55,102],[-33,90],[23,72],[155,-16],[69,67]],[[5971,5976],[99,12],[36,-61],[144,-50],[64,32],[56,-18],[3,76],[74,-108],[167,-90],[33,50],[28,-71],[51,28],[21,-75],[99,14]],[[5409,6037],[-53,64],[-155,-15],[-84,41],[-32,-65],[-67,38],[-11,56],[-69,44],[-23,-33],[-39,39],[-11,66],[34,44],[-31,70],[24,45],[-38,23]],[[5430,7500],[84,0],[75,-48]],[[5589,7452],[-23,-49],[-87,1]],[[4651,3552],[40,54],[77,38],[28,65],[94,-28],[171,135],[65,-11],[16,32]],[[5660,4340],[86,3],[52,94],[54,-23],[3,46],[54,22],[27,-98],[71,-82],[57,10],[43,-51],[67,7],[76,-33],[82,32],[15,-79],[98,1],[72,-54]],[[6676,3452],[-62,31],[-19,-33],[-70,12],[-63,-16],[-79,71],[-84,-17],[-40,23],[-110,-70],[-75,-7]],[[2574,1326],[95,11],[112,48],[14,-70],[56,38],[44,-24],[31,49],[46,-12],[96,38],[65,-23],[118,-5],[69,54],[30,-42],[152,39]],[[5664,7261],[22,64],[-5,68]],[[5681,7393],[-18,58],[17,86],[-30,88]],[[5650,7625],[10,22],[13,62]],[[5469,7565],[95,-3],[86,63]],[[5681,7393],[-60,49],[-32,10]],[[6085,8420],[-70,-23],[-109,26],[-67,-98],[-77,-2],[-35,-49],[-33,39],[-286,97],[-133,-15],[-72,36],[-90,-16],[-15,44],[-63,29]],[[4913,9182],[65,-39],[107,19],[52,-48],[131,-74],[43,-52],[98,8],[72,32],[104,-50],[-72,-67],[23,-48],[41,39],[179,-57],[16,58],[32,-34],[10,-69],[44,34],[23,-54],[86,19],[19,44],[76,-30]],[[9028,5815],[-35,143],[-67,12]],[[8926,5970],[-35,173],[3,45],[55,81]],[[8926,5970],[-162,-28],[-33,-54],[-99,31],[-90,-29],[-36,-73],[-46,0],[-98,-83],[-114,-15],[-150,-90],[-25,1]],[[5340,7479],[-11,64],[32,53],[-81,11],[-38,-59],[-35,76],[-75,-13],[-45,85],[-76,-30],[-80,41]],[[4590,4626],[-100,-37],[-46,-81],[-73,-11],[-78,-63],[28,-89],[-24,-8]],[[8221,6394],[-71,35],[-9,67],[-99,89],[42,127],[-58,79],[-42,4],[-58,76],[-59,-16],[18,94]],[[9144,7068],[29,-45],[-14,-161],[76,-45]],[[9235,6817],[-102,-172],[8,-31],[-59,-133],[-38,-48],[-33,-96],[5,-46],[-42,-28]],[[8115,1592],[18,-19]],[[8133,1573],[28,-29],[-21,-14]],[[8140,1530],[-60,-39]],[[5100,5578],[-88,80],[-93,-6],[-61,-67],[-78,1],[-74,-46]],[[4346,6084],[-92,36],[-29,1]],[[4225,6121],[-53,3]],[[4172,6124],[-11,0],[-8,-9]],[[881,7256],[1,-70],[54,-98],[-22,-61],[22,-73],[-35,-35],[39,-29],[28,-86],[-30,-122]],[[2822,8009],[-3,-81],[87,-89],[67,15],[47,-211],[-94,-83],[-45,7],[4,-62],[-84,-96],[78,-53],[68,9],[89,-35]],[[3036,7330],[80,-76],[-38,-145],[-59,-65]],[[7518,7883],[-30,21],[-80,-21],[-87,19],[-67,-21],[-65,60],[-106,-6],[-167,129],[-109,15]],[[5352,372],[-124,-9],[-52,-97],[-136,-5]],[[9523,6609],[-86,44],[-4,54],[-124,60],[-9,38],[-65,12]],[[9144,7068],[80,12],[59,58],[23,82],[-27,33],[37,64],[-7,40],[-77,90],[-77,-71],[-6,69],[-85,52],[72,185],[59,-63],[104,-37],[39,-33],[107,18],[71,-18],[56,106]],[[4005,7551],[-115,27],[-93,-45],[-33,21],[-37,-52],[-152,-88],[-130,35],[-23,-33],[-55,49],[-155,-44],[-55,14],[-19,-51],[-102,-54]],[[3575,2157],[-48,43],[-27,-76],[-109,13],[-3,82],[-103,67],[-71,70],[-26,55],[-152,-30],[-128,16],[6,78],[-62,29],[-50,-42],[-82,-28]],[[7281,7078],[78,4],[-3,57],[66,32],[-62,35],[72,57],[97,-1]],[[5661,1239],[69,43],[2,70],[-27,41],[13,86],[104,-17],[84,40],[38,46]]],"bbox":[-4.783005983088,42.33901873568439,8.199982721316058,51.087541817027734],"transform":{"scale":[0.0012984287133117368,0.0008749398021145458],"translate":[-4.783005983088,42.33901873568439]},"title":"France, mainland admin2","version":"2.0.1","copyright":"Copyright (c) 2022 Highsoft AS, Based on data from Natural Earth","copyrightShort":"Natural Earth","copyrightUrl":"http://www.naturalearthdata.com"}