{"type":"Topology","objects":{"default":{"type":"GeometryCollection","geometries":[{"type":"MultiPolygon","arcs":[[[0]],[[1,2,3,4,5]]],"id":"CU.HO","properties":{"hc-group":"admin1","hc-middle-x":0.27,"hc-middle-y":0.47,"hc-key":"cu-ho","hc-a2":"HO","labelrank":"7","hasc":"CU.HO","alt-name":null,"woe-id":"2345116","subregion":null,"fips":"CU12","postal-code":"HO","name":"Holguín","country":"Cuba","type-en":"Province","region":null,"longitude":"-76.1892","woe-name":"Holguín","latitude":"20.808","woe-label":"Holguin, CU, Cuba","type":"Provincia"}},{"type":"MultiPolygon","arcs":[[[6]],[[7,8,9,10,11]]],"id":"CU.AR","properties":{"hc-group":"admin1","hc-middle-x":0.48,"hc-middle-y":0.42,"hc-key":"cu-ar","hc-a2":"AR","labelrank":"7","hasc":"CU.AR","alt-name":null,"woe-id":"-2345115","subregion":null,"fips":"CU17","postal-code":"AR","name":"Artemisa","country":"Cuba","type-en":"Province","region":null,"longitude":"-82.69029999999999","woe-name":null,"latitude":"22.8546","woe-label":null,"type":"Provincia"}},{"type":"MultiPolygon","arcs":[[[12]],[[13]],[[14]],[[15]],[[16]],[[17]],[[18,19,20,21,22]]],"id":"CU.MA","properties":{"hc-group":"admin1","hc-middle-x":0.51,"hc-middle-y":0.54,"hc-key":"cu-ma","hc-a2":"MA","labelrank":"7","hasc":"CU.MA","alt-name":null,"woe-id":"2345108","subregion":null,"fips":"CU03","postal-code":"MA","name":"Matanzas","country":"Cuba","type-en":"Province","region":null,"longitude":"-81.18600000000001","woe-name":"Matanzas","latitude":"22.6152","woe-label":"Matanzas, CU, Cuba","type":"Provincia"}},{"type":"MultiPolygon","arcs":[[[23]],[[24]],[[25]],[[26]],[[27]],[[28]],[[29]],[[30]],[[31]],[[32,33,34,-22]]],"id":"CU.VC","properties":{"hc-group":"admin1","hc-middle-x":0.61,"hc-middle-y":0.53,"hc-key":"cu-vc","hc-a2":"VC","labelrank":"6","hasc":"CU.VC","alt-name":null,"woe-id":"2345120","subregion":null,"fips":"CU16","postal-code":"VC","name":"Villa Clara","country":"Cuba","type-en":"Province","region":null,"longitude":"-79.95269999999999","woe-name":"Villa Clara","latitude":"22.601","woe-label":"Villa Clara, CU, Cuba","type":"Provincia"}},{"type":"MultiPolygon","arcs":[[[35]],[[36]],[[37]],[[38]],[[39]],[[40]],[[41]],[[42]],[[43]],[[44]],[[45]],[[46]],[[47]],[[48]],[[49]],[[50]]],"id":"CU.5812","properties":{"hc-group":"admin1","hc-middle-x":0.47,"hc-middle-y":0.44,"hc-key":"cu-5812","hc-a2":"NU","labelrank":"20","hasc":"-99","alt-name":null,"woe-id":"-99","subregion":null,"fips":null,"postal-code":null,"name":null,"country":"Cuba","type-en":null,"region":null,"longitude":"-77.8912","woe-name":null,"latitude":"20.5697","woe-label":null,"type":null}},{"type":"MultiPolygon","arcs":[[[51]],[[52]],[[53]],[[54]],[[55]]],"id":"CU.IJ","properties":{"hc-group":"admin1","hc-middle-x":0.2,"hc-middle-y":0.43,"hc-key":"cu-ij","hc-a2":"IJ","labelrank":"6","hasc":"CU.IJ","alt-name":null,"woe-id":"2345109","subregion":null,"fips":"CU04","postal-code":"IJ","name":"Isla de la Juventud","country":"Cuba","type-en":"Special Municipality","region":null,"longitude":"-82.81480000000001","woe-name":"Isla de la Juventud","latitude":"21.6754","woe-label":"Isla de la Juventud, CU, Cuba","type":"Municipio Especial"}},{"type":"MultiPolygon","arcs":[[[56]],[[57]],[[58,-34,59,60,61]]],"id":"CU.SS","properties":{"hc-group":"admin1","hc-middle-x":0.55,"hc-middle-y":0.68,"hc-key":"cu-ss","hc-a2":"SS","labelrank":"7","hasc":"CU.SS","alt-name":null,"woe-id":"2345118","subregion":null,"fips":"CU14","postal-code":"SS","name":"Sancti Spíritus","country":"Cuba","type-en":"Province","region":null,"longitude":"-79.3804","woe-name":"Sancti Spíritus","latitude":"21.9618","woe-label":"Sancti Spiritus, CU, Cuba","type":"Provincia"}},{"type":"MultiPolygon","arcs":[[[62]],[[63]],[[64]],[[65]],[[66]],[[67]],[[68]],[[69,70,71,-61]]],"id":"CU.CA","properties":{"hc-group":"admin1","hc-middle-x":0.57,"hc-middle-y":0.35,"hc-key":"cu-ca","hc-a2":"CA","labelrank":"7","hasc":"CU.CA","alt-name":null,"woe-id":"2345111","subregion":null,"fips":"CU05","postal-code":"CA","name":"Ciego de Ávila","country":"Cuba","type-en":"Province","region":null,"longitude":"-78.6388","woe-name":"Ciego de Ávila","latitude":"21.9626","woe-label":"Ciego de Avila, CU, Cuba","type":"Provincia"}},{"type":"MultiPolygon","arcs":[[[72]],[[73,74,75,-71,76,77]],[[78]],[[79]],[[80]],[[81]],[[82]]],"id":"CU.CM","properties":{"hc-group":"admin1","hc-middle-x":0.42,"hc-middle-y":0.55,"hc-key":"cu-cm","hc-a2":"CM","labelrank":"7","hasc":"CU.CM","alt-name":"Puerto Principe","woe-id":"2345110","subregion":null,"fips":"CU05","postal-code":"CM","name":"Camagüey","country":"Cuba","type-en":"Province","region":null,"longitude":"-77.93040000000001","woe-name":"Camagüey","latitude":"21.3675","woe-label":"Camaguey, CU, Cuba","type":"Provincia"}},{"type":"Polygon","arcs":[[-8,83,84]],"id":"CU.CH","properties":{"hc-group":"admin1","hc-middle-x":0.43,"hc-middle-y":0.55,"hc-key":"cu-ch","hc-a2":"CH","labelrank":"9","hasc":"CU.CH","alt-name":null,"woe-id":"2345107","subregion":null,"fips":"CU02","postal-code":"CH","name":"Ciudad de la Habana","country":"Cuba","type-en":"Province","region":null,"longitude":"-82.30750000000001","woe-name":"Ciudad de la Habana","latitude":"23.0737","woe-label":"Ciudad de la Habana, CU, Cuba","type":"Provincia"}},{"type":"Polygon","arcs":[[-59,85,-23,-35]],"id":"CU.CF","properties":{"hc-group":"admin1","hc-middle-x":0.42,"hc-middle-y":0.41,"hc-key":"cu-cf","hc-a2":"CF","labelrank":"7","hasc":"CU.CF","alt-name":null,"woe-id":"2345112","subregion":null,"fips":"CU08","postal-code":"CF","name":"Cienfuegos","country":"Cuba","type-en":"Province","region":null,"longitude":"-80.48309999999999","woe-name":"Cienfuegos","latitude":"22.3253","woe-label":"Cienfuegos, CU, Cuba","type":"Provincia"}},{"type":"Polygon","arcs":[[86,87,-3]],"id":"CU.GU","properties":{"hc-group":"admin1","hc-middle-x":0.38,"hc-middle-y":0.49,"hc-key":"cu-gu","hc-a2":"GU","labelrank":"7","hasc":"CU.GU","alt-name":null,"woe-id":"2345114","subregion":null,"fips":"CU10","postal-code":"GU","name":"Guantánamo","country":"Cuba","type-en":"Province","region":null,"longitude":"-74.8112","woe-name":"Guantánamo","latitude":"20.2358","woe-label":"Guantanamo, CU, Cuba","type":"Provincia"}},{"type":"Polygon","arcs":[[88,89,-5,90]],"id":"CU.GR","properties":{"hc-group":"admin1","hc-middle-x":0.58,"hc-middle-y":0.53,"hc-key":"cu-gr","hc-a2":"GR","labelrank":"6","hasc":"CU.GR","alt-name":null,"woe-id":"2345113","subregion":null,"fips":"CU09","postal-code":"GR","name":"Granma","country":"Cuba","type-en":"Province","region":null,"longitude":"-76.8386","woe-name":"Granma","latitude":"20.3212","woe-label":"Granma, CU, Cuba","type":"Provincia"}},{"type":"Polygon","arcs":[[-90,91,-75,92,-78,93,-6]],"id":"CU.LT","properties":{"hc-group":"admin1","hc-middle-x":0.61,"hc-middle-y":0.56,"hc-key":"cu-lt","hc-a2":"LT","labelrank":"7","hasc":"CU.LT","alt-name":null,"woe-id":"2345117","subregion":null,"fips":"CU13","postal-code":"LT","name":"Las Tunas","country":"Cuba","type-en":"Province","region":null,"longitude":"-77.0723","woe-name":"Las Tunas","latitude":"21.0299","woe-label":"Las Tunas, CU, Cuba","type":"Provincia"}},{"type":"Polygon","arcs":[[-88,94,-91,-4]],"id":"CU.SC","properties":{"hc-group":"admin1","hc-middle-x":0.65,"hc-middle-y":0.49,"hc-key":"cu-sc","hc-a2":"SC","labelrank":"7","hasc":"CU.SC","alt-name":null,"woe-id":"2345119","subregion":null,"fips":"CU15","postal-code":"SC","name":"Santiago de Cuba","country":"Cuba","type-en":"Province","region":null,"longitude":"-76.21169999999999","woe-name":"Santiago de Cuba","latitude":"20.1959","woe-label":"Santiago de Cuba, CU, Cuba","type":"Provincia"}},{"type":"Polygon","arcs":[[95,-9,-85,96,-20]],"id":"CU.MQ","properties":{"hc-group":"admin1","hc-middle-x":0.48,"hc-middle-y":0.42,"hc-key":"cu-mq","hc-a2":"MQ","labelrank":"7","hasc":"CU.MQ","alt-name":null,"woe-id":"-2345115","subregion":null,"fips":"CU18","postal-code":"MQ","name":"Mayabeque","country":"Cuba","type-en":"Province","region":null,"longitude":"-82.0296","woe-name":null,"latitude":"22.8761","woe-label":null,"type":"Provincia"}},{"type":"Polygon","arcs":[[97,-11]],"id":"CU.PR","properties":{"hc-group":"admin1","hc-middle-x":0.62,"hc-middle-y":0.44,"hc-key":"cu-pr","hc-a2":"PR","labelrank":"7","hasc":"CU.PR","alt-name":null,"woe-id":"2345106","subregion":null,"fips":"CU01","postal-code":"PR","name":"Pinar del Río","country":"Cuba","type-en":"Province","region":null,"longitude":"-83.67400000000001","woe-name":"Pinar del Río","latitude":"22.4952","woe-label":"Pinar del Rio, CU, Cuba","type":"Provincia"}}],"hc-recommended-transform":{"default":{"crs":"+proj=utm +zone=17 +datum=WGS84 +units=m +no_defs","scale":0.00062123118811,"jsonres":15.5,"jsonmarginX":-999,"jsonmarginY":9851,"xoffset":91928.3671739,"yoffset":2572921.49102}}}},"arcs":[[[8748,2680],[3,-36],[-64,34],[-24,59],[0,52],[45,25],[19,-26],[21,-108]],[[7983,4140],[35,-77],[97,-112],[30,-57],[7,-153],[13,-66],[40,61],[29,-46],[4,-66],[13,43],[20,-32],[-1,52],[44,1],[28,57],[47,-40],[49,102],[25,-52],[57,11],[27,-11],[18,-48],[8,-98],[37,20],[20,-40],[32,-142],[-19,-120],[-19,-61],[-5,-78],[-22,-72],[-30,-26],[-14,99],[-25,-3],[8,-58],[-27,-6],[21,-135],[16,45],[24,22],[48,-5],[44,-72],[5,-72],[21,-15],[-7,-70],[-48,53],[-19,79],[-69,-43],[-60,22],[4,-71],[-16,-189],[19,-89],[50,-75],[17,94],[44,112],[9,56],[23,-78],[-4,-103],[32,2],[-5,-59],[30,-41],[-6,63],[55,-35],[20,52],[26,-60],[7,59],[-33,20],[12,45],[22,20],[42,-5],[35,-55],[6,-33],[-22,-14],[13,-78],[12,40],[9,-61],[22,-16],[52,19],[-51,82],[-18,15],[12,37],[57,26],[58,-30],[14,-40],[-15,-31],[43,-23],[30,10],[10,-69],[6,62],[32,-20],[-14,40],[75,27],[44,-48],[9,-45],[38,7],[45,-106],[73,-25],[34,-50],[-13,-20],[13,-99],[19,-35]],[[9461,2116],[-38,-47],[-22,-68],[-11,-130],[8,-79],[-37,-45],[-20,-60],[-114,186],[-33,-21],[3,-73],[20,-79],[-34,53],[-30,9],[-53,147],[-49,-55],[-29,17],[-36,-86],[-11,-132],[-22,45],[-20,-25],[-41,100],[-42,-45]],[[8850,1728],[-45,168],[29,95],[0,101],[-69,-43],[-32,53],[-27,-30],[-47,-121],[-25,35],[-6,-122],[-40,-80],[-86,-8],[-67,-92],[-45,32],[-9,74],[-16,12],[-37,86],[9,59],[-36,14],[-15,94],[-44,96],[-17,-6],[8,-105],[-48,-88],[12,-102],[-8,-127],[-20,-58],[5,87],[-68,19]],[[8106,1771],[-23,108],[-44,113],[-111,94],[5,62],[-67,66],[-59,97],[-56,57],[-5,158],[-54,-42],[-34,41],[-14,47],[-19,-23],[-20,51]],[[7605,2600],[18,28],[0,60],[-17,70],[10,124],[18,67],[4,68],[-1,204],[12,100],[29,-54],[28,11],[48,62],[40,13],[14,127],[61,150],[86,148],[4,108],[20,88],[4,166]],[[2246,7964],[-9,-8],[2,182],[6,31],[11,-136],[-10,-69]],[[2227,9440],[20,-41],[30,28],[11,-62],[-27,-80],[9,-32],[43,-54],[9,-98]],[[2322,9101],[-1,-177],[-19,-167],[0,-106],[37,-190],[25,-43],[-1,-99]],[[2363,8319],[-61,-23],[-48,34],[-38,-39],[-44,28],[-32,-23],[-98,76],[-39,-28],[-9,-50],[-10,-164],[-22,-36]],[[1962,8094],[-9,60],[-32,99],[-34,206],[-17,35],[-27,119],[-23,51],[41,40],[17,58],[-2,98],[-24,130],[0,194]],[[1852,9184],[24,137],[64,-14],[42,32],[84,-11],[127,56],[34,56]],[[3142,6486],[2,-38],[-33,16],[0,77],[31,-55]],[[4088,9787],[48,10],[1,-43],[-20,-38],[-45,41],[-34,-11],[9,66],[25,13],[16,-38]],[[3961,9812],[-10,-43],[-28,-19],[9,71],[24,21],[5,-30]],[[3916,9807],[-26,-43],[-38,38],[-26,-2],[-36,32],[-12,36],[21,8],[59,-49],[58,-20]],[[3730,9999],[36,-49],[-4,-49],[-42,33],[-11,57],[21,8]],[[3742,9691],[55,-6],[-3,60],[15,-38],[6,41],[15,-63],[-24,-63],[-32,25],[-30,-8],[-68,-90],[66,142]],[[4025,6474],[-41,-2],[-113,22],[-134,-43],[-80,25],[-53,70],[-51,50],[-32,193],[-4,74],[7,123],[-28,120],[-36,21],[-6,-68],[13,-123],[1,-354],[-8,-90],[-19,5],[14,63],[-5,93],[-21,103],[-26,-27],[-8,-90],[-15,-39],[-21,36],[-22,-61],[-33,44],[-21,194],[-35,46],[-44,-1],[-29,46],[-57,-63],[-6,35],[-65,60],[-13,-44],[-61,21],[-19,-77],[-67,32],[-23,76],[-27,131],[-132,153],[-36,70],[-26,16],[-16,81],[-45,27],[-8,48],[15,75],[26,27],[107,-8],[34,25],[25,-11],[45,15],[46,-24],[48,23],[36,47],[61,28],[30,68],[0,134],[8,82],[-7,38]],[[3048,7989],[39,148],[12,189],[-2,43],[-50,101],[-6,70],[7,110],[-27,62],[-15,79],[12,109],[2,126],[-25,101],[-36,62],[5,41],[39,99],[-13,40],[8,52],[22,-8],[-13,210],[10,61]],[[3017,9684],[96,1],[41,-82],[4,-60],[-7,-117],[-13,-41],[23,-22],[24,25],[20,131],[94,45],[19,46],[67,36],[48,66],[63,120],[33,-8],[-39,-63],[-41,-33],[-51,-90],[-13,-49],[41,-33],[53,-177],[33,-52],[26,11],[39,192],[36,19],[49,-14],[8,-120],[17,-16],[40,30],[145,78],[90,-19],[36,68],[5,54],[-17,55],[24,22],[21,-22],[-32,-178],[27,-63]],[[4026,9424],[-21,-89],[-2,-145],[-12,-38],[-33,14],[-50,-16],[-9,-22],[0,-191],[-16,-47],[36,-169],[38,-88],[15,3],[43,68],[16,-8],[34,-238],[-19,-71],[13,-85],[-5,-136],[20,-186],[20,-87]],[[4094,7893],[-22,-49],[-31,-147],[-44,-44],[-104,36],[-29,-2],[-63,33],[-49,-82],[-36,-101],[12,-35],[-25,-159],[27,-21],[-16,-221],[3,-52],[27,-9],[0,-109],[39,-79],[22,-77],[84,-117],[42,30],[23,-25],[49,8],[10,-47],[12,-150]],[[4870,8818],[17,-42],[-22,-34],[-50,124],[22,59],[-3,-46],[25,-20],[11,-41]],[[4656,9129],[23,-20],[-11,-65],[-19,36],[-29,-63],[-6,71],[42,41]],[[4727,8969],[-27,41],[10,46],[-16,17],[9,44],[32,7],[8,-52],[-22,-43],[6,-60]],[[4342,9186],[18,-79],[-93,47],[-14,33],[25,0],[45,65],[21,5],[16,-30],[-18,-41]],[[4514,9396],[11,-85],[-29,28],[-3,85],[21,-28]],[[4442,9446],[-18,-24],[-57,64],[18,101],[35,-91],[33,-17],[-11,-33]],[[4348,9475],[-45,88],[-11,55],[22,22],[40,-129],[-6,-36]],[[4224,9657],[-38,-13],[-35,-49],[10,68],[42,13],[21,-19]],[[5196,8110],[-70,138],[-31,102],[-17,-18],[-33,28],[-31,66],[-4,44],[-27,58],[-13,82],[-18,20],[-39,-32],[-2,52],[45,26],[16,-19],[48,-160],[20,-47],[43,-39],[34,-83],[38,-42],[19,-56],[22,-120]],[[4026,9424],[34,-177],[18,-39],[67,-39],[31,-87],[68,-15],[40,-68],[32,-28],[59,15],[55,62],[-7,69],[16,2],[49,-72],[40,-9],[4,68],[19,-35],[34,-181],[36,-61],[49,-23],[31,81],[57,48],[7,-27],[-25,-60],[-22,31],[-10,-25],[-12,-103],[16,-66],[19,-25],[54,-26],[66,-143],[16,40],[29,-6],[23,-295],[26,-31],[31,-104],[21,-132],[29,-91],[51,-18],[37,-162]],[[5114,7692],[-1,-71],[-17,-92],[19,-61],[31,-181],[26,-107],[-7,-191],[-47,48],[-21,3],[-27,-34],[-16,-52],[-17,-127],[-16,-54],[-23,-16],[-34,47],[-18,-18],[-38,33],[-42,-40],[-17,6],[-29,91],[-30,4],[-10,-28],[4,-101],[24,-137],[22,-25],[-6,-90],[-33,-176],[-23,-60],[-28,6],[-24,39],[-54,39],[-18,-16],[-17,-95],[-25,-13],[-50,-83]],[[4552,6140],[1,38],[-20,49],[-5,172],[-25,85],[-21,192],[-4,194],[18,163],[-23,30],[-19,88],[-15,140],[-35,-11],[-45,116],[-9,71],[20,95],[-16,55],[2,92],[-18,28],[-15,126],[16,60],[-3,76],[-10,-24],[-32,-3],[-13,-95],[-54,-57],[-11,17],[8,120],[-36,8],[-21,53],[-18,0],[-17,-57],[-38,-68]],[[5830,2738],[6,-36],[-11,-70],[-13,68],[18,38]],[[2336,5033],[-34,24],[-3,27],[26,-2],[11,-49]],[[2469,5102],[-55,-45],[6,33],[29,33],[20,-21]],[[2208,5564],[26,-15],[9,-71],[-18,27],[-13,-20],[-12,54],[8,25]],[[1476,6162],[-76,-20],[-3,8],[43,37],[36,-25]],[[6118,6960],[-10,77],[16,46],[18,7],[-24,-130]],[[6518,7205],[-39,128],[8,8],[27,-81],[4,-55]],[[478,7524],[44,-60],[-23,-18],[-36,42],[15,36]],[[6283,7691],[-11,-73],[-24,9],[24,86],[11,-22]],[[5626,7793],[18,-6],[14,-71],[-42,42],[10,35]],[[5811,8066],[16,-63],[-5,-24],[-22,58],[-6,-27],[-21,85],[19,5],[19,-34]],[[5377,8117],[-12,-35],[-22,58],[31,23],[3,-46]],[[5030,8268],[1,-80],[-20,67],[18,70],[1,-57]],[[4611,9097],[-11,82],[22,-22],[3,-39],[-14,-21]],[[4564,9360],[14,-42],[-31,-84],[0,90],[17,36]],[[3290,6384],[-58,152],[61,-133],[19,11],[-1,74],[13,22],[15,-98],[26,-3],[-36,-36],[-10,28],[-29,-17]],[[2643,5062],[-19,-3],[57,127],[37,30],[25,77],[7,-76],[-15,-38],[-92,-117]],[[2845,5268],[-29,-69],[-16,0],[27,99],[46,49],[-28,-79]],[[2167,6090],[-25,-4],[-25,35],[-9,49],[20,14],[51,-80],[-12,-14]],[[3250,5401],[50,99],[8,-30],[-45,-118],[-73,-145],[-29,-36],[-29,-8],[8,71],[26,-11],[28,96],[22,-25],[24,33],[10,74]],[[2162,5647],[16,-119],[-16,-88],[-7,-98],[45,-62],[-6,-55],[32,-83],[-29,-105],[-22,-52],[-34,-34],[-118,-173],[-70,-76],[-66,-21],[-20,40],[-60,3],[-38,40],[-41,9],[-30,119],[-38,80],[-18,89],[-19,180],[63,-129],[21,-75],[33,-34],[38,1],[51,125],[12,-27],[-3,-60],[17,90],[-5,36],[-38,42],[-79,412],[-12,114],[10,126],[39,88],[13,69],[55,81],[-42,37],[14,30],[121,-41],[127,-100],[29,-53],[5,-44],[-7,-123],[55,-148],[22,-11]],[[5308,8133],[-6,0],[-2,55],[35,4],[-27,-59]],[[5535,8206],[-22,-34],[-18,55],[-56,10],[-5,42],[86,-17],[15,-56]],[[4481,5808],[3,136],[68,196]],[[5114,7692],[69,-174],[27,-36],[24,12],[44,-83],[18,35],[66,-30],[14,52],[45,-35],[56,47],[38,15],[51,-18]],[[5566,7477],[-6,-131],[-15,-40],[-23,-188],[-55,-287],[1,-82],[-14,-92],[2,-60],[43,-105],[33,-48],[4,-117],[-36,-179],[-28,15],[-50,-285],[-9,-114],[-27,-174],[21,-115],[-8,-131],[7,-33],[26,-1],[27,35],[24,143],[43,-72],[10,-263]],[[5536,5153],[-16,9],[-33,-37],[-58,-11],[-48,-72],[-39,-29],[-74,0],[-74,65],[-33,72],[-79,-8],[-37,58],[-22,96],[-23,-78],[-24,47],[-52,56],[-16,87],[-77,19],[-63,50],[-23,1],[-17,-98],[-57,61],[19,41],[-15,27],[-4,110],[-32,-49],[-39,9],[-29,28],[-11,-27],[22,-39],[-11,-35],[-17,22],[-22,102],[-9,117],[-11,38],[-31,23]],[[5730,2611],[-16,-40],[-23,23],[-32,96],[18,10],[53,-89]],[[5568,2888],[-1,-39],[46,4],[17,-28],[11,-77],[-23,34],[-66,22],[-20,63],[20,76],[16,-55]],[[5515,2955],[-34,31],[-56,122],[29,2],[32,-45],[40,-26],[-11,-84]],[[5192,3738],[36,-113],[-14,-16],[-42,37],[25,2],[-58,119],[29,13],[24,-42]],[[5749,7892],[-9,-49],[-25,-18],[-1,68],[35,-1]],[[5393,3208],[-33,132],[-23,61],[-20,6],[7,-60],[-33,77],[40,7],[41,-72],[59,-191],[-19,1],[6,-60],[-26,39],[-50,157],[17,5],[34,-102]],[[6042,7682],[-30,-43],[-67,-7],[-47,70],[-65,47],[-16,31],[13,32],[-14,47],[-34,-64],[-2,98],[12,-19],[3,57],[36,-5],[40,-23],[23,-42],[99,-2],[43,93],[43,-24],[19,-31],[3,-63],[62,-186],[1,-55],[-24,21],[-114,-79],[10,79],[16,-1],[-10,69]],[[5566,7477],[91,-31],[43,9],[23,-200],[21,-18],[23,117],[-26,99],[28,-9],[30,-89],[101,-103],[39,-111],[37,-67],[78,-48],[17,8],[0,-79],[13,21],[15,-83],[46,-100],[28,1],[45,-49],[55,-22],[6,-88],[32,-4],[4,-41],[33,-32]],[[6348,6558],[10,-66],[-5,-65],[-31,-56],[-57,-141],[-64,-46],[-10,-84],[5,-49],[65,-170],[18,-94],[-25,-45],[0,-95],[-41,-23],[-22,15],[-23,91],[-7,64],[-23,-24],[-23,-80],[8,-159],[-33,-116],[10,-47],[-73,-12],[-28,-184],[-19,41],[-47,-63],[-21,-56],[-48,-88],[-34,-45]],[[5830,4961],[-36,67],[-49,21],[-16,34],[6,41],[22,-26],[29,15],[-16,77],[-35,70],[-20,9],[-61,-57],[-43,-12],[-19,-60],[-56,13]],[[5981,2619],[39,-7],[-11,-43],[-44,-31],[-15,-29],[-31,39],[62,71]],[[7078,3393],[-38,44]],[[7040,3437],[-21,-86],[-10,28],[2,87],[-43,25],[-23,138],[-30,-64],[3,-57],[-13,-89],[-44,-11],[-5,-52],[-42,-38],[-9,-92],[-27,13],[-17,63],[-19,-9],[-3,-186],[-20,-31],[-57,-32],[-22,4],[-48,-202],[-12,-236]],[[6580,2610],[-43,19],[-21,-16],[-39,-85],[-60,-4],[-32,23],[-9,63],[-13,-40],[-30,105],[-32,27],[-27,126],[-46,112],[-24,-18],[-6,63],[-26,135],[-66,140],[-45,7],[-11,20],[-24,121],[-60,139],[-9,290],[-31,244],[6,84],[27,-14],[-3,73],[-37,51],[-16,249],[-18,88],[-9,140],[-14,93],[-32,116]],[[6348,6558],[16,13],[20,-105],[23,-70],[30,-165],[22,-37],[43,-128],[18,-107],[24,12],[4,218],[15,43],[40,-13],[-38,-47],[-5,-76],[9,-69],[27,-70],[23,2],[17,-64],[8,-121],[53,-71],[13,21],[24,-43],[56,24],[32,-26],[41,-77],[8,60],[23,20],[7,-44],[26,31],[31,-90],[-28,13],[-1,-103],[22,-168],[39,-22],[22,-34],[25,34],[-14,85],[-35,71],[-21,173],[-27,43],[-16,91],[-16,-24],[-14,42],[-12,-35],[-73,204],[-10,44],[-19,-12],[23,102],[31,25],[32,-78],[12,-113],[99,-208],[66,-73],[57,-140],[68,-136],[26,-32],[30,12],[-7,-54],[20,-86],[-3,-57],[-28,-121],[-29,79],[-60,80],[-32,19],[-9,-40],[-36,62],[-22,-6],[-4,-60],[54,-80],[45,-17],[-3,-98],[-19,-45],[18,-121],[47,-1],[-8,-54],[42,60],[16,48],[12,154],[31,159],[35,-19],[98,-359],[18,-42]],[[7400,4741],[-51,-105],[-38,-36],[-56,21],[-29,-227],[13,-72],[36,0],[5,-25],[-52,-143],[-5,-54],[4,-188],[-34,-164],[-18,-51],[-57,-61],[-13,-54],[-27,-189]],[[6023,2271],[45,-136],[15,-23],[12,54],[21,-52],[6,-58],[-12,-51],[-53,84],[-13,80],[-49,81],[28,21]],[[6768,6363],[-20,-129],[13,-77],[-25,-15],[-19,-42],[4,51],[-15,15],[-13,-103],[-28,130],[-12,25],[-32,-6],[-33,57],[9,119],[-32,48],[-21,-80],[-30,4],[-14,83],[-28,86],[16,86],[39,-76],[15,0],[30,58],[28,9],[34,-81],[33,30],[50,-79],[28,44],[24,-80],[-1,-77]],[[6603,6982],[44,-145],[-22,-4],[-24,73],[-37,168],[8,41],[-38,100],[22,12],[36,-122],[11,-123]],[[6550,6606],[-10,31],[-20,-21],[-16,118],[-19,21],[-16,-24],[8,-74],[-51,90],[-6,41],[-30,62],[-9,47],[27,53],[11,95],[2,106],[-14,83],[28,-21],[16,-67],[-22,-94],[6,-46],[42,-11],[17,-77],[20,78],[39,-68],[-39,-52],[32,-60],[39,-40],[-35,-170]],[[6376,7110],[-45,84],[-66,29],[-23,53],[19,34],[-27,78],[-15,-81],[-21,17],[12,101],[-15,58],[-21,28],[-21,-40],[-19,23],[13,46],[51,13],[43,36],[7,-36],[19,29],[23,-17],[41,-93],[23,-124],[7,-128],[21,-64],[31,-21],[-15,-43],[-22,18]],[[2227,9440],[32,39],[13,49],[21,15],[55,113],[38,15],[42,55],[65,29],[29,37],[64,-45],[46,25]],[[2632,9772],[2,-57],[20,-84],[-15,-22],[2,-55],[-18,-131],[-33,111],[-21,10],[-21,-85],[-13,44],[-7,-99],[10,-95],[-44,-162],[-28,-6],[-70,17],[-24,-74],[-28,43],[-22,-26]],[[4481,5808],[-81,69],[-27,66],[-48,45],[-29,71],[-101,318],[-6,60],[-19,0],[-13,79],[29,-5],[22,100],[-27,25],[1,39],[-30,22],[12,79],[-38,101],[-17,-41],[-27,22],[-5,-62],[36,-99],[26,-120],[5,-71],[-5,-68],[-40,44],[-74,-8]],[[9461,2116],[39,-42],[3,-39],[60,-124],[46,-206],[55,-172],[41,-35],[46,-106],[7,-61],[20,41],[57,-17],[49,73],[41,-24],[49,-110],[18,-89],[7,-112],[-8,-64],[-39,-58],[-43,-92],[-5,-106],[-29,-75],[-35,2],[-39,31],[-43,3],[-58,-34],[-39,-9],[-76,-54],[-35,20],[-29,-34],[-58,25],[-93,-41],[-23,-30],[-46,-126],[-55,-21],[-28,-154],[-30,-35],[-33,-10],[-17,39],[-2,-48],[-27,-22],[0,215],[-38,1],[32,62],[16,96],[-7,102],[-19,-9],[-22,-107],[-30,14],[-4,-94],[24,-27],[-29,-38],[-47,-99],[-3,-108],[-48,-33],[-90,-18]],[[8844,157],[-56,234],[-26,76],[-16,105],[-2,106],[53,95],[0,65],[-14,21],[-2,109],[-23,122],[-5,101],[15,72],[0,141],[-14,83],[39,81],[19,120],[17,-15],[21,55]],[[7316,172],[-73,5],[-70,67],[-12,-29],[-23,26],[-16,-42],[-50,28],[-24,-18],[-14,-51],[25,-1],[-43,-52],[-102,-16],[-59,-42],[-73,-1],[-57,-46],[-43,22],[-16,58],[2,52],[18,124],[18,10],[26,69],[-2,33],[21,70],[26,121],[44,117],[-14,64],[33,-8],[27,42],[24,102],[56,95],[32,104],[93,130],[32,31],[14,105],[25,34],[1,-52],[38,33],[18,127],[45,87],[3,141],[13,40],[13,103],[-28,135],[-35,73],[-42,44],[1,-54],[-42,84],[0,85],[22,31],[19,100],[-51,74],[-6,-54],[-53,189],[-20,23]],[[7037,2584],[24,39],[27,154],[9,-44],[36,46],[28,-51],[90,-9],[61,-70],[62,42],[40,-19],[85,-9],[23,-32],[17,-110],[66,79]],[[8106,1771],[-24,-96],[-23,-19],[-9,134],[-27,46],[1,-120],[-23,-140],[-57,8],[-13,-48],[-19,-233],[1,-52],[-28,-79],[7,-121],[3,-245],[-36,-130],[-54,-70],[-47,18],[-6,-114],[-38,30],[-9,-35],[-51,-7],[-33,38],[-14,42],[-40,-46],[-35,76],[-30,-74],[-24,-20],[-66,-11],[-35,-142],[-65,-34],[-8,-24],[12,-131]],[[7037,2584],[-33,-1],[-112,-112],[-26,7],[-47,52],[-45,-60],[-26,43],[-28,-4],[-31,29],[-61,1],[-48,71]],[[7040,3437],[30,-54],[8,10]],[[7400,4741],[46,-77],[52,-32],[5,-68],[19,1],[-13,-91],[-44,-16],[-22,-42],[-3,-43],[12,-72],[48,75],[6,-55],[22,222],[57,-59],[81,-58],[18,-84],[-74,-97],[4,43],[-18,29],[-2,-79],[46,-45],[29,-51],[36,-17],[-26,52],[-10,88],[33,21],[22,-20],[38,-83],[-7,-92],[-49,-6],[19,-21],[-5,-57],[30,17],[26,-79],[21,61],[16,-1],[38,59],[-56,40],[-14,86],[23,55],[110,-9],[69,-96]],[[8844,157],[-57,41],[-16,-40],[-55,-11],[-47,51],[-31,-13],[-108,190],[-86,-1],[-73,42],[-36,-10],[-44,-45],[-122,87],[-84,29],[-42,-5],[-74,-59],[-35,-16],[-67,0],[-79,-62],[-118,21],[-120,-29],[-18,-29],[-61,21],[-44,-92],[-41,-44],[-70,-11]],[[3048,7989],[-20,8],[-75,177],[-115,120],[-106,-23],[-99,-49],[-29,38],[-62,53],[-71,-2],[-59,-20],[-49,28]],[[2632,9772],[62,37],[44,-84],[28,-24],[86,-36],[21,19],[144,0]],[[1962,8094],[-22,-23],[-67,-158],[-35,-20],[-61,-93],[-31,-58],[-26,-78],[-52,-296],[-22,-64],[-30,-9],[-30,26],[-26,-7],[-2,-60],[-22,2],[-2,-60],[-33,-65],[-16,-60],[-7,-77],[-25,-75],[-21,37],[-16,-99],[-45,-10],[-49,17],[-40,50],[7,25],[-14,97],[-42,-149],[-53,-71],[6,41],[-103,-44],[-10,63],[-35,-60],[-73,13],[-20,-12],[-38,-109],[-16,-186],[-17,-37],[18,-99],[22,34],[-6,-64],[-32,-70],[-7,-57],[14,-54],[-24,-75],[-22,-23],[-52,68],[-40,-3],[-54,-85],[-37,1],[-61,-78],[-108,-268],[-40,-63],[-39,-11],[-12,60],[36,228],[8,112],[-21,86],[-37,20],[-41,-20],[-73,-62],[-36,-51],[-94,-182],[-37,-27],[-40,3],[-39,35],[-20,72],[1,95],[13,61],[19,-45],[31,-24],[27,51],[-15,69],[31,24],[8,-86],[76,120],[67,59],[78,104],[58,118],[23,-4],[2,-35],[29,-36],[69,75],[43,-79],[9,-48],[26,53],[14,-7],[13,161],[-31,-113],[-13,31],[-8,134],[-18,26],[14,82],[-37,25],[-28,53],[-22,129],[-15,7],[28,125],[9,178],[13,129],[17,80],[13,12],[15,77],[50,180],[-3,38],[39,22],[18,28],[22,111],[5,63],[-11,59],[19,-23],[14,31],[30,-48],[8,107],[14,42],[29,18],[10,115],[25,-39],[28,75],[-16,54],[-28,4],[28,61],[15,-15],[23,-86],[24,23],[56,118],[12,-38],[23,89],[56,17],[64,93],[47,38],[22,-20],[36,40],[-20,20],[40,54],[46,5],[16,110],[44,11],[12,-49],[26,108],[14,17],[41,-77],[22,50],[19,110],[17,55],[29,37],[49,87],[36,26],[26,-48],[-11,-72],[20,-91],[24,66],[-16,78],[34,59],[39,24],[19,33],[37,-34],[18,34],[14,-43],[-16,-61],[23,31],[-3,-58],[35,32]]],"bbox":[-84.94726482318643,19.82850972004579,-74.13289849948536,23.26557040517585],"transform":{"scale":[0.0010815447868487915,0.00034374044255726176],"translate":[-84.94726482318643,19.82850972004579]},"title":"Cuba","version":"2.0.1","copyright":"Copyright (c) 2022 Highsoft AS, Based on data from Natural Earth","copyrightShort":"Natural Earth","copyrightUrl":"http://www.naturalearthdata.com"}